tick,pop,food,grazer,predator,parasite,young,mean_size,mean_eta,max_gen,bites,kills,drained
100,204,1096,0,0,0,204,1.0177326434296508,0.03686284170446719,0,304.0,34.0,2744.0207387419573
200,228,1072,0,0,0,228,1.0186001112280452,0.03466996913377286,1,362.0,55.0,3097.8767169616353
300,197,1046,45,8,22,122,1.014788315032417,0.03385696549950255,2,377.0,57.0,3229.719655071596
400,182,1046,27,7,9,139,1.0109714255025424,0.036002660223809706,2,369.0,58.0,3121.0000220464576
500,182,1003,30,5,15,132,1.0106012960115123,0.037347842372141365,3,340.0,58.0,2883.0515208739757
600,176,1007,17,6,17,136,1.0234126406418589,0.03537937095619974,4,265.0,43.0,2215.652614629762
700,195,931,27,2,15,151,1.032132197461929,0.035642296422725095,4,307.0,49.0,2670.7425060251744
800,210,858,29,7,11,163,1.0337832615959328,0.03490404039359369,5,328.0,60.0,2746.7602450728937
900,208,797,24,5,17,162,1.0267289124621253,0.03253213336539229,5,406.0,67.0,3490.91804443798
1000,230,740,35,6,11,178,1.0230414998086315,0.03305794378229647,6,286.0,49.0,2504.158829916715
1100,252,639,45,4,14,189,1.0204570727684599,0.03164549308193229,7,350.0,56.0,3009.844815830121
1200,277,546,49,11,13,204,1.005665255635215,0.031049758174180653,7,339.0,52.0,2960.1096067522053
1300,278,502,58,12,14,194,1.0102709380025188,0.030464677917565363,8,344.0,56.0,2901.495979344069
1400,260,507,57,14,14,175,1.0044015161731217,0.03005772295275335,8,361.0,75.0,3009.665194895951
1500,272,497,57,11,24,180,1.0019680703385418,0.028870901113097487,9,258.0,41.0,2225.7821483312523
1600,260,515,52,8,22,178,1.001764368556988,0.02796310436937302,9,359.0,63.0,3054.802121052555
1700,260,480,52,12,23,173,1.0030012381758049,0.025953929920754185,10,305.0,62.0,2422.0990936818985
1800,276,416,56,13,22,185,0.9890353024188595,0.024100339358929402,10,306.0,53.0,2565.004921292907
1900,282,341,56,7,21,198,0.9918407574984577,0.023859130769058233,11,331.0,59.0,2976.0611006147874
2000,297,306,59,11,27,200,0.9836466550556787,0.021927008938787153,11,352.0,67.0,2983.085340008654
2100,292,302,64,11,22,195,0.9906127424644302,0.02068152607853815,12,356.0,67.0,2970.6874042260615
2200,281,318,79,11,18,173,0.9807883463755618,0.018586565649943883,12,266.0,54.0,2178.686357513786
2300,290,309,78,16,17,179,0.9772137219688226,0.01862911453451102,13,278.0,55.0,2314.7678693135204
2400,310,270,78,16,18,198,0.9829363296970648,0.019254914059536745,13,336.0,66.0,2871.210733722488
2500,316,260,87,12,18,199,0.992269439445091,0.018629673514539355,14,279.0,52.0,2427.9385241150526
2600,315,238,94,4,24,193,0.9775642957949682,0.018990394993838273,14,278.0,50.0,2488.621286617641
2700,329,225,102,2,21,204,0.9688217507758736,0.01891995053555661,14,293.0,52.0,2495.9650789992274
2800,343,181,110,9,22,202,0.9645096267373152,0.01948904843818835,15,227.0,50.0,1834.151244703621
2900,352,178,108,10,34,200,0.9691018356442435,0.020525745580952184,15,262.0,52.0,2203.3240413003014
3000,350,148,120,10,28,192,0.9686679134749183,0.020671559119088703,16,341.0,70.0,2902.7142335537415
3100,342,155,115,12,29,186,0.9673768592480304,0.02203745240340159,17,332.0,73.0,2668.0196958404217
3200,321,199,110,17,27,167,0.9611344874454356,0.021287914726511478,17,309.0,74.0,2653.5610063070158
3300,314,219,101,16,27,170,0.9616262759737703,0.021955880939015623,16,281.0,58.0,2504.284797771811
3400,297,220,90,17,28,162,0.975984946934808,0.021297711707539295,17,283.0,65.0,2373.00515236718
3500,288,237,86,22,22,158,0.9518784965080473,0.022626269412964726,17,215.0,48.0,1773.5041248761859
3600,293,219,80,16,21,176,0.952460620025815,0.02233822333986973,17,307.0,62.0,2578.6024633838674
3700,290,212,79,15,24,172,0.9625905609182294,0.02311742590269869,18,321.0,62.0,2988.9777663416266
3800,303,195,78,11,20,194,0.9643259474129736,0.02310985062532404,19,325.0,68.0,2850.419582950034
3900,272,199,78,8,26,160,0.9842037141212965,0.022933803589970814,18,296.0,71.0,2608.9771068996642
4000,263,208,76,11,15,161,0.990101737815228,0.023365504697805736,18,266.0,56.0,2595.620229283798
4100,251,228,71,10,11,159,1.0194546153111432,0.02453973932988816,19,354.0,84.0,3426.1484332434898
4200,235,222,58,8,13,156,1.049539991392091,0.0249196559136448,19,346.0,82.0,3422.365628885116
4300,231,237,47,6,15,163,1.0491732769450806,0.026159737387109284,19,286.0,65.0,2942.4883190091973
4400,221,250,44,3,15,159,1.0640136837447598,0.026391016635808656,19,249.0,74.0,2339.768357162638
4500,236,248,49,5,18,164,1.0352215114949472,0.028760340623988728,19,275.0,56.0,3048.5203582360004
4600,238,244,56,9,19,154,1.012340019649934,0.031243401869870034,19,286.0,64.0,3170.7150632503062
4700,262,232,59,7,19,177,0.9858519995084989,0.03189094392750866,19,292.0,69.0,3260.9791850850347
4800,284,188,72,8,18,186,0.9552360336293847,0.03256844189185973,20,252.0,51.0,2653.766697028755
4900,296,191,75,5,14,202,0.944025243395553,0.03398819392354436,20,276.0,62.0,2843.407112611532
5000,302,163,85,6,17,194,0.9332353289462216,0.03523392555075876,21,307.0,69.0,3199.2010704170657
5100,300,149,94,7,13,186,0.9206850243419884,0.03610823514892632,21,272.0,51.0,2622.533009684899
5200,311,144,101,10,9,191,0.9106908112555379,0.037168708172858084,22,240.0,56.0,2392.6815754811987
5300,318,138,103,9,13,193,0.9031701495146409,0.037079541510945245,23,256.0,60.0,2675.8321419595068
5400,306,139,106,10,10,180,0.8875725098696722,0.03764151883665686,23,231.0,58.0,2444.7523920742783
5500,318,148,125,9,10,174,0.8868489990547793,0.03908836739794819,24,135.0,34.0,1192.3295509808686
5600,316,133,123,9,5,179,0.8934985273821099,0.039869510645252806,24,152.0,45.0,1255.4889420202785
5700,307,136,108,9,7,183,0.8716245579878976,0.03884808022039083,24,207.0,58.0,2143.254874478254
5800,306,114,107,6,7,186,0.8600567044137685,0.03906888146290397,24,162.0,49.0,1427.2229632349272
5900,306,132,106,8,13,179,0.8642666889629904,0.03879892755785766,24,184.0,58.0,1528.1027454614396
6000,312,117,106,7,12,187,0.8775209138729111,0.038851849266638934,25,198.0,56.0,1879.4573327554783
6100,306,117,110,6,11,179,0.8904818254215442,0.03910755772447435,26,192.0,60.0,1796.896012485001
6200,307,105,102,10,12,183,0.9147015661167046,0.03894632871685445,26,177.0,52.0,1700.000015671943
6300,295,121,103,9,11,172,0.8966492942680644,0.03908758664276286,26,231.0,60.0,2620.4785704494407
6400,306,108,108,8,9,181,0.9047434943076899,0.03918755767736529,27,170.0,56.0,1887.6383807687514
6500,294,126,103,10,9,172,0.9197810285022127,0.040040700560976056,28,201.0,55.0,2569.701624306267
6600,280,122,96,9,6,169,0.9107756019969429,0.04049531182226981,28,203.0,65.0,2257.0948147112044
6700,273,148,92,7,6,168,0.9144779353533236,0.04114041250903216,28,151.0,51.0,1824.2111800449381
6800,293,136,99,8,5,181,0.9173270845414685,0.041465200680487604,29,112.0,44.0,1094.1550109882328
6900,309,124,107,9,5,188,0.9048611379339149,0.04128098979177774,30,123.0,45.0,1452.7335606109682
7000,303,116,107,12,4,180,0.8847062848136569,0.0412572395340772,30,159.0,54.0,1520.3772355360913
7100,327,98,118,8,5,196,0.8966051992146633,0.04150118349776389,30,117.0,40.0,1357.14711290776
7200,322,109,127,5,6,184,0.8588332537047055,0.04123820968434389,29,148.0,44.0,1821.4471314708978
7300,319,87,126,3,7,183,0.8502565615885974,0.04186767002888619,30,127.0,45.0,1394.720320442575
7400,317,106,126,5,4,182,0.8567777290898043,0.0412935394699102,30,141.0,49.0,1393.3525637207974
7500,328,94,136,7,4,181,0.8573313487279915,0.041237340853559755,30,117.0,38.0,1069.8005446151785
7600,326,88,143,7,3,173,0.8694913303601989,0.041119443570908756,30,116.0,41.0,1207.6486359427583
7700,311,99,130,9,3,169,0.8912430025757333,0.041257981759667495,30,110.0,43.0,1213.4667556351867
7800,306,103,127,7,7,165,0.882706640695635,0.04198836661206972,30,138.0,44.0,1838.2704503693135
7900,314,88,129,3,4,178,0.8753544994448466,0.042396432439254984,30,128.0,43.0,1585.409629810575
8000,313,89,131,4,4,174,0.8651074237144525,0.04245003599230814,31,141.0,40.0,1789.2050435722017
8100,324,87,138,11,2,173,0.8586715458970696,0.042841765183500115,31,101.0,32.0,1275.7782884322764
8200,310,92,146,6,1,157,0.8583506839963122,0.041947809127976694,31,141.0,40.0,1728.4039960955104
8300,310,87,134,4,1,171,0.8683071760621047,0.04111756012900574,31,129.0,38.0,1524.3039261520055
8400,308,103,128,4,2,174,0.8555704604714256,0.040886403779750766,32,142.0,48.0,1563.9204544313313
8500,315,85,125,9,2,179,0.872177364734342,0.04044087716431818,33,93.0,37.0,830.3938532544191
8600,315,91,125,8,1,181,0.8670410958375655,0.03977860124672123,33,93.0,32.0,913.4961711049249
8700,302,88,131,7,4,160,0.858724291566974,0.03971925367510901,34,171.0,48.0,2211.9011103527982
8800,299,92,137,5,4,153,0.858823458348697,0.039246461555725094,34,115.0,41.0,1217.3112474325333
8900,316,89,142,5,4,165,0.8638201006029627,0.03931926013704966,34,93.0,36.0,701.0756846036654
9000,307,90,120,8,8,171,0.8703468417960749,0.04015309277758279,34,160.0,44.0,1703.620839806709
9100,313,90,119,8,8,178,0.8782731016123088,0.04050995760764705,34,143.0,38.0,1945.047198786242
9200,302,106,123,8,6,165,0.849595129421788,0.0409983254352941,34,99.0,41.0,1037.230573578257
9300,297,103,117,6,5,169,0.8899900913524448,0.04082711819692552,35,129.0,46.0,1350.7058459843174
9400,302,95,118,8,3,173,0.8597708680905569,0.04189650801532883,35,175.0,54.0,1605.1978896442718
9500,321,87,120,3,4,194,0.836912533531353,0.04229402145516247,36,119.0,34.0,1261.0629208307112
9600,327,78,123,6,2,196,0.8246233375592946,0.04300939894610841,36,110.0,37.0,1029.4010253104243
9700,322,86,131,7,7,177,0.833918182292393,0.04413035422888134,36,73.0,25.0,741.7012698595262
9800,333,74,137,5,6,185,0.8335326087308788,0.04492529802630846,37,138.0,33.0,1414.0114429256091
9900,327,88,143,7,1,176,0.8369587963518789,0.04491258073142942,38,90.0,33.0,623.232174470865
10000,321,82,134,5,3,179,0.8304898557904299,0.04522620707895096,38,92.0,34.0,720.7162003417089
10100,326,84,141,6,6,173,0.8486638358328973,0.043825230123773845,39,124.0,38.0,1377.968154713621
10200,309,80,123,12,3,171,0.8489924968623495,0.04287766768580792,39,97.0,40.0,861.1794211830052
10300,310,91,123,16,3,168,0.8503176297920563,0.04195376197910533,40,110.0,43.0,1080.041852094115
10400,338,74,134,8,4,192,0.8477482202875298,0.0417743594706638,41,93.0,26.0,1015.8966553921765
10500,329,71,131,5,4,189,0.8629933582590419,0.041233377220939324,41,138.0,54.0,1372.4835716489474
10600,309,82,126,5,3,175,0.886914350315503,0.04084368492952129,41,159.0,48.0,1711.644487961662
10700,312,74,130,7,3,172,0.8887456792672344,0.040882887061879016,42,134.0,40.0,1602.506866550709
10800,310,79,133,2,2,173,0.8790452342064047,0.04071264253591162,42,167.0,54.0,2168.2546659264026
10900,318,86,130,2,6,180,0.8974090363855495,0.040674542489028895,43,138.0,46.0,1672.1997797421755
11000,321,84,128,5,3,185,0.8709535378365413,0.04119474093561388,44,177.0,45.0,2318.290672032375
11100,315,84,126,9,4,176,0.8727409103121871,0.041395646093244594,44,146.0,47.0,1701.3098015472503
11200,329,72,129,9,2,189,0.8833318351496054,0.040532510155694014,45,160.0,37.0,2207.0070137143807
11300,314,76,121,6,5,182,0.8807892875630053,0.04018044631581731,44,208.0,66.0,2534.0448857611814
11400,303,91,123,5,4,171,0.8630407015112361,0.04022296118001879,44,184.0,48.0,2599.8968107950477
11500,315,75,128,3,4,180,0.8530143995037619,0.04007545416974304,45,93.0,30.0,1034.251635791158
11600,333,76,134,6,2,191,0.848524130359019,0.040278648193003724,45,88.0,27.0,959.436582915431
11700,344,75,138,5,4,197,0.8528970311215094,0.0399686244872443,45,150.0,38.0,2110.997644244249
11800,339,68,143,7,5,184,0.8508359453831622,0.040254354441392665,45,120.0,37.0,1240.572208812319
11900,320,85,143,5,4,168,0.8561165802280488,0.040236361282102874,46,147.0,46.0,1637.6452992701793
12000,327,78,135,3,7,182,0.8723650798087594,0.03962377797943743,46,170.0,43.0,2150.807875133336
12100,312,71,130,6,5,171,0.8621022015158476,0.04065534406226074,46,186.0,52.0,2303.6815369922438
12200,338,88,145,6,4,183,0.8683230055648321,0.040330440334394674,46,102.0,34.0,1093.107213324704
12300,329,80,146,5,3,175,0.8481776512045133,0.040008946853980154,46,143.0,40.0,1636.4434445163267
12400,338,70,138,5,3,192,0.8679102904023914,0.039629612267172015,47,154.0,48.0,1553.0634003610355
12500,318,78,139,5,5,169,0.8591292316584596,0.040004016601880854,47,166.0,52.0,2052.465818503473
12600,330,76,130,4,5,191,0.8556749759398998,0.03952762417020448,48,182.0,50.0,2582.6222204877104
12700,325,76,128,4,10,183,0.8291754640258128,0.04022993134750363,48,104.0,31.0,1004.5176044762134
12800,328,88,143,1,12,172,0.8374890210089452,0.03954906503902738,49,116.0,31.0,1157.1862517435156
12900,337,77,146,2,15,174,0.8469874735925377,0.038870934384971974,50,127.0,34.0,1286.911165645392
13000,325,79,150,1,8,166,0.8370413241454384,0.038473743716316615,50,113.0,36.0,896.7250374293544
13100,327,77,135,4,2,186,0.8561790063943455,0.03821013137305959,50,113.0,45.0,936.0609801921156
13200,332,77,146,6,3,177,0.8579109357152539,0.03768654601436687,51,141.0,36.0,1653.5288010586594
13300,320,88,122,12,6,180,0.8596851094560009,0.0370976549390899,51,136.0,38.0,1235.6869775475486
13400,311,87,131,12,7,161,0.8489305559535201,0.036989736647373615,51,136.0,43.0,1408.5958314539803
13500,324,82,118,10,8,188,0.8597305212795375,0.0363944789313408,51,100.0,36.0,982.3725002512448
13600,327,76,130,8,4,185,0.8632676608210293,0.03574679435571906,52,249.0,60.0,3408.5925936231492
13700,337,73,137,5,2,193,0.8356404779283078,0.03521619451775757,52,121.0,29.0,1564.791699529577
13800,362,77,156,8,3,195,0.830770259351528,0.03534800138089631,53,105.0,34.0,1126.2905752593385
13900,350,78,153,9,6,182,0.8579393836637254,0.03586915148406106,53,165.0,58.0,1671.2961716605125
14000,335,83,147,6,6,176,0.882714327777138,0.03627049409531855,54,140.0,46.0,1511.091380372957
14100,320,84,139,10,4,167,0.8766921551841473,0.03534685143827904,54,211.0,54.0,3184.3525717184066
14200,328,72,140,11,5,172,0.8636717894151842,0.035007867367390005,55,190.0,44.0,2790.7230879050494
14300,332,70,137,9,3,183,0.8528157141282677,0.03569132429400437,56,119.0,38.0,1203.7253123370883
14400,338,71,150,6,3,179,0.8576274357605579,0.0359306691074611,56,162.0,42.0,2364.0652577659985
14500,348,73,151,7,6,184,0.8374334923765433,0.035149541982884565,56,116.0,35.0,1415.4224012772509
14600,346,77,156,9,4,177,0.8348405865538134,0.03518797768942226,57,112.0,31.0,1147.0085184130996
14700,333,78,145,10,2,176,0.8416412629949938,0.033717503930506654,57,128.0,41.0,1450.5715543096776
14800,328,73,148,12,3,165,0.856858275007319,0.031963383758691614,58,89.0,36.0,937.7444827675638
14900,337,74,140,10,4,183,0.8397699257613009,0.031549637959276684,58,113.0,32.0,1478.7690857234427
15000,346,70,149,10,1,186,0.8396337996173764,0.030811194679470206,58,98.0,38.0,1024.06871927263
15100,338,73,150,8,2,178,0.8343980839231057,0.029874119360622703,54,113.0,30.0,1361.4734687819287
15200,332,73,161,4,3,164,0.8371144703108268,0.029868469922497434,54,165.0,43.0,2089.446796232966
15300,342,65,170,6,5,161,0.8338665374459306,0.029748535914666318,54,141.0,36.0,1919.2393358773
15400,338,80,156,8,3,171,0.8311937455921603,0.029214598753177334,55,137.0,42.0,1705.2237511544943
15500,335,71,156,5,2,172,0.8213383059901999,0.03076022579683591,55,107.0,38.0,1000.7102512825189
15600,338,73,148,7,2,181,0.8334746792513898,0.03151361510246805,56,162.0,42.0,2184.629902801437
15700,330,71,153,5,2,170,0.8153692851016103,0.03178300965369557,56,115.0,32.0,1408.4231456256027
15800,333,73,144,7,1,181,0.8204797442212325,0.03218450122242515,56,95.0,32.0,991.2578420170402
15900,339,69,145,4,3,187,0.8164598454012256,0.031184575743229404,57,118.0,39.0,1429.6188729356256
16000,341,57,146,5,5,185,0.8046362740894809,0.0297869397232491,57,114.0,31.0,1314.8026772211479
16100,358,69,162,3,5,188,0.813002599833344,0.02862182741671712,58,68.0,21.0,744.5995662626287
16200,358,69,172,2,5,179,0.809909438619493,0.028950894193128473,58,112.0,27.0,1670.79241326245
16300,365,58,171,3,6,185,0.8040192653066957,0.027330132950200467,58,73.0,24.0,657.6664635359255
16400,362,70,179,4,6,173,0.8017951444151095,0.027631004405693528,59,78.0,20.0,835.6863319261523
16500,362,58,177,8,6,171,0.8002008072910209,0.027953636244864508,60,103.0,26.0,935.6640666136649
16600,358,65,189,5,3,161,0.7969056712310094,0.02750921076661117,60,81.0,24.0,800.0417838018119
16700,342,71,178,4,3,157,0.7933118556970633,0.02646284569066984,60,77.0,23.0,699.7577663972917
16800,357,59,176,4,7,170,0.8115122356846425,0.026548232721254186,61,87.0,21.0,1036.8186934393427
16900,355,67,174,3,7,171,0.7987421505833535,0.025325527281028486,61,102.0,29.0,1113.9135090042869
17000,354,74,175,3,7,169,0.8117091128308714,0.026040612179444183,62,102.0,37.0,970.665515060955
17100,356,65,187,5,4,160,0.8040190632740449,0.02567143724872452,62,118.0,32.0,1534.0361573325702
17200,359,60,181,7,2,169,0.814763982905192,0.024841409374893184,63,185.0,39.0,2616.9412327862697
17300,356,75,179,7,1,169,0.8141836455849962,0.024672412939402102,64,112.0,33.0,1370.9859594504587
17400,342,72,168,7,1,166,0.8072985381467283,0.025390167689892038,64,80.0,24.0,905.1993163671949
17500,352,61,178,4,5,165,0.8175652033432257,0.025732355879052662,65,99.0,22.0,1107.1944803365216
17600,365,70,172,4,4,185,0.8077753714589992,0.02599106424873982,65,73.0,18.0,828.8636659674477
17700,379,68,175,4,5,195,0.8012424282210551,0.02725001175516477,66,75.0,20.0,802.8596754650317
17800,370,61,187,3,4,176,0.8028036496169894,0.027250414298678544,66,97.0,27.0,1056.437322469474
17900,370,62,192,3,7,168,0.8072948086876227,0.026234246876597724,67,91.0,23.0,1081.9971826825285
18000,359,68,192,2,9,156,0.8097170967048264,0.026702937184805917,67,71.0,30.0,624.4580971561414
18100,361,66,178,3,7,173,0.8156035265777147,0.026776535265249524,67,97.0,23.0,1024.137068722027
18200,355,68,185,4,8,158,0.8168060675503273,0.02654250053810604,67,102.0,30.0,1147.5253230257115
18300,348,68,176,7,8,157,0.8267415196684929,0.025520007068315236,68,136.0,35.0,1830.704909566332
18400,346,69,162,7,9,168,0.8401037480644178,0.025605039790848036,68,109.0,34.0,1397.4487747712867
18500,364,66,162,8,3,191,0.8403032005742826,0.023936582693554146,69,214.0,47.0,3174.003012690469
18600,361,67,169,4,3,185,0.8308235862853747,0.023634072733853703,69,135.0,34.0,1660.6066842640157
18700,355,74,165,3,6,181,0.8464285682554202,0.022525725055627638,70,138.0,34.0,1850.892317159697
18800,330,86,167,4,5,154,0.8473541637783628,0.024256452825480238,71,163.0,38.0,2094.8994766038845
18900,351,70,169,4,5,173,0.8251124061341292,0.02410543707054373,71,123.0,34.0,1357.2090555668979
19000,366,70,167,5,7,187,0.836179046753753,0.024347721011796764,72,110.0,28.0,1256.6207091734123
19100,363,60,160,6,6,191,0.8359172317305831,0.022880013129156128,73,132.0,31.0,1656.8132183104453
19200,351,71,170,9,4,168,0.8176398578219656,0.02374466935299649,73,155.0,41.0,1982.5062714038006
19300,358,69,174,5,9,170,0.8327399578971214,0.024059134530696632,73,157.0,30.0,1966.424840415912
19400,344,72,159,6,14,165,0.8248027910593589,0.024000397152832482,73,199.0,46.0,2682.0928009761365
19500,347,73,158,7,9,173,0.8231664778375093,0.023064045790169144,74,98.0,27.0,967.4597810602401
19600,361,59,174,7,5,175,0.8159447211320338,0.02285417889793972,74,69.0,18.0,692.8606498114494
19700,373,67,169,8,5,191,0.8278545256810408,0.02262241060903778,75,143.0,30.0,1724.956296394913
19800,367,60,173,11,3,180,0.8155891221587532,0.022986398012598677,75,140.0,36.0,1583.8142595525817
19900,370,61,183,8,2,177,0.8129697853219382,0.02377596475428633,76,118.0,26.0,1147.5060495427308
20000,354,71,174,5,6,169,0.80493405540919,0.02374928916135442,76,139.0,41.0,1592.102662222523
20100,362,58,174,3,3,182,0.7945079245683825,0.023536149773830055,75,111.0,24.0,1367.4321913359424
20200,356,58,179,4,6,167,0.795300286655852,0.0237232852623687,76,70.0,17.0,795.9325473115928
20300,369,69,175,4,6,184,0.8118202943050664,0.023770290640049825,77,78.0,18.0,849.2068547609698
20400,361,58,178,10,7,166,0.8078100293198192,0.02397059954256749,77,111.0,27.0,1206.5504636519406
20500,358,70,171,11,5,171,0.8106220611112602,0.023711812855950365,77,116.0,28.0,1331.1836770575683
20600,352,71,169,8,8,167,0.8070339600970204,0.022356112108642048,77,64.0,14.0,665.8850464008224
20700,358,65,178,6,5,169,0.8112613635703158,0.021506103929973194,78,123.0,31.0,1375.7902645384245
20800,380,72,182,7,10,181,0.8095022831414117,0.021128095348224435,78,87.0,27.0,626.658517920259
20900,376,62,182,5,10,179,0.8061802191289938,0.021684098710775316,79,165.0,37.0,1915.0446084196633
21000,366,64,174,5,9,178,0.8078198992459162,0.021190783571297087,79,144.0,37.0,1428.052016598502
21100,354,70,173,8,9,164,0.8099932371732165,0.021422131141906015,80,90.0,21.0,757.3457008133853
21200,361,77,169,12,5,175,0.8095363407904795,0.02172581571540503,80,92.0,26.0,722.5104474740967
21300,366,71,165,13,8,180,0.8123679982171272,0.022256153288278336,81,163.0,31.0,1492.5292209363038
21400,368,67,165,12,7,184,0.8125737085114458,0.02230004696348268,81,101.0,37.0,876.0840075727665
21500,376,71,170,11,7,188,0.8091064637013847,0.023266726602255088,82,144.0,35.0,1203.5153531980664
21600,381,76,185,16,5,175,0.8131135131372813,0.025491298243038137,83,205.0,50.0,1561.1158298668001
21700,366,84,176,11,7,172,0.8062036627026056,0.026125967997916923,83,167.0,47.0,1145.861804413945
21800,353,56,156,13,7,177,0.8105951791748386,0.026519799320726407,84,187.0,45.0,1920.9045797120132
21900,366,74,175,14,8,169,0.8135310905859745,0.0273152637234219,85,93.0,23.0,674.837922477474
22000,375,65,176,8,12,179,0.8204357932775893,0.027315711990797003,85,142.0,31.0,1368.3106956874146
22100,379,73,175,6,10,188,0.8282170178013879,0.027574248085440962,86,139.0,30.0,1397.3682161416316
22200,396,68,178,10,7,201,0.8102356882028586,0.028330675502609936,86,121.0,24.0,1173.2691880276805
22300,381,65,174,11,7,189,0.8158537363358466,0.02780362858406513,87,162.0,39.0,1357.1139873827021
22400,364,81,167,8,9,180,0.8197428166667505,0.027697811277453962,87,132.0,38.0,1002.0060264699076
22500,378,64,183,8,13,174,0.8153843007808103,0.027687837877589282,88,103.0,24.0,898.3061285342357
22600,381,73,180,10,14,177,0.8215287305852761,0.0282561555548216,89,155.0,30.0,1563.9134095325248
22700,373,71,173,12,13,175,0.8307349620305021,0.028314712775131978,89,212.0,48.0,2743.6929267648725
22800,356,78,177,7,12,160,0.8373499265787993,0.029061124823716814,90,219.0,44.0,2950.010211200077
22900,372,78,172,12,10,178,0.8454409966451306,0.028848943168981588,90,191.0,40.0,2568.856372397328
23000,368,72,164,10,7,187,0.8283869658828841,0.028924665180832244,91,202.0,48.0,2614.2531503632786
23100,375,65,161,8,10,196,0.8454479641742986,0.028741385050118518,91,181.0,41.0,2128.632274724665
23200,373,65,164,6,10,193,0.8306203416034181,0.02783329865882951,92,251.0,54.0,3372.9383881940867
23300,375,70,168,10,13,184,0.8374967307754095,0.028829559288411525,92,207.0,42.0,2388.6324032584666
23400,390,61,179,10,15,186,0.8434802469400027,0.029095589938872807,93,181.0,40.0,2209.044633328609
23500,369,76,176,6,18,169,0.8395799419985097,0.028752921235944646,94,210.0,50.0,2056.2403625144552
23600,372,75,183,5,13,171,0.8308310503719648,0.027826536549684693,94,206.0,33.0,2276.586073272711
23700,372,61,177,7,11,177,0.8195570733935439,0.027593629820764843,95,167.0,41.0,1462.260258629229
23800,368,67,170,6,9,183,0.8201966471080596,0.028347077152621487,96,137.0,35.0,1281.2326570887205
23900,370,77,171,5,10,184,0.82744185254465,0.030123117022027267,96,164.0,38.0,1687.3687264620971
24000,373,70,184,9,7,173,0.815613145495718,0.030068261740239494,97,128.0,27.0,1276.6532764934364
24100,371,82,176,3,8,184,0.8260975235338843,0.02916156191657881,98,132.0,32.0,1363.9156210606143
24200,373,77,177,9,10,177,0.830791441465628,0.028750584393606386,98,184.0,47.0,1909.4198894149288
24300,386,63,186,6,12,182,0.8151701182013379,0.027499467889126047,98,188.0,38.0,2336.510922277276
24400,388,66,186,3,9,190,0.815841997898964,0.027850338951417673,99,159.0,34.0,1863.92673482335
24500,386,65,171,8,7,200,0.8227910286059791,0.02937956582314392,100,210.0,45.0,2392.1443324164384
24600,382,67,169,14,10,189,0.8139920807319276,0.028904938774309982,100,230.0,47.0,2379.628305063094
24700,389,69,185,12,10,182,0.8076316645760011,0.029869865923963734,101,124.0,28.0,1008.6452220549002
24800,394,75,186,10,18,180,0.8179881261752602,0.029736359940513372,102,193.0,38.0,2032.7365023206173
24900,395,69,173,9,21,192,0.8139934059007986,0.030612881524994178,102,169.0,41.0,1940.6464237281057
25000,397,65,180,7,17,193,0.8122811815906712,0.030120626967092338,101,215.0,47.0,2339.6937651501153
25100,384,67,172,9,16,187,0.8213876408659194,0.030160190252353558,102,170.0,36.0,1760.1510675817476
25200,377,70,170,12,19,176,0.8342029324066036,0.030788096327850473,101,208.0,46.0,2125.6048967059414
25300,391,57,170,13,25,183,0.8334331558928352,0.031044106500577935,101,223.0,49.0,2103.099879811508
25400,387,67,168,14,23,182,0.8278956251137094,0.03172117233008688,102,162.0,30.0,1649.307471842899
25500,370,73,169,11,19,171,0.8152619272666262,0.03128999274120873,102,163.0,31.0,1723.9859422750217
25600,371,63,182,10,15,164,0.8128903825688361,0.031097911881606266,103,108.0,21.0,1062.2327631964067
25700,368,74,182,9,14,163,0.8021104866106181,0.030618632428754674,103,118.0,23.0,935.781110907222
25800,381,51,177,10,14,180,0.805995518737938,0.030934276412397568,104,110.0,27.0,952.1468825157867
25900,377,67,165,13,16,183,0.8039982694560528,0.0311232537341893,104,178.0,28.0,1823.4513858605192
26000,368,60,160,14,17,177,0.7929703267602168,0.0306414538636578,103,128.0,27.0,1032.0660180775544
26100,361,52,161,11,20,169,0.7968315152808396,0.030581094649232435,104,104.0,23.0,734.7370193689776
26200,373,71,162,10,20,181,0.7900613852230365,0.02990167841742813,105,131.0,23.0,1145.6694845427855
26300,372,66,159,7,14,192,0.7878827914224907,0.03119466681091979,105,142.0,37.0,1149.805467121866
26400,368,59,166,8,15,179,0.7913774767114742,0.03198555071234262,106,89.0,23.0,761.212336341022
26500,366,73,168,10,12,176,0.8010755901852886,0.03199515810528547,107,111.0,27.0,1030.4428731330167
26600,379,57,175,14,13,177,0.8066754311270802,0.03181833989456763,107,160.0,36.0,1894.4519615786899
26700,374,62,172,13,13,176,0.8000457888413809,0.03106233777657922,107,136.0,28.0,1383.496494504113
26800,369,53,169,8,13,179,0.8054044132887538,0.031157846763227966,108,141.0,29.0,1557.7742004905135
26900,360,54,176,5,11,168,0.8157253647417004,0.03136580566006652,108,170.0,36.0,1871.9854553752336
27000,355,61,175,5,10,165,0.8055714923553023,0.03126178532845711,108,180.0,33.0,1764.7176948684553
27100,371,56,181,9,8,173,0.8058906561875148,0.03130062416435591,108,138.0,27.0,1332.5604412129208
27200,372,63,172,9,11,180,0.8031931021984823,0.031726327006142134,109,142.0,29.0,1450.3756302692473
27300,369,59,174,10,7,178,0.8025093332930265,0.03331173434314489,110,83.0,20.0,682.3741567697853
27400,360,64,178,7,8,167,0.7959718484080807,0.03290767256144559,110,100.0,18.0,886.0258424710227
27500,368,59,168,7,14,179,0.7959693611032763,0.03314496937269509,110,145.0,32.0,1361.6058707505742
27600,371,56,180,7,14,170,0.794465505136758,0.03169979276887327,111,98.0,19.0,802.247158017148
27700,382,66,189,6,10,177,0.7905624392415423,0.033131157955783114,111,68.0,17.0,451.3328259565641
27800,378,58,189,8,12,169,0.7984142732981359,0.03341521100277463,112,123.0,24.0,1363.267547268989
27900,372,57,182,7,10,173,0.800383477849147,0.03482760441337398,112,102.0,28.0,1046.30147431333
28000,378,65,184,6,13,175,0.7883416524387655,0.03452626111855137,97,76.0,15.0,823.3139969715227
28100,385,45,189,6,11,179,0.7855758289523898,0.03568332429120096,98,74.0,14.0,523.2206989111885
28200,389,52,190,9,10,180,0.788238673310247,0.03622376409425243,98,79.0,14.0,759.6619133270552
28300,379,60,196,7,9,167,0.7771725598333341,0.03821584531204008,98,65.0,8.0,568.2665219070913
28400,383,57,200,10,11,162,0.7814772171532919,0.03818752913058373,99,58.0,14.0,545.2355712346241
28500,391,51,211,15,8,157,0.7695118781733469,0.039964787937057995,99,76.0,17.0,644.7827166834559
28600,385,63,198,9,10,168,0.7687800609901567,0.0398908925880457,100,107.0,22.0,790.1522192927669
28700,387,45,188,7,10,182,0.7635107134448293,0.03922693633856165,100,66.0,12.0,465.89670948065447
28800,392,56,203,9,6,174,0.7585129103454211,0.039406823151277595,101,97.0,21.0,836.6255200062807
28900,389,59,201,5,9,174,0.7619447984568113,0.03972154763405353,102,111.0,27.0,821.5846978190316
29000,395,49,210,4,12,169,0.7648062506345917,0.038934043501629316,102,73.0,13.0,496.2143318790176
29100,379,67,203,7,8,161,0.7638407249582958,0.03947156331330344,103,55.0,15.0,433.50712564957956
29200,379,45,198,5,7,169,0.7641802992600218,0.03992315179524808,103,56.0,11.0,409.1128181526372
29300,384,56,212,6,8,158,0.7644429788552269,0.038913080225451084,103,73.0,16.0,574.8636043787544
29400,400,51,207,4,13,176,0.7629947570336786,0.03907811264206354,103,47.0,8.0,301.3176344632791
29500,387,52,192,5,16,174,0.7640353466217518,0.038471666920869174,103,64.0,12.0,498.64459375513326
29600,380,61,191,7,15,167,0.7628240305436892,0.03957164634194685,103,51.0,10.0,324.83722381564314
29700,382,57,190,6,13,173,0.7634001775308253,0.038433715902220555,103,99.0,16.0,724.1883531559397
29800,384,47,194,5,13,172,0.7662791932035301,0.038487226315497385,103,79.0,19.0,527.6223121286758
29900,382,52,186,6,15,175,0.7661894253663837,0.03818959990422036,103,49.0,11.0,298.78654008649727
30000,401,52,193,10,14,184,0.765841473405428,0.037355559513846656,104,52.0,15.0,348.42073761792136
30100,401,58,195,14,16,176,0.7699876311202949,0.03623490262003524,104,73.0,13.0,498.32071751140137
30200,378,51,190,11,13,164,0.766174996362503,0.03660138999778631,104,46.0,11.0,257.80198572037756
30300,375,53,194,9,10,162,0.7681023410217382,0.03631460377111562,105,50.0,13.0,368.98445454744785
30400,378,54,182,5,11,180,0.7751118627915917,0.03626219364345819,106,53.0,13.0,373.08389811496363
30500,395,55,192,4,11,188,0.7764637457619016,0.03626918678915639,106,66.0,10.0,553.178916567078
30600,395,53,182,7,13,193,0.7751691669095802,0.03632150639775373,107,80.0,21.0,625.3497724786876
30700,396,55,188,9,15,184,0.778329672059627,0.03645192505664899,108,70.0,15.0,645.1743587985808
30800,399,55,206,7,12,174,0.7774381090386032,0.03613544673565905,108,53.0,6.0,365.5768961314588
30900,390,53,204,7,13,166,0.7810907054915037,0.03598756596722126,109,77.0,13.0,799.4526763100939
31000,381,53,200,9,12,160,0.7753688313222357,0.03604791110354247,109,67.0,11.0,561.2766676477546
31100,375,59,208,7,7,153,0.7757018031061589,0.037963854336702595,110,50.0,15.0,308.6504523514888
31200,385,52,211,6,6,162,0.7787698100574797,0.03831185949631169,111,63.0,11.0,541.8677566451812
31300,404,45,209,6,10,179,0.7772910782601979,0.03806302356262527,111,50.0,9.0,324.5679268278373
31400,395,57,207,5,14,169,0.7776340024812732,0.03857639556291098,112,67.0,13.0,580.3876335601797
31500,385,50,197,5,9,174,0.7859232826018248,0.03800582040490613,112,83.0,10.0,716.7108741349741
31600,379,50,196,7,13,163,0.7811391961786687,0.03720388765693383,112,90.0,19.0,660.901470692286
31700,382,53,186,9,13,174,0.7852342618890038,0.03640502059061779,112,90.0,17.0,655.6047843012744
31800,391,66,195,5,15,176,0.7885613969611719,0.035205284378276455,112,111.0,19.0,841.4999580215868
31900,382,58,180,9,19,174,0.7873126902865425,0.034635284029210435,113,98.0,22.0,685.3901470701427
32000,377,50,173,7,15,182,0.781318741961027,0.035045835295880026,113,93.0,19.0,754.6976706050737
32100,391,54,185,9,23,174,0.7832839710744468,0.035602340958640774,114,113.0,22.0,797.840355599059
32200,392,55,183,9,22,178,0.7807019933152095,0.03589502419230936,114,114.0,26.0,816.617642594469
32300,387,66,185,9,17,176,0.7850585780893476,0.0349529997886908,115,156.0,35.0,1387.4910613134168
32400,394,52,200,2,15,177,0.7803285554730129,0.03576650482269269,114,93.0,16.0,804.9594511436768
32500,379,53,193,6,17,163,0.7824089572233874,0.03540862899891937,115,125.0,29.0,1028.0635069327868
32600,407,48,204,7,17,179,0.7816639180496096,0.03538602776332247,115,90.0,15.0,606.6048135523879
32700,408,57,199,6,19,184,0.7868657025837437,0.03551150679704288,115,191.0,45.0,1119.9455140875277
32800,403,56,195,6,21,181,0.7841563058505183,0.03543083377452115,116,146.0,34.0,1228.2028847956879
32900,398,61,196,9,19,174,0.7823572748547646,0.03548249137667322,116,187.0,39.0,1394.4379401438564
33000,400,64,211,9,12,168,0.7832985233259939,0.035604872923447974,117,219.0,37.0,1621.7743236584504
33100,394,59,201,11,12,170,0.7886507664605228,0.037016724827610044,117,137.0,32.0,860.5620194014155
33200,369,62,190,14,11,154,0.7974325246096526,0.036824855335038605,117,121.0,31.0,802.4914584291081
33300,398,52,196,14,11,177,0.7892481961656206,0.037178980956030734,117,78.0,11.0,541.8845473940172
33400,406,60,200,16,11,179,0.7931027780325387,0.037981581259039665,118,110.0,20.0,777.3023044596566
33500,406,55,191,12,16,187,0.7918665730051057,0.03839585521224833,119,97.0,26.0,631.126057735107
33600,415,50,199,12,18,186,0.7909091721907617,0.04001487706132296,119,145.0,25.0,898.7653492657633
33700,413,59,193,11,18,191,0.7916109564219942,0.039748615316346506,120,152.0,23.0,988.7215658557166
33800,415,56,199,7,22,187,0.7979668364332753,0.03983694998606579,121,112.0,17.0,747.3166454673801
33900,406,59,200,7,21,178,0.796609022286336,0.03913016924440467,121,110.0,24.0,715.8912765073738
34000,401,63,195,8,16,182,0.8038333316671812,0.03880129259894651,122,154.0,34.0,1111.031714859922
34100,388,57,196,10,16,166,0.801214112390164,0.03843821440380368,122,66.0,15.0,481.04427123502313
34200,407,57,201,9,16,181,0.80803254142498,0.03853804350352934,123,98.0,20.0,795.3983133533166
34300,397,54,210,10,16,161,0.810720363275948,0.038755318430076804,123,103.0,20.0,693.0121572034561
34400,387,55,200,8,16,163,0.8170583546173394,0.03853785736419517,124,129.0,27.0,950.0809919285181
34500,372,54,196,8,13,155,0.8176138000990547,0.038693258252617616,125,183.0,47.0,1260.5057493998897
34600,376,51,186,10,9,171,0.8250573141788033,0.03930336761131458,125,179.0,38.0,1242.967953909492
34700,375,65,195,8,14,158,0.8160383435578148,0.04026625106127031,126,173.0,41.0,1403.8871073549683
34800,397,65,188,5,16,188,0.8208469517101838,0.040439243281203456,126,92.0,20.0,647.2384383713262
34900,405,57,190,10,13,192,0.8371103549936729,0.04036836824522342,126,140.0,41.0,1206.2981053597591
35000,419,52,196,6,14,203,0.8222591065890483,0.040445573920235504,126,153.0,34.0,1404.6417450206045
35100,401,60,196,5,13,187,0.8224507134631883,0.03991892617536488,126,169.0,35.0,1659.0779712570825
35200,394,61,193,10,11,180,0.8303963355045004,0.039509349900542376,127,110.0,32.0,826.3609338201585
35300,402,56,193,16,13,180,0.8391409671105164,0.038431436792197966,127,138.0,37.0,1263.9634211192401
35400,399,59,191,15,14,179,0.8411525737849896,0.03757001187661959,128,180.0,42.0,1500.5497620412798
35500,403,61,188,14,14,187,0.8492551901865123,0.0375754188956911,129,202.0,48.0,1975.5910927329046
35600,399,64,190,10,19,180,0.8334338288166122,0.03856953277192961,129,242.0,56.0,2108.9556992542043
35700,395,59,185,9,17,184,0.8401839854161481,0.03921756879815209,130,203.0,55.0,1651.8951630437523
35800,384,59,171,11,13,189,0.8497808213209507,0.040373721303251404,130,241.0,52.0,2204.104010418533
35900,361,80,158,8,14,181,0.850668355600895,0.039844784557630346,130,221.0,51.0,1941.8376042023765
36000,353,60,160,7,14,172,0.8680867595448977,0.038791876256425786,130,176.0,56.0,1731.0197303100786
36100,353,65,158,9,16,170,0.8612507880637685,0.03877293956179725,130,187.0,50.0,1924.5067461853605
36200,351,66,163,7,12,169,0.8581725291897809,0.03879434328271971,130,212.0,61.0,2176.7379515915845
36300,344,63,160,9,8,167,0.8724594403907219,0.03892114519585652,130,178.0,42.0,1560.9995249347594
36400,358,61,166,8,7,177,0.8765524608617469,0.03930815760089923,130,138.0,34.0,1371.0062878915662
36500,354,67,159,10,7,178,0.8638779420727403,0.03955674201391541,131,169.0,45.0,1956.4938570691995
36600,344,78,151,12,6,175,0.869598496377858,0.03988907870453793,131,164.0,43.0,1562.5289930227839
36700,369,55,177,10,5,177,0.8544141303203732,0.04005299226595229,131,150.0,34.0,1641.5528456474149
36800,376,71,173,9,9,185,0.8719864269397215,0.040090780068793644,132,120.0,44.0,1002.8659389084636
36900,370,62,168,10,9,183,0.8639870058252106,0.04102973283075116,132,202.0,53.0,2206.179991188042
37000,371,56,169,12,7,183,0.8748166653841877,0.04212233236765338,132,186.0,49.0,1809.4605194491708
37100,374,62,168,13,7,186,0.8676316533449648,0.04174303834969397,132,155.0,46.0,1570.7507459177102
37200,363,69,172,12,7,172,0.872777379428252,0.04250479281217396,132,126.0,38.0,1241.4156649682277
37300,375,58,180,12,5,178,0.8713260463431813,0.04264191357912853,133,148.0,45.0,1306.391262375164
37400,389,54,187,12,9,181,0.8752380928735277,0.042237038168143254,134,122.0,39.0,1080.3499040740805
37500,376,63,168,12,9,187,0.8842689689640931,0.04360107324507737,134,198.0,52.0,2007.2122198426052
37600,372,68,177,14,7,174,0.8776981983380776,0.04418746421311674,134,160.0,53.0,1553.6735707117891
37700,375,59,168,13,4,190,0.8872830360365804,0.0456759056082269,134,187.0,59.0,2082.1802379715373
37800,353,69,158,11,7,177,0.8950991054432935,0.04559025928464593,135,189.0,58.0,2230.132410792996
37900,338,78,157,11,6,164,0.8940565960661125,0.04519512001843167,135,171.0,56.0,1844.7360895356862
38000,356,68,166,8,8,174,0.9096407469217543,0.04643729956913346,136,158.0,48.0,1618.6539313867831
38100,355,65,150,12,8,185,0.9126745872840447,0.04784531420642714,136,191.0,60.0,2044.3330237335383
38200,349,73,139,14,8,188,0.9383856163556028,0.046950931426837914,137,186.0,62.0,2129.695895562172
38300,334,78,139,12,10,173,0.9463322266557443,0.046987862771481856,138,187.0,69.0,1985.7548778841763
38400,334,78,139,12,7,176,0.9620686180085714,0.04666851432732523,138,160.0,60.0,1656.9245338116425
38500,338,64,128,16,7,187,0.9574687262177295,0.04676716343509194,138,202.0,74.0,2345.9691681666964
38600,341,67,130,17,9,185,0.9670807138919166,0.04751310248235593,138,180.0,62.0,2046.9038949386606
38700,326,75,122,13,9,182,0.9830489139017742,0.046945242304301804,138,187.0,77.0,1860.1290491666075
38800,338,75,130,15,11,182,0.9739015467225424,0.04598834140508785,139,235.0,60.0,2945.5909149205636
38900,317,82,120,17,7,173,1.0059336259911955,0.04647355102749659,138,208.0,78.0,2127.581496307448
39000,319,79,108,19,9,183,1.0165183977959267,0.04560167077310201,139,269.0,80.0,3476.2360535011035
39100,306,78,102,15,8,181,1.0021374260918097,0.046337170746953205,140,201.0,74.0,2428.1548393251387
39200,308,80,101,15,10,182,1.0304978517805208,0.046206232971129586,140,177.0,62.0,2227.504217395684
39300,315,80,100,20,9,186,1.0126554938532526,0.04885521762618259,141,192.0,70.0,2407.4973938815347
39400,321,77,106,18,7,190,0.9957555605070135,0.048793267675271326,141,175.0,61.0,2105.2193765375728
39500,320,83,104,17,7,192,0.9872930846105126,0.04928974316337328,141,232.0,71.0,2990.1435505287577
39600,340,73,121,13,7,199,0.9600950640111454,0.051167815161640776,141,217.0,62.0,2754.6615651713414
39700,325,80,120,15,6,184,0.9716219154969254,0.05172891079164355,141,179.0,71.0,2041.3070511222095
39800,327,70,116,15,6,190,0.9659135558915983,0.05280579926091532,142,191.0,61.0,2304.2199877638973
39900,323,68,122,14,4,183,0.9697056318487013,0.05237455360452674,143,202.0,70.0,2323.356980717345
40000,324,80,113,17,6,188,0.9478280938334271,0.05359372545618114,143,182.0,62.0,2035.6554735463467
40100,314,82,114,16,5,179,0.9520484265360093,0.05339587646914539,144,195.0,62.0,2484.313125912102
40200,331,90,117,21,5,188,0.9539926948766673,0.05207794262613806,145,192.0,60.0,2157.489249375765
40300,339,76,120,16,6,197,0.9526846731110893,0.05250619054575736,145,187.0,68.0,1716.9636908622988
40400,339,67,116,16,5,202,0.9417885497863094,0.0523010690436331,144,216.0,69.0,2491.477687603122
40500,334,72,114,15,8,197,0.9421096442183989,0.051261503818261236,144,172.0,60.0,1843.5901107274135
40600,330,74,136,15,4,175,0.9308803618437527,0.05071497129006527,142,145.0,48.0,1491.9033197674541
40700,347,66,145,15,8,179,0.9246551298946422,0.04973837803239362,142,169.0,48.0,2130.074839165987
40800,333,75,146,14,7,166,0.9218458587643359,0.04993419594134026,142,149.0,57.0,1717.5150257566922
40900,333,70,135,11,7,180,0.9200417174835255,0.048690032601990486,142,150.0,58.0,1628.2388833555322
41000,338,80,135,12,8,183,0.9101026183544849,0.04825947490869198,142,170.0,45.0,2421.643057946552
41100,332,71,131,15,6,180,0.9153925019808633,0.0475473220025405,142,156.0,49.0,1585.0376211338016
41200,359,57,143,12,8,196,0.9161248395187295,0.046601346630817976,142,156.0,54.0,1783.6002459053484
41300,345,61,146,11,8,180,0.8948839993295958,0.04727262278232599,140,186.0,62.0,2415.4468767898807
41400,346,67,140,11,6,189,0.9071257593747126,0.0461811798836851,141,117.0,48.0,1125.6689982106066
41500,358,62,151,14,4,189,0.8928181686829941,0.04452635491001663,141,110.0,35.0,1166.7026861659467
41600,351,61,140,12,4,195,0.8952185612856635,0.04389303202358562,142,138.0,51.0,1601.7643544266543
41700,339,73,136,11,3,189,0.9037499108388269,0.04147561478502427,143,141.0,54.0,1551.1652001483044
41800,315,71,128,10,2,175,0.9049171291932742,0.04033583577618341,143,176.0,65.0,1997.6686272488762
41900,315,68,125,11,5,174,0.9281304869618965,0.038771039733196545,144,172.0,67.0,1638.129672263309
42000,316,58,117,15,4,180,0.9246241721208838,0.037133750063453624,144,150.0,51.0,1562.7006852757247
42100,319,52,117,13,6,183,0.9151935325750874,0.038546944245057384,145,194.0,69.0,2112.7728401225004
42200,305,70,122,14,3,166,0.9340453469781733,0.03707859288319382,146,108.0,42.0,1089.5570525176079
42300,316,66,125,9,4,178,0.9150752635826652,0.035830301538940415,146,192.0,54.0,2573.6439524821576
42400,324,68,129,11,2,182,0.895180712957634,0.035000204554088345,147,138.0,45.0,1516.436743947003
42500,311,65,116,7,6,182,0.8789094408091683,0.03379918599082974,148,171.0,59.0,1845.3639235727858
42600,315,63,120,9,5,181,0.8606541994862797,0.03449677034981665,146,173.0,52.0,2063.5549496218687
42700,323,69,132,5,5,181,0.8777895706414259,0.034484384842756045,147,127.0,40.0,1454.1460057577492
42800,344,51,136,6,6,196,0.8545802672726309,0.034739557628537206,147,171.0,49.0,2108.3985985761105
42900,358,62,148,8,6,196,0.8671065683622312,0.03484148829684583,148,174.0,54.0,1593.5217318604873
43000,352,67,145,10,3,194,0.8556694728084046,0.0342014396736507,148,148.0,52.0,1384.2948782546866
43100,339,71,135,19,6,179,0.8527596482035227,0.034618703668368216,149,156.0,50.0,1473.9430716356455
43200,327,61,133,21,4,169,0.8673662008286934,0.03370528822629802,150,161.0,52.0,1647.5224210081308
43300,315,65,128,12,5,170,0.8673471055919518,0.03261822521218421,150,148.0,42.0,1760.6957528699763
43400,318,52,139,8,6,165,0.8444587794116083,0.030305988579713658,150,125.0,35.0,1490.1196921369415
43500,331,64,142,8,5,176,0.8392626360749101,0.029642240182947917,151,131.0,44.0,1299.5779606319875
43600,345,60,142,9,9,185,0.8531197312999838,0.0287577836566153,151,123.0,42.0,1251.007905490146
43700,327,57,143,8,8,168,0.8572473659623143,0.027515070580857347,152,189.0,57.0,2273.918845245674
43800,323,54,146,9,7,161,0.8373542934256225,0.02726517340182697,152,144.0,36.0,1703.6361909485286
43900,316,66,145,10,9,152,0.8308488853356093,0.02646091178084963,153,137.0,38.0,1466.7707834412554
44000,335,54,145,7,13,170,0.8308300929897138,0.02584813034010021,153,118.0,30.0,1354.7756651256677
44100,326,63,142,7,10,167,0.820209283565257,0.02610832004228607,154,138.0,45.0,1468.2368581014578
44200,337,57,148,7,8,174,0.8239988247945966,0.024916258500343878,154,130.0,32.0,1536.985689485231
44300,345,54,156,6,6,177,0.8178681244907924,0.025041859369067266,155,154.0,42.0,1747.5217739155908
44400,328,52,145,5,8,170,0.8042172077620567,0.024452693847823084,155,120.0,41.0,1271.1816258904823
44500,363,51,168,6,6,183,0.809635561176415,0.024198748476818098,156,101.0,21.0,1334.2497882283064
44600,362,49,182,6,8,166,0.8003703707531366,0.02282959994687146,155,81.0,23.0,778.7829471193709
44700,354,56,183,11,4,156,0.8008967545094824,0.022556448327832893,156,102.0,33.0,1041.2787249096275
44800,337,51,179,6,6,146,0.7885402804253755,0.021607980550363143,156,63.0,16.0,683.2535808317999
44900,349,52,176,8,4,161,0.8042202756075653,0.02163578706186286,157,59.0,19.0,527.5132767377651
45000,364,52,183,10,4,167,0.810334932201563,0.021498276322830166,157,96.0,25.0,910.1367008701021
45100,353,47,173,4,5,171,0.8053996074129344,0.021514342786125493,158,63.0,19.0,646.5126933638027
45200,357,53,173,6,6,172,0.797639261458308,0.020884044379290624,158,62.0,22.0,508.01418304332253
45300,353,54,179,7,6,161,0.8056416452847971,0.021313602242754817,159,115.0,30.0,1174.179334475501
45400,343,48,164,9,6,164,0.8025418148460741,0.021983756569349668,160,67.0,22.0,568.0410333756698
45500,348,50,173,4,7,164,0.793103197878275,0.021528123452770914,160,71.0,15.0,633.6597425069364
45600,348,56,162,4,7,175,0.7941513188977242,0.021622718676053594,160,58.0,18.0,506.1175786013252
45700,354,52,163,2,7,182,0.7847528900841179,0.020633103418190187,160,54.0,16.0,485.0493699646509
45800,352,51,167,5,7,173,0.7856186897611266,0.020970232471419367,160,75.0,19.0,610.1674712710228
45900,363,50,173,4,5,181,0.7791391833792787,0.02155376427591002,160,72.0,14.0,616.6614207168279
46000,353,61,170,6,9,168,0.7861088501586089,0.02037685921990609,161,81.0,23.0,627.519628819468
46100,355,54,174,6,5,170,0.793544693163909,0.019446100312650757,162,77.0,25.0,662.6535958021624
46200,361,54,185,6,5,165,0.7922037585570902,0.018506444433872914,162,54.0,15.0,433.69933411531383
46300,364,45,183,5,6,170,0.7880991492118924,0.01838744982027471,163,84.0,25.0,610.1436115263692
46400,358,56,184,6,5,163,0.7815592587009278,0.018382207359687548,163,72.0,21.0,589.680970369796
46500,338,59,160,3,3,172,0.7864198241912859,0.01780650788860892,160,87.0,22.0,836.320740350536
46600,359,57,176,3,3,177,0.7857155524285389,0.01899240353543051,158,64.0,14.0,594.1549688897765
46700,364,43,177,3,4,180,0.7893315461192141,0.018357765800266806,158,77.0,19.0,777.1622626960213
46800,345,50,171,4,5,165,0.7948617739682868,0.01812500308282043,158,82.0,29.0,679.741530125075
46900,340,52,162,4,5,169,0.7911005115230773,0.01818621371392983,158,96.0,29.0,832.8100408496289
47000,337,49,168,2,5,162,0.7936230124794124,0.01645521723336246,159,103.0,26.0,1158.4358020044842
47100,342,55,155,5,6,176,0.7980646222220923,0.016150839144670897,160,70.0,26.0,560.3378992618876
47200,338,61,157,7,5,169,0.800340188831712,0.015150718005967527,160,78.0,28.0,741.4859395197435
47300,340,52,159,7,2,172,0.7948169453480325,0.014621065519921544,161,85.0,29.0,748.9662501170101
47400,327,61,156,6,1,164,0.8003977290666926,0.01444468395033772,161,96.0,31.0,799.0415843519322
47500,331,59,159,6,2,164,0.8064472876430199,0.013508330936851255,161,127.0,35.0,1063.7867595126904
47600,332,66,156,8,5,163,0.8010133444469579,0.013458733355269242,161,103.0,33.0,813.5929705136695
47700,350,49,158,8,5,179,0.7958104018410005,0.014020868495086098,161,76.0,22.0,736.8820090025025
47800,348,55,161,8,1,178,0.7913416961687342,0.014215521904534387,159,78.0,23.0,698.147194256496
47900,349,53,162,7,1,179,0.7849581768072612,0.013746420257809849,158,91.0,28.0,863.6706913885772
48000,353,42,169,1,6,177,0.7818098049167637,0.013005367386122952,159,78.0,21.0,723.6101935813863
48100,365,51,171,4,2,188,0.779939877963258,0.012651218123853695,160,64.0,21.0,550.0950856035561
48200,347,59,169,4,3,171,0.7887149321265369,0.013091257555559331,160,90.0,36.0,729.7062118952697
48300,350,56,169,4,3,174,0.7973399151456608,0.0135473032358219,161,121.0,31.0,1174.8622175308835
48400,351,50,182,4,3,162,0.7800717355205316,0.013375403668227691,162,68.0,20.0,609.0768582977022
48500,350,49,176,6,1,167,0.7881777324556952,0.013386412581988602,162,96.0,29.0,908.0101541110091
48600,345,55,169,4,4,168,0.7785886472792143,0.01434459302375675,162,95.0,30.0,883.9818882085725
48700,361,50,155,6,4,196,0.7808725278529962,0.014609288147595446,161,99.0,31.0,932.4480714954625
48800,341,51,158,5,5,173,0.7934457264163639,0.014353251641452357,162,101.0,33.0,886.0224199648957
48900,336,51,149,4,2,181,0.7959611407025067,0.013717880609880424,162,127.0,45.0,1137.4375636546295
49000,336,53,166,6,4,160,0.809376888001458,0.013947610277041353,162,145.0,38.0,1476.52834707798
49100,334,57,153,8,3,170,0.8171755544704351,0.014265763952887206,163,161.0,48.0,1464.3313311339778
49200,325,67,159,7,6,153,0.8024558350937119,0.01491794545306567,162,113.0,31.0,1111.3827756729197
49300,330,55,156,8,3,163,0.7941569775651605,0.014741601695207222,162,122.0,34.0,1228.181631274153
49400,333,60,150,9,3,171,0.800518977038558,0.014252726890758436,163,95.0,35.0,800.0470577138045
49500,324,56,149,6,2,167,0.7983059724673081,0.014398823386692572,163,153.0,37.0,1689.5940390248031
49600,337,59,148,5,5,179,0.8019185910694103,0.014581894131011233,164,99.0,30.0,975.8852084773339
49700,342,55,167,5,4,166,0.7912171690332839,0.0162579674327911,165,87.0,26.0,784.7898148135233
49800,338,60,158,5,5,170,0.805189223317489,0.016952793872789234,165,121.0,46.0,1011.0366654681109
49900,352,57,160,5,6,181,0.793332053573219,0.016851690189176836,166,71.0,23.0,636.2332605788359
50000,348,52,154,7,2,185,0.7968535344061918,0.017466491215399182,166,101.0,37.0,811.452161978975
50100,350,56,156,7,3,184,0.7898420354788116,0.01725019650836284,167,85.0,30.0,788.7236578724184
50200,363,53,165,7,2,189,0.7944435669424261,0.017248063091618637,167,69.0,29.0,563.5203723553491
50300,362,51,170,8,2,182,0.7874523758435329,0.01745869591070201,168,98.0,30.0,955.8862744770538
50400,367,57,177,6,1,183,0.7791704103671421,0.01795757594924245,169,78.0,25.0,753.4552631805938
50500,372,44,181,4,2,185,0.7816466176896316,0.01799167597704858,169,69.0,18.0,722.3072406238322
50600,363,49,178,7,0,178,0.7766982024580461,0.018162648204359016,170,62.0,20.0,515.0020523976691
50700,369,51,188,6,2,173,0.7779997937909764,0.01838681847385979,170,73.0,17.0,738.3411431977465
50800,356,50,187,5,4,160,0.7856333721599276,0.018374125177236036,170,84.0,26.0,734.9108120633446
50900,344,48,177,2,4,161,0.7829230563817035,0.018160442424233807,171,69.0,25.0,624.7315183775137
51000,351,52,177,6,4,164,0.7793741873010799,0.018383469831596295,171,92.0,28.0,857.9625580323524
51100,336,60,171,1,4,160,0.783300219784974,0.01836602529698252,172,101.0,26.0,1018.1610096420305
51200,359,52,172,2,3,182,0.7784290138848714,0.01861628835737355,172,59.0,12.0,581.0873900658959
51300,359,50,177,2,4,176,0.7852865460210477,0.019026243118502442,173,88.0,31.0,769.5139388903942
51400,352,49,175,3,2,172,0.7777672510373741,0.01947549214204269,174,104.0,17.0,1262.1994625832983
51500,344,58,173,3,2,166,0.773156671532857,0.019243057070045567,174,50.0,18.0,373.3955260592336
51600,347,53,189,3,2,153,0.7797879799824776,0.019682163294362575,175,59.0,14.0,604.0901155093766
51700,347,55,174,3,3,167,0.7735042283939709,0.01980818886738407,175,67.0,16.0,636.4888565757321
51800,366,52,181,4,3,178,0.7739466325608622,0.0196483711800946,176,73.0,23.0,661.6294493535859
51900,367,51,177,2,4,184,0.7691150494249411,0.01942105760951472,177,85.0,25.0,769.5482065022907
52000,342,48,175,2,4,161,0.7725894299925534,0.019237551069994214,177,61.0,20.0,535.4991076151668
52100,336,62,176,3,2,155,0.7846067253768924,0.01987074315278097,178,78.0,19.0,753.4616804213073
52200,328,56,174,4,3,147,0.7890373536584128,0.019556062095874602,179,103.0,31.0,1025.6193357396464
52300,332,60,169,4,3,156,0.7848938460256897,0.019461499931428962,178,109.0,33.0,1081.3573378853664
52400,344,51,164,4,4,172,0.7773844711063593,0.019449322615486753,179,67.0,20.0,575.6569756765238
52500,343,46,170,1,2,170,0.7889758248178815,0.01956490095624509,179,89.0,21.0,985.2374642206399
52600,340,45,166,1,6,167,0.7763215988047582,0.020116895204039226,179,78.0,17.0,964.8126505285808
52700,321,56,167,1,4,149,0.7848871866634509,0.021854576877220422,179,79.0,25.0,784.8821976164432
52800,330,59,167,3,8,152,0.7989491848234554,0.022396309622605987,180,73.0,23.0,721.1145262694652
52900,323,59,160,5,3,155,0.7999598623365567,0.022753242096740962,180,89.0,32.0,893.700856604169
53000,330,52,151,5,1,173,0.796412839776559,0.023616385407108392,181,107.0,38.0,988.4302103322048
53100,328,62,148,6,2,172,0.7981634813809458,0.023455281149637734,181,99.0,30.0,1010.2041597977641
53200,342,51,158,3,0,181,0.790421105948542,0.02425998141417889,182,92.0,27.0,908.2445027928322
53300,347,54,171,5,1,170,0.7946462143017973,0.024733706866882147,182,79.0,30.0,672.4026676659736
53400,350,50,170,2,1,177,0.7844041368884492,0.025193110686979832,183,104.0,23.0,1203.2692232474008
53500,356,45,168,3,4,181,0.7818416157769534,0.0251760853973739,183,50.0,15.0,467.7955018864669
53600,339,52,172,2,4,161,0.7874667124166459,0.02611747299985913,184,108.0,28.0,1222.883916096854
53700,338,46,170,5,4,159,0.7789319805816018,0.026405142872993104,183,75.0,19.0,822.5026211472258
53800,350,48,179,3,7,161,0.7814632189920946,0.026555169094027657,183,61.0,14.0,650.1334657181175
53900,346,46,170,3,2,171,0.7815439342315532,0.027163576711276175,183,81.0,20.0,815.7213563920083
54000,344,52,170,3,1,170,0.7857624285237071,0.026583134980751075,183,103.0,27.0,1256.7907445757844
54100,346,40,171,8,1,166,0.7780347190245295,0.026147084033009086,183,96.0,29.0,1078.329803153276
54200,367,53,170,7,1,189,0.7802015093057814,0.026406794961122804,184,64.0,22.0,591.3825765300504
54300,364,48,187,3,3,171,0.7756224867899327,0.025482797597804394,185,73.0,21.0,744.3505479322927
54400,361,50,191,5,0,165,0.7824652392671592,0.025312952555346206,185,54.0,14.0,498.679740030514
54500,362,45,183,3,1,175,0.7791119375938591,0.025450008984589326,186,39.0,15.0,269.19763224438486
54600,356,47,183,3,0,170,0.7698168840378166,0.02485819254698509,185,49.0,19.0,400.10616826978116
54700,343,58,167,4,1,171,0.7761634755484521,0.024698309468377887,186,73.0,22.0,630.4203356391239
54800,347,49,179,3,2,163,0.7760552492465632,0.02368661283556553,187,54.0,19.0,467.0185530671748
54900,349,55,187,4,3,155,0.7834872867108452,0.023915295709936266,187,59.0,20.0,564.0092808798729
55000,365,50,187,4,1,173,0.775996825277511,0.023704722235129736,188,19.0,8.0,147.1690294203155
55100,368,43,195,3,1,169,0.7741349751839561,0.023718866458832033,188,52.0,19.0,446.9022775671724
55200,368,47,181,5,2,180,0.7746184321568205,0.022330438335541446,189,39.0,13.0,337.8715203481727
55300,366,52,183,6,1,176,0.7729756432714509,0.023128206623316556,189,32.0,11.0,176.3062086606701
55400,373,47,189,7,3,174,0.7685703310197952,0.023608186541800694,189,31.0,9.0,221.30011664388084
55500,361,54,196,5,2,158,0.7601871024669695,0.024287713550276077,188,26.0,9.0,133.5490761105098
55600,364,56,200,6,1,157,0.7603223305043438,0.023690835595910818,188,18.0,7.0,79.95735835602864
55700,378,53,205,5,1,167,0.7600029754231585,0.023804343881127735,189,43.0,12.0,398.06484003751285
55800,385,49,201,2,2,180,0.7578833605832728,0.023696165551882687,190,42.0,16.0,237.64742371227544
55900,393,50,214,2,1,176,0.7571874647850776,0.02450578562594318,190,22.0,6.0,224.21970410762418
56000,388,49,220,2,0,166,0.7566552321209787,0.024754348908787305,191,23.0,6.0,244.63726582568466
56100,386,42,217,3,2,164,0.7621549236053611,0.02439861521217047,192,23.0,9.0,108.10035127519139
56200,386,49,211,3,1,171,0.7551947998137545,0.02479010654966157,192,40.0,11.0,377.43747388297413
56300,375,54,207,3,4,161,0.7577343131080063,0.02471774127450152,192,36.0,10.0,237.97878975490977
56400,383,49,204,5,1,173,0.7634106557422918,0.024914248864706657,193,43.0,11.0,323.60349777300945
56500,368,48,198,5,4,161,0.765100256417955,0.025375460078034102,192,37.0,10.0,265.18007301920323
56600,385,51,207,2,6,170,0.7563780866208862,0.02496395034506338,193,31.0,7.0,317.8154216754928
56700,376,52,205,2,3,166,0.7533439373163882,0.024888381905807264,193,27.0,7.0,178.36324552410963
56800,383,45,201,3,2,177,0.7585142009860261,0.024620683082718857,194,23.0,6.0,167.48185128678043
56900,374,43,203,4,2,165,0.7635159997747003,0.023932293846398965,194,25.0,8.0,142.55985438262
57000,375,43,207,1,2,165,0.7626815800343539,0.02300106096964064,194,31.0,10.0,209.47192943640462
57100,385,41,218,4,2,161,0.759907262181445,0.0224610817582311,195,34.0,9.0,247.7470686594622
57200,379,57,209,2,2,166,0.763900630919905,0.022194035515081062,196,30.0,5.0,253.2073024155789
57300,364,55,198,5,2,159,0.7563013210175022,0.022142461472162454,196,32.0,9.0,191.92082373014733
57400,362,48,198,3,6,155,0.7573702496046683,0.02105775726390487,197,26.0,4.0,249.6335853021943
57500,375,48,200,3,2,170,0.7563725888057697,0.02014248739329633,198,24.0,5.0,235.44161470827538
57600,385,45,204,4,3,174,0.7561164687414846,0.020050405200817977,198,15.0,6.0,68.66979735018397
57700,386,47,210,3,2,171,0.7607589502313937,0.019843419258987378,199,9.0,3.0,44.13482927540058
57800,372,56,212,3,2,155,0.7597144449535351,0.019938400097839686,199,28.0,5.0,297.3864943898776
57900,390,42,213,1,1,175,0.7594875682174677,0.02041641483296993,200,24.0,6.0,183.77886539100393
58000,376,49,212,1,2,161,0.7586706533181058,0.019303733034597266,200,11.0,6.0,37.20069024079187
58100,371,51,196,0,1,174,0.7596281025074229,0.018768490919210092,201,18.0,4.0,150.42986071155127
58200,384,45,208,1,0,175,0.7612378508595551,0.018737107445403703,202,7.0,3.0,63.931440386050056
58300,395,40,216,1,0,178,0.7576654383520417,0.01942245183162044,202,17.0,2.0,126.2516034421346
58400,386,49,217,2,0,167,0.7617522095266587,0.019471138103258474,203,10.0,2.0,95.86054979167037
58500,390,44,236,1,0,153,0.7621318929665123,0.019466421446266147,203,3.0,0.0,20.814226837059493
58600,392,47,233,2,3,154,0.7625205728891102,0.019166034902471728,203,12.0,7.0,87.34093207755838
58700,395,38,230,1,1,163,0.7603283390072213,0.018649748625329664,203,11.0,4.0,98.96817283172923
58800,379,55,221,1,0,157,0.7660640332635646,0.018605085347926136,204,12.0,2.0,90.17996433342823
58900,387,42,222,2,1,162,0.7674827583144556,0.018694519511171907,204,17.0,4.0,125.09648611452158
59000,387,58,219,4,2,162,0.7688856211791075,0.019072343518409397,204,13.0,2.0,86.92452236856158
59100,388,44,202,3,3,180,0.7657306467007248,0.019997399957587897,204,10.0,3.0,53.19088467607522
59200,397,47,208,6,4,179,0.7683274744151158,0.02014770741068686,204,11.0,3.0,58.48888244016679
59300,384,41,210,5,3,166,0.7701626500161854,0.02000630877177054,204,13.0,5.0,58.60817384135048
59400,382,47,211,4,5,162,0.7693564560436809,0.02015511277043055,204,10.0,2.0,59.68326167435051
59500,383,53,222,3,2,156,0.7726768956136689,0.02030690269147288,205,20.0,3.0,211.35277875700748
59600,388,44,216,0,3,169,0.7686738797195808,0.019363682118756272,205,24.0,6.0,191.6074490416879
59700,390,50,222,0,3,165,0.7718448735077571,0.01963286289871785,206,7.0,1.0,44.22904999499566
59800,380,48,213,0,6,161,0.7724504834161102,0.020436709212035473,207,18.0,1.0,147.04355572411197
59900,386,45,228,2,6,150,0.7659656040764817,0.020095332001327508,206,27.0,4.0,203.2726433980568
60000,387,49,210,4,5,168,0.766398293583195,0.01955671456762963,207,24.0,4.0,170.1983905770753
60100,380,42,212,1,6,161,0.7598662899626607,0.01952864922322756,207,18.0,6.0,154.60197038391365
60200,399,41,216,1,6,176,0.7663286951856402,0.019440892338433047,208,26.0,7.0,192.77806915983786
60300,401,45,242,1,5,153,0.7606883729207911,0.01989165487390438,208,22.0,4.0,203.94790666149652
60400,390,46,227,3,4,156,0.762426441143868,0.019725797703397427,209,26.0,7.0,177.87829293191598
60500,384,44,219,4,6,155,0.761421588312411,0.01971978582985832,209,31.0,10.0,170.954993159274
60600,383,48,206,4,4,169,0.7611145600050799,0.020107775117230567,210,28.0,8.0,292.01465346907804
60700,392,52,211,6,2,173,0.7648805352033841,0.020299840863176623,211,25.0,9.0,172.33682998211356
60800,391,48,210,4,2,175,0.7623351197629131,0.019896386458913506,211,19.0,4.0,129.28827267474003
60900,389,47,222,3,5,159,0.7616587196035298,0.018839699722912728,212,21.0,5.0,163.27341459181164
61000,387,48,226,5,2,154,0.7691687042759621,0.01837299774955567,213,18.0,4.0,207.974765852954
61100,387,43,225,5,2,155,0.7658735400933556,0.019271892225336967,213,19.0,7.0,164.890197054625
61200,388,48,223,4,2,159,0.7723889298819705,0.019477567003828408,214,25.0,5.0,310.9613180243911
61300,393,45,226,3,2,162,0.769228463702694,0.01947281449664469,214,16.0,4.0,124.25762105183222
61400,401,45,236,4,3,158,0.7645548631123008,0.019728672640440537,214,18.0,4.0,106.60167059907806
61500,384,54,223,5,1,155,0.7649558346557684,0.01994370082294218,215,22.0,5.0,197.7694506227886
61600,389,38,228,5,0,156,0.7653772141715288,0.020020772925240807,215,17.0,3.0,137.31137786506997
61700,389,40,230,1,0,158,0.764951129987167,0.020624648473956782,215,26.0,4.0,312.8853854180872
61800,396,45,221,3,4,168,0.7665909011077856,0.020610028252352974,215,9.0,3.0,43.38448084015523
61900,385,44,233,2,2,148,0.7667039266407104,0.020822837782037855,215,17.0,3.0,104.28786025983246
62000,385,53,224,2,3,156,0.7649072733005513,0.02100549904457833,215,16.0,1.0,111.74152174386487
62100,390,48,227,1,4,158,0.7664995924625096,0.021473722824224595,215,18.0,2.0,132.58175619291526
62200,396,45,223,1,4,168,0.7655094848399137,0.022100285673207383,215,13.0,2.0,95.51689938199834
62300,390,45,221,3,2,164,0.7614343572050644,0.02252017829979284,216,23.0,7.0,162.58998334918834
62400,399,40,224,1,3,171,0.7587526444835222,0.022736204147161397,217,25.0,5.0,293.18807442009086
62500,387,46,218,2,4,163,0.7568578257396188,0.022940736428224615,217,24.0,4.0,159.9066662828586
62600,388,39,223,1,5,159,0.7586892046945745,0.02355794193075847,218,18.0,4.0,168.6305794261454
62700,389,40,226,2,3,158,0.7611518106429631,0.02389035963897787,218,16.0,1.0,111.81430574296361
62800,392,38,225,1,1,165,0.7605292837299307,0.024046352492727286,218,12.0,1.0,80.33883079858929
62900,390,47,218,5,2,165,0.7588130865088155,0.024451661520670125,218,21.0,6.0,125.37430894391377
63000,376,52,221,4,1,150,0.7604817867250474,0.02427164296914082,218,13.0,4.0,66.31499748905738
63100,386,50,221,4,3,158,0.7586665073325228,0.024130248881980707,218,21.0,3.0,135.17820641503923
63200,392,47,217,4,1,170,0.7603068455779735,0.02435341389390005,218,12.0,3.0,70.4865651516276
63300,393,42,220,3,2,168,0.7552793843768467,0.02458786528682532,136,21.0,4.0,126.01237854377224
63400,394,50,218,5,1,170,0.7582601324971596,0.024659828284133115,136,14.0,2.0,92.69671807744682
63500,384,49,210,4,1,169,0.7590297986095246,0.025768360582828942,136,17.0,2.0,113.92016401413225
63600,387,50,218,2,3,164,0.7653744657401099,0.025140794759469752,137,13.0,1.0,93.29970133868535
63700,369,47,213,2,1,153,0.7680533026710576,0.02511638547217663,137,21.0,3.0,140.84049031169548
63800,392,50,214,2,5,171,0.7645944166262224,0.025396489988037507,137,11.0,2.0,67.74005574565298
63900,392,49,219,3,6,164,0.7634965950210538,0.024998297372397876,137,13.0,1.0,93.03572985755932
64000,398,43,216,2,6,174,0.7638555839750816,0.025364710746399826,137,13.0,3.0,76.91625290136975
64100,388,45,227,4,3,154,0.7642558108065697,0.02637165589360936,137,13.0,3.0,79.52089272003745
64200,380,45,221,3,3,153,0.7649221683583921,0.026456529838939334,138,17.0,4.0,100.93553510930148
64300,380,50,214,3,3,160,0.7707092002385488,0.027239598662883176,138,30.0,7.0,182.32346213641293
64400,394,44,210,6,4,174,0.7716043969283521,0.027051186999520017,138,24.0,6.0,143.63850737913225
64500,385,53,223,3,3,156,0.7689422104368694,0.02649051760383694,138,27.0,4.0,184.1484828906873
64600,384,50,228,4,2,150,0.7695796500989407,0.025972919301759722,138,27.0,2.0,205.66259633319842
64700,379,38,225,1,3,150,0.7722623783139833,0.026642209250238753,138,15.0,3.0,94.27431334760922
64800,402,49,234,4,3,161,0.7728035155673084,0.026611473980466482,139,23.0,5.0,143.2167369564911
64900,396,48,220,4,4,168,0.771242206839667,0.026861479339146562,139,25.0,6.0,148.61431802572292
65000,378,50,202,4,2,170,0.7727630735888269,0.027142461160055063,139,46.0,10.0,289.68833149739135
65100,381,50,208,5,5,163,0.7717070171772954,0.027098802781536944,139,29.0,9.0,157.12105209816397
65200,389,40,210,7,4,168,0.7693269785341584,0.02620994319797133,139,29.0,3.0,203.12152021338338
65300,393,44,220,7,2,164,0.7697069533349856,0.026036765015275968,139,12.0,0.0,95.2915518379383
65400,380,47,213,7,3,157,0.7693383497604888,0.026036762966421118,139,11.0,2.0,69.2527569811201
65500,387,47,218,5,2,162,0.7647192800696847,0.026033851428571137,139,9.0,1.0,58.54865105687585
65600,396,52,218,3,0,175,0.7646685278100751,0.02590300178622308,138,3.0,1.0,13.719999999999997
65700,395,47,221,4,1,169,0.7634040805707947,0.02644024734103379,138,15.0,3.0,89.69698869559129
65800,391,47,218,3,1,169,0.7591817483591311,0.026354330628977508,138,18.0,2.0,119.73626696681502
65900,379,40,214,3,2,160,0.7580265825549805,0.026000673207887137,138,11.0,1.0,70.73080413738559
66000,383,46,221,2,0,160,0.7599191090820613,0.02574630180978911,139,9.0,2.0,53.60078918509091
66100,388,50,232,1,0,155,0.7578408252104628,0.025661729297089673,139,11.0,2.0,65.74818077873555
66200,397,41,226,4,0,167,0.7561738861655886,0.025766260718525166,139,10.0,3.0,51.34799095623802
66300,400,52,229,3,1,167,0.7589963550997828,0.025842130784634446,140,5.0,0.0,35.93079337979791
66400,382,44,230,2,2,148,0.7555325185895142,0.024968946629904124,140,11.0,2.0,64.14114037744048
66500,391,44,232,1,2,156,0.7556422416217933,0.024808246702141504,140,14.0,0.0,106.44912145042154
66600,387,57,231,0,1,155,0.7558790872096762,0.024789685759082747,140,6.0,2.0,27.61397040844749
66700,395,45,226,3,0,166,0.7545919618260731,0.023928407035724044,140,7.0,1.0,45.42636551693985
66800,398,44,227,2,1,168,0.753434113060244,0.023900055565134314,140,7.0,1.0,47.2292325049573
66900,393,38,232,0,1,160,0.7523419797581214,0.024659668960728916,140,2.0,0.0,13.719999999999997
67000,398,41,226,1,0,171,0.7536336687991311,0.024982683286313326,140,7.0,1.0,45.304238327528125
67100,406,39,232,0,0,174,0.7528018466560503,0.024748177362269346,140,13.0,2.0,80.7564256993119
67200,413,44,238,0,0,175,0.7525658203235001,0.02524824206379308,141,10.0,2.0,59.69308287286835
67300,394,37,236,1,0,157,0.7519158470033488,0.025529646661165688,141,7.0,2.0,34.627918724410456
67400,391,44,235,2,1,153,0.7519993229365715,0.025859791203350958,141,10.0,1.0,64.36193224294121
67500,389,44,232,1,0,156,0.750500378409605,0.025562541980903384,141,9.0,0.0,66.32027161922726
67600,391,41,220,1,1,169,0.7508130468749128,0.025577887367519214,142,6.0,2.0,27.773916393149644
67700,388,44,207,0,1,180,0.7495377592531317,0.025661251396905817,142,12.0,0.0,92.10914570346843
67800,396,48,214,0,1,181,0.7509010080831389,0.02610617694415674,142,5.0,0.0,39.927131158450784
67900,381,51,223,0,2,156,0.7493977781660867,0.025486388259563748,142,13.0,3.0,75.72843514417924
68000,383,48,228,1,2,152,0.7488493286042088,0.024910800372455882,142,13.0,2.0,81.88076501210644
68100,396,40,234,1,4,157,0.7493910094924584,0.02482729660400237,142,7.0,1.0,44.49200961005877
68200,402,39,233,3,1,165,0.7485482804292786,0.02446459428488232,142,14.0,1.0,93.52332603820867
68300,394,46,232,2,4,156,0.7492357334180492,0.02457343107811204,142,5.0,0.0,36.08729102291454
68400,394,49,238,0,0,156,0.7468401134535189,0.024598569873278135,142,8.0,0.0,56.31107757406823
68500,405,41,239,0,3,163,0.7464538917529631,0.023935112421413017,142,16.0,1.0,107.509998759062
68600,392,47,233,0,0,159,0.7481520384596084,0.02374007227841398,141,7.0,1.0,43.24780991639517
68700,401,53,231,1,2,167,0.7504730184707007,0.023706863749873228,142,12.0,0.0,89.56048298678623
68800,407,43,226,0,3,178,0.7494280885617882,0.023198884652891633,142,4.0,0.0,28.827804261773608
68900,408,41,218,1,1,188,0.7479930880109785,0.0230779563831037,143,14.0,4.0,71.20003231186419
69000,409,43,220,1,2,186,0.7468559360838342,0.023333835890640444,143,12.0,1.0,79.30843813158461
69100,393,51,225,0,2,166,0.7461864446223472,0.022556563609238856,143,9.0,1.0,57.26529666576308
69200,392,48,232,1,1,158,0.746859382194362,0.022931031815298195,143,8.0,1.0,51.94508022414155
69300,389,43,228,0,0,161,0.747264905476104,0.022343312534411144,142,8.0,2.0,43.373316591136856
69400,394,37,224,1,0,169,0.7475841156763071,0.022694197294739336,143,9.0,1.0,58.159796015479515
69500,407,41,225,2,0,180,0.748179745440875,0.023331279030197258,144,11.0,1.0,74.45575990852893
69600,410,40,224,1,2,183,0.7455803065409471,0.023067697968378754,144,5.0,2.0,21.53258346316178
69700,407,41,227,0,3,177,0.7464897032717747,0.02342815437500722,144,9.0,0.0,66.3371708173034
69800,402,57,242,0,3,157,0.7484583925078969,0.023798270576868858,144,7.0,0.0,51.337450864603696
69900,384,53,232,1,1,150,0.7502196998809811,0.024013484653605217,144,11.0,2.0,67.84076288309359
70000,397,48,237,3,3,154,0.7515312648891074,0.023862694789403276,144,8.0,1.0,55.846614889287665
70100,406,33,231,3,3,169,0.7513394835679124,0.02432540188420434,144,6.0,0.0,46.04999014871264
70200,391,48,224,2,2,163,0.7501963111300685,0.024821319699252435,144,3.0,0.0,22.200498157533183
70300,399,42,234,0,0,165,0.7503962280703316,0.02463219999093852,144,4.0,0.0,30.76244485955521
70400,400,38,244,0,0,156,0.7528894266446442,0.024589535067670382,145,5.0,0.0,36.19435684011057
70500,406,46,251,0,1,154,0.7550409093736179,0.02415701106634475,144,5.0,0.0,36.92268629755254
70600,405,44,252,0,1,152,0.7516657400133594,0.024229445078349197,145,10.0,1.0,66.05413933681164
70700,407,45,249,0,1,157,0.7513875744414295,0.023981546101360742,145,7.0,0.0,51.79307633671469
70800,404,50,249,0,2,153,0.7492335933113983,0.024205349353634453,145,13.0,2.0,79.79163370443882
70900,417,33,241,2,2,172,0.7490824802249635,0.02434066401555209,145,10.0,1.0,65.739075734435
71000,425,42,252,2,1,170,0.7510086211766835,0.02490974885060682,146,4.0,0.0,30.82665390835779
71100,418,42,243,2,0,173,0.7509363323400553,0.0256543946070611,146,7.0,1.0,44.4441763004709
71200,401,44,241,2,0,158,0.7518117452367861,0.02591101368749831,146,8.0,2.0,44.44901598795101
71300,406,45,236,2,1,167,0.751095621629527,0.0259973633131594,146,5.0,0.0,37.22931789518323
71400,416,45,241,2,2,171,0.7547559094613008,0.025478987922340237,147,9.0,1.0,62.60189533138371
71500,405,46,235,2,0,168,0.7514742910644184,0.02502653175271406,147,11.0,3.0,62.20636807117741
71600,407,36,234,2,3,168,0.753159751219461,0.02483414701471812,147,14.0,2.0,93.40816505074015
71700,400,39,240,2,2,156,0.7509856984647929,0.02485680583485147,147,18.0,4.0,101.69960070293106
71800,417,42,250,1,1,165,0.7499419290247242,0.024533347918676035,147,7.0,0.0,51.42745688259916
71900,417,44,241,0,2,174,0.7515976169883088,0.024611177078736814,147,4.0,0.0,29.429429371973725
72000,419,43,243,1,2,173,0.7541472382248111,0.024784235572628953,147,5.0,0.0,37.42252172970298
72100,417,47,241,0,2,174,0.7570224367451399,0.02489185432145947,147,8.0,1.0,51.02810780278709
72200,396,53,241,0,3,152,0.7579665537053536,0.02441718950315715,148,14.0,1.0,100.55900868362681
72300,408,41,248,0,4,156,0.7606300903456216,0.0242587058236911,148,8.0,0.0,58.96932477833135
72400,409,45,255,1,1,152,0.7621993598902467,0.02453585150735219,148,9.0,2.0,50.727121563236125
72500,407,47,243,1,1,162,0.7600808729597877,0.024156527347558188,149,10.0,1.0,67.74398498750666
72600,402,43,247,1,0,154,0.7602759277928329,0.024541678478636187,149,8.0,1.0,52.84907092849102
72700,415,38,247,0,1,167,0.7592558590205897,0.023817783565301422,150,11.0,1.0,79.43688206129356
72800,417,42,258,0,1,158,0.7584643481226883,0.023676967800295438,150,4.0,2.0,13.719999999999997
72900,419,43,257,0,1,161,0.7580793598369802,0.02333783998773348,149,11.0,0.0,81.6293442167779
73000,406,42,254,0,2,150,0.7561533277912765,0.022844899916601255,149,12.0,2.0,71.60608894307211
73100,405,44,245,0,1,159,0.7558238468444822,0.024066095729828877,149,4.0,0.0,30.680711822947217
73200,416,45,253,1,3,159,0.7575217379411724,0.024475104313593392,149,7.0,1.0,41.91895575512551
73300,401,49,239,0,3,159,0.7576665736987799,0.024464604960150918,150,14.0,2.0,89.51753708685737
73400,417,53,243,1,3,170,0.7562798899741452,0.024671588606383184,150,16.0,4.0,91.40919451800893
73500,436,45,254,3,5,174,0.7562360698245146,0.024405716100467243,150,15.0,1.0,108.00163407858665
73600,426,41,249,3,5,169,0.7552467156158605,0.02371492700644779,150,13.0,0.0,97.9288445789526
73700,406,45,250,3,3,150,0.7565231336726445,0.023652975338469058,150,16.0,4.0,89.74365894098389
73800,408,41,247,1,4,156,0.75651107512484,0.022966497665691345,151,28.0,4.0,173.04614618502384
73900,410,45,250,2,3,155,0.7566166260883628,0.022672275200888246,151,22.0,2.0,147.0431161584678
74000,412,40,243,2,2,165,0.7569606675077268,0.022124061227981426,152,18.0,3.0,114.64575089135208
74100,411,43,245,3,3,160,0.7581440145739446,0.022013333993493558,152,15.0,2.0,97.69927970614971
74200,403,43,237,4,3,159,0.7554483348431863,0.022567748030664112,152,20.0,3.0,132.9682604859661
74300,412,45,249,4,3,156,0.7535384587631556,0.022927140260362914,152,25.0,9.0,122.58373336692334
74400,411,46,244,3,2,162,0.7576248331790888,0.023704079046025058,152,15.0,1.0,103.1309075866023
74500,412,39,238,2,1,171,0.7595347070741282,0.024321186524549832,152,14.0,3.0,87.72595194923849
74600,419,44,242,1,3,173,0.7608760030312173,0.023878481336688413,152,8.0,1.0,54.05337002020472
74700,409,46,240,1,4,164,0.7602452342129428,0.024624083428739337,153,4.0,0.0,28.648926231156462
74800,414,37,247,4,4,159,0.7605394667875546,0.024614057730514245,153,9.0,1.0,62.443859671083835
74900,405,46,254,3,2,146,0.7590673166146678,0.024783038369675898,153,18.0,1.0,131.26619151634534
75000,410,45,249,2,4,155,0.7556032618343288,0.025495444893010057,154,14.0,2.0,91.51774136837267
75100,409,53,246,2,5,156,0.7572599207761499,0.02530625589394477,154,18.0,1.0,130.67288461373005
75200,421,42,248,2,5,166,0.7559370526614855,0.024541400859575388,154,9.0,2.0,54.5853905880799
75300,410,47,241,3,2,164,0.7568307531333518,0.024432503290114954,155,25.0,6.0,151.7049074279383
75400,419,45,244,1,4,170,0.7565318918392967,0.02503986001667764,155,8.0,1.0,52.58849163720651
75500,416,38,244,1,4,167,0.7575744075263937,0.024050594561794744,155,10.0,1.0,66.68988795449134
75600,416,40,228,2,2,184,0.7599167029138775,0.02474563776729636,155,14.0,4.0,74.07329269664442
75700,427,43,235,2,4,186,0.7600099532403943,0.02358495728785006,155,23.0,5.0,137.32797806770853
75800,427,46,232,4,5,186,0.7599795505583192,0.023407875465057522,155,26.0,7.0,146.2996063217629
75900,427,42,246,7,3,171,0.760250414135352,0.023241705274892045,156,19.0,5.0,107.51971442697374
76000,420,43,253,6,1,160,0.7587020218673972,0.02419963277199536,156,18.0,1.0,133.67525557189134
76100,409,43,238,4,6,161,0.7541672409888014,0.02442865555743456,156,9.0,0.0,72.16440789402573
76200,421,43,246,3,5,167,0.7536984783738728,0.0250301812454855,156,22.0,2.0,155.4677913387
76300,418,49,239,3,3,173,0.7525831420154977,0.025490005005433712,156,21.0,6.0,121.7404599910697
76400,427,39,242,3,2,180,0.7530124158580501,0.026879379877987247,156,15.0,2.0,102.30762755400387
76500,415,48,239,2,3,171,0.7536873068665128,0.026899025659386233,156,34.0,6.0,215.33059696164867
76600,406,40,230,3,2,171,0.753424165160622,0.02769944401030234,156,6.0,1.0,39.70191264229444
76700,416,44,244,4,1,167,0.7538605611340764,0.028172542316932985,156,17.0,1.0,128.40539145122614
76800,410,43,256,1,1,152,0.75264663479135,0.028200014181241052,156,14.0,0.0,113.58647428613288
76900,427,44,257,1,1,168,0.7507512931709963,0.0284742499624508,156,16.0,4.0,89.82769494438101
77000,417,41,247,1,3,166,0.7522354591405929,0.028806152101366524,155,16.0,1.0,108.71265224184245
77100,409,40,240,2,2,165,0.7520593891767424,0.02931461612707559,156,8.0,2.0,45.34728173638521
77200,415,37,251,3,3,158,0.7512990484929382,0.029348657031408515,157,9.0,1.0,60.57635749889629
77300,410,43,247,4,3,156,0.7515539556405939,0.029076095458278217,157,14.0,1.0,99.271792891194
77400,409,42,247,4,1,157,0.7509201395227847,0.029243693134861345,157,9.0,2.0,51.21318518936954
77500,418,38,249,4,1,164,0.7487467551897188,0.030047641223735596,157,9.0,2.0,52.84131814312861
77600,407,44,248,3,2,154,0.7487804928935203,0.02980629816677703,157,15.0,3.0,89.57259687609945
77700,409,44,232,1,3,173,0.7499332897773701,0.030045043593943704,156,9.0,1.0,59.15705909778124
77800,399,41,230,2,3,164,0.7518110375095531,0.030163498315050406,157,16.0,3.0,97.73978487169092
77900,399,44,220,3,3,173,0.7515433206621184,0.030383524889912302,157,8.0,0.0,59.64174497469956
78000,392,49,228,2,1,161,0.7522567638322427,0.03150899771457905,158,17.0,6.0,83.6720798812422
78100,386,49,235,1,3,147,0.7518636391909711,0.031980292028856126,158,12.0,1.0,78.5405799661715
78200,406,52,243,1,0,162,0.7506375462776134,0.03203871473501979,159,6.0,3.0,23.821037629209492
78300,411,51,244,2,0,165,0.7507304836124351,0.03213284763274713,159,9.0,3.0,44.44886440583456
78400,409,38,233,2,0,174,0.7525996539216143,0.03186041199924721,159,9.0,1.0,59.194091726232514
78500,401,42,227,2,0,172,0.7506056457973496,0.03154237075875025,159,13.0,2.0,82.24986021635121
78600,400,45,239,3,0,158,0.752333784820677,0.03152137680815749,160,4.0,2.0,14.776412948361251
78700,407,40,237,3,2,165,0.7524228616748972,0.031750040835039954,160,2.0,0.0,15.0213328130741
78800,401,39,235,3,2,161,0.7517487683481754,0.03133180669371064,160,4.0,0.0,31.09609119394917
78900,404,48,242,1,2,159,0.7489944427965488,0.031949248973867486,160,1.0,0.0,6.99761774614943
79000,408,40,253,0,0,155,0.7491490505434459,0.0318186439484635,160,7.0,1.0,43.21628950112151
79100,406,41,243,2,0,161,0.7484024405551417,0.031256002246549536,160,3.0,1.0,14.902352709603939
79200,413,34,240,0,2,171,0.7506224002269015,0.03115797689888175,160,19.0,3.0,115.76096266861565
79300,406,41,243,1,2,160,0.7501624663670114,0.030991727985943913,160,11.0,1.0,70.39420828796435
79400,395,36,235,3,1,156,0.7524265692970776,0.03073292160132702,160,8.0,1.0,51.996662439178664
79500,398,42,236,3,0,159,0.7529274275488771,0.030778252447093275,160,4.0,0.0,29.50171858591687
79600,401,45,241,3,2,155,0.7512447135505569,0.031161627359838698,160,2.0,0.0,14.036875725574367
79700,415,44,246,2,3,164,0.7518649691180054,0.030887433565709357,160,6.0,1.0,38.82185768952449
79800,411,41,256,0,3,152,0.7515041418545488,0.031550952114646987,160,1.0,0.0,6.8599999999999985
79900,394,40,241,0,1,152,0.750847433450866,0.030859930078850087,161,3.0,0.0,21.343728433061543
80000,403,47,244,0,2,157,0.7492887651910327,0.03061015327529978,161,2.0,0.0,14.099077604959053
80100,420,40,256,0,0,164,0.7494368434623049,0.03031620402764032,161,2.0,1.0,6.8599999999999985
80200,412,44,261,1,0,150,0.7499046700855824,0.02997111964749193,161,3.0,1.0,14.639977148909965
80300,404,43,254,0,0,150,0.7507141645996468,0.029643439810746613,161,5.0,0.0,35.38900642588463
80400,403,46,250,1,1,151,0.7518752635366756,0.029555682775449867,162,5.0,1.0,31.06151021920422
80500,398,44,229,1,1,167,0.7537720730482859,0.028881515043351652,162,3.0,0.0,22.54582412940951
80600,393,37,223,0,0,170,0.7517341791528815,0.02833062668305475,162,3.0,0.0,21.6968485492814
80700,402,48,229,0,1,172,0.7519624868709942,0.027251089723824964,162,4.0,1.0,23.533544022599436
80800,399,40,233,0,1,165,0.7544583757953157,0.027136222840621907,162,4.0,0.0,27.681220951086782
80900,398,35,231,0,1,166,0.7559921719145168,0.027069483284585683,162,2.0,1.0,7.530094360152994
81000,396,48,236,0,0,160,0.7576572423536154,0.026047740361805318,162,1.0,0.0,6.8599999999999985
81100,395,41,228,2,0,165,0.7570196578887834,0.025489549060659363,162,5.0,1.0,28.39750626848638
81200,386,40,224,1,0,161,0.7580964397232552,0.02601226657295737,162,3.0,0.0,22.75896774765959
81300,397,42,232,0,0,165,0.7572113276709151,0.02566802213559039,162,1.0,0.0,7.586322582553197
81400,406,39,243,0,0,163,0.7580639666675193,0.025184959918935466,162,2.0,0.0,14.224815872957254
81500,391,40,227,0,0,164,0.7534831642372162,0.024231832967923205,163,4.0,1.0,22.62572676773435
81600,392,37,234,0,0,158,0.7535417515973317,0.024823785566172478,163,1.0,1.0,0.0
81700,399,37,241,2,0,156,0.7540282806514526,0.023908274368967076,163,2.0,0.0,14.27177492089387
81800,390,40,239,2,0,149,0.7547618579930255,0.0238339328825084,163,1.0,0.0,7.352823815898482
81900,392,42,229,1,0,162,0.7578892280367632,0.023626232172837755,163,5.0,0.0,36.997446762723975
82000,404,37,241,0,0,163,0.757827850981333,0.024155223071029457,163,1.0,0.0,7.630373496109052
82100,404,43,236,1,0,167,0.7587467518111677,0.023782399259410208,163,3.0,1.0,15.260746992218104
82200,394,44,234,0,0,160,0.7600094840975268,0.023208485132436736,163,6.0,1.0,37.34907718250371
82300,389,35,240,0,0,149,0.7595808668875108,0.022594156442582017,163,0.0,0.0,0.0
82400,386,37,238,0,0,148,0.7603436557054071,0.022151033175169785,163,2.0,0.0,14.160390166004703
82500,395,36,244,0,0,151,0.7584428832224945,0.021872664795298903,163,4.0,0.0,28.469769755796445
82600,377,40,232,0,0,145,0.7584528294207724,0.02177467929046385,163,3.0,1.0,15.083015018238275
82700,387,36,234,0,0,153,0.7624392886230125,0.022019034016489154,163,8.0,1.0,51.41670312509136
82800,384,44,231,1,0,152,0.7617711359013656,0.022302162657149637,163,1.0,0.0,8.37854658712538
82900,387,46,230,0,0,157,0.7619514383729376,0.022152417373755506,163,1.0,0.0,6.8599999999999985
83000,387,42,229,0,0,158,0.7592877634175872,0.02165038164656525,164,2.0,0.0,13.719999999999997
83100,385,43,224,0,0,161,0.7611195677371629,0.021770877924419004,164,5.0,0.0,36.98381123085955
83200,396,40,233,0,0,163,0.7613037055280034,0.022191243631827007,163,2.0,0.0,15.47314077309915
83300,397,36,233,0,1,163,0.7591975528504428,0.022258932475454133,162,5.0,1.0,30.355373514164096
83400,398,42,228,1,0,169,0.759744005252601,0.021836894987793756,162,5.0,0.0,38.440641029224295
83500,382,45,229,1,0,152,0.7604786480287127,0.021551054659238386,162,3.0,0.0,21.406749240687255
83600,382,44,229,1,2,150,0.759899575631172,0.021767941853909782,163,3.0,0.0,22.239130365192338
83700,381,42,232,2,0,147,0.7614609284053756,0.021841552285376896,163,7.0,2.0,35.96427023056364
83800,386,38,218,1,0,167,0.7600276024562037,0.02115508991823347,163,4.0,0.0,29.01628210876131
83900,397,47,232,0,0,165,0.7592960704867169,0.021069432837778845,163,4.0,1.0,21.002104635490333
84000,399,40,236,0,0,163,0.7579825536737044,0.02094079538207129,163,3.0,0.0,23.040223835231856
84100,376,51,221,1,0,154,0.7574846116109161,0.020284323184183623,163,5.0,0.0,38.82826556684296
84200,380,45,225,0,1,154,0.7544518359081555,0.020289828594032316,164,4.0,1.0,22.06314576290758
84300,385,44,225,1,1,158,0.7552969605693552,0.02041086681535725,164,6.0,1.0,38.757221468599965
84400,390,51,223,0,2,165,0.7547184996465737,0.02048306584669283,165,3.0,0.0,24.68218640158382
84500,390,35,225,1,0,164,0.7528149002359132,0.02039638761995856,166,5.0,1.0,29.89187576020005
84600,389,43,230,0,0,159,0.753205268697744,0.02059104052444637,166,7.0,0.0,59.2474920068557
84700,394,38,233,1,1,159,0.7536237303651684,0.020611393737932325,166,4.0,1.0,22.289773098606737
84800,391,39,234,1,1,155,0.7523769750644934,0.020134019941217145,166,2.0,0.0,13.832684780978497
84900,385,41,232,1,0,152,0.7533763410722754,0.02024194899044088,165,1.0,0.0,6.8599999999999985
85000,404,35,240,1,0,163,0.7540297844518618,0.020165183066605422,165,0.0,0.0,0.0
85100,393,38,231,1,0,161,0.7520688294150009,0.01932079937040572,165,3.0,0.0,22.401872814401596
85200,387,41,219,0,0,168,0.7528565628577097,0.019431530597332932,165,2.0,0.0,14.775488363194373
85300,403,39,230,0,1,172,0.7522834591076233,0.019448383375653047,166,3.0,0.0,21.113917575486614
85400,395,44,231,0,0,164,0.7520764302899124,0.01928094493484437,166,2.0,2.0,0.0
85500,382,45,222,1,0,159,0.7555125266547931,0.018790918264915198,166,4.0,1.0,20.579999999999995
85600,390,35,235,2,0,153,0.7586184835458939,0.01854465872110692,166,1.0,0.0,6.8599999999999985
85700,397,35,238,2,0,157,0.7592383427878028,0.01872800452813534,167,3.0,0.0,22.67637196921156
85800,391,40,230,2,0,159,0.7612535905845438,0.018767750544664723,167,3.0,0.0,21.771452355830434
85900,393,44,237,0,1,155,0.7610680056769572,0.01884297719868767,167,5.0,0.0,37.57865298159281
86000,386,37,228,0,2,156,0.7595306273594647,0.018675427358464714,167,1.0,0.0,6.903869187753323
86100,383,37,231,0,1,151,0.7575159414801558,0.017725283765753757,168,1.0,0.0,7.850754211603746
86200,382,43,242,0,1,139,0.7590471510071964,0.016960165857564897,169,5.0,0.0,36.78168804138247
86300,401,38,244,0,1,156,0.7598854813371015,0.016653658435542357,169,2.0,0.0,14.940812163639006
86400,388,37,231,0,2,155,0.7584480844663479,0.01600766724145619,168,10.0,1.0,66.14074913863352
86500,400,38,228,0,2,170,0.759095429797203,0.01613116934722842,169,1.0,0.0,8.156516808522154
86600,397,44,236,0,1,160,0.7560834636961573,0.01634272833968499,169,1.0,0.0,7.171167676905319
86700,396,45,226,0,1,169,0.7545164583320783,0.015825920738586643,169,1.0,0.0,6.9608152813346065
86800,392,37,227,0,0,165,0.7537591517505723,0.015294327393859983,169,7.0,0.0,51.71989492448842
86900,386,40,226,0,2,158,0.7513533263611059,0.014924544267687228,169,5.0,1.0,28.607700997635515
87000,381,42,224,1,2,154,0.7526220098394283,0.014614133948186135,169,5.0,1.0,30.13144897632423
87100,376,44,218,2,2,154,0.7511442672111579,0.014445638472994436,169,6.0,0.0,45.533444804309575
87200,396,39,226,2,1,167,0.7500906850326712,0.014928576739111226,169,4.0,0.0,31.65921503297544
87300,396,45,219,2,2,173,0.748389726605563,0.015185472182593678,170,4.0,2.0,15.089833741837037
87400,396,46,217,2,3,174,0.7490946025392344,0.01551181857195199,170,10.0,2.0,58.84998508648931
87500,387,43,227,1,2,157,0.7477259825109677,0.015746808727311573,170,3.0,1.0,16.01407587035574
87600,383,40,220,0,2,161,0.7462290690788324,0.01589774502884521,170,5.0,0.0,38.5359639890106
87700,399,35,226,0,4,169,0.7449325865351373,0.015609436048702307,171,7.0,0.0,51.60745207822857
87800,396,36,223,1,2,170,0.7462615504364848,0.015396483248258905,171,5.0,2.0,23.712739994161154
87900,393,43,226,2,2,163,0.7482079701682675,0.016220644755001005,171,6.0,0.0,43.7711823580568
88000,392,39,226,2,2,162,0.7487058898837002,0.01547454375603936,171,7.0,2.0,37.249004676152104
88100,401,40,230,1,0,170,0.7487371680487315,0.016213241591070095,171,8.0,0.0,56.58521300090555
88200,398,44,221,2,0,175,0.7507192936232607,0.01676597519574695,172,10.0,3.0,52.763142647716265
88300,382,39,218,1,0,163,0.7501473803749905,0.01675715165003314,172,23.0,6.0,126.55960464069543
88400,389,44,222,1,0,166,0.7525657803645412,0.016343758528310912,172,22.0,5.0,127.09626447437218
88500,398,41,227,1,1,169,0.7503564876511057,0.016301449963975354,173,5.0,1.0,29.797494832514996
88600,397,40,225,2,0,170,0.7526825994223414,0.016039254686700633,173,26.0,5.0,156.79115685753393
88700,394,43,222,2,1,169,0.7523662457049459,0.016255902859710576,174,39.0,8.0,232.7740392470832
88800,388,39,220,2,0,166,0.7519461071539453,0.0163084530097635,175,34.0,7.0,204.2142702659478
88900,393,44,214,1,1,177,0.750755124988498,0.015470497969344575,175,64.0,15.0,368.6214168308486
89000,396,43,221,1,1,173,0.7488949585432018,0.015360113980749896,175,54.0,13.0,308.829715299859
89100,384,42,210,1,1,172,0.7518191362489767,0.015394773346702596,175,64.0,14.0,376.97410174650605
89200,400,41,231,2,1,166,0.7514865075242788,0.0152715041234196,176,83.0,20.0,476.54803265119136
89300,396,41,220,3,1,172,0.7526941913506052,0.014951247965229668,176,91.0,20.0,534.0207293007599
89400,410,37,215,4,2,189,0.7537691282586471,0.0156995430763208,176,77.0,20.0,430.59304160199224
89500,414,45,232,4,3,175,0.7534395479607737,0.01540323198077221,176,122.0,29.0,706.7188086452115
89600,403,43,223,3,2,175,0.7543352957926741,0.01652263435277905,175,91.0,18.0,562.3057705529429
89700,384,48,211,1,2,170,0.7530728275178054,0.01694010054353731,175,77.0,16.0,458.5979045776358
89800,379,49,215,1,4,159,0.7552045702469808,0.017351185730029896,175,74.0,18.0,429.7722103506043
89900,391,46,212,2,3,174,0.7512135706226762,0.017524062195437503,176,71.0,14.0,432.526634284178
90000,404,47,220,2,2,180,0.7515348546888346,0.01761895059832676,176,61.0,12.0,368.84476241712946
90100,400,35,214,3,1,182,0.7505999175086485,0.017877002297106422,176,61.0,15.0,346.7120620240656
90200,398,39,224,2,0,172,0.7501967702886752,0.01813446681836612,176,72.0,18.0,409.1193743411635
90300,399,35,227,3,1,168,0.7501755147281652,0.01792121092989911,176,72.0,18.0,412.1005849642812
90400,386,46,229,2,1,154,0.7502489001604112,0.018020096271333233,176,62.0,14.0,365.1792521324097
90500,395,41,232,1,0,162,0.7515584823867038,0.01852088333741336,176,60.0,16.0,333.9804084515247
90600,411,43,228,1,2,180,0.7529150143113806,0.0180941503406644,177,67.0,17.0,382.7400990623615
90700,405,43,215,2,1,187,0.7546014307851014,0.01895312453093977,177,104.0,21.0,629.0490132121365
90800,394,38,216,0,3,175,0.7541811453148863,0.018611010720354277,177,58.0,14.0,333.0223016037316
90900,397,40,228,1,0,168,0.7561848784864373,0.01807351939339697,177,64.0,13.0,385.3242076519859
91000,384,44,219,1,1,163,0.7566381166785758,0.017718083116205676,177,46.0,10.0,266.427085670094
91100,399,39,224,1,1,173,0.7579984478107937,0.018159241905427927,177,56.0,15.0,303.8513895349897
91200,396,35,227,1,1,167,0.7586427946415767,0.018494739491742494,177,57.0,12.0,338.9836613679559
91300,381,42,221,1,1,158,0.758891819296502,0.018987657694744673,177,66.0,12.0,400.9773358219848
91400,383,45,224,0,3,156,0.7590413010982626,0.01792769079307502,177,93.0,22.0,540.9870973405405
91500,391,45,227,0,3,161,0.7596501924558018,0.01725769592719005,178,43.0,11.0,246.91558541542756
91600,388,52,218,0,4,166,0.7570526035183949,0.01754235266877523,178,47.0,10.0,282.4529021134063
91700,402,39,221,1,3,177,0.7563867694114274,0.017590054393097874,178,60.0,15.0,335.93463919944185
91800,405,44,220,1,2,182,0.7584578723346884,0.01755603064378005,178,82.0,18.0,484.8187090276793
91900,393,43,218,0,4,171,0.7565916722047231,0.01691297414332201,178,93.0,22.0,538.2829340159403
92000,402,42,227,0,3,172,0.7531431073148317,0.017576795126432686,178,107.0,21.0,662.1722612516737
92100,395,41,226,0,2,167,0.7525169739851819,0.017552475244627455,178,93.0,22.0,555.741644837242
92200,381,42,209,0,1,171,0.7514205335057553,0.016184553261788505,179,22.0,4.0,145.78108998899037
92300,391,42,225,0,2,164,0.7518270718091533,0.015892384814885512,179,60.0,13.0,396.2899835694612
92400,385,45,221,2,2,160,0.7522778389314295,0.015907682655120426,179,64.0,17.0,404.1248157819413
92500,401,37,232,0,2,167,0.754041965426608,0.015385368943356488,179,108.0,20.0,759.1007645731547
92600,399,42,232,1,1,165,0.7552983871473281,0.015421880468763102,179,65.0,17.0,418.71910067146285
92700,390,30,210,2,1,177,0.7556411508149885,0.015856301735288462,179,63.0,13.0,438.37383320629283
92800,400,37,225,1,1,173,0.7548917434692829,0.015881576006244683,180,54.0,8.0,396.0311808100411
92900,382,44,214,0,2,166,0.7541970686294964,0.01565208925705241,180,36.0,9.0,230.26136127871544
93000,381,34,213,1,2,165,0.7534171590371526,0.015175547770698586,180,45.0,11.0,291.9309645769607
93100,386,41,215,2,0,169,0.7545424207561472,0.016014402002733318,180,13.0,1.0,104.99109318415205
93200,374,39,204,1,0,169,0.7573003290124878,0.01663549838789847,180,6.0,1.0,39.60168669770935
93300,381,42,206,1,0,174,0.7598977140129602,0.01630300392437505,180,22.0,5.0,155.36164757746437
93400,380,45,214,0,0,166,0.757736957864636,0.016005026421539694,180,9.0,2.0,59.29502845314917
93500,388,37,222,0,2,164,0.7593392637527117,0.0160704854048909,180,14.0,2.0,99.36059713221995
93600,387,37,218,0,3,166,0.7613299440875179,0.0159596752259739,180,60.0,12.0,422.01372584000944
93700,360,50,212,0,2,146,0.7624138122017498,0.015182543830424161,180,55.0,13.0,363.50366051147677
93800,375,39,218,0,0,157,0.7656649359159937,0.014882362136536598,180,31.0,7.0,209.49386208511524
93900,396,39,226,3,0,167,0.7661284910070645,0.015452650913192749,180,15.0,4.0,96.433053010495
94000,379,44,205,3,1,170,0.7691469370079616,0.015782825435145448,181,72.0,11.0,531.5949744817431
94100,376,42,208,2,1,165,0.7692237925359929,0.015064160511938837,181,70.0,14.0,506.98112468782097
94200,378,42,219,2,2,155,0.7696279198383799,0.014501059755532683,182,28.0,4.0,208.68521714490507
94300,378,40,216,1,1,160,0.7666538877556847,0.013632925432223409,182,25.0,2.0,190.86750057525742
94400,369,40,224,0,2,143,0.764850943677675,0.014013155625299676,182,13.0,1.0,95.39137919194373
94500,359,41,208,0,2,149,0.7656382001089491,0.014463368882754847,182,25.0,3.0,180.71870249588065
94600,360,45,207,1,3,149,0.7663518119885494,0.014801905237587946,183,48.0,9.0,340.2048831645548
94700,384,45,206,0,3,175,0.7642416632510193,0.01465455560441307,183,32.0,5.0,234.78678850640472
94800,382,40,217,0,3,162,0.765611604395473,0.014760522275646374,183,13.0,3.0,82.51146153153246
94900,380,43,223,0,2,155,0.7647248906912639,0.015049316896586618,183,32.0,8.0,196.1737867024781
95000,384,40,229,0,2,153,0.7665543045898452,0.014655151244196135,183,53.0,8.0,392.90435517610695
95100,376,37,215,2,1,158,0.7652847612723569,0.014347389744778366,184,50.0,12.0,329.48627670929017
95200,371,37,214,2,2,153,0.7657179242455577,0.014952214216572184,184,98.0,15.0,714.1053315736289
95300,382,40,224,1,4,153,0.7664233339245955,0.01508828694097474,184,37.0,8.0,249.69677211286503
95400,369,42,216,1,3,149,0.7677166556780097,0.013902259694819149,184,45.0,9.0,306.09336467802143
95500,381,35,221,0,2,158,0.7663134260834562,0.013982263555887515,184,10.0,2.0,63.800555396300425
95600,390,42,224,1,3,162,0.7670297336575366,0.013594144667372313,184,27.0,5.0,180.48168874381972
95700,386,49,222,4,5,155,0.7663874506080218,0.013794226966505849,184,4.0,1.0,21.146510535312103
95800,386,37,229,3,4,150,0.7675517110388437,0.013824271261989075,184,5.0,0.0,39.94140770306326
95900,381,40,224,2,5,150,0.7702003315652972,0.013772746893234713,184,8.0,2.0,46.61707031932597
96000,380,39,222,2,3,153,0.7700975191660436,0.013459924133787727,184,8.0,1.0,51.814816105388914
96100,380,43,229,2,2,147,0.7694521351948925,0.013396457705912681,184,6.0,1.0,37.670937784532875
96200,370,42,225,1,2,142,0.7720969398539583,0.013500241757092609,184,19.0,4.0,127.92758057782186
96300,368,38,229,1,2,136,0.7714969105659562,0.012681879640794664,184,13.0,2.0,88.83498858997562
96400,378,42,229,1,2,146,0.7696813249887434,0.01253198789350872,184,14.0,3.0,86.8052679948264
96500,377,45,220,1,3,153,0.7655868653660496,0.012988581249510954,184,49.0,8.0,338.095830121291
96600,379,41,217,2,3,157,0.7671105592394638,0.01292329476434114,184,81.0,18.0,555.0119097209702
96700,375,35,219,3,2,151,0.7649921391238416,0.013612051486342642,184,65.0,9.0,491.5707490476883
96800,387,40,224,3,2,158,0.7654784325257488,0.013478633439593563,185,13.0,3.0,92.43976915434669
96900,387,37,225,5,2,155,0.7668062336501549,0.013224151278542984,185,29.0,8.0,180.93570640258503
97000,377,38,208,3,2,164,0.7659388950219119,0.01293345736109877,185,17.0,3.0,119.73116913125364
97100,373,48,204,2,1,166,0.7635105898773817,0.013219238032508364,185,9.0,1.0,68.66796655209039
97200,387,31,214,1,2,170,0.7593687041690741,0.013198115758847303,186,26.0,5.0,183.23755901216813
97300,382,40,217,1,1,163,0.7605710935781111,0.012878991361351691,186,7.0,1.0,52.66741711629529
97400,393,38,222,0,1,170,0.7624275099109953,0.013152545869420084,185,7.0,0.0,61.366707724556335
97500,396,44,227,1,1,167,0.7648956274897564,0.013194964617218169,185,19.0,4.0,131.85478454436753
97600,394,38,227,1,1,165,0.7667041658381722,0.012931208751466264,185,36.0,7.0,270.5447759720195
97700,385,37,219,0,3,163,0.764193202975236,0.012823202809194578,185,79.0,15.0,588.5432111449921
97800,373,41,213,0,3,157,0.7649904607243475,0.01308410942674777,185,27.0,5.0,179.7974678447756
97900,382,39,218,1,1,162,0.7623502293145283,0.012798167598886759,185,17.0,3.0,121.70283097815454
98000,380,36,223,1,1,155,0.7622734956483115,0.012762140179565154,185,20.0,3.0,144.40990634351786
98100,380,33,211,1,2,166,0.7652325778911723,0.01257380739655022,184,66.0,12.0,494.407825890246
98200,394,38,235,1,2,156,0.7683324298055568,0.012535709303378396,185,40.0,6.0,313.26891171376354
98300,389,43,228,2,3,156,0.7723123617250761,0.012725118111716355,185,30.0,6.0,213.98131386114235
98400,391,38,222,3,3,163,0.7724688745327927,0.012732661075086714,186,35.0,8.0,233.52733757335167
98500,385,44,224,1,4,156,0.775806777751432,0.012663133948435178,186,41.0,8.0,296.55747957302447
98600,407,45,236,2,2,167,0.772388988106592,0.012117204121525988,187,33.0,6.0,242.3748331161924
98700,392,42,233,2,4,153,0.7750600174815692,0.012296241350194527,187,31.0,6.0,223.5156139194302
98800,393,41,227,0,3,163,0.7752692255473699,0.01199684275435519,188,16.0,2.0,118.9108454468969
98900,392,41,223,2,3,164,0.7755588002300289,0.011883260846837997,189,31.0,8.0,202.83828473781412
99000,396,40,238,3,3,152,0.7765144408455454,0.011967864027347942,189,16.0,1.0,125.9827099896718
99100,399,50,241,0,3,155,0.7775795814333479,0.01172631751502883,189,21.0,5.0,137.2255401790801
99200,401,46,248,2,1,150,0.7750564572069625,0.01159281394589727,189,23.0,5.0,138.26929915650817
99300,390,51,240,1,2,147,0.7733387657149571,0.011465210890877958,189,11.0,3.0,61.96444224864161
99400,401,41,236,1,5,159,0.7739993933664074,0.011687744175962318,190,28.0,5.0,211.20602433213003
99500,414,31,243,3,3,165,0.7728722987918156,0.011843442120018127,190,31.0,4.0,260.70443953471454
99600,411,41,239,5,3,164,0.7742636517927812,0.011912658218717202,190,47.0,13.0,320.23560674744886
99700,400,43,228,5,4,163,0.7764409934212831,0.012127529316793778,190,51.0,10.0,407.03320494361117
99800,394,44,222,7,3,162,0.7763378234168447,0.012444631950846559,190,45.0,12.0,311.8497011770404
99900,397,40,233,9,1,154,0.7805603858099192,0.01266598436074247,190,124.0,29.0,968.3007830127514
100000,387,44,227,5,3,152,0.7819773873073326,0.01279841658047454,189,51.0,10.0,379.94407731256945
100100,392,39,211,9,3,169,0.7878884052304874,0.013108789813031731,190,63.0,18.0,431.9738938185165
100200,385,40,212,6,7,160,0.7888087755578677,0.012490119957268554,190,68.0,9.0,566.2260023348186
100300,382,39,206,4,7,165,0.7844380352182627,0.012590356081056464,190,63.0,10.0,511.39868481934354
100400,401,43,223,4,9,165,0.7814652034587528,0.012688032824255423,190,90.0,14.0,723.6455639440641
100500,399,42,218,6,6,169,0.7817192957347315,0.012907102416173606,191,96.0,23.0,719.5661117245513
100600,387,43,209,5,3,170,0.77847908046994,0.013375049783094499,191,91.0,27.0,646.5423278022721
100700,373,54,206,2,8,157,0.7745732052767661,0.013062957489374607,191,48.0,8.0,374.2643935561094
100800,383,42,209,3,6,165,0.7752703405721694,0.013408166888805887,190,49.0,9.0,411.37805882874875
100900,389,40,221,2,7,159,0.7705149698043509,0.013346480823166031,191,37.0,5.0,277.04808366147563
101000,386,34,212,0,7,167,0.7690384394818843,0.012660715727924892,191,41.0,7.0,339.47742053378045
101100,399,45,234,0,8,157,0.7642363717483298,0.012529078674492385,191,52.0,8.0,445.0150614826793
101200,393,38,225,2,7,159,0.7617219924777242,0.012305630475973732,191,14.0,3.0,83.02216240835139
101300,389,40,233,4,3,149,0.7586191916474809,0.011849775808300331,191,20.0,3.0,134.3743802899796
101400,391,38,240,0,5,146,0.7556915587234454,0.01195368890531113,191,14.0,1.0,103.08496605886712
101500,385,29,230,1,6,148,0.7586201338686428,0.011791865997109546,192,12.0,0.0,102.93532276040054
101600,387,51,230,2,6,149,0.7598940225464177,0.01199204249953975,192,15.0,1.0,115.31172428895123
101700,380,46,226,4,3,147,0.76034444725286,0.011560889036069355,192,10.0,4.0,43.633588040139735
101800,380,39,223,3,2,152,0.7619009353544213,0.011287596460146022,192,53.0,10.0,493.3437210653724
101900,382,38,220,2,1,159,0.7628818905829449,0.011374044400380713,192,60.0,8.0,575.6858536139902
102000,381,39,220,2,2,157,0.7610268195352892,0.011661959612550765,192,13.0,2.0,89.6651425229999
102100,381,38,220,1,0,160,0.7589743771680033,0.011064988264054564,192,40.0,9.0,336.49467727111727
102200,385,38,221,3,4,157,0.7619053839681716,0.010818478719635583,192,21.0,3.0,160.13320907649353
102300,382,38,218,2,5,157,0.7653458599816956,0.0107910285874567,192,61.0,9.0,630.0275214739947
102400,379,37,221,0,5,153,0.7667817446894435,0.010592731765574806,192,20.0,2.0,178.3423267771178
102500,361,44,214,1,1,145,0.7661901111512538,0.010250670091130468,192,62.0,11.0,619.6353807676982
102600,379,42,219,1,2,157,0.7635144742782117,0.01009369289986487,193,16.0,3.0,126.9131366516692
102700,367,45,212,0,5,150,0.7609426071984031,0.010440363811613363,193,33.0,7.0,294.28896967418655
102800,374,35,207,2,5,160,0.7596747530136281,0.010197276131364879,194,14.0,1.0,128.5834027338964
102900,383,42,216,2,4,161,0.7596079822751515,0.01033547051259167,194,27.0,7.0,243.85784493037264
103000,380,39,218,2,2,158,0.7638351059379201,0.010763755332879654,195,21.0,2.0,170.432334754903
103100,384,35,218,1,2,163,0.762575761335138,0.010824081446749146,195,12.0,2.0,92.52056632338972
103200,372,40,214,1,4,153,0.7674257842672523,0.010821510593834552,195,40.0,8.0,375.8917625837212
103300,378,43,216,0,1,161,0.7630126415419569,0.010649072662212874,195,32.0,5.0,332.3309161584808
103400,371,37,224,1,1,145,0.7631230481183743,0.010581914369488231,195,28.0,8.0,207.66804349066044
103500,367,39,196,1,0,170,0.765492872154285,0.01113160643217967,193,23.0,6.0,150.74569388836616
103600,379,35,213,1,4,161,0.766439558684879,0.010956203745903954,193,26.0,6.0,183.72683758697238
103700,381,40,209,2,5,165,0.7671738317407525,0.010973070712071993,191,50.0,10.0,458.61836898584414
103800,373,43,214,2,4,153,0.7681131220863745,0.011120977915771381,191,43.0,7.0,417.3658538883078
103900,383,39,209,3,3,168,0.775827962795766,0.011332262786316813,191,91.0,20.0,895.9901552813708
104000,368,37,207,2,3,156,0.776215609927101,0.01099163702215693,191,152.0,29.0,1627.9951504127296
104100,369,47,207,3,2,157,0.7740260928416631,0.01071479062560511,192,72.0,12.0,697.9354665776383
104200,373,38,218,1,3,151,0.7730906390173287,0.011037361052117464,192,64.0,10.0,694.5103471398545
104300,369,52,200,1,3,165,0.7717100106185021,0.010886081495100569,192,76.0,15.0,740.2093754573799
104400,371,39,195,1,5,170,0.7705694807954074,0.011207415020711932,192,73.0,13.0,730.4258647944349
104500,371,39,197,2,2,170,0.7808415499813673,0.011439234432924057,192,89.0,21.0,876.7019470048104
104600,368,35,190,4,2,172,0.7823459863314169,0.011668226280115867,192,123.0,26.0,1275.0077197488117
104700,370,39,204,5,2,159,0.7776521811727737,0.011447023663608084,192,75.0,12.0,702.6220508868942
104800,374,40,204,2,3,165,0.7811971775264017,0.012306123360033823,193,56.0,15.0,474.77578895973204
104900,377,39,196,4,3,174,0.7834061376176018,0.012286405110417072,193,128.0,24.0,1352.5289639142811
105000,368,45,188,3,7,170,0.7866668904664303,0.012625134901725987,193,150.0,33.0,1542.9091610184717
105100,363,44,198,1,3,161,0.7756667802779409,0.012045703028502407,193,180.0,34.0,1972.9361196724763
105200,362,40,206,3,4,149,0.7844137965402995,0.012284371584646755,193,46.0,14.0,410.86527497052396
105300,373,39,202,6,3,162,0.7813523951837951,0.01162672882796018,194,149.0,26.0,1625.5441807397067
105400,358,42,198,5,4,151,0.7757031685693121,0.011804631897175323,194,60.0,11.0,592.9859180667859
105500,361,41,190,4,3,164,0.7851224671282863,0.012710834772050641,194,126.0,24.0,1296.7182287864732
105600,374,45,208,1,8,157,0.7887505552736941,0.012649754583970867,195,142.0,31.0,1443.5989192608386
105700,371,41,199,3,8,161,0.7795339190015357,0.01194866889835055,195,145.0,21.0,1552.4926193225765
105800,360,46,199,6,6,149,0.776474244851207,0.011560939720440646,195,96.0,20.0,986.7223017793694
105900,365,41,191,6,8,160,0.7806456749689638,0.012137294044804193,196,39.0,10.0,337.5012616954509
106000,361,47,191,5,7,158,0.7761704086344744,0.012255817908327287,196,51.0,8.0,441.97989832380665
106100,369,46,174,6,4,185,0.7729822063948292,0.012239007510299257,196,68.0,13.0,685.7777734593669
106200,381,42,199,6,5,171,0.7671919827580692,0.01176594137899601,196,28.0,6.0,228.14070882128195
106300,377,43,187,6,6,178,0.7704699999763538,0.011946074974624129,197,40.0,11.0,323.90508669559705
106400,369,41,198,6,5,160,0.7786980984238523,0.012068705779243998,197,41.0,13.0,306.7491423548977
106500,369,42,194,4,5,166,0.7814018550969017,0.01246577533315252,198,123.0,29.0,1339.8120625045774
106600,371,46,201,4,6,160,0.7756475051415012,0.011508680123006593,198,65.0,12.0,742.2645282457177
106700,359,45,186,1,3,169,0.7783958518596485,0.011903690246193576,199,39.0,12.0,320.80668209516165
106800,350,51,178,1,7,164,0.7741185504071677,0.011685161139518827,199,55.0,12.0,543.1904857577531
106900,347,43,184,1,5,157,0.776606423611213,0.011611538681722712,198,90.0,19.0,974.4078624615031
107000,362,39,191,5,5,161,0.7718155533782056,0.011256261359619948,199,50.0,11.0,514.9400353555708
107100,377,45,197,5,4,171,0.7692678381828394,0.011430395193635859,199,22.0,6.0,139.56943401058962
107200,376,42,197,3,5,171,0.7687300191059345,0.011814913527408457,198,54.0,12.0,484.7594180257565
107300,363,39,196,2,4,161,0.7707543259835293,0.01235128758380769,198,38.0,16.0,284.4292634927075
107400,362,46,201,2,4,155,0.7771395957812393,0.012911479089996946,198,38.0,7.0,391.37368478290887
107500,375,41,193,5,3,174,0.7842683300353004,0.013473565101157315,199,95.0,26.0,967.2008314999804
107600,373,40,195,6,3,169,0.7806885059275539,0.013381460567497226,200,97.0,22.0,1060.46263778044
107700,359,49,181,5,2,171,0.7814222401649297,0.012883685476539002,199,131.0,27.0,1620.2464289239078
107800,366,52,198,3,3,162,0.7816190244767195,0.012676532273903474,199,54.0,13.0,579.1924726005266
107900,372,44,200,2,5,165,0.7720028033350235,0.012648386209274463,199,100.0,19.0,1182.9817533563962
108000,362,44,196,2,2,162,0.766280368141482,0.012514779833021416,200,67.0,16.0,658.491712879771
108100,375,42,202,3,3,167,0.7706713835951414,0.012727457475210023,200,37.0,7.0,294.0940568947887
108200,372,40,194,4,5,169,0.7812119466075841,0.013225801273286857,200,128.0,27.0,1496.6709349730197
108300,369,41,198,5,4,162,0.7743830967216906,0.013041284897897347,200,143.0,28.0,1730.2844755408896
108400,373,49,198,3,4,168,0.7830681011827929,0.01332755415526488,200,133.0,30.0,1554.6083958713284
108500,364,44,200,1,6,157,0.785334973682544,0.013558274426586506,200,176.0,41.0,2100.8165556592894
108600,367,50,184,3,8,172,0.7841741402425496,0.013548959751110482,200,156.0,34.0,1828.6209298377642
108700,368,42,178,3,5,182,0.779254817731111,0.012881777750433735,201,200.0,45.0,2388.3276914005587
108800,363,46,186,4,6,167,0.7808076280124285,0.012582931066148943,201,54.0,17.0,520.7836933062407
108900,366,47,194,2,5,165,0.7753260959498945,0.012289017400870269,202,111.0,20.0,1333.784512461708
109000,348,53,190,3,5,150,0.7716176266699037,0.012045964012644642,201,105.0,17.0,1387.928316047486
109100,360,48,187,5,4,164,0.7711529892110156,0.01215279494977721,201,30.0,6.0,208.09143631604647
109200,352,37,191,3,5,153,0.7676102629295346,0.012968335565888632,202,46.0,6.0,577.3060437654867
109300,361,45,190,2,6,163,0.7773717465248626,0.013588214348000501,202,50.0,9.0,502.62739184658415
109400,365,37,200,2,7,156,0.7809171013662372,0.013606298603111843,202,102.0,22.0,1285.44081412068
109500,379,45,204,3,7,165,0.7813580695629083,0.01337758764826727,203,199.0,44.0,2579.449783558734
109600,361,45,200,3,3,155,0.7742419090834424,0.012622933625725459,203,85.0,15.0,1135.2090060034218
109700,358,46,195,2,2,159,0.7796410762759085,0.013475966096908265,203,79.0,15.0,984.6569493886686
109800,352,43,185,1,4,162,0.7909730730084344,0.013844192279008866,204,151.0,36.0,1892.0173352013849
109900,348,46,185,2,2,159,0.7867592217243018,0.013929030684677882,204,170.0,36.0,2161.0872369522567
110000,359,43,188,4,4,163,0.7899430665471482,0.014226927634491644,204,171.0,38.0,2223.4406342645093
110100,356,42,199,1,2,154,0.7832530527869598,0.013904847951244664,204,153.0,31.0,2153.0727960242752
110200,361,42,179,2,2,178,0.7834256461425825,0.013215894182310383,204,152.0,29.0,2233.3192756146204
110300,372,45,192,4,3,173,0.7760882085247123,0.012651319967582349,203,106.0,22.0,1544.0994739746657
110400,364,45,190,1,4,169,0.7892986804697226,0.012359269801989712,203,148.0,27.0,2201.1970177395415
110500,366,37,205,1,2,158,0.7881619750757317,0.011913781064684003,203,104.0,17.0,1537.2790686139492
110600,374,40,210,1,2,161,0.7908732685370635,0.011945688419324672,204,73.0,17.0,1059.2908554220521
110700,362,45,200,1,3,158,0.7950201818647988,0.01201661764526861,204,120.0,30.0,1622.9397687875314
110800,362,45,193,3,1,165,0.794234775580807,0.012155367952830572,205,91.0,20.0,1326.2454504085806
110900,353,45,181,1,4,167,0.8014159787221602,0.012257511357009684,205,101.0,22.0,1518.8034525694677
111000,365,40,185,1,5,174,0.7952214473136673,0.01258331826190192,206,41.0,9.0,560.5487718809156
111100,361,42,191,3,3,164,0.801502312268332,0.012820523190230117,206,67.0,21.0,770.9687062419827
111200,362,41,193,5,1,163,0.8102355511703156,0.013915586667845346,206,75.0,26.0,815.8697358214699
111300,347,46,183,5,1,158,0.8265794891836057,0.01411552138041278,207,95.0,29.0,1204.4054323841758
111400,326,52,175,6,2,143,0.8455116723803536,0.015397714866122302,207,186.0,41.0,2788.7984482639067
111500,322,41,158,4,5,155,0.8349068192509749,0.015094953528772026,208,156.0,38.0,2181.225652715479
111600,354,42,159,2,5,188,0.8225321143855967,0.014906533271567584,208,82.0,22.0,1083.925686276945
111700,354,41,161,5,8,180,0.8217912248999515,0.014912158051579841,208,90.0,20.0,1148.4663592127818
111800,346,40,169,6,5,166,0.8060404742438374,0.014719008875742685,208,118.0,30.0,1462.4278481750694
111900,345,44,173,7,7,158,0.8069481850659541,0.014491809155143295,209,48.0,15.0,461.61419056861774
112000,334,46,156,5,9,164,0.8084413866135416,0.01499310058707937,209,96.0,22.0,1271.6889331120676
112100,347,47,172,3,8,164,0.7910941283275619,0.0140860078102634,209,133.0,25.0,1780.3243513279374
112200,356,51,177,2,4,173,0.795193585917506,0.014296788264120867,210,63.0,15.0,663.7088755933102
112300,351,49,173,0,5,173,0.7847861492141558,0.014326466186859219,210,62.0,17.0,674.7225783616673
112400,344,46,160,2,7,175,0.7820517795903243,0.01401387509365805,211,45.0,13.0,382.9507021141156
112500,358,41,171,6,3,178,0.792368364511739,0.013941046140998668,212,79.0,24.0,927.737309112712
112600,354,47,168,5,3,178,0.7959475841819363,0.013853859397640167,212,59.0,20.0,572.5476769244589
112700,326,43,163,6,3,154,0.7928179056964717,0.013050860812000862,213,134.0,36.0,1709.981472977045
112800,338,47,163,5,2,168,0.8067347399522228,0.013692914697225151,214,54.0,21.0,460.3823609123457
112900,362,34,170,3,3,186,0.7994731026159035,0.013142665924736239,214,62.0,17.0,796.0158430168125
113000,353,43,165,7,2,179,0.8033512975844287,0.013172560634827095,215,103.0,29.0,1269.5963469882972
113100,347,42,173,4,4,166,0.7977512103510008,0.013226421872510129,215,130.0,27.0,1754.9847851975967
113200,341,43,172,4,4,161,0.8087711849025664,0.013388057970684797,215,64.0,20.0,720.3652848009747
113300,336,55,155,8,4,169,0.8006365741635212,0.01300322960452869,214,126.0,32.0,1554.8533164661562
113400,351,44,165,10,6,170,0.8075862764208029,0.013262732078782672,214,94.0,25.0,1136.7497903538579
113500,337,53,157,9,4,167,0.807577481344554,0.012751510637527871,214,124.0,38.0,1470.708696942839
113600,348,46,167,8,5,168,0.8217319034331716,0.012939409278894686,214,162.0,41.0,2377.3029983498354
113700,366,35,180,9,4,173,0.8124912813599615,0.013236737264660525,214,184.0,44.0,2818.2793968617575
113800,364,43,175,7,5,177,0.8066781321616617,0.012893490196710112,215,56.0,19.0,565.0875853414286
113900,365,38,185,6,3,171,0.814330483072788,0.013244949775906583,216,65.0,23.0,638.7700735428922
114000,347,40,188,5,3,151,0.8227656563679671,0.012436572770905659,216,53.0,26.0,357.50801465169894
114100,357,41,178,8,6,165,0.8598551282707669,0.0137581232665964,217,178.0,52.0,2233.030249092183
114200,343,47,169,9,5,160,0.8454823689947811,0.013618747003252416,218,144.0,34.0,2006.8786497548501
114300,331,44,155,7,8,161,0.8640589389871104,0.014222719740135049,218,145.0,47.0,1798.359875657733
114400,321,49,141,8,9,163,0.8672965251363941,0.014577558379902215,219,140.0,47.0,1634.1028047725931
114500,328,50,150,7,5,166,0.8431939984741619,0.013584926050928653,219,103.0,33.0,1355.1706848642402
114600,333,60,154,10,3,166,0.8428991899029933,0.01381173545396298,220,163.0,43.0,2335.3293297813493
114700,346,37,167,6,4,169,0.854759120346502,0.014087148684100579,220,138.0,44.0,2036.8704975983321
114800,336,44,166,4,4,162,0.8473984161673739,0.014057220726987013,221,141.0,45.0,1767.3814458502306
114900,350,43,161,3,4,182,0.8484317956396272,0.013956761213408407,221,156.0,42.0,2348.577046701474
115000,342,38,166,3,5,168,0.8373020424068195,0.01342491025836093,222,126.0,39.0,1791.6340327364342
115100,349,47,162,6,4,177,0.8325962049860006,0.01341075950551083,222,37.0,13.0,321.2065739096444
115200,351,42,168,8,4,171,0.8316419272906304,0.013409237262653079,223,85.0,25.0,854.3831347453445
115300,341,43,158,9,3,171,0.8428795470167786,0.013813704148734656,224,89.0,32.0,998.0995448120486
115400,352,50,162,7,5,178,0.8487374677485985,0.01409050092253918,224,100.0,34.0,1168.6710471608214
115500,347,50,176,7,5,159,0.8347529189443308,0.013836352418234596,225,112.0,34.0,1508.6906420504115
115600,348,47,178,4,8,158,0.841887924053989,0.014267994136476557,225,94.0,35.0,994.5596507978673
115700,344,54,165,6,6,167,0.8520799688948201,0.014904801165030727,226,117.0,39.0,1400.6900323815917
115800,339,49,163,6,3,167,0.8591187570903673,0.014497992328804093,226,205.0,53.0,2894.453792360057
115900,334,54,159,6,3,166,0.8589976438703967,0.014237280532511946,227,152.0,49.0,2176.965067175482
116000,335,44,159,4,2,170,0.8585386881913049,0.013953599973366525,227,196.0,54.0,2857.9535692288423
116100,345,54,162,5,1,177,0.8811537107243043,0.014795333858553673,228,113.0,38.0,1410.3823779705015
116200,340,57,156,5,2,177,0.883037189250069,0.015281049796576351,228,144.0,50.0,1727.7648442429713
116300,346,42,157,9,2,178,0.8644617790756608,0.014852319300776393,228,181.0,50.0,2554.6576580790984
116400,353,42,162,9,4,178,0.8708145818569017,0.015422903368988947,228,150.0,44.0,1734.3618685499398
116500,342,54,147,13,6,176,0.8865395688084184,0.016260800687859258,228,155.0,51.0,1986.3338577437867
116600,346,40,154,7,7,178,0.8702871151626258,0.015707860761419886,228,159.0,44.0,2305.6526434026273
116700,338,58,152,8,6,172,0.8813275661903419,0.016207684219047055,228,158.0,61.0,1781.8613425667763
116800,344,39,151,9,7,177,0.8773669037432978,0.015604706938993797,228,182.0,48.0,2601.7232894946296
116900,353,45,159,6,8,180,0.8629681365051719,0.015071111470219375,228,132.0,42.0,1659.128206597764
117000,360,49,163,9,4,184,0.8678543579669659,0.015636671611480878,228,153.0,47.0,1809.7085696694094
117100,355,43,163,10,5,177,0.8640409842765083,0.015192004266856086,228,239.0,62.0,3127.433972493273
117200,356,55,169,8,3,176,0.8470250963155634,0.014697015428468047,228,118.0,34.0,1370.4252693274304
117300,369,45,174,9,4,182,0.850828354317764,0.014678817242485626,228,91.0,35.0,824.3350430000834
117400,376,48,173,11,6,186,0.846722996082579,0.014996301670205974,228,133.0,40.0,1523.2055889734415
117500,362,54,169,15,0,178,0.8445313670442325,0.014946524790615468,228,116.0,53.0,1049.7663008534244
117600,357,54,163,13,2,179,0.8681639742488388,0.016408585676617668,228,153.0,55.0,1715.6859079497835
117700,362,52,169,11,1,181,0.8617574506116861,0.016630623889499638,228,117.0,49.0,1286.8115289287587
117800,362,45,166,10,0,186,0.846818955055114,0.01588741128695691,229,157.0,48.0,2034.4416802684377
117900,391,41,184,8,2,197,0.827071486027351,0.014622253176599431,228,73.0,21.0,812.3751116271458
118000,400,46,194,5,2,199,0.8066243628403956,0.01385937298849616,229,146.0,38.0,2176.5803015994375
118100,418,40,205,3,4,206,0.809533888597442,0.013682505889879328,230,105.0,34.0,1381.4209828766902
118200,430,45,213,3,2,212,0.8039469394331435,0.013429019493726673,230,181.0,43.0,2804.689798129812
118300,422,51,227,3,4,188,0.814001418137161,0.013924019954994843,231,151.0,39.0,2195.6966066089017
118400,418,47,232,3,3,180,0.809418567810818,0.01408470902686807,231,167.0,43.0,2401.421120627864
118500,428,47,236,5,1,186,0.812175764902701,0.014448706988786851,231,117.0,33.0,1574.1267403897982
118600,447,41,238,6,4,199,0.7994287168294234,0.014273793660189476,232,98.0,23.0,1395.1445750094808
118700,442,42,239,9,8,186,0.7988344633433594,0.0140942795663678,233,62.0,24.0,651.2969848518635
118800,445,48,245,8,6,186,0.7954479927224172,0.014045561350171163,233,56.0,24.0,528.5556948716326
118900,450,34,247,7,8,188,0.7978691543813465,0.014155037891872667,234,67.0,25.0,718.9677507805465
119000,442,40,250,7,3,182,0.812319699099035,0.014270661543631135,235,139.0,43.0,1887.1517200548983
119100,430,42,240,7,5,178,0.8099929502069277,0.014284952985730022,235,104.0,41.0,1191.2283171269685
119200,433,48,240,6,4,183,0.82061655202425,0.014681852020063255,236,81.0,32.0,825.491086414698
119300,440,41,248,7,2,183,0.8186116197536163,0.014852474871026087,237,124.0,33.0,1697.817873746466
119400,426,43,234,6,3,183,0.8218428834449767,0.014377551626974362,237,92.0,37.0,1151.2546098002692
119500,421,39,236,7,3,175,0.8296898131874526,0.014474622961653333,238,98.0,38.0,1131.1549161345988
119600,437,44,230,7,3,197,0.8389851208822051,0.014532635948888156,238,126.0,37.0,1903.6835007233706
119700,438,43,238,9,2,189,0.8306471230961764,0.014293338435548725,239,106.0,40.0,1246.4609405870226
119800,461,39,247,7,4,203,0.8245226209915407,0.013963069576803417,239,140.0,32.0,2243.734336704512
119900,447,52,249,6,7,185,0.8268168677381118,0.014585247793077075,239,186.0,58.0,2767.2673864611106
120000,451,40,247,5,8,191,0.8415319843293584,0.015423162974853424,239,184.0,54.0,2638.208807057397
120100,451,42,248,7,4,192,0.8597191888188854,0.016457224164084436,239,211.0,58.0,3366.828075333943
120200,442,48,236,7,4,195,0.8693670885273626,0.016911511781000185,239,209.0,70.0,3062.4264145088646
120300,443,42,239,7,6,191,0.8583225000643127,0.016922650882404095,233,175.0,46.0,2752.9043151309274
120400,433,48,239,6,7,181,0.8346480732105995,0.016023760366114758,234,191.0,49.0,2921.5048402268294
120500,456,41,248,5,7,196,0.8353100269283188,0.016243801082412482,234,117.0,37.0,1573.2990240689057
120600,465,39,248,4,9,204,0.8412806055262252,0.01651946841872945,235,232.0,51.0,3839.415246952625
120700,458,46,233,8,7,210,0.8295121900058401,0.015829049242734736,235,137.0,47.0,1896.4176617483179
120800,469,48,247,9,9,204,0.8268173895538969,0.016162478280680924,236,143.0,46.0,1891.4417633965975
120900,474,44,262,8,6,198,0.8293784019251176,0.01638890400574969,236,156.0,40.0,2398.4015659269767
121000,466,46,264,9,6,187,0.8370930697588218,0.01655181868462716,236,123.0,42.0,1595.3271240889362
121100,468,41,264,7,6,191,0.8439584906951451,0.017118216252402674,237,124.0,50.0,1363.327309130707
121200,474,44,264,13,6,191,0.8494605767751676,0.017335854992946712,237,190.0,50.0,2781.346512466246
121300,470,45,252,12,8,198,0.8405024993027465,0.016384503247529523,237,141.0,49.0,1751.3250389519374
121400,469,46,259,9,8,193,0.8317815391978748,0.016840344830822924,237,120.0,34.0,1791.4660136426971
121500,483,47,260,11,8,204,0.831413016683458,0.01647258291162744,237,100.0,31.0,1173.911627112847
121600,477,38,253,11,7,206,0.8194697735601056,0.015817105865565992,237,76.0,31.0,713.9803183443338
121700,462,44,242,10,10,200,0.84118378466095,0.015805226844853876,238,96.0,41.0,899.0080441809237
121800,499,36,257,15,15,212,0.8371050760721541,0.015523202287433393,238,96.0,28.0,1138.5080748183836
121900,484,45,256,15,12,201,0.8391231002965619,0.015474776337443354,239,119.0,28.0,1697.995855497772
122000,496,38,260,13,14,209,0.8307806363394851,0.014986327652354626,240,88.0,32.0,1015.2589156012432
122100,507,40,294,11,12,190,0.8131704634280212,0.014584431230510264,240,120.0,32.0,1656.0358954919668
122200,526,40,294,11,9,212,0.8259350977287933,0.014913614376400534,241,73.0,31.0,599.4718322587524
122300,520,45,301,11,12,196,0.824983948497212,0.015104124236891836,241,112.0,43.0,1207.9328442756653
122400,511,40,300,10,8,193,0.8311117899977136,0.015293794639038509,241,142.0,55.0,1603.6158739959737
122500,503,46,298,8,10,187,0.8210578179624509,0.014562483920343644,241,121.0,34.0,1607.371910240336
122600,498,48,292,7,11,188,0.8242000970983552,0.01392040897025793,242,107.0,37.0,1068.7097082260848
122700,509,39,300,8,12,189,0.8286110269717383,0.01438158953203274,243,111.0,39.0,1369.2900072692307
122800,508,43,303,9,8,188,0.8321544857411587,0.01516996221435472,243,142.0,44.0,1882.2801804942762
122900,506,38,290,9,8,199,0.8413577295645213,0.015872186669773,244,168.0,51.0,2287.751937453426
123000,514,45,299,11,13,191,0.8335482784344578,0.015618494719272607,245,139.0,37.0,1856.2583876243048
123100,522,40,294,11,11,206,0.8353142034507526,0.015584309685180781,245,68.0,34.0,581.5139588047866
123200,518,46,299,11,9,199,0.8432786824885289,0.016255804300842284,245,121.0,48.0,1362.8364902601777
123300,512,50,287,12,11,202,0.8535631940939029,0.01729146180012834,245,198.0,59.0,3012.8522818184597
123400,504,45,295,9,12,188,0.8503516069798777,0.017267863744823857,244,97.0,37.0,1109.7632201510073
123500,490,51,289,9,10,182,0.8544792591867133,0.01735164683724754,245,183.0,64.0,2454.3115314717074
123600,500,45,285,10,9,196,0.8520026850360093,0.017118012689598054,246,186.0,50.0,2520.430156325604
123700,502,48,293,5,5,199,0.8488265574990368,0.017180549504403363,246,156.0,53.0,2038.0719251465698
123800,507,47,283,8,9,207,0.8449915509780732,0.017239278281870194,246,211.0,56.0,3159.200416804904
123900,520,47,289,9,11,211,0.8361872808372626,0.017020360617485245,247,109.0,32.0,1249.1737074600917
124000,504,44,276,12,15,201,0.835982749739328,0.017403945445834006,247,120.0,48.0,1125.3933783778239
124100,515,40,271,17,14,213,0.8340101147941377,0.01721064691373561,247,148.0,48.0,1839.9677894329625
124200,515,43,281,16,13,205,0.8479572681408708,0.01778597683674247,247,178.0,50.0,1967.8220310774173
124300,497,47,277,15,11,194,0.845969646602537,0.017901697917092493,246,126.0,41.0,1325.7879193575004
124400,525,39,288,12,16,209,0.8425004681232414,0.017931207378437675,246,195.0,53.0,2677.1986005401545
124500,531,44,285,14,18,214,0.8369010698873025,0.018452622980088897,247,179.0,48.0,1931.684802056444
124600,532,43,285,15,18,214,0.8260510558080498,0.018379005484235014,247,191.0,45.0,1927.6538396581511
124700,518,43,293,14,18,193,0.8217111060522054,0.0180313334532769,247,105.0,31.0,994.1376748333279
124800,530,47,292,15,18,205,0.8157155589138965,0.017697827234656103,247,115.0,31.0,1321.784148961808
124900,546,37,304,15,19,208,0.8084372976007584,0.01733106122417106,248,72.0,23.0,638.498410802688
125000,556,36,312,12,18,214,0.7961232760151513,0.01643086225305318,248,90.0,27.0,960.7346090438699
125100,570,41,333,9,20,208,0.7913925271618732,0.01637595124144559,249,81.0,27.0,753.7555561085378
125200,579,40,334,7,21,217,0.7904391554196349,0.016449969844303667,249,86.0,28.0,740.0988946894157
125300,566,43,329,11,19,207,0.802320264116124,0.017099566709828436,249,109.0,34.0,1238.7139492712563
125400,579,38,348,9,18,204,0.7956838041665533,0.017162910412593182,247,105.0,25.0,1187.9908992086719
125500,581,38,362,11,12,196,0.7974879648526079,0.017491128416438653,247,86.0,33.0,766.7012874553565
125600,556,43,343,8,12,193,0.7910488774753175,0.017224473967406437,248,94.0,24.0,1150.634993571695
125700,566,39,338,9,15,204,0.8004531833749868,0.017901280992234564,248,76.0,32.0,537.0095028513773
125800,561,42,328,12,16,205,0.8100831197769696,0.018246070380376397,248,85.0,35.0,758.9998415454323
125900,554,50,322,12,16,204,0.8069958691696513,0.01803213829672876,248,114.0,32.0,1476.3919910377513
126000,543,42,329,9,17,188,0.8238557271887702,0.018342871744308126,248,136.0,38.0,1902.577138173278
126100,560,44,333,9,17,201,0.812763116812821,0.017579431368804663,248,127.0,30.0,1786.3465163099256
126200,572,44,338,8,17,209,0.801218717770648,0.01691732480138972,248,116.0,31.0,1501.880803549443
126300,577,37,335,13,17,212,0.7976047619900352,0.016639021380875266,249,70.0,25.0,532.0500192891357
126400,578,38,349,8,20,201,0.806157922290099,0.016829763537914787,249,89.0,31.0,1006.0177405580856
126500,590,34,352,11,20,207,0.8038814035916665,0.016883695334804386,250,93.0,30.0,1069.7429719793627
126600,615,44,373,9,23,210,0.7933530005536137,0.016442496519694656,250,79.0,19.0,1033.6398648829195
126700,624,33,369,13,20,222,0.7977305468861559,0.015975467755889445,251,90.0,27.0,967.2142020145984
126800,619,36,372,13,20,214,0.7933775924758356,0.016166105322326135,250,95.0,25.0,1003.8041062646345
126900,616,38,380,11,24,201,0.7840980541907546,0.015869793355629644,251,107.0,23.0,1318.563271819504
127000,608,34,379,11,17,201,0.7945464340240206,0.015945742494233358,251,80.0,24.0,815.6586092116135
127100,627,36,383,10,17,217,0.7811020985034239,0.014907551123643314,252,100.0,19.0,1216.019008511246
127200,647,31,393,11,21,222,0.7799204106916038,0.014597252732864979,253,53.0,15.0,460.2400259744287
127300,645,38,393,9,19,224,0.7782356587629266,0.014574044098840644,253,74.0,24.0,563.8738433352612
127400,653,34,417,7,20,209,0.7768265077284765,0.014562715993922299,253,71.0,16.0,755.596403933086
127500,653,31,424,7,16,206,0.7757905263863699,0.014618680493080967,253,64.0,16.0,537.8521276935231
127600,658,37,430,9,15,204,0.779314085700424,0.014825496143117303,253,77.0,29.0,543.3768622876877
127700,661,32,432,10,20,199,0.7804021384718944,0.015104958776872455,253,96.0,18.0,979.7890595634383
127800,667,35,425,11,22,209,0.7764808629022241,0.014551954981971997,253,79.0,25.0,680.5289307369526
127900,658,40,417,12,21,208,0.7747931428224412,0.01427841005850632,253,64.0,21.0,598.1439524387217
128000,671,27,419,8,20,224,0.7756249260069058,0.014450465097084107,254,91.0,22.0,1005.3299488796598
128100,674,36,442,12,18,202,0.7748980653830468,0.014377012305589874,254,62.0,18.0,468.16647740475213
128200,688,37,448,12,24,204,0.7784690287222422,0.014389993468839696,254,91.0,22.0,885.6197954755311
128300,688,35,456,14,20,198,0.7800495221477183,0.014312730671219572,254,66.0,20.0,494.66353371321213
128400,690,34,456,15,16,203,0.778474666054553,0.014292067134760974,254,94.0,26.0,962.9709323825549
128500,691,41,458,13,24,196,0.774240315926089,0.014101041010133548,255,68.0,13.0,543.3760100449379
128600,708,35,457,15,20,216,0.776242579847463,0.014055272096654605,256,65.0,17.0,740.1951809100573
128700,706,36,461,16,17,212,0.7717570891032921,0.013883588522577027,256,67.0,17.0,601.7255844361291
128800,719,37,449,19,18,233,0.7770571657315751,0.014319217995922815,257,65.0,19.0,640.7862709111347
128900,722,44,470,19,12,221,0.7766553170835316,0.014472546168424461,257,48.0,15.0,364.5273943123378
129000,735,39,468,15,18,234,0.7744431595386064,0.014154325734805975,258,46.0,13.0,388.27291131956457
129100,746,35,484,15,14,233,0.7738216946787307,0.014002152963525425,259,49.0,12.0,389.1638341700241
129200,748,37,493,10,14,231,0.7726058495404731,0.013762111187316683,259,35.0,7.0,254.2030401039294
129300,761,28,513,9,15,224,0.7704328635690977,0.013726512262781855,259,46.0,8.0,347.3881938923999
129400,774,34,530,11,14,219,0.7671050394835579,0.013830071050052161,258,66.0,11.0,782.1514840929838
129500,767,34,526,12,18,211,0.7656952351039543,0.01360144484056561,257,41.0,9.0,266.2669458085734
129600,771,37,537,13,16,205,0.7663233098458718,0.013346128597337295,254,31.0,6.0,200.61726258702652
129700,794,38,554,14,22,204,0.76576659249104,0.013206320502750828,254,45.0,4.0,318.90725273889115
129800,803,37,558,12,22,211,0.7670045340420116,0.01314929936091272,254,37.0,5.0,247.27187306872884
129900,822,34,553,17,23,229,0.766665245946978,0.013153802521227293,254,60.0,7.0,417.8629996726096
130000,815,32,547,14,24,230,0.7657999713743526,0.013141153642347556,234,53.0,12.0,312.83228765896666
130100,835,32,558,9,32,236,0.7657775028297,0.01272671397577736,234,45.0,1.0,332.56753064147756
130200,853,39,571,15,31,236,0.7655653606038024,0.012574973994671878,234,42.0,6.0,273.65248413782024
130300,856,38,580,18,28,230,0.7649755366684405,0.012596923230372044,234,43.0,6.0,267.3970381095934
130400,844,32,573,18,34,219,0.7649027996762156,0.012358702570701341,234,54.0,11.0,317.17896048934716
130500,864,34,590,19,36,219,0.7646811048177511,0.012406148467851959,234,34.0,4.0,241.00121635278919
130600,861,28,593,17,33,218,0.7659083200757255,0.012410131090206212,234,45.0,8.0,300.0727779266619
130700,851,35,572,18,35,226,0.7658144929942583,0.012113258480153842,234,61.0,11.0,391.4158911466443
130800,846,34,579,18,28,221,0.7670024283086885,0.012059795273481307,234,92.0,19.0,589.2880502232974
130900,851,36,571,17,27,236,0.7678944226017679,0.011905182162673575,234,162.0,26.0,1094.6644723017541
131000,875,33,565,16,25,269,0.7685627242334817,0.012026988647386577,234,156.0,31.0,1026.309873835113
131100,871,35,572,14,32,253,0.7694958860677338,0.012142293496361513,234,123.0,23.0,826.5777190318458
131200,849,40,562,11,33,243,0.7690983271335801,0.012625655045153917,234,120.0,26.0,770.3333321488301
131300,849,39,565,17,38,229,0.7706910414897676,0.012811921115261957,234,141.0,24.0,955.8512887806091
131400,853,33,567,20,38,228,0.7720789500761462,0.012869309255477482,234,153.0,33.0,1013.8760963116586
131500,838,37,543,23,41,231,0.7711180570477962,0.012996884051351755,234,132.0,32.0,825.5533185377275
131600,841,38,542,21,39,239,0.7694736021145968,0.01271438299234852,235,92.0,21.0,592.1997222865691
131700,853,33,553,19,43,238,0.7705435887279769,0.012735444461579785,235,152.0,34.0,981.949650354814
131800,870,35,557,21,44,248,0.7706543365894304,0.012492367696626292,235,134.0,24.0,916.6668772535586
131900,889,37,574,22,46,247,0.7717214826495804,0.012704772565993476,235,117.0,20.0,788.6368072300685
132000,870,32,566,21,44,239,0.7715693410969279,0.012668596089576647,235,79.0,8.0,556.394369665158
132100,861,30,562,22,43,234,0.7704973255968697,0.012492035931441688,236,109.0,21.0,703.9255222430622
132200,866,33,573,19,44,230,0.771443552097237,0.012266225331655391,236,64.0,12.0,406.6905185276686
132300,885,39,578,20,46,241,0.7718591734334969,0.012176341502978116,236,79.0,8.0,550.8863504426902
132400,906,28,579,24,46,257,0.7726945590664244,0.012083700247863363,237,105.0,13.0,720.7347186478659
132500,882,34,584,19,37,242,0.7719468676456253,0.011986406815373949,237,111.0,25.0,670.1404366112804
132600,896,33,590,16,28,262,0.7722050070851166,0.012303283333222975,237,113.0,21.0,707.1576220579029
132700,899,30,612,19,34,234,0.7727575717725782,0.01225306322608879,238,80.0,11.0,548.9028852764137
132800,903,31,611,19,39,234,0.7727140047241607,0.01249370768674948,238,82.0,11.0,563.2986928316303
132900,901,35,602,22,48,229,0.77369368301959,0.012466995325535402,238,69.0,12.0,453.1115676671058
133000,912,33,610,18,49,235,0.7740530859864585,0.012322795289362625,239,79.0,12.0,511.66385534117217
133100,903,34,612,19,54,218,0.7745393786578572,0.01237131104476274,239,92.0,11.0,622.1903169936628
133200,911,33,611,22,51,227,0.7727384069171573,0.01243319292586704,239,97.0,23.0,561.7392208295174
133300,899,31,611,21,54,213,0.7726360492047232,0.012487738366336633,239,71.0,14.0,446.0983672277154
133400,908,38,602,25,51,230,0.7722757447194561,0.012576992967514609,240,85.0,20.0,513.4327769328485
133500,902,32,605,26,41,230,0.7708780488032951,0.012689424937981782,240,96.0,16.0,624.4386665302686
133600,900,28,604,22,38,236,0.7720233734649744,0.012756662994068853,240,93.0,13.0,631.6522670964072
133700,889,32,588,18,44,239,0.7726433634812643,0.012605322114908762,240,119.0,27.0,756.9891885718391
133800,893,31,603,24,39,227,0.7716767077324077,0.012748812808680308,240,94.0,16.0,628.8272379330617
133900,912,37,617,24,32,239,0.7697949215323905,0.012668377467241653,240,63.0,15.0,389.687277118658
134000,902,24,602,22,33,245,0.769662941991309,0.012778259742241154,240,95.0,20.0,617.3186142486743
134100,902,37,599,25,38,240,0.7688437136620226,0.013157848301008796,238,113.0,21.0,763.322828326491
134200,897,34,588,29,41,239,0.7692321217998395,0.013008090106663551,238,112.0,23.0,716.2675535161873
134300,903,36,584,29,46,244,0.770731695440417,0.012964306997467598,238,114.0,21.0,752.2161924353985
134400,887,33,570,20,44,253,0.7716573971759159,0.01296374123891153,239,181.0,35.0,1189.8585331902975
134500,883,33,572,21,44,246,0.7703730681448188,0.012940290390903659,239,98.0,16.0,673.3841065105936
134600,897,34,584,25,39,249,0.769357757156104,0.012992721495678919,238,156.0,27.0,1016.4315187816283
134700,901,26,579,24,43,255,0.7705207614260194,0.013024577181422442,238,144.0,22.0,966.44512695961
134800,893,32,579,17,45,252,0.7693720787978537,0.012997314033967693,236,192.0,39.0,1192.6073790292469
134900,920,36,591,18,46,265,0.7682906624365125,0.01314118581651983,236,109.0,16.0,750.8431481902982
135000,923,40,598,23,42,260,0.7704612261633031,0.013173395894988997,236,126.0,25.0,803.1534795500907
135100,929,32,602,27,45,255,0.7728463718314481,0.01320167411308133,236,130.0,25.0,841.1345034614926
135200,921,29,606,25,39,251,0.7712983640201486,0.013289511796897354,237,145.0,27.0,961.2622814097518
135300,921,38,618,20,40,243,0.7700301483566793,0.013355720068967604,237,105.0,15.0,734.2920198164314
135400,934,29,631,16,36,251,0.7710313642074881,0.013319535373969592,237,97.0,22.0,622.5103187886749
135500,943,24,641,21,40,241,0.7712767080002944,0.013247896612830828,237,77.0,17.0,482.332992762755
135600,946,31,636,28,33,249,0.7700563914078883,0.012990244957847247,237,153.0,27.0,1004.6036820578558
135700,945,37,626,30,37,252,0.7692540694867656,0.012888988226647498,236,103.0,17.0,673.5774772447734
135800,957,36,640,29,44,244,0.7693501453438528,0.012899786607854027,236,95.0,17.0,629.5335864064448
135900,948,31,650,23,45,230,0.7684944627058637,0.01296805748692693,237,100.0,21.0,611.8824207565444
136000,966,31,658,24,42,242,0.7674304974391138,0.013094708576717374,238,75.0,11.0,499.1567919633594
136100,973,32,657,22,40,254,0.7682322369288245,0.013167195093519945,238,131.0,23.0,849.0500417667989
136200,963,25,660,23,41,239,0.7686104544330797,0.013191598004970705,238,82.0,21.0,476.9354688922953
136300,954,35,664,22,42,226,0.7698959393983026,0.013173860835810314,239,77.0,17.0,484.50360906294185
136400,956,40,675,19,38,224,0.7702881206680803,0.0130854815724318,239,66.0,7.0,479.4520617730549
136500,960,37,672,17,34,237,0.7712285777863334,0.013091417614639006,239,105.0,20.0,719.1078210699034
136600,986,35,672,17,40,257,0.769376848021287,0.013178284971004402,240,180.0,31.0,1218.5213880342292
136700,997,31,672,18,50,257,0.7703402229609067,0.013100573258319884,240,100.0,19.0,673.4678238508939
136800,1000,31,671,18,46,265,0.7701767105517813,0.012966186070409797,241,129.0,26.0,864.7959344346253
136900,993,34,673,16,44,260,0.7697608031936808,0.012977390262440897,242,110.0,21.0,686.5623289303312
137000,993,35,675,21,34,263,0.769148288097124,0.01298546083625188,241,163.0,33.0,1021.5524040116558
137100,992,24,667,17,43,265,0.7680481714188522,0.01285499856127846,242,154.0,30.0,1009.0740851459445
137200,988,30,672,19,38,259,0.7674424628315188,0.012921327786703319,242,164.0,39.0,1003.3374939258835
137300,998,32,674,27,35,262,0.7675753247327509,0.012783820589799754,242,153.0,22.0,1018.8468585923279
137400,980,31,665,22,40,253,0.7679819954464462,0.012740489944290924,243,94.0,21.0,584.3800601906687
137500,984,30,653,21,41,269,0.7682221060409934,0.012979207368288502,243,150.0,30.0,934.0297293785374
137600,966,32,659,18,40,249,0.7673596967480517,0.013171369616182203,244,163.0,29.0,1020.7508590033727
137700,964,33,647,18,41,258,0.7680212711298775,0.013432943845844144,245,159.0,30.0,982.8676657033907
137800,968,36,653,17,38,260,0.7684141432409778,0.013363751877862576,245,100.0,16.0,660.3217162738904
137900,972,35,656,22,36,258,0.7690554766467084,0.013387206683736677,245,139.0,28.0,870.0212456639131
138000,969,33,659,23,37,250,0.7702344036415908,0.013707294037715659,246,128.0,23.0,797.1399497177804
138100,974,35,668,24,32,250,0.7699563801071783,0.013727434696272824,246,113.0,20.0,748.7453163684066
138200,978,32,663,27,35,253,0.770411115486613,0.01379475378397762,246,76.0,17.0,473.84348199228486
138300,990,33,666,24,37,263,0.7702728096153244,0.01382550924817789,247,117.0,23.0,756.833864912208
138400,1007,33,682,23,36,266,0.7702315560155278,0.013915459643370005,247,78.0,15.0,533.6115618052204
138500,1015,35,676,23,34,282,0.7700848651235754,0.013842644085419867,247,173.0,34.0,1170.7375978523824
138600,1010,30,680,19,39,272,0.7716544646221686,0.014028451856671254,244,187.0,40.0,1218.1128353805957
138700,1022,27,691,19,31,281,0.7713064204534411,0.014081450651545658,245,99.0,21.0,658.648800406039
138800,1018,39,677,21,37,283,0.7738792237409771,0.014205745693391782,245,145.0,30.0,954.8069881707308
138900,1012,32,668,23,42,279,0.772934147230157,0.014077812992826927,245,108.0,25.0,721.6402941165608
139000,1031,28,681,24,42,284,0.7712883157003785,0.014142297365580437,246,89.0,16.0,604.9198063858333
139100,1014,33,686,29,39,260,0.7704983278285801,0.014195916410212532,246,87.0,19.0,548.5233776615858
139200,1035,30,699,26,42,268,0.7707806580012795,0.014045735332163129,247,115.0,23.0,717.1863794400616
139300,1025,33,707,31,37,250,0.7729331754437547,0.014150865720615708,248,130.0,34.0,826.574533921501
139400,1027,33,699,32,32,264,0.7750886112874069,0.014198278012980067,248,208.0,44.0,1441.5304326980552
139500,1023,31,696,30,34,263,0.7770518785106472,0.014243433809542606,249,261.0,54.0,1893.4029627448472
139600,1017,34,680,27,36,274,0.7771008513366128,0.014319007036315534,249,219.0,46.0,1551.160846258604
139700,1013,23,679,21,40,273,0.7774053363759458,0.014599301791781094,250,219.0,41.0,1517.919908864977
139800,1011,30,671,17,46,277,0.7757557602794305,0.014655149044633864,250,198.0,43.0,1321.9524670458352
139900,1023,33,668,24,50,281,0.7756201066725569,0.014756572909174332,251,215.0,39.0,1465.890662043182
140000,1014,28,665,25,49,275,0.7738763792203264,0.014634181862377405,251,175.0,39.0,1123.8269158541325
140100,1005,30,651,24,40,290,0.7741005043013957,0.01482482872160726,252,194.0,39.0,1244.6379766777727
140200,981,32,644,23,45,269,0.7744733350510691,0.014859909009457245,253,192.0,44.0,1183.4748073125195
140300,976,31,636,27,36,277,0.7728047884056352,0.014982584861294461,253,145.0,30.0,949.7052166783101
140400,959,30,632,27,34,266,0.7739104034091551,0.014958890036708469,254,254.0,46.0,1700.1002485312129
140500,960,32,641,29,36,254,0.7716828154875104,0.015039046068449618,254,214.0,49.0,1398.971317658673
140600,950,33,643,23,32,252,0.7716126671769067,0.015135007451390292,254,186.0,40.0,1190.3722954825387
140700,943,41,634,26,40,243,0.7730256635532867,0.015081458163394765,254,163.0,32.0,1116.0666935196803
140800,938,33,626,28,35,249,0.7744058553396386,0.014954312776137258,254,179.0,38.0,1237.677235691128
140900,946,32,639,28,30,249,0.7751931698315466,0.015058870583535187,255,142.0,25.0,1006.9704114994264
141000,940,39,641,24,35,240,0.7758196819485874,0.015278381723545233,255,119.0,22.0,853.8782175584058
141100,939,37,642,25,28,244,0.7777914424004434,0.015296969299708831,255,171.0,43.0,1219.986690729607
141200,944,35,638,22,21,263,0.7761354404856657,0.015314799369810813,255,166.0,25.0,1240.3794413993662
141300,939,35,632,21,22,264,0.7776964900101683,0.015281151760647075,256,178.0,35.0,1229.263531645594
141400,940,38,635,20,27,258,0.7769520794175346,0.015336732441459331,256,147.0,30.0,1026.4461352313858
141500,938,30,640,21,31,246,0.7773034220232621,0.015156168150376306,257,194.0,38.0,1412.5027978018554
141600,934,37,623,20,33,258,0.7791358090605338,0.015139248830220017,257,190.0,44.0,1349.3974446918246
141700,928,32,624,15,33,256,0.7781185950684981,0.015158468302595237,258,129.0,28.0,955.3052768042851
141800,926,37,626,18,30,252,0.7812466104361773,0.01512361661080116,258,219.0,50.0,1587.8572900850565
141900,935,38,634,21,26,254,0.7818953977984255,0.014872146664898663,259,243.0,50.0,1849.6444900309639
142000,937,39,630,18,20,269,0.7789453012592292,0.014898385752492641,259,143.0,34.0,1013.6465496891858
142100,951,36,630,16,25,280,0.7757952009943102,0.01490311210772919,260,124.0,25.0,892.8178215016346
142200,972,28,649,12,24,287,0.7747406829366082,0.014892646522900153,261,139.0,26.0,1057.9030776718425
142300,983,35,655,13,25,290,0.7736429829215822,0.014738667578985933,261,140.0,33.0,970.6517557301529
142400,990,37,669,13,25,283,0.7744172179757085,0.014502356908774845,260,141.0,27.0,1089.4536660622798
142500,985,38,678,16,24,267,0.774139430592971,0.014545052015735707,260,137.0,26.0,1110.5210686046416
142600,990,35,683,14,28,265,0.7758714434400978,0.014747444854460133,259,144.0,29.0,1091.1994753095944
142700,981,34,691,13,35,242,0.7752327242739,0.014586949951585479,260,125.0,25.0,1038.1421817632302
142800,980,31,694,11,36,239,0.7758340479297783,0.01461656461202349,261,94.0,24.0,673.2188300178834
142900,999,23,702,14,38,245,0.7760981637772121,0.014631467509388575,260,100.0,22.0,808.710500194284
143000,993,30,711,11,33,238,0.7765085912967727,0.014412929592437363,260,65.0,15.0,550.3931546716464
143100,1006,32,723,9,30,244,0.7771393420530655,0.014409088001599818,260,66.0,13.0,546.0283831610845
143200,997,31,726,10,28,233,0.7762989540388776,0.014481498707522678,260,117.0,25.0,1011.7226055915573
143300,1014,29,728,7,28,251,0.775558641157907,0.014377140209905095,261,94.0,15.0,821.4180066862973
143400,1016,35,728,8,29,251,0.77397540681386,0.014472454456395265,261,106.0,20.0,858.9585574561302
143500,1032,33,731,7,25,269,0.7757481306165479,0.014583156906655367,261,105.0,20.0,865.5103656102292
143600,1057,36,736,9,22,290,0.7771842482493706,0.014565781879227257,262,83.0,19.0,658.3318969593089
143700,1072,34,729,9,21,313,0.7773659930578206,0.014421589549716781,261,62.0,17.0,453.8767234535471
143800,1083,26,745,9,22,307,0.777199880682569,0.014466608390628034,262,61.0,12.0,521.4081177407526
143900,1075,31,761,14,28,272,0.7804349391369819,0.014480490703922003,262,77.0,19.0,592.607223834773
144000,1085,29,768,14,30,273,0.7821915308625722,0.014479879505183662,262,79.0,18.0,634.0640298329093
144100,1072,29,769,10,30,263,0.7841518255072027,0.01464468712180585,262,77.0,24.0,569.6104519330518
144200,1083,30,758,10,31,284,0.7869962601330771,0.01462033221513179,263,106.0,21.0,946.2213046390794
144300,1081,29,746,12,37,286,0.7885482210382441,0.01455791311835019,263,121.0,31.0,1042.1374023078563
144400,1074,34,745,18,38,273,0.7892597347127153,0.014528949320544205,264,82.0,18.0,772.7947669157247
144500,1054,32,740,16,37,261,0.791160110125545,0.014140134578885582,264,148.0,37.0,1303.3649534433353
144600,1043,35,734,16,38,255,0.793654955826166,0.013823653241558397,264,108.0,24.0,940.2412877743569
144700,1038,29,729,18,36,255,0.7946749013526527,0.013750403564271407,264,125.0,32.0,1172.279330069417
144800,1002,32,716,22,31,233,0.7937494507293854,0.013679462600879851,265,149.0,40.0,1294.4115477343423
144900,1011,39,726,19,30,236,0.7920551035502111,0.01376521258115693,265,92.0,21.0,805.015150194004
145000,1024,32,733,18,30,243,0.7923108801049938,0.014025266738796349,266,183.0,39.0,1684.518799936137
145100,1013,36,711,18,29,255,0.7941680761114088,0.014011055333228304,266,144.0,40.0,1223.9461674833753
145200,1014,29,704,16,26,268,0.7942220182106172,0.013973092632688172,267,92.0,23.0,823.0216351793041
145300,1031,31,695,21,27,288,0.7958128250115484,0.013895645321494694,268,101.0,29.0,824.5632577131214
145400,1038,31,705,20,23,290,0.7979425968556283,0.013856085182173005,268,106.0,21.0,941.2099842072544
145500,1015,35,708,20,16,271,0.7972893175006719,0.013971408553393409,267,174.0,47.0,1517.1109433057272
145600,1017,38,711,21,16,269,0.79723552203607,0.014147848228403844,267,147.0,45.0,1123.756018096915
145700,1007,33,708,17,16,266,0.799027540834532,0.014348573177867962,268,122.0,34.0,999.7900623480117
145800,1015,30,704,20,19,272,0.7991189714600128,0.014149121422364517,268,89.0,23.0,739.5270185321817
145900,1025,31,722,21,19,263,0.7988043735783439,0.014153037802809847,268,128.0,28.0,1106.0477986428828
146000,1037,28,734,19,21,263,0.7974617197272175,0.014260250673482763,268,105.0,20.0,874.9365831027638
146100,1032,37,732,17,23,260,0.7966885698811342,0.014597376746828017,268,220.0,53.0,1981.2127177283503
146200,1036,35,750,14,21,251,0.7932789882559828,0.014478749839688202,269,141.0,27.0,1317.9728273126798
146300,1026,29,736,13,21,256,0.794319511200771,0.01436113749584824,269,119.0,31.0,984.3989934176118
146400,1041,33,748,13,23,257,0.7922171663818324,0.014293885930910334,269,134.0,29.0,1217.893528060528
146500,1058,33,743,13,23,279,0.7934615333829672,0.014329515516040376,270,220.0,51.0,2047.4170352414974
146600,1067,38,753,12,24,278,0.796384344848618,0.014161871797191214,271,153.0,31.0,1403.2777401591795
146700,1070,34,759,13,25,273,0.7957837740348918,0.014373405525282467,271,119.0,26.0,1090.9777608397976
146800,1081,38,760,11,23,287,0.7963233305703897,0.014577510385950544,271,179.0,38.0,1622.3568504731545
146900,1079,28,767,15,24,273,0.7954429579642013,0.01460086782034051,269,117.0,26.0,1089.8468645571418
147000,1077,35,769,15,25,268,0.7953104477455615,0.014551660456086631,268,100.0,21.0,930.2619834210416
147100,1075,33,768,14,26,267,0.7956013309775192,0.014729741491952442,269,125.0,31.0,1171.581552180896
147200,1095,39,787,12,22,274,0.7953724998026673,0.014629638921913808,269,187.0,37.0,1798.6899374537345
147300,1098,36,793,11,23,271,0.7976987727454558,0.01479751807075997,270,195.0,44.0,1872.942752067441
147400,1106,30,801,12,25,268,0.7980191881255028,0.014909902093379659,270,135.0,28.0,1283.5074591324421
147500,1109,33,803,10,20,276,0.7955391393389076,0.015010220246502807,271,103.0,22.0,1006.5294727546946
147600,1117,31,809,11,17,280,0.7972833186974888,0.015024567438298985,272,133.0,31.0,1209.3959837395694
147700,1105,35,815,11,20,259,0.7958139607692135,0.015074556291360244,272,203.0,37.0,2162.916192065901
147800,1123,27,820,8,20,275,0.7952824917939617,0.015155463580518893,271,118.0,28.0,1111.6459933499493
147900,1120,29,826,9,18,267,0.7969599095922207,0.015214962342151556,272,103.0,28.0,922.9255031614457
148000,1130,33,817,9,21,283,0.7969094323037079,0.014944601119303486,272,95.0,21.0,884.5597237669889
148100,1138,30,818,11,21,288,0.7968450992259951,0.014872476854754017,273,154.0,33.0,1440.753662280597
148200,1140,35,816,11,23,290,0.7976747223460982,0.014739099191875452,274,170.0,36.0,1694.2831877794029
148300,1131,31,816,10,24,281,0.7936553272184894,0.014768654260342054,274,119.0,27.0,1047.0172312017119
148400,1147,30,821,14,23,289,0.795387342951467,0.014639004653013342,275,91.0,19.0,848.5992012058917
148500,1149,36,815,16,25,293,0.797421740290642,0.014762997912698165,275,120.0,31.0,1133.5157086689394
148600,1144,30,814,15,22,293,0.7978325281187694,0.014754255016137148,275,131.0,39.0,1157.0244349585892
148700,1148,25,822,20,20,286,0.7990275537467955,0.01482478688884273,276,112.0,32.0,1028.998960527135
148800,1141,27,815,22,24,280,0.8018935516324308,0.01488489022707555,275,130.0,30.0,1368.5882950354774
148900,1123,34,817,19,22,265,0.7988783099703399,0.014893156776108238,275,195.0,46.0,1998.5233640229267
149000,1115,32,821,18,21,255,0.8002770902802583,0.014940992540139903,275,201.0,43.0,2092.45979591943
149100,1121,30,814,17,23,267,0.8018650178176671,0.014862552383946995,275,273.0,58.0,2825.1935465585016
149200,1134,33,806,17,24,287,0.8035740207840283,0.014831270310291416,275,252.0,51.0,2699.6434465104876
149300,1132,33,822,14,23,273,0.8031473141333519,0.014886136421626969,276,247.0,52.0,2590.824484145799
149400,1140,33,838,14,24,264,0.8048646132976275,0.015115063350045005,276,293.0,60.0,3117.523890922856
149500,1138,34,828,15,27,268,0.8012540212516162,0.014927495091095826,277,230.0,53.0,2367.765717569718
149600,1136,32,829,15,22,270,0.8014219949903262,0.015116230590876323,278,78.0,22.0,762.8989411733603
149700,1137,24,827,17,24,269,0.7990062123600331,0.014913368817855724,278,53.0,14.0,499.1455112517039
149800,1138,31,831,14,23,270,0.8026333478417048,0.014898423950071625,279,104.0,28.0,1046.9252085499265
149900,1127,28,822,17,23,265,0.8007698839308645,0.014886935520615388,279,146.0,41.0,1474.7863964415383
150000,1130,32,822,16,23,269,0.8003797270118935,0.01476633538788227,279,109.0,26.0,1126.2944841282567
150100,1125,30,819,16,23,267,0.8012262520815372,0.014842271068039698,280,150.0,35.0,1558.089553561584
150200,1135,31,828,15,25,267,0.8016329330006365,0.014830559694878467,280,117.0,28.0,1174.6758967052501
150300,1150,27,816,14,28,292,0.8043879648619418,0.01502694261841921,280,188.0,48.0,1885.024178853538
150400,1122,32,792,18,28,284,0.8075093772873342,0.014864190480685349,281,234.0,54.0,2534.1410940137152
150500,1127,33,783,18,25,301,0.8036003660738666,0.014914647249484613,281,107.0,32.0,961.4486387247284
150600,1135,35,794,18,26,297,0.8050345836615744,0.014979823268232023,282,159.0,39.0,1580.3792662431963
150700,1145,31,806,23,29,287,0.8042712815798568,0.015009376210320825,282,145.0,32.0,1515.616699675654
150800,1135,29,803,20,27,285,0.8030199715302744,0.015047433338459327,282,133.0,36.0,1324.9647573463114
150900,1095,31,779,21,24,271,0.8032963692331867,0.01500131691966808,282,133.0,41.0,1211.044810417332
151000,1085,26,775,23,26,261,0.8048805520039016,0.014959851691778943,283,119.0,36.0,1135.025894755771
151100,1075,31,759,23,25,268,0.8056409610930927,0.01471758312895788,283,109.0,37.0,978.5117758732825
151200,1072,28,765,21,22,264,0.8024576775956451,0.014697148642109008,284,153.0,43.0,1613.8303587374576
151300,1059,35,751,21,22,265,0.8082127252011285,0.014585881012667213,284,141.0,40.0,1489.0502799146423
151400,1056,33,747,20,23,266,0.8071848118342216,0.01447655362299534,284,179.0,40.0,2106.9616979426223
151500,1065,31,742,23,20,280,0.8173711333763436,0.01442235361135029,285,119.0,35.0,1240.2444816278598
151600,1047,32,730,19,23,275,0.8157548205771369,0.014416551324721142,285,127.0,44.0,1176.4451742898773
151700,1032,33,722,18,23,269,0.8254783360610093,0.014576757225710543,286,136.0,39.0,1465.898373169344
151800,1030,33,718,23,27,262,0.8304204064939883,0.014472984708332956,287,184.0,52.0,2101.9080989377426
151900,1003,29,701,21,29,252,0.8407119800826246,0.014636174698548098,287,213.0,64.0,2420.5956487903027
152000,979,29,680,25,22,252,0.8433518262798008,0.014450985435203944,288,172.0,54.0,1850.0776274843952
152100,967,35,666,24,21,256,0.8452515967951391,0.01433777274412648,288,174.0,60.0,1845.182635860684
152200,934,34,626,30,23,255,0.8565940961633,0.014217991687498046,288,199.0,73.0,2103.293081635981
152300,909,35,609,29,21,250,0.8597410860036032,0.014133456617873108,288,182.0,58.0,2077.2264295393393
152400,893,37,601,31,15,246,0.856676049644407,0.013930885666614507,288,219.0,66.0,2589.0325123453604
152500,884,43,590,23,26,245,0.859732601871833,0.013704307979364333,288,163.0,47.0,1770.360158943
152600,874,33,575,26,21,252,0.8661552249314804,0.013578906767969393,288,183.0,60.0,2125.725723280064
152700,853,40,553,29,25,246,0.8663118871100015,0.013454764567466342,288,253.0,72.0,3248.5078939022874
152800,840,36,570,26,24,220,0.8550259380574752,0.013135335682348835,287,162.0,51.0,1784.290594310516
152900,809,43,550,28,23,208,0.8670523374194354,0.013480371746396986,287,192.0,70.0,1981.1194314370896
153000,790,37,522,26,26,216,0.8777729145379366,0.013789359561267214,288,236.0,75.0,2781.069202494605
153100,784,34,506,21,22,235,0.8763617553740871,0.01406452760023013,288,265.0,76.0,3338.6752634684517
153200,776,42,494,19,22,241,0.8870493699686739,0.014199463603923674,288,289.0,81.0,3330.978980108943
153300,757,41,476,18,22,241,0.8961099881328504,0.014575415941696014,289,358.0,95.0,4478.746566003013
153400,722,43,460,19,18,225,0.90663796523463,0.01488993117391647,290,291.0,87.0,3522.7745695003773
153500,698,43,427,18,26,227,0.9085577642487329,0.015042967209615688,290,293.0,94.0,3513.9029957097955
153600,689,43,405,19,24,241,0.9174754642438515,0.014738549647154271,290,279.0,80.0,3353.6589654897803
153700,667,47,382,17,24,244,0.909815989159853,0.014895126002426278,288,310.0,92.0,3723.516577678173
153800,638,51,373,17,19,229,0.9297904791461244,0.01532670577539716,288,328.0,99.0,3954.33304011024
153900,621,48,320,17,22,262,0.9318583555147615,0.016329492371013252,288,376.0,125.0,4290.191809063132
154000,575,51,291,15,20,249,0.9498221313654508,0.01690010622123018,288,353.0,120.0,4198.547646643938
154100,575,57,280,13,18,264,0.9562437544477924,0.016953344372245015,288,364.0,97.0,4765.958509353525
154200,562,53,272,19,13,258,0.9564515685862713,0.017282591619394157,289,361.0,113.0,4467.997338343346
154300,561,46,254,24,18,265,0.9577663640854047,0.016975905437015538,288,267.0,99.0,2968.484184153139
154400,578,47,260,25,18,275,0.9511559315003896,0.016510975744758107,289,242.0,64.0,3291.0903062013444
154500,584,45,289,28,12,255,0.92488979383739,0.016971566210581365,289,274.0,78.0,3419.985080901247
154600,596,58,287,27,14,268,0.9206222567687495,0.016954965314031418,290,241.0,80.0,2763.694314305174
154700,579,62,283,20,17,259,0.9322992674704234,0.0164923038150669,289,248.0,91.0,2835.0501426654237
154800,562,51,276,19,18,249,0.9441895409953885,0.01715863368771758,290,306.0,107.0,3449.011834838027
154900,567,53,285,12,24,246,0.9379508499495257,0.01715508844123574,290,268.0,66.0,3543.5930595310447
155000,564,52,291,11,21,241,0.9459446764417329,0.016940476035791227,290,252.0,73.0,3066.7708492665065
155100,553,49,293,11,25,224,0.9247549599320188,0.016525077633414362,291,321.0,95.0,3711.8739378061246
155200,540,55,272,14,22,232,0.9334281266373117,0.01714289387489937,291,263.0,86.0,3100.1669759698034
155300,540,55,262,14,25,239,0.9425053317319169,0.017208901887326006,292,286.0,94.0,3299.354447969022
155400,540,62,262,16,23,239,0.9341825967681243,0.017685559240064624,292,240.0,80.0,2653.7497004811826
155500,531,59,250,14,24,243,0.9413226547430301,0.01798970403888071,292,338.0,90.0,4290.014591831713
155600,507,55,233,21,20,233,0.9587183337864026,0.019424413187605124,288,284.0,108.0,3005.600639477004
155700,511,52,237,19,24,231,0.9628700355774856,0.019691734076321576,289,376.0,101.0,4534.675762880063
155800,516,55,231,17,22,246,0.96097911999439,0.020834812854857138,288,359.0,98.0,4472.650543433226
155900,507,69,230,14,22,241,0.9651791433651418,0.02152847333109379,288,368.0,108.0,4240.064502256055
156000,476,61,212,18,15,231,0.9725387988562264,0.023371590399555407,288,386.0,107.0,4566.024624615809
156100,464,66,195,21,20,228,0.997270004454082,0.024381526413441636,289,357.0,103.0,4359.247277931463
156200,456,66,184,15,19,238,0.9858375962254385,0.024050151692799497,289,318.0,99.0,3909.2727235331654
156300,447,67,189,17,17,224,0.9794806810354189,0.02431982417812728,290,290.0,80.0,3611.9506309823646
156400,445,56,188,17,15,225,0.9489357038211814,0.0235354171248599,290,314.0,84.0,3996.808281416067
156500,461,69,194,12,19,236,0.9501628090648112,0.02330385584052976,290,291.0,91.0,3319.4710633152763
156600,481,47,191,15,19,256,0.9508302505360579,0.023185469873262764,290,284.0,74.0,3448.1099925576077
156700,482,54,189,17,19,257,0.9585870747407955,0.023454232301029453,290,270.0,90.0,2815.629653420962
156800,460,54,178,17,23,242,0.9718109208710851,0.023873657457087406,290,316.0,114.0,3257.459728558404
156900,473,63,194,13,18,248,0.9631802968177913,0.023863848506338152,290,327.0,88.0,3884.015321128981
157000,460,62,187,15,16,242,0.9696229287361333,0.023232364907664626,291,345.0,97.0,3886.3319846801937
157100,440,58,181,8,19,232,0.9662698459169324,0.02439029352941299,290,386.0,110.0,4333.049283158807
157200,432,71,180,10,19,223,0.9679274400027569,0.02404619283106983,290,331.0,99.0,3887.0125473961302
157300,427,71,179,15,13,220,0.9551192805326632,0.02362241608366321,290,304.0,91.0,3395.876884635527
157400,444,72,184,13,12,235,0.9843868397882839,0.023755558777182502,285,355.0,98.0,4356.143643502175
157500,414,64,171,15,11,217,0.9639844716572814,0.023516076849281174,285,303.0,96.0,3261.891531522607
157600,425,62,172,14,9,230,0.9779621436334542,0.0241984272428563,286,304.0,84.0,3525.3984657966894
157700,413,52,159,14,19,221,1.0004792763805543,0.024966745631467172,286,345.0,102.0,3943.1336177429944
157800,393,63,150,12,14,217,0.9897507702849938,0.02434237148983673,287,368.0,99.0,4325.033633230853
157900,391,67,147,19,12,213,0.9920194614756879,0.02486706169305132,287,352.0,97.0,4157.432326805402
158000,381,78,143,17,10,211,0.9895884464814703,0.02586268160031482,287,334.0,91.0,3681.7508016852953
158100,373,63,142,15,12,204,0.9961578542470527,0.027230485494620555,287,418.0,98.0,4960.062881068294
158200,375,64,143,14,11,207,0.9945591995443123,0.027084378918261667,287,340.0,85.0,3924.3781149758197
158300,395,62,141,9,13,232,0.9885167999583946,0.02643888882936324,287,333.0,77.0,3892.03667715461
158400,390,66,143,10,19,218,0.9635594943878214,0.025941005295843957,287,344.0,89.0,3762.7443834388687
158500,396,63,142,11,22,221,0.9632494945966137,0.02581223950158595,288,250.0,69.0,2746.7881373425107
158600,384,77,142,11,20,211,0.9693912477244911,0.025166204612520005,289,365.0,99.0,4209.602205181838
158700,358,87,132,8,16,202,0.9620868192179267,0.024651906188689923,289,363.0,103.0,4238.845116534623
158800,373,72,126,7,16,224,0.9973242139793779,0.024783583103098347,290,327.0,85.0,3885.0901526927737
158900,360,75,114,10,16,220,0.9967818937324758,0.024158273562567077,291,346.0,108.0,3741.2494654107613
159000,364,78,122,10,14,218,1.0097835991571265,0.02457385811911954,291,382.0,88.0,4525.934439545407
159100,372,67,128,13,16,215,1.023037187765348,0.02419208266265311,292,330.0,90.0,3877.133176960262
159200,372,70,131,11,19,211,1.0070372976617268,0.023083532123807298,293,316.0,86.0,3731.3865189138214
159300,369,74,121,11,14,223,1.015390106739905,0.02329007499707698,293,390.0,109.0,4612.179256168546
159400,367,73,123,13,13,218,1.0164453104543691,0.023315179830924456,294,373.0,86.0,4556.886725541495
159500,366,78,121,10,10,225,1.002877845715997,0.023010005291218435,294,363.0,97.0,4258.281418333702
159600,358,87,118,12,12,216,1.033190810883434,0.024066749299397554,295,366.0,98.0,4325.850730913297
159700,371,73,122,13,17,219,1.0302735561286587,0.024478985226885446,295,345.0,87.0,4194.902506989786
159800,352,77,127,11,18,196,1.0358760271225702,0.024899141183066412,296,352.0,89.0,4483.546551371662
159900,341,81,113,9,19,200,1.0279690132943438,0.025692969591246596,296,384.0,93.0,4637.921440752532
160000,330,94,121,11,13,185,1.0086796904068245,0.02451816389055481,297,369.0,87.0,4420.2034045455985
160100,342,85,113,9,16,204,1.0232008987603607,0.023204227666312482,298,377.0,97.0,4487.9699874962525
160200,338,77,112,10,15,201,1.0124308307823635,0.02414390733095195,298,419.0,102.0,4980.36181111653
160300,323,75,105,7,14,197,1.0040824824181787,0.022974826726250064,299,412.0,96.0,4931.634318827541
160400,347,73,114,6,16,211,1.0017901754129293,0.024082208234979256,299,357.0,82.0,4308.621531675945
160500,320,68,109,6,17,188,1.0001830256031812,0.023411609773524633,300,424.0,107.0,5007.495306133909
160600,319,85,102,5,15,197,1.0030603641710836,0.02402547709473685,301,413.0,95.0,5047.614842283631
160700,320,71,95,6,11,208,1.0066644028189706,0.023859703113908965,301,354.0,89.0,4002.641748513587
160800,320,79,90,5,9,216,0.9859398352557074,0.0244173403285476,301,420.0,104.0,5162.504477605522
160900,306,74,95,6,11,194,0.9704204433116556,0.023899774597834513,302,377.0,96.0,4360.9940380446415
161000,310,66,92,8,13,197,0.9610140389939782,0.023646723926830406,303,316.0,87.0,3692.874890918653
161100,327,63,93,8,14,212,0.967892088178344,0.02488252566792951,303,335.0,89.0,3906.3790254935607
161200,324,65,94,10,12,208,0.9937211190451551,0.02509967984090485,304,343.0,96.0,3858.4725215777885
161300,283,103,77,11,11,184,1.0121283879100027,0.02699861704104873,304,453.0,127.0,5119.816188435581
161400,282,98,67,10,10,195,1.0306507558483484,0.02794991209767556,304,360.0,87.0,4368.511763508723
161500,277,100,67,8,14,188,1.010968057310174,0.026971187646267443,305,373.0,101.0,4262.167713727334
161600,292,85,65,7,16,204,0.9867318311040993,0.02713573854548964,305,392.0,90.0,4689.467896915923
161700,289,80,70,5,12,202,0.9732185581842839,0.027316501574758772,306,378.0,101.0,4577.562886938614
161800,294,85,72,6,13,203,0.9973308428863131,0.027087233353421586,307,396.0,90.0,5120.076851757365
161900,302,72,79,10,13,200,0.9884041814391196,0.027055765068977954,307,320.0,84.0,4104.033273465298
162000,299,76,83,7,10,199,1.0036215850956849,0.027637041501050088,307,382.0,102.0,4726.406159821646
162100,286,69,82,6,11,187,0.9664641246488106,0.02594751742182649,307,390.0,104.0,4917.322876312865
162200,289,67,89,9,9,182,1.0090472501266674,0.025826228691101624,308,328.0,92.0,4240.712745573694
162300,271,87,86,5,12,168,1.0021242475571759,0.025757179075611387,307,337.0,94.0,4221.946132461491
162400,265,80,80,4,8,173,0.9974991767557858,0.026089084735391056,308,384.0,95.0,5161.853902587143
162500,245,75,74,6,8,157,1.0244213260850186,0.026948095363098664,309,280.0,89.0,3397.7845800580353
162600,262,82,70,7,6,179,1.0228544790078886,0.026824259713633114,309,332.0,88.0,4492.295000473598
162700,271,74,74,7,10,180,1.0134660297428488,0.026748458119904395,309,365.0,91.0,5163.3658862255725
162800,256,92,74,5,6,171,0.977438400855159,0.026069732878977576,309,310.0,81.0,4363.566117797479
162900,271,77,83,6,7,175,1.0013390778698974,0.026930708352954417,310,288.0,87.0,3896.488944994407
163000,282,70,85,3,6,188,0.9680759855093658,0.02634348202767082,311,235.0,66.0,3216.900017895137
163100,305,76,77,2,6,220,0.9619401830218365,0.026694895451793307,310,301.0,74.0,4606.538353265586
163200,310,66,100,6,4,200,0.9229298502710724,0.026583162573528458,310,239.0,64.0,3495.8289378984105
163300,323,57,108,7,4,204,0.9200652116346724,0.026435462488263943,311,215.0,72.0,2703.186675597355
163400,320,67,112,9,4,195,0.9285255972238105,0.026427823635368018,311,227.0,79.0,2859.224707480889
163500,300,78,113,7,6,174,0.9573924319017001,0.028379329757073427,312,244.0,92.0,2965.6331988984393
163600,311,73,115,6,5,185,0.9760150971753203,0.030407832710617158,312,289.0,89.0,3961.47882473798
163700,306,60,99,7,6,194,0.9642821055625812,0.03061556139866357,313,346.0,87.0,5253.798631539077
163800,296,62,94,7,6,189,0.9676970441448687,0.03124865874173194,313,247.0,85.0,3099.522531153969
163900,303,55,101,7,10,185,0.9760697980967049,0.030365270414093398,314,279.0,84.0,3771.165576289447
164000,310,60,108,6,8,188,0.9289052562655064,0.02928261909872511,315,230.0,67.0,3048.8790513023664
164100,312,54,106,7,5,194,0.9451578496902591,0.030235981152219118,315,292.0,86.0,4189.754244870007
164200,312,59,102,9,4,197,0.9614979979451903,0.029625487081839985,316,277.0,92.0,3699.346969963681
164300,294,63,92,11,4,187,0.9801996058232632,0.030206517492676496,316,312.0,105.0,4034.0319664947074
164400,275,72,87,10,6,172,1.0025313449009166,0.03122703341170477,316,250.0,77.0,3268.462707388535
164500,293,56,86,8,7,192,0.9738894118806981,0.0300301039114669,317,263.0,76.0,3702.6488252481054
164600,290,62,88,8,5,189,0.9780372453231287,0.030283888717050764,318,306.0,106.0,3993.6348557089973
164700,280,69,81,9,7,183,1.0239123595128454,0.032265985091602306,318,318.0,101.0,3949.4802624482445
164800,293,60,89,8,8,188,0.9933324804806399,0.03139319685278111,319,319.0,82.0,4518.724714087216
164900,303,63,106,13,7,177,0.9915627455422562,0.03187347810827225,320,206.0,65.0,2793.9206684883097
165000,306,58,107,9,10,180,0.9601389801595521,0.03087925405894175,320,314.0,92.0,4431.161837108019
165100,311,61,110,9,8,184,0.966890530351242,0.03126998803995193,321,258.0,77.0,3845.4967090688247
165200,306,75,105,5,8,188,0.969424374228719,0.031251905093719695,320,263.0,84.0,3741.083456723088
165300,295,69,101,5,7,182,0.993927130493886,0.03126275797803737,320,262.0,91.0,3511.6020331612376
165400,303,70,110,5,5,183,1.0082035120593302,0.031052641483424896,320,320.0,93.0,4866.775117939269
165500,309,75,98,5,5,201,1.0051872200390832,0.031269210923555446,321,273.0,81.0,4006.523284135896
165600,305,61,93,5,5,202,1.0191200342386755,0.03183066070543158,321,299.0,92.0,4344.830695210973
165700,303,58,90,6,6,201,1.0522022973894587,0.03358620026342531,322,271.0,93.0,3921.078319416809
165800,296,71,94,5,5,192,0.9998534613041993,0.0331689024953971,322,294.0,78.0,4640.872678640751
165900,305,53,104,7,8,186,0.9885330335501283,0.03267586742068995,322,240.0,69.0,3514.4760647408593
166000,309,68,105,4,8,192,0.9717394559202632,0.03382200377371721,323,213.0,68.0,3062.6431562223624
166100,315,53,116,6,4,189,0.9700497163505537,0.034238632436987944,323,235.0,72.0,3528.5341539317133
166200,328,57,136,7,3,182,0.9579082079628622,0.03453161723339589,323,247.0,67.0,3942.377325642261
166300,323,54,130,8,4,181,0.9906021470559122,0.03528022957067384,323,186.0,71.0,2583.0254256017924
166400,300,52,105,13,2,180,1.0451181064722967,0.03626490003237657,323,220.0,95.0,2649.9829495575395
166500,299,65,107,7,5,180,1.0340881807873188,0.037113605327646494,324,250.0,69.0,4079.602676268815
166600,301,57,105,9,5,182,1.0302652073937837,0.037878224099568855,325,270.0,84.0,4136.337071036115
166700,303,68,114,9,7,173,0.9829932812778568,0.037074167789519594,325,236.0,65.0,3736.7367593103295
166800,299,72,112,8,6,173,0.9763865989065259,0.03699184779128331,326,232.0,74.0,3365.0347649165756
166900,317,80,129,10,6,172,0.9616557427824942,0.03617943325492286,327,196.0,60.0,3003.526505815812
167000,331,56,128,9,4,190,0.9800533097078313,0.03736330110906384,327,234.0,79.0,3440.0650857267483
167100,338,62,127,7,8,196,0.9492918404974849,0.03743766991961111,328,254.0,73.0,4100.746455804159
167200,345,67,143,7,4,191,0.924746807024839,0.03780836932259264,328,168.0,49.0,2563.616187956772
167300,361,54,150,3,4,204,0.9240716207284247,0.03750687863939241,329,154.0,51.0,2271.162031965063
167400,352,64,159,5,6,182,0.9256467431153582,0.03765402004872012,326,180.0,61.0,2419.2257074389677
167500,358,50,157,6,3,192,0.9428299570218769,0.03718243436742815,326,160.0,63.0,2172.1779733372778
167600,351,57,148,8,2,193,0.9733911141914456,0.037613563868869396,327,183.0,72.0,2400.712633822816
167700,339,52,137,4,4,194,0.9681666605558387,0.038316450579020195,327,257.0,80.0,4008.4217118335423
167800,335,67,128,6,5,196,0.9792090750040962,0.038970965893748814,328,221.0,81.0,3189.136424483464
167900,328,60,136,6,4,182,0.9702401924833023,0.03911930492733385,327,245.0,72.0,3942.8336545607526
168000,324,57,136,8,4,176,0.9566713538804377,0.038843936302742896,328,150.0,61.0,1995.0745049098655
168100,327,63,138,10,6,173,0.9862377858474788,0.038843009603073686,328,166.0,54.0,2528.9781784437478
168200,338,58,136,10,6,186,0.9744421912607686,0.039000237817383286,329,165.0,60.0,2330.397763486613
168300,317,55,137,10,3,167,0.989277038468347,0.039356578514026935,329,250.0,74.0,3985.7729173443295
168400,317,52,137,10,5,165,0.9556468115161022,0.03913543826598424,329,209.0,63.0,3241.5804073097656
168500,324,47,139,10,3,172,0.9378766429782674,0.03900422651123411,329,186.0,56.0,2941.907490121848
168600,331,63,132,9,0,190,0.9414208949007429,0.039323308293910425,330,224.0,59.0,3815.26026080659
168700,331,63,143,5,1,182,0.9106053639448473,0.03831204640031332,331,161.0,54.0,2347.2426955695473
168800,327,52,142,6,3,176,0.9260087602936237,0.03858584178336012,331,130.0,50.0,1766.4796885134433
168900,351,45,154,12,2,183,0.9125952488444117,0.03927570478867186,332,119.0,46.0,1633.6505524898669
169000,353,49,153,12,3,185,0.9088594931705855,0.03955277964812767,332,188.0,60.0,2876.0466026726176
169100,339,51,141,10,4,184,0.911115225978635,0.03964459828062669,332,144.0,49.0,2083.4017673716676
169200,340,55,146,10,4,180,0.9574527825811552,0.04001785380540792,333,161.0,66.0,2164.5537227123373
169300,332,58,144,11,6,171,0.9614995816285592,0.0400397602152153,334,202.0,57.0,3362.845391439085
169400,319,56,130,7,5,177,0.9319335328970813,0.040370546796189094,334,243.0,74.0,3894.1486919106405
169500,322,54,140,7,3,172,0.9225642454358135,0.04175782967256787,334,149.0,51.0,2215.09500787364
169600,326,57,138,8,1,179,0.9609034042904983,0.042060574045658904,335,257.0,75.0,4175.504285175432
169700,324,58,136,7,3,178,0.9439498972738797,0.04291541819784613,335,181.0,72.0,2436.354709390967
169800,343,60,134,9,4,196,0.933177808453663,0.04262465208846897,336,163.0,57.0,2457.193437875966
169900,328,59,132,10,6,180,0.9753600074404141,0.042675932521865155,336,202.0,74.0,2860.8569307563466
170000,339,55,146,10,5,178,0.9490152279940619,0.04166760503747463,337,196.0,52.0,3239.335148127447
170100,351,45,146,11,3,191,0.9378484652093586,0.041075619004104474,337,129.0,49.0,1711.204197495181
170200,346,58,148,12,5,181,0.9272184508598592,0.04061133305984351,336,221.0,59.0,3526.3708788547174
170300,354,51,160,11,5,178,0.9153132637992086,0.04010463768466153,337,168.0,57.0,2388.0078643949746
170400,362,55,176,10,2,174,0.9142656178343626,0.040009038872827654,337,106.0,55.0,1074.6023110604494
170500,364,47,177,6,3,178,0.8952607941549798,0.03984943830003907,337,142.0,53.0,1969.1353493114182
170600,383,51,170,7,5,201,0.9115710046534491,0.039854474465982746,337,116.0,40.0,1640.629363362536
170700,370,45,184,10,2,174,0.9049936396342916,0.039998302703197396,332,149.0,49.0,2246.120323838982
170800,383,47,195,11,4,173,0.878864746413961,0.04001926874159184,333,99.0,31.0,1398.1994325025523
170900,374,43,195,9,3,167,0.8565099037564357,0.04053602139907965,333,94.0,34.0,1319.9485551161388
171000,368,48,181,10,5,172,0.8718664403145068,0.04066191654592818,334,78.0,38.0,886.2783946045747
171100,375,47,190,7,4,174,0.8661969628364727,0.04023287796727823,334,105.0,35.0,1573.8203028081705
171200,383,44,196,9,3,175,0.864800766581717,0.03994078508539171,334,106.0,41.0,1465.0007158733622
171300,387,48,201,7,3,176,0.8434990471629221,0.038765791808679874,334,126.0,34.0,2139.2346173676606
171400,396,43,209,8,1,178,0.836369134620547,0.038590381804556616,334,87.0,33.0,1202.71660712101
171500,394,49,216,6,1,171,0.8409366133518574,0.0386637375976838,335,92.0,38.0,1111.2339864261396
171600,403,45,219,7,3,174,0.8422285190182979,0.03806182357608301,336,75.0,25.0,1093.6481920569122
171700,414,46,213,5,3,193,0.8460058240893433,0.03796038536221869,336,109.0,36.0,1643.4435799782716
171800,416,36,220,5,4,187,0.8225696203205951,0.037530565781402715,336,53.0,18.0,760.778720653975
171900,427,42,214,6,4,203,0.8292797851111686,0.038056561668525626,336,48.0,26.0,416.521100389739
172000,419,45,230,7,6,176,0.8353035154707651,0.037851476750706915,336,100.0,43.0,1266.6676605330163
172100,392,47,219,8,3,162,0.8350583775745336,0.03777245258805046,336,111.0,40.0,1616.9619212276275
172200,405,48,217,9,1,178,0.8260245994030511,0.037890067925068834,336,97.0,38.0,1248.0176876151622
172300,400,44,209,7,1,183,0.8393356159309081,0.038077482645530764,336,80.0,36.0,961.939677599114
172400,401,47,215,6,0,180,0.831110823615945,0.03756912392018931,337,118.0,45.0,1553.6081316977275
172500,389,46,216,7,1,165,0.8522925223718116,0.03720384829909075,337,101.0,50.0,1037.826101550361
172600,381,51,199,5,1,176,0.8648093628713608,0.036900022487386865,338,142.0,65.0,1633.5618372588247
172700,380,48,189,5,3,183,0.896525668882526,0.03779841509850825,338,109.0,44.0,1357.2307741078632
172800,378,49,182,6,3,187,0.9125558556226641,0.03764694283548187,339,176.0,55.0,2543.5475095715337
172900,363,50,164,11,5,183,0.9309924080450398,0.037747719372826914,340,162.0,65.0,2049.7554525827654
173000,349,47,147,7,4,191,0.9598481623780547,0.037545114701984676,340,181.0,76.0,2269.4834231390882
173100,340,52,147,9,7,177,0.9542096065295093,0.037795567832998526,341,185.0,67.0,2521.6183139440673
173200,337,53,130,16,5,186,0.9793976123783922,0.03791026967602462,341,198.0,75.0,2610.6391703143754
173300,334,53,129,16,4,185,0.9807045756819529,0.03780315753060648,341,161.0,70.0,2003.2903937079093
173400,331,64,135,8,6,182,0.9731062933757313,0.03739428811733471,342,231.0,56.0,3774.3332624176114
173500,346,44,139,9,6,192,0.9424023835105257,0.037582787818889685,343,142.0,55.0,1865.4693408381238
173600,353,50,149,7,12,185,0.9290775001249953,0.037244965627993495,343,168.0,48.0,2590.7048442931155
173700,359,59,147,6,10,196,0.9266077763562256,0.03797114506851703,343,204.0,60.0,3189.5930352143046
173800,347,56,158,7,10,172,0.9223772893444916,0.037921559385208636,343,190.0,71.0,2645.743983676188
173900,355,50,159,5,7,184,0.9360191561963219,0.03815144255750411,344,202.0,64.0,3142.8954114168123
174000,359,46,158,8,6,187,0.9273949540255975,0.03807331576705225,345,231.0,73.0,3547.2405468143784
174100,338,58,146,7,6,179,0.9168608229984956,0.0364362846660429,345,146.0,63.0,1824.172276227638
174200,340,66,152,6,3,179,0.90781400735329,0.03694626846671391,346,135.0,57.0,1688.3263713017855
174300,347,54,153,9,5,180,0.9350844078341972,0.03626512407092485,346,161.0,55.0,2388.693208234412
174400,354,51,146,12,4,192,0.9334831290002618,0.03655121475753906,347,120.0,51.0,1551.6367375185346
174500,375,52,169,8,5,193,0.8956100811050374,0.035957667242026266,347,169.0,50.0,2700.1877999755056
174600,375,59,176,6,8,185,0.9037592504040376,0.03541329029367602,348,148.0,50.0,2122.516630418977
174700,377,49,185,9,6,177,0.87980987363435,0.03626851604266622,348,127.0,51.0,1700.2244188126458
174800,366,59,180,8,4,174,0.89885928171644,0.035606897881442966,348,130.0,54.0,1600.5543104757364
174900,376,49,176,9,4,187,0.8854489588086005,0.035340201759328234,348,138.0,45.0,2089.3431172672094
175000,383,54,180,12,3,188,0.8903970437626758,0.03522224140541968,349,127.0,62.0,1456.6856459343237
175100,387,55,178,8,4,197,0.907560240922552,0.035718875746997183,350,200.0,54.0,3231.932683235752
175200,375,56,176,10,5,184,0.9023351820661304,0.035403383840672764,350,124.0,51.0,1587.1131656131279
175300,374,50,179,8,7,180,0.9139607691850079,0.03542828703493549,350,118.0,56.0,1312.4299340431132
175400,369,58,180,11,6,172,0.9308542308546596,0.0355853688561206,351,194.0,64.0,2834.3073269132456
175500,341,55,158,9,3,171,0.9661376891092299,0.035560403194373175,352,223.0,81.0,3238.5945099341243
175600,328,66,147,8,4,169,0.9663687947278208,0.03621016392859454,352,163.0,62.0,2281.230404780301
175700,331,67,141,9,1,180,0.9819506791725998,0.03690458103947738,352,182.0,67.0,2555.1022477698566
175800,336,62,130,9,6,191,0.970485256783218,0.03762139809118438,353,176.0,63.0,2513.3680022383546
175900,342,61,130,9,3,200,0.9771859779882243,0.0372331899834509,353,188.0,70.0,2690.128286019502
176000,358,51,146,9,3,200,0.9596915602140214,0.03723577618089553,354,138.0,58.0,1720.5268785500655
176100,347,61,148,9,3,187,0.9775061309574884,0.037535039402844014,355,178.0,74.0,2368.2787531686836
176200,342,59,149,10,2,181,0.9836339641819961,0.036498108035753284,355,200.0,68.0,2944.623932043732
176300,346,79,151,11,3,181,0.9936188703153305,0.036333445995187764,356,156.0,54.0,2232.523058711287
176400,351,56,154,15,3,179,0.9961010428362319,0.03569121232706397,356,167.0,69.0,2188.9172214605596
176500,369,59,150,14,6,199,0.9816428156023809,0.03413649188651781,357,198.0,59.0,3022.2278434636373
176600,345,60,130,9,5,201,0.9572418320430826,0.033596487060341906,358,180.0,79.0,2267.9118918866657
176700,341,61,131,8,4,198,0.9542647235490935,0.03469153081729436,358,204.0,69.0,3017.6931787560916
176800,355,58,140,10,6,199,0.9524498050642286,0.03472595077984228,359,115.0,50.0,1480.1555687782723
176900,362,43,134,10,3,215,0.9573640154439881,0.033634599388293704,359,197.0,72.0,2723.7294991100434
177000,344,56,144,10,4,186,0.9487493975656538,0.034624665035846214,360,233.0,84.0,3345.0271577706526
177100,352,61,156,10,2,184,0.9421683014809855,0.03488439565444432,360,184.0,56.0,2830.996336648005
177200,358,55,166,8,1,183,0.9327631630838279,0.034282002409450174,360,195.0,66.0,2869.377088113869
177300,352,54,160,9,5,178,0.9550449701405871,0.03343733259939435,361,208.0,76.0,2899.9269735974844
177400,365,57,158,7,3,197,0.9251645469342471,0.0327707156783283,360,199.0,67.0,2859.7809103048926
177500,358,45,155,9,2,192,0.9532579863065759,0.03314489896599945,360,221.0,75.0,3265.322980596963
177600,352,56,153,12,3,184,0.9531690964926001,0.032299121260886104,361,183.0,80.0,2359.8320258196013
177700,361,52,163,8,0,190,0.9057864721242407,0.03137145425287244,362,203.0,60.0,3238.2523633285778
177800,363,43,156,8,1,198,0.9252006715405199,0.031082861244726322,362,111.0,54.0,1308.9392760386925
177900,350,53,162,9,4,175,0.9147067303410661,0.0303319271437318,363,167.0,71.0,2212.8457905339637
178000,348,56,167,6,2,173,0.9069330134960604,0.02971821208035173,363,217.0,79.0,3228.674406363909
178100,341,56,167,4,1,169,0.9186529433661614,0.029941895218927945,364,205.0,66.0,3259.1479612388443
178200,343,57,156,2,0,185,0.8895184676449779,0.028808980137032297,364,204.0,67.0,3130.942954056118
178300,351,55,149,5,1,196,0.8894878234770806,0.02841230061554074,365,132.0,57.0,1733.3114805336525
178400,362,54,145,9,1,207,0.9180055160613475,0.02829839489745656,365,125.0,59.0,1497.0512717830495
178500,353,52,150,8,1,194,0.9020215743539809,0.02949188296964906,366,215.0,78.0,3137.7134583997217
178600,348,54,157,3,2,186,0.9165846946381415,0.02918674530163227,367,171.0,64.0,2323.118642530559
178700,358,59,161,5,2,190,0.9058792011347673,0.030223317750504852,367,193.0,71.0,2758.829040597149
178800,362,59,158,8,3,193,0.898327623781031,0.029448280938468286,367,236.0,74.0,3657.0833541435545
178900,353,52,160,5,0,188,0.8934810388453895,0.029448769108381616,368,189.0,77.0,2404.8355796195206
179000,335,61,158,3,3,171,0.9129538048820721,0.03003703738517784,368,223.0,80.0,3207.411417109178
179100,329,64,158,2,2,167,0.8937620623038536,0.029587976023452405,369,191.0,66.0,2801.215090401958
179200,332,53,152,4,1,175,0.889382128092505,0.03004236776280575,369,142.0,50.0,2083.7261370381825
179300,318,58,139,5,2,172,0.9079483138864676,0.030162694400572964,370,136.0,64.0,1675.2942036349275
179400,326,58,138,7,2,179,0.9350427127571009,0.030160001511038537,370,140.0,59.0,1918.0422177221794
179500,324,55,140,4,2,178,0.9150578653313574,0.02987259509103756,370,170.0,66.0,2432.7731704761227
179600,320,59,137,7,0,176,0.9354029032894873,0.029153352668712808,371,189.0,74.0,2508.7670342428414
179700,328,53,137,5,0,186,0.8820563635714727,0.029542571239191705,371,135.0,52.0,1872.4136049085037
179800,327,53,137,7,1,182,0.8868473421006345,0.030446267979601992,372,187.0,65.0,2726.8956193577137
179900,324,55,142,3,1,178,0.906494696133302,0.029073753793025348,373,156.0,73.0,1904.5113341065555
180000,327,58,149,3,1,174,0.8957062497495264,0.02793330582825956,373,179.0,68.0,2527.136995411659
180100,339,54,151,2,2,184,0.9079095869511362,0.02802430734049348,374,208.0,65.0,3229.4481577484307
180200,340,59,153,5,1,181,0.9047659384164054,0.027367484179111192,373,172.0,51.0,2782.066635620785
180300,342,52,150,4,3,185,0.9170998526311965,0.028212043662328507,374,156.0,66.0,2053.8723340661713
180400,348,54,155,6,4,183,0.9143447525998946,0.02881117353763802,375,150.0,62.0,1995.8341452260102
180500,337,59,148,4,4,181,0.9167808708533993,0.03017550395469356,375,150.0,62.0,2015.5170574551946
180600,327,59,162,8,0,157,0.8815523464545595,0.031932141819095955,376,163.0,58.0,2459.6868318084294
180700,332,53,175,4,1,152,0.8445898109831034,0.03278009209341764,376,170.0,57.0,2590.8664762082703
180800,356,44,173,4,0,179,0.8407024885801203,0.03225623559740927,377,98.0,32.0,1509.5708168732679
180900,355,60,173,4,0,178,0.8350549276547804,0.03212442757698586,377,111.0,38.0,1550.019388108764
181000,366,54,182,5,0,179,0.843003373959928,0.03139521212828775,378,96.0,55.0,878.9592803557591
181100,372,49,193,5,1,173,0.8551035705894544,0.030482470146301663,379,160.0,59.0,2130.20074732833
181200,352,51,176,4,2,170,0.8573085505894767,0.03052078061082749,379,157.0,64.0,1926.3586318160935
181300,335,54,169,4,2,160,0.8833595728406052,0.029239630954421555,380,159.0,69.0,1875.5360791560724
181400,338,47,161,5,3,169,0.9057883661582061,0.028222764737066707,380,210.0,70.0,2884.0743743121157
181500,334,57,153,4,2,175,0.8912625145148702,0.02779236142053813,380,208.0,71.0,2778.6514997063014
181600,332,59,144,4,1,183,0.88973856513327,0.028051480246496476,379,227.0,72.0,3195.6248171045113
181700,323,64,144,4,5,170,0.899551157234711,0.027101221025065327,380,173.0,60.0,2377.7571205461413
181800,336,62,145,2,5,184,0.8999517864348962,0.027149079258282086,380,143.0,54.0,1922.7854362176995
181900,333,56,149,7,2,175,0.8790406407971691,0.028046537129643848,381,173.0,62.0,2385.288611260065
182000,355,56,156,6,3,190,0.860192164723794,0.029346980355246202,381,127.0,47.0,1690.0001297704232
182100,371,44,175,6,2,188,0.8603581386119111,0.029632177992356897,381,141.0,54.0,1757.0042488235504
182200,378,53,180,6,2,190,0.8764113706733226,0.02905363447826759,382,149.0,60.0,1937.5925233979383
182300,391,55,180,6,3,202,0.8736538646077903,0.02830150391295565,383,182.0,60.0,2630.849819279029
182400,383,59,184,6,1,192,0.8551182813503896,0.027480724946743567,383,135.0,46.0,1903.1709071821128
182500,378,43,184,2,1,191,0.8595664511569042,0.027586864703114198,384,191.0,62.0,2820.8411610528956
182600,368,48,186,3,3,176,0.8601976408471256,0.027386335853634924,385,176.0,65.0,2428.421276710091
182700,368,59,177,1,4,186,0.8584351055821425,0.026716438002924926,385,153.0,58.0,1972.521235977881
182800,372,47,179,3,1,189,0.8701841162084072,0.025787820235119163,386,164.0,54.0,2394.6666103048515
182900,356,57,172,2,1,181,0.8792227441436524,0.025096481277602327,386,143.0,63.0,1768.1834507825902
183000,337,55,161,3,0,173,0.8798175305267397,0.025572773459681765,387,159.0,64.0,2132.472101618132
183100,334,61,163,3,2,166,0.8683361406794144,0.024549210856250996,387,155.0,54.0,2303.203756860407
183200,346,52,161,2,1,182,0.8559959145720015,0.024760954312413718,387,129.0,48.0,1761.4272484042428
183300,350,54,160,4,0,186,0.8842637943106657,0.023844648745827902,388,124.0,64.0,1277.0354830068861
183400,362,56,168,6,0,188,0.8816523249087466,0.02294520863982257,389,131.0,54.0,1669.6583519030787
183500,358,50,173,4,0,181,0.8825501710159909,0.02361918510925762,389,169.0,70.0,2100.1769766699754
183600,369,48,187,3,1,178,0.8714249404516343,0.022634738628650976,390,174.0,65.0,2410.4230136426877
183700,363,52,178,5,1,179,0.877577609654794,0.022802862987014925,391,197.0,73.0,2765.518960021082
183800,358,56,173,3,1,181,0.8862967928294647,0.022529894449278443,387,204.0,65.0,3161.417982930843
183900,368,54,178,1,1,188,0.8655345839309314,0.021997581853975563,387,184.0,68.0,2583.971326373329
184000,381,45,190,2,2,187,0.868914908138333,0.021338914184433296,387,136.0,57.0,1817.8283317975813
184100,374,50,187,3,2,182,0.8857461000123696,0.020247118289782352,387,173.0,58.0,2643.3803123854855
184200,370,61,184,1,2,183,0.8564428288391259,0.01952929875005417,388,156.0,59.0,2135.2934891403333
184300,355,48,178,1,1,175,0.8453754852928197,0.019172992810133894,389,150.0,65.0,1893.558036210215
184400,372,53,171,3,0,198,0.8755528738551877,0.0184340438917429,389,142.0,56.0,1866.7095027481314
184500,365,58,163,1,2,199,0.8658087810423891,0.018213586727254705,390,168.0,70.0,2119.0119362851933
184600,366,48,170,2,1,193,0.8636303724917785,0.01777304879213406,390,182.0,74.0,2310.7315975150273
184700,381,48,176,3,2,200,0.8596415800371163,0.017647716531969854,391,169.0,66.0,2151.2957753185597
184800,380,56,173,3,0,204,0.8521358770391149,0.017969048542215444,392,208.0,68.0,2916.0932389722666
184900,377,55,173,4,0,200,0.8413725889540384,0.01846548530028074,392,165.0,67.0,2088.790567948568
185000,373,55,177,3,1,192,0.8681891544811957,0.018481809056551803,393,129.0,60.0,1432.3109843446243
185100,377,51,188,3,2,184,0.8767534863230211,0.019114327999067638,393,213.0,67.0,2839.350413390176
185200,388,51,191,3,3,191,0.862247143052292,0.01757719048116977,394,221.0,66.0,3151.5485197358553
185300,382,54,189,1,2,190,0.8457892554860749,0.01755078133356404,394,180.0,58.0,2498.3551631932246
185400,391,50,199,1,3,188,0.8409390197536265,0.01678804038417109,395,163.0,53.0,2163.19228159586
185500,394,56,212,2,1,179,0.8451623986440934,0.016025122420887303,396,170.0,52.0,2165.0987032100043
185600,390,50,211,2,0,177,0.8521072980241264,0.0157123436474178,396,139.0,61.0,1531.4177183469558
185700,387,50,205,2,1,179,0.8587682677259504,0.01582664238889924,397,166.0,69.0,1913.164210890628
185800,383,43,195,2,0,186,0.8435042891064226,0.015710185383372884,397,185.0,64.0,2478.0976929815843
185900,391,49,195,2,1,193,0.8354940029196111,0.014923700018674354,397,151.0,54.0,2053.791836358669
186000,387,53,198,2,1,186,0.840522643091104,0.014948605947810036,398,107.0,50.0,1120.6432217246095
186100,383,42,193,2,0,188,0.8382024846811094,0.014656615464661822,396,177.0,68.0,2176.155080024041
186200,385,59,205,2,1,177,0.8502047769550848,0.01511412342280412,397,138.0,50.0,1810.4035576232732
186300,397,45,203,4,0,190,0.8526931555903277,0.015314153032780702,398,155.0,50.0,2175.197996556218
186400,378,47,205,4,0,169,0.8449349628117049,0.015494481266680913,398,182.0,69.0,2367.3596193730464
186500,381,51,202,2,1,176,0.8676278144596625,0.015913693990904802,399,233.0,64.0,3652.9372650445152
186600,379,52,194,1,1,183,0.8478932877475778,0.015075438753742593,400,188.0,63.0,2541.4816732995255
186700,380,50,189,1,1,189,0.8557736307823945,0.015100811338262144,400,233.0,66.0,3417.022441492307
186800,383,58,187,1,2,193,0.8289699347467726,0.015002628309970645,401,168.0,50.0,2499.4893156599887
186900,391,48,192,0,3,196,0.8339059419763791,0.014680676427566118,401,125.0,42.0,1695.2963762710851
187000,395,50,192,3,1,199,0.8216899900660178,0.014527218395770106,401,157.0,51.0,2304.1704540745714
187100,398,47,192,5,0,201,0.8253135855830219,0.014489494330245937,402,169.0,58.0,2256.0752604143613
187200,401,51,201,7,1,192,0.8269361057479337,0.014932820262445771,402,134.0,49.0,1630.2321762232982
187300,411,55,210,8,0,193,0.8320211060642457,0.014699369574407234,403,135.0,49.0,1772.5886319533743
187400,416,42,216,5,0,195,0.8053072566873912,0.014085769993918114,403,124.0,44.0,1629.8486222223876
187500,423,42,217,3,1,202,0.8098339213540289,0.014220556772626316,404,133.0,49.0,1645.6471906456527
187600,418,49,232,3,2,181,0.804145286957278,0.014204963010111515,404,123.0,40.0,1659.379894164286
187700,420,48,223,4,2,191,0.8147525215704738,0.013988418699863085,405,138.0,44.0,1958.5915335799991
187800,433,41,237,2,6,188,0.7938390557981079,0.014496987882465387,405,118.0,30.0,1912.9204308779263
187900,426,49,243,2,3,178,0.8051561384721918,0.014521178469333438,406,111.0,35.0,1482.463662558232
188000,420,50,240,4,2,174,0.8104380524737025,0.015008440519620877,406,92.0,50.0,797.8204087985957
188100,413,43,239,4,1,169,0.8153346813637838,0.015202515686235851,407,87.0,39.0,929.6005511455552
188200,414,42,227,2,2,183,0.8097832955579035,0.0147315528144507,408,149.0,48.0,1887.1288468536707
188300,416,48,232,1,1,182,0.8093060688995385,0.014651328835068598,408,131.0,47.0,1667.1595125739034
188400,418,49,233,2,1,182,0.8127980374678383,0.014868763425720207,409,123.0,46.0,1428.3008618719105
188500,415,47,233,3,2,177,0.8169034870154869,0.014464202033357448,409,152.0,56.0,1858.0934831244556
188600,418,52,229,2,3,184,0.8089993747900641,0.014735110694533418,410,130.0,46.0,1541.9469236869536
188700,426,45,235,2,5,184,0.801685304061968,0.01434186483397383,410,154.0,44.0,2017.139708838427
188800,440,46,252,3,3,182,0.80524598388955,0.01465427178224553,411,93.0,40.0,987.5725242859075
188900,444,45,251,3,3,187,0.8017637026151604,0.014264683312240308,410,109.0,41.0,1194.9912667878662
189000,442,43,238,1,3,200,0.8072746588631673,0.013642878778965969,410,138.0,53.0,1574.796310208825
189100,433,56,244,4,1,184,0.816767254280304,0.014066384662466928,408,142.0,59.0,1593.5799817613545
189200,438,54,247,4,4,183,0.8246979938592229,0.01370629558080388,408,137.0,52.0,1642.8752780507932
189300,438,40,253,2,4,179,0.8303142074656975,0.013722576783507181,409,169.0,61.0,2268.127145186945
189400,431,54,238,1,3,189,0.8224372666678456,0.013356048666730078,410,129.0,60.0,1461.9821082571136
189500,428,51,236,1,2,189,0.8216852491342818,0.013690439678660403,410,146.0,63.0,1680.673566122953
189600,422,50,230,4,3,185,0.8269014671095469,0.01379696894691622,410,134.0,60.0,1516.2894802794924
189700,438,60,236,3,2,197,0.8324512780455889,0.013416841579580152,410,139.0,57.0,1664.3017446029532
189800,419,52,223,3,1,192,0.8454266862530708,0.013276780580420634,411,169.0,77.0,1867.197397604206
189900,412,51,219,3,2,188,0.8706942384068334,0.013368600788325654,411,132.0,58.0,1572.8820647377534
190000,384,53,192,3,2,187,0.8852989563347982,0.012931328433432693,412,282.0,98.0,3672.488142877584
190100,361,55,181,3,3,174,0.8871822756224467,0.012716934877063294,413,260.0,85.0,3657.41475970753
190200,343,67,151,2,3,187,0.9071033252791392,0.012382410583256722,412,191.0,80.0,2358.58953160286
190300,336,58,156,7,3,170,0.8965071578809536,0.012915987949265028,412,243.0,89.0,3201.356307300405
190400,342,61,142,6,2,192,0.9030775810920457,0.013786552042020093,413,206.0,87.0,2321.84408151998
190500,316,66,129,4,2,181,0.9361601140843213,0.014155179298822939,412,299.0,100.0,4089.710895581321
190600,297,73,111,1,3,182,0.9236654461607852,0.014571039121282119,413,368.0,109.0,5401.429056462345
190700,300,76,119,3,5,173,0.9225633112772917,0.014458444912133803,414,272.0,78.0,3826.465232709244
190800,306,70,118,1,3,184,0.9020447073777658,0.014125338739696784,412,221.0,84.0,2740.6775507996285
190900,320,67,121,2,0,197,0.9044233837177931,0.013990487370211042,413,202.0,79.0,2643.9661856791963
191000,328,61,126,4,1,197,0.9237379990775199,0.014436305196138734,412,208.0,78.0,2776.295338151111
191100,310,57,121,4,2,183,0.9144587651050177,0.014922059854582788,412,250.0,87.0,3659.684670941679
191200,307,68,117,2,1,187,0.9179237029166968,0.014577470144234763,413,223.0,83.0,3001.4078461474246
191300,309,65,117,4,2,186,0.9277811831708443,0.014336520795175074,414,192.0,73.0,2530.9181190030918
191400,298,66,113,3,4,178,0.9101362203993456,0.014137787623829121,414,276.0,93.0,3793.8152080241575
191500,315,56,115,4,4,192,0.9043408335007465,0.01418441648319586,415,194.0,68.0,2750.870648914291
191600,315,59,120,6,3,186,0.8993527356443475,0.014635937117384212,415,235.0,70.0,3473.5573584342437
191700,310,49,124,6,2,178,0.9025365731802041,0.015170108165499806,416,264.0,93.0,3595.732168395301
191800,304,61,122,4,0,178,0.8781078488067555,0.015585806411459924,417,227.0,76.0,3100.3806667794
191900,314,59,124,3,1,186,0.8689061542174815,0.015608638871250207,417,147.0,65.0,1672.732045218214
192000,320,56,131,4,0,185,0.8607814142469659,0.016101592210363898,418,172.0,67.0,2048.1597672999665
192100,331,54,136,4,0,191,0.8760168250531317,0.01675123150459144,419,152.0,70.0,1665.9820564802942
192200,308,67,129,7,0,172,0.8873289465498921,0.016839082870285335,419,219.0,83.0,2575.1904341010045
192300,309,50,129,5,1,174,0.8547804827716861,0.016061112211779104,420,199.0,64.0,2556.605955171825
192400,310,62,122,4,3,181,0.8499238193397167,0.016184647928029865,421,211.0,65.0,2737.546185874336
192500,332,48,129,5,4,194,0.8416920894189868,0.01597185863848326,421,176.0,59.0,2094.1569953229573
192600,334,60,140,3,4,187,0.8473544426041335,0.016282669608163245,422,183.0,62.0,2097.2675904711296
192700,325,55,135,2,4,184,0.8527292373030059,0.016620589595486974,422,188.0,64.0,2086.116151374179
192800,328,62,154,4,0,170,0.859834572542698,0.01688063302521465,423,219.0,80.0,2485.4466754589002
192900,339,56,159,1,4,175,0.8482187863635412,0.017256387575748256,424,234.0,63.0,3384.2552243010305
193000,334,54,146,3,1,184,0.8750519606343768,0.01815117839819326,424,206.0,79.0,2255.505222789034
193100,324,59,145,6,2,171,0.8739340804331805,0.018374812706948726,424,161.0,63.0,1819.4867821209255
193200,317,59,140,6,0,171,0.8877826635145258,0.018621039195941734,425,199.0,70.0,2330.4039153892213
193300,310,59,131,5,3,171,0.865091230336103,0.01827245945854883,425,193.0,59.0,2790.2444610524253
193400,309,57,138,5,1,165,0.8625933004710885,0.017981432330841565,426,198.0,64.0,2597.9736315754403
193500,323,52,135,2,1,185,0.8749537167027673,0.018077325920826986,426,150.0,58.0,1756.7317187014887
193600,328,55,146,4,2,176,0.8591188773853494,0.018539735680349487,427,195.0,64.0,2476.9100170093184
193700,350,44,154,5,3,188,0.8379514294515752,0.01928968455270518,428,146.0,50.0,1803.575849966748
193800,343,48,157,3,2,181,0.8420214482387991,0.01916280579698479,428,188.0,64.0,2137.270900941648
193900,358,53,160,4,0,194,0.8433823188072943,0.019430195141326462,429,196.0,64.0,2563.999545437
194000,378,47,172,1,2,203,0.815944363201142,0.01942841996581653,429,122.0,36.0,1553.3145301957236
194100,392,48,191,2,1,198,0.8224525487888474,0.019806677352224043,430,109.0,42.0,1244.5509772624453
194200,394,56,201,5,0,188,0.8129201448051689,0.019763012116172998,430,133.0,52.0,1495.3781924941634
194300,397,51,204,3,1,189,0.8058922545544672,0.020305519870574898,431,122.0,44.0,1356.5575323054645
194400,406,50,206,3,1,196,0.8022975001642193,0.02043883302379963,431,110.0,43.0,1157.1364429408527
194500,414,44,222,2,1,189,0.7950053355825645,0.0205118100954886,431,61.0,28.0,573.4945005403653
194600,431,50,236,3,2,190,0.8027452305392222,0.020186481962578988,432,94.0,38.0,1004.5787275763215
194700,445,48,244,4,1,196,0.7972643743990322,0.020841722414293162,432,113.0,46.0,1135.5076985608441
194800,441,42,235,6,2,198,0.7998870130285032,0.02144694660566627,432,98.0,32.0,1184.9784244970917
194900,443,43,253,5,2,183,0.7953781709326944,0.02150787223968982,433,69.0,25.0,834.7489411276769
195000,448,48,272,5,1,170,0.7866533822663163,0.02106182973498824,433,70.0,23.0,933.9560334946392
195100,453,51,281,5,2,165,0.7866821902867412,0.020320577670754725,433,53.0,17.0,759.4175837621467
195200,465,49,277,3,3,182,0.7822285775680083,0.0198523118940644,433,47.0,27.0,347.57048015935067
195300,455,49,275,3,4,173,0.7899954405149471,0.020053608324980272,434,51.0,26.0,423.25427553711853
195400,437,51,247,3,1,186,0.8077985678445726,0.020184993495452663,435,102.0,54.0,854.7119703501919
195500,417,45,237,1,1,178,0.828208477870826,0.019947168000423617,435,130.0,56.0,1402.6287452849367
195600,385,49,225,2,1,157,0.8421274280728749,0.020316716240686455,436,133.0,55.0,1463.565890784688
195700,377,52,208,3,0,166,0.8510718606176355,0.01994093601843529,436,159.0,62.0,1931.2763748561963
195800,360,57,185,3,0,172,0.8385006300341169,0.020924381287656002,437,195.0,72.0,2432.228860126312
195900,349,50,176,2,1,170,0.8621121616338963,0.02171486805375441,438,196.0,68.0,2543.286439684213
196000,334,63,162,3,1,168,0.8702145520344728,0.02279250403499812,438,129.0,58.0,1372.0710980885826
196100,344,54,163,1,1,179,0.8633447558169065,0.023806868392586947,439,153.0,58.0,1814.344904424252
196200,330,56,149,2,1,178,0.8677805375502406,0.02441233013883781,439,172.0,64.0,2239.900504384616
196300,332,55,153,3,1,175,0.8649965810225702,0.023754077804947513,438,203.0,59.0,2917.8729802828448
196400,336,58,167,1,3,165,0.8498897892961532,0.024083499956098316,438,156.0,44.0,2320.5990843871655
196500,350,56,161,3,3,183,0.8595813886267368,0.02399723679936653,439,158.0,56.0,2081.123704882929
196600,345,58,166,6,4,169,0.8589594329480661,0.02445076588652439,439,163.0,66.0,2028.5665817239505
196700,362,54,169,5,1,187,0.8489051036383609,0.024889912049833058,439,125.0,54.0,1517.7923059306863
196800,370,53,172,8,1,189,0.8812073514179068,0.025048391452777784,439,148.0,56.0,1920.4752462879283
196900,341,49,161,6,1,173,0.8827515242015617,0.0261857227953838,439,175.0,80.0,2078.3472269393246
197000,330,55,156,7,2,165,0.9075983938443635,0.025908805165250837,439,182.0,76.0,2260.207847626013
197100,297,51,130,9,2,156,0.9401807694682172,0.026814805955961963,439,207.0,89.0,2540.143072989917
197200,294,66,128,7,2,157,0.9556782955468033,0.025935959400720503,440,208.0,70.0,2969.4468426579415
197300,299,55,115,4,2,178,0.9035150439296777,0.025926402585273994,439,245.0,78.0,3635.3554144545506
197400,317,57,121,6,3,187,0.9004612531546534,0.025773120843919608,440,123.0,54.0,1521.3558121429191
197500,315,55,114,8,2,191,0.9125908602175647,0.025797984720487634,440,144.0,70.0,1622.6338666485651
197600,317,59,118,6,3,190,0.9276007864419541,0.025680569671456228,441,192.0,78.0,2502.012972692299
197700,306,61,123,4,1,178,0.8998313503096709,0.026880956649832668,441,241.0,71.0,3776.060357323756
197800,313,69,121,4,3,185,0.9079244676663035,0.02683926157567448,441,136.0,68.0,1523.366976230314
197900,310,61,121,4,2,183,0.9007712240440073,0.025542222425429285,442,224.0,80.0,3187.7597921029355
198000,311,56,119,3,0,189,0.8856210018928837,0.02519576540850501,442,148.0,62.0,1941.9139180050204
198100,314,64,126,4,1,183,0.9303002011393626,0.02523615830211726,443,125.0,66.0,1318.4341236960706
198200,308,65,123,5,5,175,0.9243723257048445,0.024628211148155353,443,212.0,79.0,2940.6729692297645
198300,316,57,127,6,2,181,0.9002069240415377,0.023214383303346013,443,178.0,63.0,2548.9991552537454
198400,321,53,130,5,1,185,0.8862262973132083,0.02364373446859244,443,156.0,54.0,2153.1202793224447
198500,334,53,140,4,2,188,0.8742297691532483,0.022954788022658316,444,184.0,70.0,2583.183377684434
198600,340,50,142,4,1,193,0.8936439968025525,0.023679727205536093,445,151.0,65.0,1862.2630543779771
198700,328,53,139,4,1,184,0.8829000219798859,0.023105113294325512,445,235.0,77.0,3303.870017723666
198800,312,66,141,3,0,168,0.8872391336887434,0.024092565639221814,445,195.0,65.0,2969.9793581804074
198900,323,54,146,4,1,172,0.8986151421509375,0.023209266896251114,446,164.0,65.0,2250.780639291719
199000,318,64,141,1,2,174,0.878676933256098,0.022786160876009872,446,202.0,75.0,2918.406187243319
199100,305,70,131,3,1,170,0.9145866787786907,0.023852898269177324,447,138.0,74.0,1354.1242385404698
199200,323,57,130,4,2,187,0.9069988957505065,0.02492591572035317,447,176.0,65.0,2539.1062005637273
199300,305,61,124,5,2,174,0.9445438439246864,0.025815338848569083,448,187.0,88.0,2157.7128796482652
199400,291,58,114,6,2,169,0.953497206308642,0.02476225145219835,448,203.0,84.0,2718.4908099761783
199500,296,68,129,8,2,157,0.9151972168610698,0.024427983260290113,449,226.0,73.0,3430.4054623522184
199600,300,52,117,7,2,174,0.9305773311232213,0.024095575924427775,449,200.0,74.0,2911.425450936712
199700,317,63,121,6,3,187,0.9006278097743816,0.02358226506588055,450,146.0,55.0,2112.1565286283167
199800,310,55,129,4,2,175,0.8840743364804369,0.0235008713458519,450,179.0,69.0,2608.0870406250706
199900,332,52,134,3,3,192,0.8766710726860062,0.023406243371386488,450,112.0,44.0,1542.6470270531956
200000,352,48,149,5,3,195,0.8787520256555542,0.023346163601038986,451,136.0,61.0,1674.0140437600326
200100,348,61,155,6,3,184,0.8832758661438749,0.023090318611292782,452,152.0,67.0,1918.5382777485218
200200,336,54,145,5,2,184,0.8888840570986961,0.023885841919833086,452,151.0,67.0,1895.010107308836
200300,343,64,162,4,2,175,0.8770415373103374,0.02392481366744223,453,141.0,52.0,2082.1168749256663
200400,352,56,161,3,1,187,0.8856237297276922,0.023847156699100272,453,158.0,66.0,2073.098502750036
200500,351,49,156,4,1,190,0.897643464126953,0.023972665338001388,454,133.0,67.0,1445.4421537232477
200600,334,57,143,3,1,187,0.8931416860601201,0.023613059688547346,454,199.0,74.0,2665.7831685611004
200700,329,47,145,5,0,179,0.9029905531146204,0.022305242361137543,455,173.0,66.0,2414.2838351306405
200800,324,43,144,7,0,173,0.8981271199146261,0.02123442188438081,455,168.0,65.0,2279.8012818404072
200900,319,62,143,8,0,168,0.9306666943056416,0.02111101137425898,456,149.0,67.0,1786.1035077300392
201000,288,68,133,4,2,149,0.9193429808855021,0.021038040913051923,457,247.0,83.0,3596.468558856021
201100,289,69,125,5,0,159,0.9354259729514868,0.020513002226800744,454,177.0,62.0,2521.717657397258
201200,298,58,122,4,0,172,0.8816762068349401,0.019389342520036813,455,185.0,62.0,2716.8057079144914
201300,326,50,126,1,1,198,0.865731547024716,0.018921845601919018,455,114.0,41.0,1666.6270703313012
201400,333,48,134,5,0,194,0.8741669594574479,0.018880120859740553,455,133.0,48.0,1902.8058391793193
201500,354,44,156,4,0,194,0.8658421006131966,0.018757358023185053,456,122.0,47.0,1698.4972135611556
201600,356,53,167,2,0,187,0.8683306639742523,0.019133603216134523,456,143.0,59.0,1841.974005655251
201700,353,48,171,2,4,176,0.8711312166020716,0.019764977908155845,457,146.0,60.0,2012.3727904351117
201800,350,53,165,2,2,181,0.8817986866466027,0.01943090235614502,457,129.0,54.0,1750.8073398896465
201900,358,49,175,5,0,178,0.8544462282941567,0.019228062506450934,458,168.0,56.0,2590.899468492637
202000,363,45,182,4,1,176,0.860657851276013,0.018884618880140328,459,122.0,45.0,1643.9564320215586
202100,358,45,182,3,3,170,0.8591634870886197,0.019598475175023885,459,139.0,58.0,1847.4780698587783
202200,346,53,182,3,2,159,0.8709478657675869,0.020322133400871557,460,143.0,62.0,1855.3134898815829
202300,320,57,161,3,1,155,0.8852097575508859,0.02049159434590499,461,153.0,70.0,1779.7665749462035
202400,323,51,155,3,0,165,0.8781117864288254,0.019906243957776213,461,149.0,62.0,1919.37340442074
202500,321,61,159,4,1,157,0.8963705012711595,0.019881381366570514,462,135.0,53.0,1818.550583793172
202600,333,67,145,4,1,183,0.9048725798591483,0.019573722901054597,463,182.0,62.0,2697.611161589383
202700,333,48,144,6,0,183,0.8882641251391891,0.01930122502215103,463,141.0,55.0,1901.4899111463603
202800,331,57,136,6,0,189,0.8967237289752554,0.018479917683370185,464,131.0,58.0,1580.0535253334178
202900,338,45,143,8,1,186,0.9085250102836415,0.018959874735743416,464,151.0,55.0,2045.4521529162898
203000,357,54,161,8,1,187,0.8958118941657912,0.019297976425762874,464,142.0,43.0,2176.5639943231554
203100,353,54,163,4,1,185,0.8936741523990989,0.019728387897188688,465,192.0,64.0,2742.3295702563573
203200,348,56,164,3,0,181,0.8702753538210302,0.020318417354967918,465,150.0,55.0,1955.3120571781792
203300,377,46,183,1,1,192,0.8440325592797966,0.02083396503583004,466,139.0,41.0,2049.5354819497416
203400,392,50,197,2,1,192,0.848011791432026,0.020717923698523644,466,111.0,46.0,1303.6971127278928
203500,364,48,181,2,1,180,0.8795411677041874,0.02117528046980493,467,144.0,72.0,1569.6774104425556
203600,359,48,176,2,1,180,0.8968460075254133,0.02260279065188062,467,134.0,65.0,1547.427745458505
203700,346,57,176,6,1,163,0.8963029226485969,0.022813054745512606,468,136.0,59.0,1725.3914251646377
203800,331,59,168,7,1,155,0.8787939423951971,0.022700189323213493,468,174.0,57.0,2725.8480809319526
203900,343,56,178,4,2,159,0.8716749065132224,0.022618068240447292,469,126.0,57.0,1573.5285004792738
204000,351,55,165,6,0,180,0.8898225569591942,0.02249895878471622,469,138.0,57.0,1860.3983458126534
204100,331,49,147,6,2,176,0.9131717653759992,0.022031614603741038,469,143.0,69.0,1671.5525914722423
204200,324,45,137,10,0,177,0.9241019762476639,0.02263884404033528,469,124.0,64.0,1372.211514989519
204300,318,51,140,6,1,171,0.9098990212891138,0.02269481910493199,469,155.0,64.0,2109.119483764806
204400,310,54,133,5,1,171,0.9315728055099762,0.022640506273522494,470,136.0,69.0,1463.2866433598601
204500,314,59,131,5,1,177,0.918747775252305,0.02241090592121908,471,174.0,72.0,2272.7293331855926
204600,318,45,129,4,1,184,0.9164881031732323,0.022127366558635828,471,163.0,57.0,2362.0533800162893
204700,309,59,132,4,1,172,0.9055950756728153,0.02200010451937132,472,179.0,74.0,2315.2782109831296
204800,302,71,126,2,3,171,0.9187095555561475,0.021695293818179796,473,187.0,79.0,2453.169929226986
204900,306,60,128,2,1,175,0.9155455160373309,0.020767901578196735,473,213.0,69.0,3210.9237482282338
205000,289,63,110,3,2,174,0.9473875329644472,0.01961808283640367,473,236.0,87.0,3178.4816837241906
205100,285,70,109,6,3,167,0.946459778459397,0.020752665361868625,473,207.0,77.0,2914.332264892649
205200,290,63,117,2,2,169,0.9035924163981311,0.020852935899967825,473,209.0,62.0,3156.1422959469364
205300,320,57,134,3,2,181,0.8738938611059238,0.021144528462960156,473,155.0,51.0,2136.899132163752
205400,322,62,137,4,2,179,0.8829931715943069,0.02148102835031003,474,168.0,66.0,2105.7643543174213
205500,332,55,147,6,2,177,0.866053144813658,0.0213578264034491,473,129.0,59.0,1445.9028671612855
205600,335,55,152,5,3,175,0.8970853550343045,0.02085957838645249,473,124.0,52.0,1450.9919645375248
205700,314,60,137,5,2,170,0.9004831977387492,0.021896588363404586,474,152.0,70.0,1781.7520661594988
205800,313,58,135,4,2,172,0.8994767007606546,0.02218165618461036,474,149.0,61.0,1817.7417744560166
205900,318,57,136,6,0,176,0.8889920700461353,0.022777809102873126,474,167.0,61.0,2266.4533352861185
206000,320,62,136,7,2,175,0.8769358033165411,0.022888055768565296,474,162.0,57.0,2278.7097273918857
206100,310,55,135,5,1,169,0.8738503109222022,0.02243718178694026,474,154.0,64.0,1959.9945996163242
206200,318,51,135,4,1,178,0.8852283368064526,0.02129969182242653,475,129.0,49.0,1831.5845324724191
206300,308,54,138,3,2,165,0.9042745882790741,0.020531689776171525,475,144.0,60.0,1915.6297545764373
206400,311,56,133,5,1,172,0.8883311672522501,0.020361575108967498,475,146.0,60.0,1958.4951441367384
206500,317,56,138,6,1,172,0.8646057229752551,0.020144672276780705,475,136.0,50.0,1807.4247713207205
206600,324,49,133,7,1,183,0.8756545820577909,0.020416870589998994,476,118.0,47.0,1506.3822743048763
206700,321,45,143,5,1,172,0.858823969742337,0.020351490130809412,477,185.0,69.0,2626.5772743550765
206800,325,57,142,3,0,180,0.8503979648812197,0.020274056974110916,477,143.0,60.0,1798.410489183389
206900,349,53,154,1,0,194,0.8283141574725538,0.020707190013163023,478,127.0,44.0,1780.714161111464
207000,344,43,158,3,0,183,0.8322975912304155,0.02077132213186372,478,110.0,36.0,1484.688265747871
207100,353,48,171,6,2,174,0.8160749367994122,0.020547023061869802,478,111.0,39.0,1462.182131194047
207200,359,44,178,5,3,173,0.8215388922491189,0.01987721686349321,479,114.0,40.0,1500.4823344861427
207300,360,49,174,3,3,180,0.8253732880617349,0.019584429269773114,479,109.0,36.0,1338.7169494466018
207400,362,41,175,4,1,182,0.8199248481461625,0.019557810250997638,480,107.0,39.0,1262.6181306584726
207500,365,48,177,2,4,182,0.810865204715939,0.019130660601347806,481,106.0,33.0,1362.2500261057457
207600,369,48,186,1,5,177,0.8155081322767673,0.018922309642370762,481,42.0,18.0,434.6155605686091
207700,379,53,188,4,6,181,0.8094597263766352,0.019344983087519235,482,73.0,33.0,666.3560990313118
207800,375,48,195,3,6,171,0.8048926461056845,0.019007645742388512,483,82.0,30.0,917.111484640616
207900,382,48,193,5,3,181,0.8001203845700627,0.01871104769446697,483,100.0,30.0,1373.438821588194
208000,375,51,201,3,1,170,0.7977594236710681,0.019042889977609487,484,51.0,21.0,529.6580506594481
208100,389,42,200,2,3,184,0.7883042665986097,0.018360580806699715,484,58.0,22.0,666.0902284518181
208200,385,44,210,4,4,167,0.7983251018150098,0.01779835866587831,485,72.0,35.0,664.9020486300838
208300,390,45,218,3,2,167,0.7992668881393464,0.01826462554615125,486,79.0,32.0,768.4718709130336
208400,386,51,212,5,2,167,0.8293592345292846,0.01847689722247611,486,96.0,37.0,909.2625176828283
208500,384,37,204,5,5,170,0.8117079560382626,0.01881918683016666,487,187.0,49.0,2669.1569544392432
208600,361,52,199,3,5,154,0.8181776835521044,0.01829912336072098,488,104.0,36.0,1272.1046013393334
208700,368,40,192,3,5,168,0.799636917631225,0.01815113364194464,488,98.0,31.0,1223.5737716761282
208800,379,52,210,3,5,161,0.7887346792785102,0.018091476692350113,489,69.0,23.0,669.1026499229525
208900,372,48,191,6,7,168,0.8102096519332627,0.01840800442115188,490,112.0,36.0,1149.0615303148904
209000,389,40,196,7,8,178,0.7894838013379146,0.01834607324446223,490,83.0,30.0,709.6699759277263
209100,407,43,209,8,8,182,0.7900936585858933,0.018275827781365033,491,70.0,22.0,612.6515537039265
209200,411,44,207,7,9,188,0.8008901095721664,0.01796660611589981,491,110.0,35.0,1202.1545393788429
209300,416,52,218,6,12,180,0.7888318531134365,0.0179821362683395,491,95.0,21.0,1170.386733056225
209400,404,36,216,7,12,169,0.7875103450666612,0.017258095572266867,491,64.0,18.0,586.0831756821785
209500,408,41,220,11,11,166,0.7882780774809838,0.016171077370727795,491,65.0,22.0,644.0314549578443
209600,408,48,215,10,17,166,0.7881865467597093,0.015741027996263725,485,76.0,22.0,748.1697470278007
209700,409,41,216,11,9,173,0.7888918719018411,0.016199615321252574,485,117.0,38.0,1225.1392081537288
209800,416,44,228,9,12,167,0.7857665565796856,0.014951544488865423,485,95.0,25.0,1066.8916383724775
209900,436,41,233,9,14,180,0.7976100681593637,0.014944975847417183,486,76.0,24.0,730.2477924981758
210000,442,43,228,10,14,190,0.8039521393518756,0.014604015284129277,486,96.0,25.0,934.3546600000334
210100,444,44,227,10,14,193,0.7977877463438047,0.01426809357558401,486,135.0,30.0,1549.7498072992055
210200,428,42,209,10,19,190,0.8050306213533985,0.014332640369484674,487,104.0,34.0,1038.8265376439883
210300,413,47,199,9,16,189,0.8127105747256713,0.014105182694513751,488,131.0,40.0,1278.3572816174508
210400,416,47,207,11,15,183,0.8239061178794542,0.013452389746946982,488,101.0,34.0,778.0843952033259
210500,401,50,200,11,15,175,0.8416417493465645,0.013012564478447616,489,159.0,55.0,1403.6962201480012
210600,390,45,188,12,15,175,0.8266720397976928,0.012962463504837794,489,149.0,43.0,1716.2381313504275
210700,384,44,179,9,17,179,0.8381194298192666,0.012222009966541028,490,162.0,51.0,1777.3997800684665
210800,393,50,173,11,20,189,0.8485493793204186,0.0117508991933874,489,138.0,43.0,1403.02311813563
210900,382,44,171,9,14,188,0.8559409113333739,0.01165446248734671,489,184.0,68.0,1975.5087629336333
211000,382,54,166,10,19,187,0.870792015466884,0.011358727236341907,490,194.0,64.0,2115.959755647291
211100,372,50,159,11,18,184,0.8553560585304902,0.011109310882892222,490,222.0,63.0,2721.6506078541797
211200,373,49,158,7,22,186,0.8398563162002145,0.01132624630051803,489,184.0,42.0,2296.3814694845296
211300,384,50,166,7,22,189,0.8423129623959195,0.011673992786321053,490,142.0,55.0,1300.0243989576502
211400,381,46,175,9,15,182,0.8408844838296345,0.011656314511941067,491,163.0,56.0,1855.4909220867273
211500,399,53,175,10,15,199,0.850874721136916,0.0119192560773837,491,160.0,48.0,1485.422886852046
211600,360,63,165,10,18,167,0.8479103871583135,0.011825453079325109,491,218.0,74.0,2286.0627197407025
211700,368,58,164,10,15,179,0.8652890011600577,0.011808288111912209,492,185.0,63.0,1949.6035243090976
211800,366,62,159,13,16,178,0.8712553904484285,0.01218242069591021,492,192.0,70.0,1957.7680171991776
211900,350,58,148,11,19,172,0.8690107695567053,0.011806947574539416,493,198.0,57.0,2433.557922096278
212000,348,57,136,11,18,183,0.8941067771400287,0.012873926173189734,494,256.0,79.0,2929.060061925388
212100,337,54,139,12,16,170,0.874212096882392,0.012930594210986836,493,253.0,79.0,3083.3612726475667
212200,342,54,135,9,14,184,0.8883565437538901,0.01317152206979891,493,226.0,68.0,2451.653046311631
212300,319,50,137,7,9,166,0.8796192708804776,0.013350092355699051,494,259.0,88.0,3000.592187432755
212400,311,66,140,7,6,158,0.8999897810615793,0.013194143551511835,494,236.0,76.0,2860.429605449928
212500,324,60,129,6,7,182,0.8827843821523735,0.013360676517719093,494,190.0,61.0,2370.406747754775
212600,332,58,133,0,10,189,0.8676678189034892,0.013573327241397957,495,216.0,66.0,2584.188392528039
212700,332,60,130,3,8,191,0.8771499702396088,0.013828541014310478,496,216.0,68.0,2715.324254091335
212800,335,56,128,4,9,194,0.8801703726718488,0.014365101106591786,496,172.0,64.0,1943.9021413095502
212900,323,64,124,2,10,187,0.894035168313784,0.01351959488347179,497,214.0,71.0,2782.579531517431
213000,327,56,135,2,10,180,0.8982797146898215,0.014026470553816586,498,237.0,72.0,3110.4747586867597
213100,335,58,143,1,14,177,0.8414793215736222,0.014300970459791975,498,205.0,65.0,2643.0118238377536
213200,347,54,149,4,11,183,0.838106106306602,0.01382671808837107,499,181.0,56.0,2219.7998217273284
213300,367,50,152,3,9,203,0.8327306320049079,0.014439236052365433,499,128.0,56.0,1224.2473665628825
213400,356,56,166,3,6,181,0.8448787561203143,0.014698642399738435,500,189.0,63.0,2291.1085618843576
213500,344,56,160,4,2,178,0.8427150241152311,0.014980187078242236,501,207.0,72.0,2505.223862231045
213600,358,51,163,3,2,190,0.8245291871438833,0.014889072733428103,501,171.0,53.0,2196.364202441608
213700,356,58,149,2,3,202,0.834964075201795,0.01467366125810741,502,168.0,65.0,1852.1671591782895
213800,369,56,166,2,1,200,0.8333527716318786,0.015043258004530376,502,202.0,72.0,2320.9082518444247
213900,386,61,176,3,3,204,0.8339736217140878,0.015798708341252108,503,220.0,56.0,3155.0573950060702
214000,381,53,166,4,2,209,0.830896453380313,0.015922141489008827,503,207.0,71.0,2635.130595484511
214100,347,57,169,3,2,173,0.8302111991562091,0.015896806652388407,504,233.0,74.0,2883.853766403377
214200,355,59,174,4,4,173,0.8432045221236668,0.01562352635203002,503,177.0,59.0,2122.662159929814
214300,365,52,175,7,5,178,0.8447282994066866,0.01612961083913019,503,128.0,52.0,1474.0801921545892
214400,367,49,160,3,6,198,0.8535811472682181,0.015909412898756817,504,176.0,70.0,1945.857885639108
214500,356,49,163,8,3,182,0.8601143877858282,0.016700654865080402,504,187.0,74.0,2151.3141027752604
214600,351,55,164,7,3,177,0.8564841369783487,0.016650908296025953,505,230.0,76.0,3042.38682508816
214700,337,60,150,3,4,180,0.8495875985205784,0.01711429052126865,505,167.0,62.0,2011.8920416159363
214800,343,54,150,2,1,190,0.8464655715604849,0.01765413826802462,506,194.0,67.0,2450.5233439505278
214900,364,48,168,2,4,190,0.8436311907569418,0.01712534982878513,507,142.0,53.0,1626.454742670175
215000,358,53,163,3,2,190,0.8456564895953733,0.016831144696341258,507,129.0,64.0,1136.6906245128887
215100,375,48,172,4,0,199,0.8312164007080791,0.017160648169958753,508,132.0,53.0,1386.3703807395154
215200,385,51,183,3,1,198,0.8331705676968646,0.01704974827304468,509,153.0,52.0,1690.6302078231975
215300,365,52,175,4,1,185,0.8323273889508462,0.016814719620286276,509,195.0,68.0,2425.2906465281253
215400,374,57,179,3,2,190,0.8363368408030407,0.017038371385862904,510,163.0,65.0,1732.4245098711233
215500,370,56,171,4,1,194,0.849324481897071,0.016255791350961068,511,201.0,76.0,2184.9438318849175
215600,361,62,151,8,3,199,0.8492411962748401,0.01599061698050524,511,219.0,78.0,2504.3486375054613
215700,354,57,146,6,4,198,0.8645349374885859,0.015250176302761185,512,232.0,71.0,2956.830620599747
215800,335,57,143,6,5,181,0.8674867925619745,0.014563173399762864,513,234.0,81.0,2785.314716372946
215900,336,57,138,9,2,187,0.8793042880634357,0.01449626046522041,513,219.0,77.0,2315.3457981220563
216000,337,55,140,6,1,190,0.87261156268714,0.014021461706242617,514,232.0,77.0,2625.7702317079
216100,322,53,138,4,4,176,0.8721817712493882,0.014052439342004638,513,244.0,76.0,2965.5684731968977
216200,329,56,138,4,2,185,0.8632827449837941,0.014589265231770534,512,160.0,65.0,1533.6107806526413
216300,345,52,142,5,3,195,0.8561488303865041,0.015614846623681292,513,159.0,55.0,1628.322370175926
216400,347,56,144,5,2,196,0.8652574153279736,0.015036554642651996,513,219.0,67.0,2496.46335719166
216500,346,50,155,9,6,176,0.8693761024810956,0.013432976922500667,513,188.0,73.0,1745.19874338563
216600,363,60,151,6,5,201,0.8572676228565118,0.013068380279942025,514,181.0,54.0,2106.31073767125
216700,353,59,156,7,5,185,0.8669417126103961,0.013412706565197469,514,261.0,79.0,2983.958559928118
216800,364,50,159,5,3,197,0.8710210869586958,0.012965394047807922,515,145.0,61.0,1471.6210521064068
216900,358,59,153,8,7,190,0.8896256955223351,0.013682191779172721,515,205.0,79.0,1981.6355462871468
217000,333,52,138,7,5,183,0.8763117257870499,0.013417745290063255,515,309.0,100.0,3379.083816179052
217100,322,59,131,4,2,185,0.9001996660819573,0.013359887201213012,515,251.0,82.0,2706.243561094332
217200,334,58,142,2,3,187,0.8645850253492474,0.013656427409609135,515,248.0,68.0,2831.3726123766664
217300,346,51,159,1,3,183,0.8509208023742107,0.013679675759276456,516,156.0,46.0,1585.5199287668972
217400,354,55,153,1,4,196,0.838276698334987,0.013763072221471918,516,162.0,57.0,1570.4214276555515
217500,373,48,163,5,8,197,0.830956683910239,0.014199734893689624,517,242.0,58.0,2561.61092093955
217600,394,56,178,5,10,201,0.827721233269545,0.014369153290941728,517,147.0,44.0,1341.8509275332365
217700,403,50,182,3,5,213,0.8253223836484268,0.014438788349796667,518,187.0,55.0,1830.3004352949977
217800,413,58,202,3,6,202,0.8262084909559249,0.014523352510373818,519,177.0,61.0,1558.3242798817478
217900,418,48,209,2,7,200,0.819219207120535,0.0148889397060392,519,166.0,56.0,1471.0267099132063
218000,416,49,210,3,7,196,0.8341881067142624,0.015198367474612394,520,184.0,58.0,1700.5020822428683
218100,398,55,197,3,8,190,0.8349775191535369,0.015540964919219358,520,216.0,75.0,1991.5430941364225
218200,399,52,198,4,7,190,0.8352371788552302,0.014907976435421693,521,183.0,63.0,1705.0275962564406
218300,383,55,194,7,2,180,0.8532777449208915,0.015643374396308276,522,245.0,85.0,2222.5969664993236
218400,368,54,167,11,3,187,0.8775947332097793,0.015231868272848692,522,310.0,95.0,3128.9489901435977
218500,323,59,149,9,2,163,0.8561702284010226,0.014315815986539231,523,356.0,104.0,3943.6967429419537
218600,316,57,145,9,2,160,0.8626691441736641,0.014142494651028091,523,254.0,74.0,2806.9038257066595
218700,321,60,147,3,1,170,0.8410464902315445,0.013941232954784458,524,280.0,77.0,3501.804058346139
218800,335,62,145,0,1,189,0.8246551217195138,0.014477702599570045,524,228.0,56.0,2476.7151341894037
218900,353,56,149,3,1,200,0.8310820012445134,0.015147786672522453,524,208.0,67.0,2116.121374805537
219000,353,45,153,5,3,192,0.8301379108316015,0.01526090788517015,525,243.0,75.0,2439.504470947897
219100,368,48,158,4,8,198,0.8350968203012042,0.015647937297222678,518,189.0,63.0,1941.3035500779079
219200,359,56,159,5,5,190,0.8439758675771465,0.015862953193134303,519,220.0,73.0,2162.630478974724
219300,360,49,160,6,5,189,0.8412325640940793,0.01576147958138992,520,253.0,75.0,2569.3031521261346
219400,353,51,167,5,3,178,0.8486489522149355,0.015171177423919144,520,225.0,72.0,2286.0486370116378
219500,343,59,160,4,5,174,0.8421762194917838,0.01513495436376562,521,308.0,77.0,3385.960586766479
219600,337,63,153,2,4,178,0.8369326068537781,0.015093639519448624,522,267.0,75.0,2878.785318767722
219700,345,53,147,5,5,188,0.8381099986551481,0.014977977661664005,522,242.0,72.0,2348.0356280188676
219800,359,66,148,3,5,203,0.8338017195966625,0.01439301645657631,523,256.0,67.0,2662.6554187575057
219900,360,52,149,2,6,203,0.8399969843279548,0.013635028599286069,523,258.0,70.0,2466.2513633740914
220000,352,54,148,4,6,194,0.8570569789044817,0.014161061498577905,524,267.0,82.0,2608.460736989021
220100,332,58,143,3,9,177,0.8519131073684311,0.01392472536659845,524,269.0,81.0,2758.9014492747033
220200,314,57,120,2,6,186,0.8476954210107821,0.014509768027097568,524,318.0,96.0,3235.6272269482697
220300,308,62,121,1,5,181,0.8715906722885954,0.013202769168307893,524,271.0,86.0,2724.382373625804
220400,298,64,110,1,4,183,0.8697514060700562,0.013818443277762504,525,285.0,90.0,3104.7009378427438
220500,300,69,112,3,3,182,0.8769327195260739,0.013601476783733123,526,288.0,84.0,3086.1458946914677
220600,287,59,100,2,5,180,0.8963243570407038,0.012771585481485624,526,345.0,103.0,3563.391412325527
220700,276,67,101,2,5,168,0.9004529533926612,0.012011252911142347,527,305.0,84.0,3395.241572363162
220800,291,67,99,1,6,185,0.896665257629564,0.010251082099935529,528,298.0,84.0,3342.0569725658265
220900,277,81,99,1,3,174,0.884596589493642,0.010344243218937883,527,298.0,84.0,3379.089555415468
221000,282,66,104,2,4,172,0.8926193349851057,0.010640112790029481,527,252.0,71.0,2956.2522321513206
221100,297,66,117,2,2,176,0.8735581387284919,0.00937931327753312,528,255.0,67.0,3149.9942642485125
221200,309,62,114,3,2,190,0.9007859441753334,0.009850728575622454,529,241.0,76.0,2666.1934123255046
221300,307,58,111,3,2,191,0.8821286245292831,0.009835624895332186,529,232.0,77.0,2545.607137768346
221400,316,73,116,3,5,192,0.8970656398034876,0.010172548072876582,529,295.0,81.0,3744.021638446448
221500,306,73,124,2,3,177,0.9015706088652304,0.010687041658811942,529,245.0,86.0,2875.089133570253
221600,307,65,124,2,1,180,0.8703276959833649,0.010701366594742282,530,248.0,80.0,2974.071714589564
221700,313,74,124,1,3,185,0.8931072744084276,0.01039785715064589,531,239.0,71.0,2834.357949309938
221800,306,69,122,4,1,179,0.8780134949820682,0.009664353185513891,531,300.0,82.0,3911.0763994635754
221900,329,58,136,2,3,188,0.8557083097635614,0.008729272191164815,532,192.0,62.0,2310.736787872735
222000,345,73,144,2,3,196,0.8607352802793796,0.008791842863341306,533,214.0,71.0,2473.1116337264652
222100,353,58,146,5,0,202,0.8499525338235556,0.008129255475622963,533,213.0,78.0,2434.7162542236224
222200,360,59,144,2,1,213,0.8507318252588144,0.007911987446056664,533,197.0,73.0,2260.6080719324864
222300,350,59,141,2,2,205,0.8732451527097006,0.007841040728699587,534,277.0,102.0,3334.694728848399
222400,337,60,145,4,3,185,0.8975594559887298,0.007934395058802291,534,237.0,87.0,2826.28289884831
222500,320,65,134,2,2,182,0.9262967581270136,0.008250041476210076,535,303.0,95.0,3752.3909402997306
222600,309,68,139,0,5,165,0.9019580047409754,0.008083942108089796,536,318.0,97.0,4107.351684156032
222700,307,63,127,1,3,176,0.91080558518681,0.007618329651301757,536,271.0,87.0,3648.4728803367784
222800,320,65,132,0,2,186,0.8922437786609819,0.007318629660601858,537,260.0,67.0,3897.266169823338
222900,324,66,143,1,3,177,0.8840354285571719,0.007277011207463954,537,147.0,66.0,1496.7500166412387
223000,348,56,146,2,3,197,0.8811550037333032,0.007021838162679055,538,177.0,62.0,2128.9630074022793
223100,347,62,148,4,6,189,0.8875332206871744,0.007104505841437098,538,231.0,71.0,3134.5755792239065
223200,351,63,147,4,4,196,0.8791390338160266,0.0069031424525880505,539,210.0,75.0,2525.480540362606
223300,350,54,149,2,3,196,0.8695805611313373,0.007104625299406628,539,213.0,82.0,2633.89033480694
223400,350,53,147,3,2,198,0.8877679822535427,0.006851293546626466,540,232.0,83.0,2868.291980549121
223500,334,60,144,5,0,185,0.8816273535894621,0.007113278474495725,540,209.0,83.0,2420.8830748311857
223600,344,63,152,6,2,184,0.8930450065339456,0.007250023558356344,541,201.0,76.0,2328.8958273671774
223700,341,68,153,4,4,180,0.8936710153273484,0.007473808965078097,542,287.0,87.0,3834.438906377968
223800,335,62,146,1,3,185,0.8792967411520434,0.007405608198266396,541,253.0,79.0,3261.6857319293695
223900,337,65,157,2,1,177,0.8965397915934407,0.00788322162682826,542,190.0,75.0,1966.9598063970425
224000,351,54,152,3,3,193,0.8947987624026417,0.00802434953801459,543,216.0,79.0,2631.591596020596
224100,343,54,149,7,2,185,0.8945099251105944,0.007911938414955539,542,225.0,83.0,2675.577035601481
224200,335,54,139,9,2,185,0.9077584737592996,0.008160211992282949,539,172.0,78.0,1789.124694324366
224300,306,60,121,5,0,180,0.9431595135069668,0.008239803838273902,539,318.0,122.0,3877.9037220812556
224400,302,63,125,5,2,170,0.9384933029966549,0.007858235665466352,539,234.0,81.0,3281.6709643940153
224500,294,72,128,6,1,159,0.9272239429953686,0.008474051026530953,539,289.0,95.0,4172.432349418168
224600,294,69,111,5,2,176,0.9456474961834542,0.008369809082931197,540,226.0,82.0,2856.1866767810343
224700,295,59,102,4,2,187,0.9317869748404787,0.008305393266196014,541,235.0,85.0,3131.12061214239
224800,289,68,98,4,2,185,0.9520534307299605,0.00867510885977495,541,231.0,86.0,2835.2146002179547
224900,300,66,104,7,4,185,0.9284553225061567,0.009364061205948163,541,221.0,62.0,3183.709930873416
225000,307,62,114,6,3,184,0.9154732988534647,0.008915749956694061,542,231.0,74.0,3194.3163778873
225100,324,65,120,6,2,196,0.9190716914112625,0.009115814064654334,543,189.0,73.0,2313.729608538088
225200,310,73,123,2,1,184,0.9129558343727449,0.009563609788116299,543,249.0,87.0,3148.7445623569083
225300,323,57,125,2,4,192,0.9075486175401368,0.009407786892550993,543,225.0,80.0,2805.912370532159
225400,327,68,132,7,4,184,0.8930770435908281,0.009343070264359129,543,220.0,71.0,2782.1455570131398
225500,324,76,135,2,3,184,0.8838708860062179,0.009972759386479752,544,248.0,84.0,3014.015278642038
225600,315,69,129,1,4,181,0.9109441620368144,0.010388206239397428,544,236.0,89.0,2880.987151251023
225700,314,62,127,3,4,180,0.8962274690863287,0.010711882335036619,545,293.0,90.0,3925.0309028041934
225800,317,68,122,3,3,189,0.8965577891621616,0.01131493121441662,546,243.0,86.0,2876.4482032692927
225900,318,65,134,5,4,175,0.9065855234324237,0.011525522323253903,546,223.0,75.0,2995.4205477159567
226000,317,61,126,5,1,185,0.8828180332024137,0.011270943869890216,547,251.0,91.0,3107.0083508862017
226100,316,55,124,2,1,189,0.8965922428481425,0.010963109475758131,548,253.0,85.0,3403.0918996642863
226200,324,65,133,3,3,185,0.9109231804557796,0.011032638023196978,548,179.0,75.0,1845.1217380374526
226300,315,68,129,7,1,178,0.9108146175490721,0.011249438409418656,548,232.0,88.0,2760.959454421858
226400,311,60,125,6,1,179,0.898559774709112,0.010607648004018094,548,250.0,91.0,3160.4984474216017
226500,303,60,123,3,0,177,0.8833085214404639,0.010306169080707042,548,273.0,92.0,3571.2458123415545
226600,306,65,126,3,0,177,0.901444938449615,0.0103979418647085,549,188.0,75.0,2058.0334342910646
226700,316,67,134,4,0,178,0.901895142018595,0.009860481776928904,549,208.0,70.0,2557.8052634118135
226800,312,63,126,6,2,178,0.9241356290488494,0.010211899843645268,549,206.0,90.0,2138.831247586046
226900,319,67,116,5,1,197,0.8882544049589594,0.009676402355860238,550,245.0,72.0,3344.3822103232505
227000,322,65,122,7,1,192,0.8624544390968484,0.009417071585079909,550,178.0,65.0,1948.6346027473871
227100,336,63,128,3,4,201,0.8829677974213138,0.009304812913963364,550,176.0,65.0,1829.5497913109966
227200,339,47,134,8,6,191,0.872342757116741,0.009315961004577659,551,211.0,77.0,2448.635447548191
227300,339,53,142,4,1,192,0.8691599805274617,0.008975637517734966,552,209.0,76.0,2380.335225009869
227400,328,63,139,4,4,181,0.8478764506678288,0.008676836431556907,552,224.0,73.0,2839.374836448592
227500,343,52,159,4,3,177,0.8458585802389952,0.008424308634649968,552,168.0,53.0,2153.6372625087956
227600,365,50,158,2,5,200,0.8423623509578861,0.00806053567958046,553,187.0,58.0,1963.199665257426
227700,349,55,158,1,3,187,0.8539885573855535,0.008350616799789531,554,239.0,93.0,2739.853165611485
227800,331,50,147,2,1,181,0.8610948572638859,0.008107259083922805,554,270.0,87.0,3290.8064708250226
227900,332,59,149,3,5,175,0.8552746839104834,0.008100262516984482,555,219.0,72.0,2834.0973502421975
228000,362,58,147,3,5,207,0.8631093930101948,0.007892147134393025,556,185.0,60.0,2149.188894561781
228100,349,56,158,7,1,183,0.8437437867356854,0.007993976090063559,556,200.0,71.0,2391.742355505466
228200,333,54,152,4,0,177,0.8622914723009951,0.008394239182397406,556,244.0,89.0,2933.9131185323886
228300,351,56,155,6,2,188,0.8610767646751014,0.00855002516167927,556,172.0,65.0,1858.8391763543013
228400,358,57,156,4,3,195,0.8628187228701597,0.008340846085896936,557,209.0,66.0,2668.829311052745
228500,353,53,140,2,3,208,0.8653128697274753,0.008948228156284745,557,224.0,82.0,2508.8747751395777
228600,341,63,148,2,3,188,0.8502508510167337,0.00917111472090281,558,211.0,75.0,2363.3502560289094
228700,343,53,153,1,1,188,0.856923394339413,0.009451468659977617,558,227.0,81.0,2658.0357805699814
228800,330,54,158,1,0,171,0.8458419088631031,0.00888342357705551,559,278.0,86.0,3414.2246003799232
228900,343,49,147,1,1,194,0.8560065686811933,0.008953774101573005,560,176.0,61.0,1880.6964450274897
229000,341,63,149,4,1,187,0.8634817907966161,0.009232232353794372,560,225.0,66.0,2893.489079470352
229100,339,65,154,5,1,179,0.8704072761541874,0.009285162991753292,561,186.0,63.0,2143.1289249458255
229200,331,48,140,6,3,182,0.8820027876250426,0.008732015600103121,561,194.0,80.0,1923.0483888575218
229300,320,60,136,4,4,176,0.8735808993764561,0.009371222241491544,561,242.0,85.0,2911.127177262245
229400,321,60,124,6,2,189,0.8851099577729069,0.009638383905328785,562,241.0,82.0,2778.2815328453576
229500,337,58,131,3,1,202,0.8622907327451866,0.009383997660522477,562,226.0,67.0,2702.801899225006
229600,333,45,126,2,4,201,0.8653929198453789,0.009623943307746977,562,245.0,80.0,2811.011263993014
229700,333,55,128,2,4,199,0.8801675760281784,0.009865579194323664,563,156.0,64.0,1571.4984569868604
229800,323,59,133,3,4,183,0.8735648994582242,0.009577195244666312,563,227.0,89.0,2367.618659656198
229900,320,55,128,3,8,181,0.8916489670152963,0.010149198650067446,563,220.0,79.0,2375.9419199580393
230000,310,55,133,6,4,167,0.8854160121733039,0.009975679333125159,563,219.0,79.0,2302.311781956574
230100,308,64,135,5,3,165,0.858662570111762,0.010044307327118304,563,260.0,76.0,3336.3703320902114
230200,307,67,127,4,5,171,0.8650702088956946,0.010224108483211087,564,186.0,68.0,2085.58099863616
230300,320,47,129,3,3,185,0.8541902639871667,0.010587303602314076,564,137.0,49.0,1568.6758921805247
230400,339,54,145,3,4,187,0.840958702800181,0.010873560008128851,565,143.0,46.0,1664.6242721694694
230500,370,61,172,3,1,194,0.8128180090166454,0.011024850301006719,565,121.0,35.0,1376.544125943838
230600,418,48,190,5,4,219,0.7995372918962919,0.01090648529268003,565,87.0,27.0,919.3739011644359
230700,429,37,208,4,2,215,0.7890892075998479,0.010809165429804542,566,108.0,40.0,959.4797823870581
230800,438,41,221,2,6,209,0.7993437184047513,0.010841667330385697,566,104.0,35.0,1014.6376894291067
230900,456,43,247,4,7,198,0.8079558637415807,0.011034909607715056,567,95.0,36.0,819.425702068207
231000,471,46,264,5,8,194,0.7935903760217783,0.011288499503017569,566,114.0,35.0,1132.1355792578395
231100,487,37,264,5,12,206,0.806270977527409,0.011744884103045191,567,107.0,33.0,985.003979292161
231200,471,46,263,10,13,185,0.8070369754153753,0.011660366949953552,568,152.0,48.0,1525.3266016506414
231300,472,47,259,12,12,189,0.8079777998085973,0.011916839315109626,567,110.0,47.0,842.0685647068385
231400,455,41,252,13,9,181,0.8125673890503182,0.012219049093895944,568,149.0,55.0,1477.0773439278535
231500,446,36,246,9,10,181,0.8160287400020647,0.012578222837599812,568,167.0,62.0,1723.68079278365
231600,438,42,235,6,7,190,0.8104421924040998,0.012829736966360037,569,147.0,55.0,1523.0723216350889
231700,413,44,227,3,5,178,0.8187680434301958,0.013192781968035949,570,139.0,57.0,1470.948903530755
231800,430,41,225,4,7,194,0.8096479042840127,0.013515115255766574,570,129.0,40.0,1463.2746460655621
231900,416,42,228,3,3,182,0.8073941201052766,0.013342481482982265,571,146.0,51.0,1476.7454205561044
232000,391,44,213,4,1,173,0.8128964324705816,0.013411720412305627,572,184.0,69.0,1902.835099494541
232100,403,39,219,3,4,177,0.8177589237274132,0.013659262977793086,572,101.0,34.0,1101.5080057277644
232200,400,39,218,5,5,172,0.8025563460213092,0.01341572043662761,572,112.0,39.0,1203.8886147771577
232300,421,39,225,3,3,190,0.7949230126333003,0.013710661866443399,571,57.0,25.0,532.3575820593107
232400,439,46,230,3,3,203,0.7827514326891047,0.01348187285700963,571,76.0,19.0,998.6827021875325
232500,452,41,249,4,6,193,0.7852543298758026,0.01343117371764177,571,76.0,18.0,959.121193373227
232600,465,40,260,4,4,197,0.7794182131030238,0.013106567439566525,571,41.0,13.0,298.9787717772159
232700,485,45,288,5,6,186,0.7834212495771793,0.012763354366397419,572,70.0,15.0,813.5573746534684
232800,498,39,299,4,10,185,0.7712149309603835,0.012081030268452784,572,85.0,25.0,924.6153481505394
232900,524,41,323,4,13,184,0.7714821810581689,0.011929626458652148,572,60.0,15.0,528.5178498164881
233000,522,44,323,5,12,182,0.7697960370494599,0.01162465585450015,572,45.0,14.0,250.77640831896613
233100,538,39,331,4,14,189,0.7745790884666377,0.011598647925231787,572,94.0,27.0,951.2450463417531
233200,535,47,332,6,13,184,0.7723356659131606,0.011257518203645052,572,75.0,23.0,611.9435479716287
233300,549,42,331,10,11,197,0.7691603897375175,0.011145937988129807,573,109.0,33.0,1122.0650757719334
233400,563,37,341,10,9,203,0.7716132461090397,0.010874572860249869,574,77.0,25.0,648.0905237299493
233500,548,39,326,10,9,203,0.7699240608875848,0.010839647176578203,574,84.0,34.0,640.7531672668586
233600,552,36,331,10,8,203,0.7688242100982193,0.010660296957245036,575,117.0,36.0,1053.3659157646362
233700,551,38,342,11,6,192,0.7756926232348587,0.010920364615613094,576,75.0,21.0,567.6387954388264
233800,529,38,327,8,6,188,0.7763560098971963,0.010461702278086396,575,98.0,28.0,1022.2240263652775
233900,539,43,335,8,10,186,0.7729430257905319,0.01031687110467816,576,49.0,18.0,318.2912181605231
234000,530,39,335,8,11,176,0.7741240119059313,0.010108225450538685,577,77.0,25.0,811.1220125182597
234100,558,35,349,8,10,191,0.7726995232368004,0.009824935581693055,577,48.0,14.0,335.9506174889783
234200,561,37,362,4,10,185,0.7664238533456914,0.009591660149600386,578,86.0,21.0,676.913454602071
234300,587,35,366,5,10,206,0.7688454572691116,0.009282173319732407,579,95.0,15.0,939.9478198706064
234400,588,39,369,6,18,195,0.7633396278539172,0.00939596732100391,579,112.0,26.0,767.5694432547726
234500,594,39,369,5,15,205,0.76632360175558,0.00966631207455645,580,86.0,25.0,693.7143708695605
234600,601,43,375,6,21,199,0.7658295415576206,0.00963978987683801,581,94.0,29.0,710.4315661125985
234700,614,37,378,5,18,213,0.768488607941973,0.009903701571612517,581,110.0,28.0,850.365807299356
234800,626,41,397,5,14,210,0.7703458988847149,0.01003519251030161,582,100.0,26.0,871.4880227511075
234900,631,37,393,7,17,214,0.7694394173184563,0.009839443152227437,582,126.0,37.0,989.7428060195858
235000,628,40,397,5,17,209,0.7589881179571322,0.009540983806800397,580,132.0,28.0,1195.326434628404
235100,633,39,394,7,21,211,0.760401312889768,0.009533502052675088,581,80.0,19.0,566.1271722593701
235200,651,33,409,10,16,216,0.7595194824573538,0.009239783458210415,582,84.0,12.0,648.4644747131973
235300,664,34,423,11,21,209,0.7585406250542673,0.009339859077009892,582,97.0,17.0,675.2822311968612
235400,678,35,417,12,29,220,0.7606781806593647,0.009514148355335995,583,99.0,17.0,641.9840623084675
235500,674,38,411,13,29,221,0.7605607277189723,0.009896614282454808,583,161.0,41.0,1088.6427935358488
235600,682,31,411,14,30,227,0.7642203950866463,0.010143375073702823,584,98.0,18.0,792.4354375744971
235700,684,39,415,12,35,222,0.7632020555151564,0.009636893713124848,584,154.0,38.0,1068.8829149117978
235800,681,37,413,15,34,219,0.7667427569981916,0.00976677920824202,585,141.0,34.0,1072.8705808132734
235900,684,30,417,15,32,220,0.7648495011463821,0.009805236735140044,586,133.0,31.0,1078.4616945670489
236000,681,36,420,14,33,214,0.7648738463393394,0.00985870634871391,586,137.0,31.0,1005.4971046132523
236100,668,41,419,11,31,207,0.7631028489034408,0.009841628645958504,586,189.0,44.0,1416.9731985808994
236200,654,38,410,11,38,195,0.7700825426307878,0.010074904362312018,587,157.0,42.0,1118.8888584557649
236300,643,35,412,9,27,195,0.7661278461815714,0.009679347014726159,587,132.0,32.0,944.3476723116139
236400,658,38,413,12,21,212,0.7690467636147726,0.009658421804776605,588,141.0,27.0,1098.3639242281808
236500,662,33,396,11,20,235,0.7731369404515767,0.009950365033859852,588,115.0,41.0,722.1148284165488
236600,651,37,387,14,24,226,0.7730606083750403,0.009794421441539096,589,135.0,43.0,991.1707629182788
236700,639,38,372,16,28,223,0.7756322572342824,0.009452959792557643,590,160.0,49.0,1231.09751711091
236800,606,42,357,23,35,191,0.7822940676872985,0.009693255501783873,590,223.0,65.0,1774.6838149926657
236900,591,37,346,17,27,201,0.7859559529491759,0.00978429971835164,591,180.0,65.0,1289.1268066223104
237000,590,39,331,12,22,225,0.7809443140147216,0.009470687989665343,591,198.0,64.0,1710.8341741114818
237100,572,35,316,15,20,221,0.78562592803791,0.009459380596791172,592,185.0,52.0,1487.738208403321
237200,550,38,292,16,24,218,0.7874128107081957,0.009722587576615968,592,241.0,74.0,2115.005346192624
237300,543,42,318,13,22,190,0.7812928186019225,0.009556972807614765,592,134.0,39.0,1081.8874575473474
237400,555,35,322,12,21,200,0.7780892300774399,0.009611919627568372,593,117.0,34.0,914.492512749193
237500,541,44,304,12,22,203,0.7842094389646987,0.009983063519770304,594,169.0,58.0,1205.453028720515
237600,533,41,303,8,20,202,0.7860897762754743,0.010227882535420509,594,186.0,59.0,1717.7012611065857
237700,540,36,310,9,20,201,0.7860405345663958,0.010038550159504158,595,170.0,51.0,1501.36579353472
237800,540,41,310,13,15,202,0.7878329327934858,0.01030380075492679,596,162.0,49.0,1420.6463111201028
237900,542,40,290,11,14,227,0.7884408142752041,0.010466995004082031,596,146.0,46.0,1316.9595853555245
238000,548,37,301,8,17,222,0.792678478551248,0.010847489265759801,597,145.0,41.0,1310.9829188463577
238100,551,39,307,7,13,224,0.7911172052630401,0.010829719585634947,598,184.0,57.0,1577.54322319235
238200,547,39,310,6,16,215,0.789218856735072,0.010873584840096536,598,170.0,49.0,1451.4198748898302
238300,537,37,299,7,18,213,0.7935779731771515,0.010952552816582138,598,181.0,62.0,1432.8714354542026
238400,537,45,304,6,20,207,0.7988006606454123,0.011236600219642864,598,150.0,49.0,1214.0575050877037
238500,508,41,299,5,13,191,0.8037431386392808,0.01114920664460459,598,176.0,64.0,1527.3885581728618
238600,493,48,279,12,10,192,0.8125078632345027,0.011789862143298165,599,206.0,68.0,1948.2107508985573
238700,482,45,276,11,8,187,0.8021224998995743,0.011463268836308214,599,197.0,54.0,1913.0872254511044
238800,493,45,269,13,6,205,0.7980224394259111,0.01121094754567333,599,152.0,46.0,1441.2859353281276
238900,499,40,284,11,3,201,0.7908390511622084,0.010904205901401785,599,123.0,37.0,1194.0453692215724
239000,511,44,290,8,5,208,0.7863553590231379,0.010747398873751935,599,121.0,45.0,1001.3559914613777
239100,513,36,298,7,8,200,0.7849418628357133,0.010342989985062027,600,102.0,39.0,899.1060167788435
239200,510,39,301,6,5,198,0.7892091742712591,0.010512608356596778,600,201.0,65.0,1944.9850359791303
239300,503,42,303,6,8,186,0.7895367008110252,0.010585663522436483,601,153.0,42.0,1564.5063379192914
239400,499,43,300,7,3,189,0.7917782963337661,0.010848382469413949,601,191.0,63.0,1714.9962304782616
239500,494,39,292,6,6,190,0.7969507945466681,0.011227130944224171,602,194.0,65.0,1799.9906194906796
239600,490,34,282,3,7,198,0.7934863308109686,0.011095668389360547,603,181.0,60.0,1657.6478288809446
239700,505,41,286,6,5,208,0.7937437335684074,0.011407056354924257,603,163.0,53.0,1431.4344569351103
239800,500,34,284,4,7,205,0.797698544314477,0.011474121495607366,604,204.0,65.0,2035.8635744070216
239900,505,40,288,5,7,205,0.8037785885089119,0.011673188598209136,604,172.0,56.0,1588.943461881548
240000,506,36,284,7,5,210,0.7941564602663919,0.011352003398761945,605,207.0,66.0,1975.770858407612
240100,494,44,276,5,2,211,0.7933233336596902,0.011755576016353056,605,192.0,69.0,1926.4306089303716
240200,503,55,279,4,4,216,0.7921758139150284,0.012111583994152566,606,179.0,59.0,1727.8495182287759
240300,511,39,280,6,5,220,0.797661737832071,0.012062373697425311,606,196.0,67.0,1819.3718164685854
240400,506,35,281,7,6,212,0.7988267400211648,0.012353348064374338,606,166.0,50.0,1559.1890817112276
240500,507,42,286,8,7,206,0.7975347037257302,0.012667758613074327,606,202.0,59.0,2006.5204098689553
240600,503,45,291,5,7,200,0.7935603258765102,0.012887552721717491,605,244.0,66.0,2566.6876778081364
240700,521,42,299,7,4,211,0.7851979035764822,0.012131702475787364,605,110.0,36.0,991.9271236101298
240800,540,41,302,9,3,226,0.7880988664707007,0.0127613520899916,606,165.0,49.0,1521.218890411219
240900,536,45,305,8,6,217,0.7952912383738908,0.012742779195732431,606,151.0,48.0,1267.4165010843592
241000,545,40,312,7,9,217,0.786512570792617,0.012790989773632225,606,169.0,52.0,1605.7479582422516
241100,550,43,308,11,14,217,0.793744915305604,0.012341786973903429,606,157.0,50.0,1417.893812620566
241200,532,46,305,8,14,205,0.7978361015179684,0.01262765588545115,607,238.0,64.0,2360.1710534334156
241300,542,45,303,8,13,218,0.7946176770515843,0.012803802366437625,607,161.0,51.0,1619.8686926684034
241400,549,41,301,6,14,228,0.7964964090994066,0.012835805018552818,608,189.0,57.0,2015.3497993405213
241500,538,42,300,8,14,216,0.8027036517568699,0.013238980502862884,609,173.0,60.0,1504.2674615393048
241600,535,38,304,9,13,209,0.805625356711521,0.012914244458679499,609,178.0,60.0,1731.6423788675643
241700,536,38,323,6,9,198,0.7962017683473227,0.012668876158994348,610,230.0,70.0,2478.404821472333
241800,550,42,325,6,9,210,0.7854108316746967,0.012179850751624196,611,145.0,42.0,1529.9149875537632
241900,577,45,330,8,17,222,0.7786981469628033,0.01204432644365594,611,155.0,45.0,1541.1799196584855
242000,596,40,345,10,13,228,0.7812996105824944,0.012252253459441654,612,126.0,31.0,1319.213070810917
242100,611,35,365,9,12,225,0.7733340330345788,0.01214225501954084,613,68.0,21.0,621.4807331537022
242200,652,39,381,11,18,242,0.7749971667497378,0.012142397015856557,613,88.0,28.0,795.9006295432055
242300,655,41,393,11,20,231,0.7723142691671135,0.012143330514977188,614,155.0,47.0,1485.327134356237
242400,677,33,402,12,20,243,0.7760693791328531,0.012031293989352316,614,134.0,38.0,1247.2136506444529
242500,682,35,417,14,21,230,0.7850462091562233,0.012260201345987915,615,128.0,37.0,1196.735342228955
242600,672,37,409,17,23,223,0.7819263401634198,0.01217718073058989,616,168.0,57.0,1710.5409166893687
242700,688,36,414,17,28,229,0.7858134293842575,0.01239759858786267,616,136.0,33.0,1202.2050337082928
242800,695,38,411,22,35,227,0.7834731625997461,0.012542058251574586,617,149.0,40.0,1441.539391401002
242900,680,39,401,21,33,225,0.7956952822803174,0.012726794684097029,618,200.0,63.0,1965.0049977970468
243000,665,41,390,22,33,220,0.7921750417223846,0.01281521116601953,618,179.0,62.0,1473.6929196695332
243100,663,35,393,16,31,223,0.7956868810656097,0.012895949214318407,619,177.0,57.0,1516.9704025261797
243200,646,40,374,10,32,230,0.7965570160552804,0.013707839171662224,620,217.0,66.0,2498.46137075602
243300,647,32,367,11,32,237,0.7912401652091466,0.013682765494693607,620,200.0,60.0,1668.453252642
243400,647,38,381,11,32,223,0.7903231355177601,0.01410132794299938,621,176.0,53.0,1584.3047023576833
243500,647,39,383,11,27,226,0.7882317537417052,0.013862541958319376,622,126.0,39.0,1013.9624743331325
243600,638,38,375,10,39,214,0.798085727543285,0.014370180461348686,622,186.0,61.0,1602.1621931785173
243700,643,44,368,9,35,231,0.7914744400224805,0.013917914914324345,623,169.0,53.0,1475.1438019428665
243800,635,43,360,10,32,233,0.7931107376687925,0.01408021992665453,623,169.0,53.0,1629.9512769272271
243900,626,40,348,12,29,237,0.8035899246437095,0.0146993385858182,624,208.0,72.0,2050.5475664609244
244000,627,36,354,11,31,231,0.792226429822145,0.014452481627933474,624,225.0,58.0,2740.772364940445
244100,639,30,359,13,27,240,0.7927347448962008,0.014694287392684035,624,147.0,56.0,1252.806892137936
244200,611,38,341,12,26,232,0.8117597490754639,0.01620341598213575,625,236.0,91.0,1998.8569730192214
244300,581,31,318,12,24,227,0.8124865344435974,0.016932100829350333,625,258.0,80.0,2471.1593276009303
244400,549,43,310,9,22,208,0.8217610148883544,0.017558819441148205,626,279.0,84.0,2843.8847305551994
244500,536,46,301,8,16,211,0.8206566303077196,0.017319660201833082,626,224.0,82.0,2216.879154271612
244600,541,43,295,10,16,220,0.8133633619231972,0.016642625115102165,627,176.0,62.0,1891.6181842407423
244700,549,38,298,9,16,226,0.815250072239296,0.016676036280417864,628,141.0,51.0,1342.0075519405711
244800,552,42,304,8,16,224,0.8153454309154441,0.01666729600767234,628,154.0,58.0,1566.3121562722947
244900,555,45,304,12,20,219,0.8158238854856882,0.017250977836910836,628,154.0,53.0,1522.1257143390367
245000,558,48,319,10,22,207,0.8030981413611725,0.01712335722592068,629,161.0,56.0,1762.7876486089308
245100,562,49,332,9,15,206,0.7978712810995578,0.016634068876910317,630,121.0,47.0,1112.0837471543177
245200,559,48,327,4,17,211,0.795789169285596,0.016572432484939635,629,166.0,66.0,1403.0179570256091
245300,586,32,338,3,16,229,0.7950996567053856,0.016290217488621094,630,142.0,46.0,1480.3593730744174
245400,610,42,357,4,18,231,0.7914445550490731,0.01644923783748492,629,112.0,35.0,1054.932756206918
245500,606,42,346,5,17,238,0.8005676117943755,0.017043892973536468,630,174.0,64.0,1641.4982495496208
245600,579,34,353,5,13,208,0.8015232231855193,0.01758932171894309,630,176.0,71.0,1609.935121202624
245700,563,36,343,5,11,204,0.8105636726235435,0.01765379667380943,631,154.0,65.0,1355.9147177848383
245800,563,41,339,4,13,207,0.8006428622462128,0.017650461245015236,631,191.0,63.0,2025.732474398408
245900,556,50,327,7,9,213,0.8030523757559168,0.017645976342413126,631,150.0,68.0,1264.6965937547493
246000,531,40,321,5,5,200,0.8006308867399149,0.017068883986855413,632,228.0,85.0,2139.5310873998246
246100,521,47,318,7,3,193,0.804399651151847,0.017232166537317087,632,197.0,79.0,1804.5679602950736
246200,529,43,315,9,3,202,0.8022646040709422,0.017671195173666547,633,147.0,57.0,1366.696363185757
246300,538,39,304,10,2,222,0.8031373719237194,0.017638549490773252,634,155.0,65.0,1254.1517310640277
246400,519,42,293,9,2,215,0.8050357952257069,0.018247279162116596,634,184.0,76.0,1569.6792638960137
246500,522,44,292,6,4,220,0.8101806123756177,0.018602558955410322,635,211.0,70.0,2072.431486639706
246600,509,38,287,5,8,209,0.812543392535012,0.01887082602203556,636,190.0,66.0,1740.8348205385762
246700,506,42,285,6,5,210,0.8114324081656278,0.019238134674497278,636,161.0,60.0,1473.8587954931443
246800,525,38,304,6,5,210,0.7997491969985894,0.01826838250708928,637,160.0,55.0,1507.8341549067147
246900,520,40,288,5,4,223,0.8021278079345765,0.01871077924009727,638,154.0,68.0,1209.0877830895074
247000,529,43,295,4,5,225,0.8003373479872476,0.019053434891623817,638,198.0,64.0,1891.8654243244955
247100,526,37,290,6,6,224,0.8070825601072329,0.019323673009753208,639,195.0,71.0,2006.1830755502733
247200,522,40,287,6,6,223,0.8014067948959434,0.01948108876003026,639,172.0,71.0,1487.7713743285028
247300,500,37,279,6,2,213,0.8127251136542495,0.019803026368020307,640,223.0,90.0,1995.6051876742433
247400,475,39,267,5,0,203,0.8117226314112672,0.019925529354768965,640,203.0,84.0,1783.6922900915358
247500,483,43,274,5,1,203,0.8115200064462074,0.019995310289323616,640,184.0,64.0,1775.3922878607814
247600,486,42,269,6,1,210,0.8059046838311705,0.01891506213030711,641,166.0,62.0,1630.9802041332575
247700,514,40,278,7,3,226,0.8161513720341081,0.01928874721853489,641,124.0,53.0,1051.6466505550338
247800,524,52,290,3,5,226,0.7949197872750914,0.018135913785411767,641,159.0,50.0,1702.532992080789
247900,542,38,305,6,3,228,0.7854834695988743,0.01777726111045464,642,87.0,38.0,691.0190036180979
248000,556,35,328,8,5,215,0.7794202741253456,0.01761379154347269,642,145.0,48.0,1360.9649709404962
248100,564,39,329,8,8,219,0.7781935177339521,0.01757699752642805,643,103.0,42.0,844.6857032201711
248200,587,36,348,8,6,225,0.7910974861665768,0.01848081386448085,644,111.0,42.0,880.5679432901187
248300,580,37,362,9,7,202,0.7885308421536166,0.018572215676124843,644,128.0,48.0,1097.7636849502721
248400,586,45,366,8,5,207,0.7853882489240676,0.018291171669333754,644,114.0,43.0,926.9392016442647
248500,604,41,380,9,6,209,0.7787907116670045,0.0178306450045445,644,114.0,35.0,1060.6999590992045
248600,629,33,389,7,6,227,0.7802640202843665,0.01806242480806718,645,102.0,34.0,893.3042959671784
248700,639,29,394,6,10,229,0.7768348900804464,0.01753429291167379,645,117.0,36.0,1099.7846369756796
248800,661,36,415,5,11,230,0.7742491125148184,0.017714441677098573,646,122.0,40.0,1169.8892526155546
248900,671,40,421,4,10,236,0.7776865480505736,0.018072718070227506,647,125.0,38.0,1146.0111006937866
249000,662,37,418,3,9,232,0.773759500461497,0.018383388959229176,647,186.0,63.0,1806.780454414823
249100,665,35,421,5,9,230,0.7731113567903031,0.018333175140073026,648,104.0,40.0,826.6496321066926
249200,649,35,420,7,11,211,0.7761421210433016,0.0183682655735526,647,120.0,50.0,919.031289017614
249300,648,39,421,6,14,207,0.7727024154073608,0.018245615545255896,647,150.0,49.0,1356.6256341123315
249400,648,39,426,8,12,202,0.7802115032621891,0.018513935873377886,647,141.0,55.0,1087.8389039672195
249500,649,37,402,8,12,227,0.7905122157538049,0.01914786273894439,648,147.0,64.0,1096.6454760982197
249600,625,40,381,10,8,226,0.7998132187251662,0.019558945961837652,649,208.0,75.0,1722.219136989117
249700,604,36,356,8,10,230,0.7986691288811807,0.01929440372759998,649,270.0,93.0,2525.9789008811595
249800,581,34,341,11,9,220,0.7986223385595774,0.019950121330099643,650,237.0,81.0,2057.511173359504
249900,557,42,320,9,9,219,0.8000210432420451,0.020379861562735767,651,259.0,91.0,2145.065848037993
250000,532,38,302,5,8,217,0.8011824052179461,0.02106159217143468,651,281.0,86.0,2690.5532227227113
250100,516,46,291,6,3,216,0.7959249793612502,0.020700390417389726,652,195.0,84.0,1460.349010421864
250200,521,35,297,5,3,216,0.800114418459869,0.020429328165732542,652,176.0,61.0,1691.6250287812422
250300,515,47,271,6,2,236,0.7982456413290442,0.02016754672182407,653,207.0,76.0,1811.1831710070044
250400,531,38,280,5,3,243,0.7925297861450854,0.01942401952307081,653,200.0,74.0,1887.4464041946237
250500,531,44,290,6,2,233,0.7941914940495702,0.019031121001592082,653,180.0,61.0,2031.824039661703
250600,537,35,302,4,1,230,0.7995292032786261,0.0194998088456151,654,140.0,57.0,1216.4107668221636
250700,540,41,312,5,1,222,0.7994361561488958,0.01995428524983839,655,242.0,76.0,2555.8267074530713
250800,539,36,303,4,2,230,0.8022294431622089,0.0199825317018694,655,193.0,75.0,1842.6107077426839
250900,537,40,293,5,6,233,0.8082622430989532,0.020555852222416286,656,206.0,68.0,2037.4056099205716
251000,546,38,297,7,11,231,0.8135204430568186,0.020628466651106132,656,175.0,68.0,1621.4297031181393
251100,565,43,306,7,8,244,0.8045428613632152,0.020532724475493445,657,154.0,56.0,1502.5060133003974
251200,581,41,321,5,10,245,0.7895752491030561,0.019931760781861724,658,158.0,55.0,1446.7250810520202
251300,569,38,335,3,11,220,0.7864987395945041,0.01920514270284748,658,172.0,62.0,1575.911889485116
251400,580,37,348,1,11,220,0.7973648165622962,0.02047902828212039,659,180.0,62.0,1756.1989850255711
251500,588,35,356,2,10,220,0.7937436541539737,0.020521511831294473,659,176.0,52.0,1703.0733402101052
251600,569,44,344,2,12,211,0.7973616385035261,0.021072744909254357,660,180.0,67.0,1549.8774122360408
251700,568,33,333,3,10,222,0.7972070287029599,0.021483761108333898,660,170.0,63.0,1316.6221324345188
251800,576,43,334,4,10,228,0.7959331479002625,0.021965345962031008,661,181.0,59.0,1581.412593955917
251900,576,32,324,5,6,241,0.7967458157663857,0.02243986990162802,661,153.0,70.0,1103.353172439025
252000,560,41,328,8,5,219,0.7985679757167199,0.021776061423105272,661,237.0,71.0,2191.134483373006
252100,575,43,329,3,4,239,0.7931377291861783,0.02055056366105219,662,123.0,52.0,1075.2490301433231
252200,601,44,354,6,6,235,0.7994273267708453,0.02130448079277327,663,113.0,43.0,1062.6837727309878
252300,617,40,354,6,8,249,0.800506554327264,0.020351054833520406,663,136.0,56.0,1286.7472599080934
252400,609,38,360,5,8,236,0.7932174541833363,0.019390859067354754,663,165.0,65.0,1542.9557919804877
252500,606,37,359,9,10,228,0.7937299071434133,0.019417658625590604,664,162.0,58.0,1642.4998518974899
252600,600,35,361,7,8,224,0.7958258044102562,0.01933663602390672,664,154.0,61.0,1520.4366618388965
252700,578,38,363,6,6,203,0.7996813758065401,0.019080084961921533,665,197.0,75.0,2214.153102207922
252800,588,40,374,5,5,204,0.7940476239274223,0.01861053067200918,665,134.0,49.0,1450.341089972086
252900,603,38,375,6,12,210,0.7980032980074971,0.01901782961479232,666,202.0,61.0,2486.9198764806224
253000,607,39,379,4,10,214,0.7953359915549512,0.018865986849017576,666,140.0,51.0,1497.2740885217584
253100,617,36,388,6,10,213,0.7983822776261599,0.01943914182605701,667,144.0,48.0,1816.5997470783996
253200,634,37,405,7,7,215,0.7907255571414811,0.019225633832571185,668,128.0,33.0,1668.183086862403
253300,657,42,409,9,14,225,0.7872413795613925,0.018979292441893978,668,114.0,34.0,1272.0852330353946
253400,664,43,431,6,15,212,0.7832695824568447,0.018730316547288007,669,133.0,47.0,1379.0794576285089
253500,681,37,444,6,13,218,0.7849767447263638,0.01884563054094342,670,116.0,42.0,1248.11471684319
253600,684,36,447,4,13,220,0.7902018775860732,0.01872347611154372,669,99.0,40.0,1152.5461001859344
253700,700,39,430,10,16,244,0.7887784208243322,0.01883694682401164,670,111.0,46.0,1027.8133436133903
253800,705,39,429,13,13,250,0.7865345474562331,0.018835998185174504,670,142.0,55.0,1569.8979143366857
253900,707,36,433,12,13,249,0.8018805493202674,0.019933011373399007,671,163.0,66.0,1594.3757788165249
254000,696,37,427,12,11,246,0.7955551891242321,0.019423784803732684,671,171.0,66.0,1682.9922610112108
254100,681,36,404,17,16,244,0.8026088587690009,0.019735110373056444,672,182.0,75.0,1542.6777266012505
254200,636,39,386,14,13,223,0.8048145036785834,0.019777392187245293,672,239.0,88.0,2477.2841291880864
254300,595,50,361,9,11,214,0.8079433560408554,0.019504890692127415,672,223.0,90.0,2131.2812058483155
254400,573,40,352,9,9,203,0.8109440289331884,0.020150903518194877,673,258.0,88.0,2843.564490957122
254500,568,38,330,9,11,218,0.8192017364498441,0.02042298199881719,674,188.0,77.0,1889.2505647477017
254600,545,46,310,7,9,219,0.8407924315041286,0.020992352932447014,674,171.0,87.0,1361.5673880928462
254700,512,40,288,6,8,210,0.8512144189224975,0.022199438381946032,675,260.0,108.0,2612.7390683298463
254800,484,46,263,5,7,209,0.8647546155429998,0.022955480219490128,676,224.0,100.0,2055.7824091875254
254900,472,44,245,11,2,214,0.8587784825435413,0.023926437027366014,676,260.0,97.0,2699.369608373248
255000,454,48,214,9,3,228,0.8576649679176931,0.023080412638493635,677,321.0,108.0,3916.113113673695
255100,438,50,218,7,3,210,0.8709463813815801,0.023614409555365,678,219.0,92.0,2149.3471012984382
255200,431,54,201,8,5,217,0.8730971283296035,0.02393394733572992,678,236.0,93.0,2783.6627919691355
255300,422,48,206,6,2,208,0.8577562844370071,0.022711732862108265,678,266.0,78.0,3731.76431800783
255400,435,47,210,5,3,217,0.8478174007034353,0.0216860710038679,679,245.0,85.0,2839.0993405668714
255500,439,50,213,3,2,221,0.8346875950150877,0.021464263893063,679,199.0,71.0,2358.8762886270333
255600,458,42,221,2,1,234,0.8217330357522987,0.021278477828439588,680,150.0,54.0,1612.107446502491
255700,489,41,250,3,3,233,0.8242382014983772,0.021740049940311586,681,181.0,72.0,1727.0620847817268
255800,482,42,251,5,0,226,0.8315339585495264,0.02214374099848737,681,200.0,77.0,2018.1514255142476
255900,486,39,255,7,1,223,0.8410495014021169,0.02270992955650778,682,258.0,84.0,2711.8544027568983
256000,485,40,255,7,1,222,0.8351143354758301,0.022670891018082277,682,207.0,82.0,1976.8652566696824
256100,495,43,263,3,0,229,0.8298722369661309,0.021808570549823797,682,204.0,74.0,2273.2054752004624
256200,482,39,264,2,2,214,0.8223140069820992,0.020383211143770896,683,162.0,67.0,1702.8382066520933
256300,491,37,272,1,3,215,0.8287617684501286,0.021102970620753808,683,167.0,67.0,1759.3960227731632
256400,497,38,280,4,4,209,0.8359544924131248,0.021510869958139067,684,179.0,61.0,2088.268919235742
256500,502,41,280,5,5,212,0.8432374192865534,0.021740271458683822,685,197.0,78.0,2269.5489307662506
256600,500,41,269,10,4,217,0.8583140761762739,0.022499887346218942,685,234.0,86.0,2829.094589305707
256700,481,42,263,8,1,209,0.8532953391076862,0.021561237183319,685,173.0,75.0,1819.5551586152337
256800,480,49,261,5,2,212,0.8753508610350981,0.02239507718169987,686,197.0,85.0,2007.1315118051725
256900,484,45,261,8,2,213,0.8734521698847286,0.022431730491959744,686,226.0,78.0,2981.8081220405043
257000,474,50,247,8,4,215,0.8830124832572244,0.023035555274327137,687,252.0,93.0,3211.617609824558
257100,468,47,242,10,2,214,0.8695474852112803,0.022380995192012403,687,191.0,81.0,2124.645404113253
257200,479,41,233,13,2,231,0.8777816276538837,0.022712570042039495,688,192.0,79.0,2105.2367237641633
257300,468,43,237,8,2,221,0.8494644110569877,0.02130800750186026,689,181.0,73.0,2161.6424002391223
257400,460,46,240,6,1,213,0.8350709324102784,0.020791008322146268,689,195.0,74.0,2239.0729632255625
257500,453,45,250,3,0,200,0.844324008756994,0.021222794645587566,690,240.0,91.0,2666.875016301161
257600,454,39,248,3,2,201,0.8429367369492075,0.021154191902012485,690,195.0,72.0,2171.571241349262
257700,469,40,250,3,3,213,0.8406384956405415,0.02079514251654105,691,177.0,60.0,2015.0222324273445
257800,489,37,272,4,4,209,0.8395775910093646,0.021186901959333475,692,164.0,52.0,2075.2347204038747
257900,478,42,262,3,4,209,0.8493619364941636,0.022149517838460992,692,246.0,90.0,2677.94418622583
258000,474,43,255,4,4,211,0.8446082412663443,0.02218074777012783,693,223.0,81.0,2427.283809623425
258100,472,46,250,3,2,217,0.833256166997243,0.022678384371633983,693,249.0,78.0,2706.062368408026
258200,484,47,258,3,2,221,0.820788035638109,0.021852211050288096,693,154.0,59.0,1634.2248315789557
258300,495,45,259,6,3,227,0.8332059283240137,0.023629517970114134,694,162.0,63.0,1460.723715299722
258400,472,46,245,7,5,215,0.8447531740285862,0.02442307450424356,694,209.0,93.0,1921.3387609376687
258500,465,43,230,7,2,226,0.8506045547618464,0.02481151424052377,695,234.0,91.0,2197.5207644491416
258600,448,46,217,7,4,220,0.8584557464444412,0.02579599358073779,695,211.0,88.0,2067.21387534458
258700,462,43,231,5,3,223,0.8442525385109437,0.024723460126115815,696,186.0,65.0,2089.537559253361
258800,447,50,231,3,2,211,0.8522279186932745,0.02515400332706385,697,194.0,95.0,1840.0153313891064
258900,422,42,220,1,0,201,0.8396479851987022,0.024732480477589896,697,236.0,89.0,2604.7865630904535
259000,448,40,219,3,1,225,0.8472280687445212,0.024557168768671013,698,226.0,80.0,2790.2153893011864
259100,451,39,216,7,3,225,0.8551227496388304,0.02536790253968767,698,206.0,74.0,2293.7110758303634
259200,469,41,217,4,3,245,0.8396718827204013,0.02415086224112669,699,195.0,72.0,2233.241828283299
259300,476,47,237,5,3,231,0.840326289919313,0.024129407008263576,700,197.0,76.0,2149.1784409166676
259400,487,42,236,3,3,245,0.8336234534614648,0.023425184710523704,700,168.0,67.0,1600.9945214600966
259500,493,43,255,5,3,230,0.8399388639715731,0.02375597001166844,701,204.0,71.0,2135.544351409266
259600,487,46,255,7,3,222,0.8270950650188797,0.0232200856588392,701,173.0,74.0,1598.620130103614
259700,486,43,260,7,4,215,0.8348399417449961,0.022541256916281692,702,225.0,88.0,2310.8521023872136
259800,489,44,256,11,6,216,0.8340247119052161,0.022505059186552216,703,179.0,75.0,1812.6948906204443
259900,483,44,249,8,5,221,0.835051593020619,0.02225555700442555,703,222.0,80.0,2261.8051406232285
260000,486,43,257,5,2,222,0.8297621773791709,0.02186513195527505,704,190.0,69.0,2011.4718285871738
260100,481,50,257,3,1,220,0.8291191505144683,0.022495118952485817,705,181.0,75.0,1804.3666173508204
260200,484,48,260,4,2,218,0.8311714008935589,0.021992204860121406,705,235.0,84.0,2725.5166163726954
260300,475,46,258,3,5,209,0.8411408914788789,0.021748716875607678,706,218.0,86.0,2286.158606711933
260400,471,43,259,5,2,205,0.8461413964465929,0.02146470975734564,706,213.0,80.0,2434.8384589743587
260500,484,38,270,7,5,202,0.8351690754905674,0.020948943338461687,707,181.0,64.0,2210.9863260149637
260600,494,38,265,5,3,221,0.8282900889880341,0.019932959532091333,707,205.0,72.0,2484.130110405552
260700,502,42,265,5,2,230,0.827371534780921,0.02020348926586551,708,131.0,63.0,1315.4825110625961
260800,515,39,272,3,3,237,0.8331672253941199,0.019698360841082323,708,225.0,76.0,2817.4100827079465
260900,510,40,267,5,6,232,0.8336351204022049,0.01971286610343787,708,216.0,79.0,2384.5554879741367
261000,501,33,253,4,5,239,0.8398174852884542,0.02009772896647573,708,247.0,96.0,2473.9251038557313
261100,477,45,236,5,7,229,0.8472174784483808,0.02105226584988101,709,271.0,97.0,2990.335428473665
261200,448,46,223,5,7,213,0.8620702628733898,0.021205019908234223,710,313.0,109.0,3667.5439211096473
261300,443,44,224,5,5,209,0.8505849275581946,0.02095946194899106,710,191.0,83.0,1865.4732476184747
261400,434,40,218,5,3,208,0.8458152512040898,0.020968894707855516,710,320.0,91.0,3974.0849612970565
261500,426,36,207,6,3,210,0.8484651362955405,0.02084375557939723,711,225.0,85.0,2419.7186443488804
261600,420,44,211,6,2,201,0.856005439065189,0.021448991350073266,711,185.0,76.0,1747.45042583273
261700,405,50,209,7,0,189,0.8634391730514702,0.020834336114143936,712,225.0,91.0,2204.669313665825
261800,396,49,196,5,3,192,0.8683079534978936,0.020867370046224187,713,266.0,90.0,3060.5661928398545
261900,411,45,195,3,5,208,0.8469677345939175,0.01983811546623671,713,198.0,68.0,2273.7429094224644
262000,413,45,186,8,7,212,0.8632630320538642,0.020601367411676508,714,254.0,87.0,2898.3632386971726
262100,412,45,189,4,5,214,0.8464897064201714,0.019682256746655233,714,204.0,73.0,2303.705775386455
262200,433,46,208,5,5,215,0.8464724805798658,0.01851958656305248,714,164.0,63.0,1724.1400117382857
262300,448,40,218,6,6,218,0.8419525593060129,0.01834544357034989,714,206.0,80.0,2333.6953682120898
262400,439,42,202,6,3,228,0.8576743714362867,0.01953159219224937,713,276.0,104.0,3005.4819823938465
262500,450,32,212,7,4,227,0.8473481648929959,0.020380160997334494,714,209.0,74.0,2322.855542669583
262600,428,43,211,5,2,210,0.8479763139473868,0.021232367663170288,714,236.0,84.0,2457.3421743280533
262700,422,49,222,4,2,194,0.8485545624151861,0.02102115257437184,715,263.0,89.0,2993.2271847661355
262800,423,47,228,5,2,188,0.8476690539816659,0.020227252908143444,715,183.0,65.0,1984.6901626010897
262900,424,45,223,5,1,195,0.8525167218363497,0.019656608404330544,716,200.0,75.0,2247.512382473386
263000,428,43,215,6,4,203,0.8492819186741442,0.02006199572566687,716,242.0,87.0,2723.5116789444937
263100,432,51,212,7,3,210,0.842963413779956,0.020154233664144986,717,206.0,73.0,2215.0214066745384
263200,444,42,226,8,1,209,0.8474798222948027,0.019590909793279043,716,146.0,65.0,1295.0851764092308
263300,446,48,229,5,1,211,0.8407179674520037,0.020125713934697694,717,188.0,71.0,2094.911517758025
263400,460,46,234,5,3,218,0.8366345518551038,0.0198904152508342,716,202.0,67.0,2415.4435960942888
263500,458,43,224,3,4,227,0.8420380757367292,0.020686410463857885,716,176.0,79.0,1744.7156532798792
263600,464,49,237,3,5,219,0.8392019203772894,0.01971364715850717,716,162.0,63.0,1763.6424962938747
263700,465,44,238,2,4,221,0.8363364976582243,0.020599174187703025,717,226.0,84.0,2312.397498762691
263800,467,35,221,5,4,237,0.8425791357941592,0.02054639109009354,718,184.0,77.0,1607.1461417740345
263900,446,48,228,3,2,213,0.8430650385292108,0.02100549370554644,718,240.0,94.0,2398.8923934456634
264000,445,41,227,6,2,210,0.8490178034309439,0.02109750531474856,719,220.0,86.0,2124.365342917934
264100,449,48,232,8,5,204,0.8424867747673829,0.020485399937140276,719,234.0,80.0,2504.926898194864
264200,451,44,239,6,4,202,0.8274437987727423,0.019640018556695456,720,202.0,65.0,2162.4968134447076
264300,443,46,238,5,7,193,0.8327542013664155,0.01987316502360692,721,153.0,65.0,1420.1902258244968
264400,466,40,262,4,10,190,0.8322427168486266,0.0195154567078175,721,190.0,59.0,2170.247247372878
264500,485,42,273,3,7,202,0.8199809231102797,0.01955501092562603,721,120.0,46.0,1256.467991556244
264600,501,36,271,3,8,219,0.8076656005274183,0.01962158901086667,722,134.0,53.0,1192.8803852688557
264700,513,45,284,2,4,223,0.8174694964477129,0.02053723709822697,722,141.0,62.0,1251.5833902765337
264800,512,44,287,4,5,216,0.8151159099834395,0.020996780371002333,723,175.0,70.0,1707.5510983881786
264900,527,41,284,2,9,232,0.8062009088956127,0.02039309864192809,723,119.0,47.0,1122.146898677807
265000,552,34,303,6,6,237,0.8096669400577348,0.02035949752564414,724,130.0,47.0,1245.3750987426815
265100,567,36,316,9,11,231,0.82001628937661,0.020253830337747025,725,117.0,52.0,1023.414323052249
265200,580,38,313,5,15,247,0.8189483299816177,0.020381041174334785,725,175.0,71.0,1752.6659830471372
265300,591,36,340,7,9,235,0.8115632198335971,0.019632459678825057,726,169.0,61.0,1809.5779713054603
265400,569,41,324,6,13,226,0.8221758908530566,0.020156748332402347,726,190.0,80.0,1851.8053175468835
265500,541,38,315,6,14,206,0.8241274576045682,0.02058685145294474,727,211.0,85.0,1974.3890732685338
265600,521,40,305,6,8,202,0.8328008337572496,0.020271016356950174,728,222.0,88.0,2232.6509295944998
265700,521,41,288,4,8,221,0.8317069518224369,0.020514602812807443,728,217.0,74.0,2386.176739813422
265800,497,39,280,6,10,201,0.8394195348471333,0.021610683150772216,729,200.0,78.0,2044.262072769772
265900,479,45,253,4,10,212,0.8436053240744591,0.021243911153625773,730,268.0,99.0,2879.8726097990007
266000,468,43,243,5,9,211,0.8443690020241914,0.021508449275852333,728,301.0,109.0,3030.980989001153
266100,441,47,221,2,9,209,0.8440468301183425,0.02071645324048771,729,236.0,93.0,2234.604401330374
266200,438,40,221,3,4,210,0.851066789545187,0.021046710194325274,729,223.0,89.0,2026.8997917597214
266300,436,43,211,7,2,216,0.8582125492293528,0.021155154414565305,730,266.0,89.0,2750.4571333414747
266400,447,52,211,4,3,229,0.8368548647416374,0.019750639883315112,731,236.0,79.0,2585.0519998273544
266500,456,39,227,4,3,222,0.8327229682562883,0.01938878831548727,731,194.0,68.0,1945.0465266989227
266600,454,47,228,6,3,217,0.8298954014867981,0.020053346981430895,732,186.0,78.0,1602.8578230687372
266700,450,42,220,7,3,220,0.8341119934836405,0.02041175707540419,732,202.0,81.0,1965.261826745669
266800,438,43,208,3,5,222,0.8295423594254192,0.01999743986276065,732,285.0,107.0,2886.754504755106
266900,443,39,215,3,3,222,0.8466724554989987,0.021477752837253616,733,250.0,95.0,2455.564683927753
267000,432,45,203,3,4,222,0.8390002066502456,0.021140646522850207,733,253.0,89.0,2639.0026042475506
267100,437,49,217,2,2,216,0.8429455128069296,0.021407306611486855,733,200.0,83.0,1905.9726783649353
267200,397,45,197,2,3,195,0.8477397845693987,0.021606615895170437,734,302.0,112.0,3069.8052502692467
267300,415,41,192,2,4,217,0.8384434015861588,0.022121583886874446,735,223.0,80.0,2200.15264629986
267400,415,43,189,0,3,223,0.823394958300011,0.021381013124883854,735,212.0,74.0,2251.8170399789838
267500,442,52,203,1,5,233,0.8174779873927704,0.02019903751010021,736,155.0,55.0,1545.1722702018892
267600,465,42,223,2,3,237,0.8189600122651826,0.020847989638726274,737,173.0,69.0,1544.6691783240483
267700,458,41,219,2,1,236,0.824599530078936,0.02037103310340015,737,208.0,87.0,2008.866506712793
267800,469,46,242,4,2,221,0.8165561998034958,0.019986642528799538,738,196.0,70.0,2039.09987362718
267900,489,40,254,7,5,223,0.8223782174250661,0.020932736884847866,738,140.0,57.0,1315.5773439123207
268000,498,43,272,4,7,215,0.8147551699793892,0.021215411302050725,739,188.0,66.0,1920.1201734750764
268100,519,42,276,5,7,231,0.8153593017313624,0.02222804454762234,739,173.0,61.0,1774.1368635529998
268200,510,42,265,8,8,229,0.8153904332779605,0.02207142139378313,740,165.0,71.0,1437.768890531757
268300,495,41,259,5,9,222,0.8312195320515106,0.02270358856701175,741,259.0,100.0,2513.7699406371635
268400,481,47,265,5,6,205,0.8385901272927677,0.023012467195085054,741,197.0,84.0,1783.1039534099143
268500,479,40,258,3,6,212,0.8315850948694721,0.022275069054341862,741,220.0,86.0,2165.2676775127293
268600,463,42,248,7,3,205,0.8368613747953116,0.023409652113353958,740,225.0,91.0,2184.037839350253
268700,438,37,233,5,4,196,0.8340561260915128,0.023286573790895368,740,261.0,97.0,2662.691287457757
268800,433,45,229,4,0,200,0.8339390038478173,0.02345177191663751,741,203.0,77.0,1948.8661999026328
268900,428,43,212,4,0,212,0.8326264634851424,0.024874322113986092,742,249.0,87.0,2796.06865975494
269000,457,47,228,3,0,226,0.8183060997808652,0.02371764081575501,742,184.0,50.0,2175.7644200074096
269100,471,41,241,3,1,226,0.8160256176361796,0.02380297052645129,743,147.0,56.0,1317.4907417868408
269200,485,42,257,5,6,217,0.8157761865354465,0.02372936578741497,744,167.0,58.0,1628.7852305847778
269300,490,44,264,3,7,216,0.816969927850717,0.024646808796666884,744,201.0,73.0,1804.0205112094507
269400,508,36,274,6,4,224,0.8151123704864857,0.02500636265193016,744,150.0,55.0,1413.3599463132855
269500,514,42,266,9,6,233,0.8159055232547358,0.0247047052983996,745,180.0,69.0,1700.8577369252614
269600,517,40,267,8,9,233,0.8260887568963896,0.023838324211777506,745,192.0,75.0,1893.9509717293588
269700,507,44,267,7,11,222,0.8165916639194716,0.02349440533392243,746,247.0,83.0,2429.3820323760574
269800,501,42,260,6,7,228,0.822206209977601,0.022393676881911503,746,270.0,87.0,3068.9712460952073
269900,504,41,264,6,7,227,0.8197413208244443,0.021648894225352103,747,178.0,70.0,1835.0310279984235
270000,516,42,278,6,7,225,0.826837285158649,0.021866600701923113,748,148.0,55.0,1388.4928178126324
270100,503,46,278,5,7,213,0.8268060671084534,0.022018921045656076,748,177.0,71.0,1668.4343016291903
270200,505,43,276,7,6,216,0.8326052141852874,0.022077267145226887,748,160.0,72.0,1337.7282998671524
270300,504,45,272,7,6,219,0.8350984553433447,0.0223977983373872,749,183.0,78.0,1664.6660548516606
270400,490,43,248,8,4,230,0.8488317685228395,0.02270222209445503,742,182.0,89.0,1568.4780011648058
270500,456,52,231,10,4,211,0.85904004684981,0.02325273764174698,742,260.0,104.0,2545.7160873763146
270600,447,48,221,8,5,213,0.8564275728851823,0.02377011470331114,743,210.0,82.0,2099.6851981447444
270700,439,47,209,6,5,219,0.8730183786182679,0.024944016509436683,743,331.0,112.0,3548.7969166541984
270800,427,46,199,7,2,219,0.8485086525112889,0.025016572968478916,744,247.0,95.0,2551.513102989652
270900,412,43,192,5,3,212,0.8501902079567097,0.024959697873195286,745,258.0,86.0,2721.2132861103105
271000,420,44,199,6,1,214,0.8479436054904859,0.025190977717521736,745,177.0,69.0,1874.5537228316089
271100,424,42,203,4,2,215,0.8521629912178303,0.02590904669553575,746,246.0,95.0,2603.327219281317
271200,389,50,181,9,3,196,0.870981654648185,0.026794127532793182,747,261.0,111.0,2470.5390790377787
271300,385,55,168,10,0,207,0.8918178803989777,0.027298280226615224,747,252.0,96.0,2429.1824791960557
271400,350,66,150,10,0,190,0.9196807369170542,0.028996677151888542,748,273.0,117.0,2639.7708865997815
271500,345,47,140,7,3,195,0.8988931019922908,0.02792388810103416,748,271.0,91.0,2955.031968340177
271600,324,57,129,4,2,189,0.8926212737337816,0.02791791201330971,749,264.0,106.0,2558.6207365693467
271700,336,49,125,5,2,204,0.8829172442327247,0.026446392596939775,749,203.0,68.0,2110.2004611542925
271800,336,50,124,8,2,202,0.8824948693832817,0.02630828114476075,750,187.0,77.0,1739.8725872953669
271900,343,50,133,6,3,201,0.8628061379026996,0.025161931629509027,750,178.0,67.0,1677.257980245916
272000,360,57,141,5,1,213,0.8375183069128582,0.02438725324319451,751,205.0,68.0,1966.0068099096732
272100,375,46,158,7,2,208,0.8418411873835336,0.024301319873637765,752,174.0,68.0,1588.7328567232403
272200,384,46,163,9,0,212,0.8384868082173794,0.023816584273812936,752,218.0,81.0,2096.1738706727997
272300,375,60,161,6,2,206,0.8305573518975388,0.02348377361926316,753,216.0,79.0,2080.772346938424
272400,379,46,165,4,2,208,0.8289340118267622,0.022661338002545484,752,198.0,66.0,2314.666652131913
272500,389,48,183,3,1,202,0.8136391536474944,0.022621944770120042,753,175.0,58.0,1707.2773378021036
272600,410,37,202,4,2,202,0.804909524429364,0.021814541272161977,753,162.0,50.0,1649.6585928637887
272700,421,47,212,4,2,203,0.8030030368377585,0.02137864177608157,754,148.0,54.0,1344.889459461669
272800,439,44,218,7,0,214,0.8052305823887695,0.020700429061885725,754,144.0,57.0,1247.3048299477448
272900,459,42,241,5,0,213,0.7977144861017527,0.020518598254534833,755,151.0,59.0,1282.9600797733628
273000,468,38,226,4,0,238,0.8050422480259914,0.01939735259841269,756,235.0,69.0,2338.998803797708
273100,449,47,239,2,1,207,0.8058325648702119,0.019257797612504388,756,178.0,67.0,1642.9522537131022
273200,463,41,243,2,2,216,0.7985968533533795,0.01848802102511871,757,120.0,44.0,1053.0651111998739
273300,466,44,245,3,3,215,0.8011590556823718,0.017361701417765718,758,134.0,51.0,1193.736266358425
273400,472,44,241,6,3,222,0.8117476726149877,0.01771730889787775,758,151.0,64.0,1299.6982126645282
273500,460,39,250,6,0,204,0.8083524211806107,0.017111128982105536,759,204.0,76.0,2111.8607144002076
273600,456,48,254,2,2,198,0.812099089102687,0.016327967794725434,760,156.0,61.0,1472.315444747252
273700,462,41,237,2,0,223,0.8178441086726096,0.016511738764113115,760,204.0,85.0,1947.5210521738206
273800,433,44,223,2,0,208,0.8245430695024786,0.017066241039533084,761,216.0,92.0,2032.0193969237882
273900,428,37,212,4,1,211,0.8322656040716083,0.01754625212119516,759,171.0,72.0,1609.9229642171988
274000,427,41,219,4,0,204,0.8318559892333997,0.017203310437402974,760,171.0,73.0,1865.4511342612932
274100,421,47,217,3,2,199,0.8409248891012372,0.01751953509131633,761,175.0,64.0,2056.66585781583
274200,418,45,221,2,2,193,0.8255471075720087,0.017161462433593077,761,261.0,85.0,3288.9905193545487
274300,424,38,221,2,6,195,0.8395809232208894,0.016675941103387566,762,201.0,65.0,2367.1093641603143
274400,419,42,204,2,4,209,0.8396734530276541,0.016871344160046323,763,178.0,79.0,1664.6931759099443
274500,422,42,213,2,3,204,0.8555658032340364,0.01786377687573339,763,227.0,82.0,2442.67445560275
274600,421,51,207,1,6,207,0.8412930417579699,0.017002546120127093,764,203.0,72.0,2320.2184074351435
274700,427,47,220,3,3,201,0.848374668422881,0.01700780098780672,765,162.0,72.0,1542.786818451155
274800,414,49,208,5,3,198,0.853087121767534,0.017137077507827284,765,247.0,92.0,2785.1725200452515
274900,411,48,200,5,4,202,0.8468366120948703,0.016819144028605792,766,211.0,86.0,2293.5699687857755
275000,394,46,191,5,2,196,0.8449714092069349,0.01744199423441512,767,292.0,97.0,3393.1978299218695
275100,398,42,183,6,2,207,0.8255961913574578,0.01667635429664501,767,232.0,81.0,2446.649836412159
275200,411,45,204,6,1,200,0.8357322594772815,0.017623588306604626,768,153.0,62.0,1621.2744810259983
275300,409,51,193,4,0,212,0.8247798201202846,0.016701111550839007,768,206.0,72.0,2303.653864295285
275400,413,55,191,4,1,217,0.8294066277858604,0.016830667797515853,769,196.0,75.0,2142.950535273098
275500,421,42,197,5,1,218,0.8245627183674391,0.017164628432564135,770,146.0,64.0,1450.6520757736648
275600,410,51,188,5,2,215,0.8452520416445202,0.0174203371245595,770,199.0,90.0,1908.2478352765158
275700,414,54,197,4,1,212,0.8292261200913589,0.018049633510888327,771,173.0,70.0,1789.4151106282798
275800,436,43,209,3,3,221,0.8251590242519792,0.018385808631037667,772,169.0,61.0,1871.6233529024305
275900,445,44,205,5,3,232,0.8273777933312515,0.019104665470855015,772,203.0,81.0,2108.444896925381
276000,436,47,198,5,4,229,0.8304855617655963,0.018575651291258086,772,209.0,74.0,2275.46967956832
276100,421,46,207,5,2,207,0.8299306656022883,0.018153726658100378,772,210.0,71.0,2319.8141064875153
276200,427,43,212,7,3,205,0.8343221963698202,0.01815762065404798,772,208.0,79.0,2079.393731201022
276300,417,46,218,6,3,190,0.8357119264054038,0.018574893493026177,772,223.0,90.0,2299.828832993786
276400,407,43,198,6,2,201,0.8446978151087354,0.01889454560922727,772,234.0,96.0,2251.5815716425427
276500,402,47,197,5,2,198,0.8414913555500088,0.01919546468083306,772,197.0,73.0,2002.8319763802594
276600,393,46,187,8,3,195,0.8540096262353555,0.019524760680963378,772,234.0,90.0,2496.0337597051553
276700,381,50,178,8,4,191,0.8717710516002989,0.019761449905176254,773,245.0,93.0,2559.8249527392645
276800,374,59,170,9,6,189,0.8835217853456933,0.02058027654977847,773,201.0,81.0,2115.1036462658194
276900,358,49,166,6,2,184,0.8636924716623572,0.01990303395485128,773,275.0,86.0,3580.0811916351104
277000,366,44,171,6,4,185,0.8543674957904098,0.019525684837302944,774,196.0,73.0,2177.642804074896
277100,367,43,154,3,4,206,0.8587817140328069,0.019230480676084856,774,182.0,77.0,1880.1416183135998
277200,377,48,165,4,4,204,0.8536090372666674,0.019005872878371664,775,186.0,68.0,2141.9539860103896
277300,384,52,190,2,3,189,0.8320171270582648,0.018810515940556684,776,211.0,66.0,2878.3890081087407
277400,408,47,197,4,4,203,0.8417120065394231,0.019134735936213676,776,146.0,56.0,1587.588540509146
277500,422,41,205,4,3,210,0.8397531439951935,0.018416379422533234,776,148.0,62.0,1501.8632756681163
277600,423,46,202,4,4,213,0.8271012800521889,0.017733659882132113,776,151.0,62.0,1522.3621956631857
277700,431,46,221,5,5,200,0.8208704808030126,0.018320662628976622,776,158.0,62.0,1692.1859988514686
277800,427,41,213,5,5,204,0.8264281416437428,0.018402347738022466,776,158.0,60.0,1668.8348437553132
277900,443,40,226,3,6,208,0.8253997910083097,0.018357146015346427,777,165.0,58.0,1756.1303279351125
278000,446,40,236,4,4,202,0.823180070166741,0.01851336698405671,778,148.0,61.0,1426.1195288174767
278100,456,41,241,3,5,207,0.8098359459981778,0.018677316170535974,776,206.0,70.0,2156.1691505496797
278200,448,44,241,6,8,193,0.8198479964967448,0.018532797387053473,777,160.0,65.0,1516.1930415119152
278300,461,48,234,3,6,218,0.8207454803784481,0.018051101702544307,777,202.0,69.0,2290.3556778871425
278400,429,46,238,4,6,181,0.8261303544651699,0.018151909293741258,778,209.0,81.0,2075.4655166755047
278500,442,39,232,2,5,203,0.8245161860812303,0.01781963877927644,779,150.0,64.0,1510.037293653645
278600,436,45,238,5,7,186,0.8312015354729612,0.01821297637347638,779,222.0,77.0,2555.9059537122785
278700,447,34,240,3,7,197,0.8103038665017144,0.017162823264689455,780,136.0,55.0,1372.2742924232418
278800,467,36,244,6,7,210,0.804187664869249,0.01684677960307868,780,130.0,56.0,1253.838899919933
278900,471,42,243,4,7,217,0.8044657052031131,0.017102509773916044,781,141.0,57.0,1423.9221287385599
279000,482,41,258,1,7,216,0.8067355057065014,0.017682082868367983,781,111.0,47.0,1072.4445816799525
279100,475,37,246,2,7,220,0.808896815986334,0.017652626590059943,782,196.0,78.0,2016.8597980402549
279200,474,44,252,5,7,210,0.8124092898467423,0.018187403298047116,783,179.0,70.0,1686.5332636073824
279300,480,41,253,8,6,213,0.8139225442488441,0.018840881599375515,783,152.0,58.0,1477.5560153305746
279400,476,45,253,6,7,210,0.8043832842443301,0.018830002493563543,784,162.0,62.0,1492.648418015093
279500,484,37,249,8,5,222,0.8224532087823266,0.019640197296481438,784,209.0,70.0,2224.5866811519227
279600,443,48,227,5,9,202,0.8182621332437194,0.01974892719239846,784,236.0,95.0,2143.4698049304666
279700,428,39,216,6,5,201,0.8431626426493961,0.020791538133770937,785,240.0,95.0,2260.671646093036
279800,406,50,213,5,5,183,0.8397452222375754,0.01981886588413608,786,232.0,79.0,2577.0698397464903
279900,394,54,205,3,5,181,0.8369847597987042,0.02019914954860576,786,154.0,70.0,1536.759833851359
280000,419,34,211,8,4,196,0.8307495169603147,0.02029276384686944,786,118.0,53.0,1121.7426595244858
280100,409,50,196,6,3,204,0.8512088349519705,0.021087772072708812,787,175.0,75.0,1692.5784299433844
280200,386,50,186,7,3,190,0.8468832249332645,0.02163397897654724,787,230.0,95.0,2222.840211877246
280300,382,49,182,6,4,190,0.8392655696348931,0.021397228019876844,787,250.0,84.0,2747.7664274465433
280400,386,43,179,1,3,203,0.8285451482674214,0.02118607633843787,788,238.0,83.0,2428.053906530132
280500,372,38,173,5,0,194,0.8311105907404336,0.021198029428508403,788,163.0,70.0,1408.4247307831233
280600,381,49,176,4,5,196,0.8392603753565469,0.021766969012799918,789,214.0,78.0,2068.2695451933246
280700,376,47,175,3,3,195,0.8372913109135024,0.02157260972394168,790,228.0,78.0,2146.302462351398
280800,388,42,172,3,2,211,0.829691650792552,0.02144299652269003,790,174.0,68.0,1568.132590152451
280900,385,47,155,6,3,221,0.8388363102821471,0.02218252127753677,790,175.0,79.0,1472.39396573528
281000,386,53,159,6,5,216,0.8387749050681996,0.02197597157184282,791,212.0,74.0,2190.2038911886075
281100,374,40,159,6,3,206,0.834118231116774,0.02280939660511512,792,196.0,77.0,1773.7313860622528
281200,376,49,159,7,3,207,0.84974917147425,0.023016231821748785,792,181.0,71.0,1747.7447639181514
281300,379,48,169,6,4,200,0.8333472669099793,0.022839899464097122,793,218.0,69.0,2406.518991517722
281400,367,44,170,3,3,191,0.8191914250893955,0.02169908885403221,794,191.0,73.0,1782.5634111284276
281500,383,44,173,5,2,203,0.8190647389442279,0.02170901493870286,794,155.0,55.0,1392.1355640133334
281600,400,44,183,5,3,209,0.8225561841433888,0.021886077742172355,795,176.0,70.0,1705.387096504301
281700,412,44,187,4,3,218,0.8083443263376625,0.021755221395409436,795,174.0,63.0,1657.476535742432
281800,433,33,207,4,4,218,0.8024524364966987,0.021369261285169062,796,209.0,68.0,2267.3426864746752
281900,432,43,212,3,7,210,0.8088404230272792,0.021155427937870522,796,169.0,67.0,1393.0395841904317
282000,444,40,214,4,6,220,0.8053426020624483,0.02126314446217617,796,160.0,58.0,1444.5765390379318
282100,448,46,225,6,6,211,0.8027149429989261,0.02086716209794138,797,172.0,59.0,1600.1965751296186
282200,439,38,214,5,6,214,0.803185342213212,0.02130140417742931,797,198.0,79.0,1714.1337180099258
282300,425,42,213,7,5,200,0.8160180135331483,0.021901106129936704,798,202.0,88.0,1727.6432534500595
282400,420,40,198,7,6,209,0.8323530739692767,0.022262681608549748,799,201.0,83.0,1706.4408064247925
282500,418,52,193,7,2,216,0.8350122486194094,0.021716384444018338,799,211.0,83.0,1878.1561721202647
282600,391,46,176,5,0,210,0.8431038128614016,0.021592966575612625,800,261.0,100.0,2282.5048703108305
282700,390,48,168,5,1,216,0.8345508635472193,0.021980994964781484,800,236.0,77.0,2360.386626019332
282800,383,49,173,4,3,203,0.8230219755763285,0.021756065053026227,801,233.0,78.0,2357.8580300279095
282900,392,48,176,2,1,213,0.8224553576447412,0.022144900399219004,802,193.0,71.0,1917.8159205339314
283000,399,48,176,1,1,221,0.8324011430308045,0.02180360500432508,802,225.0,85.0,2204.178635356289
283100,389,46,173,2,4,210,0.8236696317254266,0.02218182441941434,803,262.0,86.0,2668.0163475333447
283200,395,47,180,4,1,210,0.819932818036161,0.021392670478882825,803,192.0,61.0,1888.313588159344
283300,393,58,191,3,3,196,0.8169498203938284,0.021911139991011772,804,198.0,63.0,1975.6335790897947
283400,405,46,192,5,4,204,0.8150492102117675,0.0216382430792926,804,165.0,62.0,1374.9892086235586
283500,417,47,193,4,6,214,0.8104073351149723,0.021201551436426356,805,186.0,59.0,1791.591388141222
283600,416,41,190,9,4,213,0.8237422826499083,0.02171890424833432,806,203.0,76.0,1896.9665908713346
283700,407,44,193,5,4,205,0.8257817791951824,0.02175410766645491,806,163.0,70.0,1311.740061715756
283800,410,49,200,7,4,199,0.8199812799273988,0.02179272894582463,807,226.0,71.0,2253.4087799027684
283900,423,38,198,7,3,215,0.8255896737179305,0.022185386197004203,808,220.0,77.0,2017.0973175517984
284000,404,50,191,5,6,202,0.8194855339744131,0.022079822138280615,808,274.0,86.0,2442.6310405462386
284100,412,47,201,3,9,199,0.8174627355597438,0.02209497284637271,809,195.0,61.0,1676.247494446328
284200,394,46,204,2,5,183,0.8206524049406331,0.02187476090143387,809,220.0,76.0,2343.710070087359
284300,411,43,201,3,4,203,0.8244304140896327,0.022268485560684514,809,195.0,59.0,2159.7293162809083
284400,410,39,191,2,8,209,0.8195601232662195,0.02240984715541323,810,233.0,72.0,2151.3987318416976
284500,409,41,186,4,5,214,0.8096493484528012,0.023104171324481358,811,238.0,75.0,2267.7521826600982
284600,416,48,195,2,3,216,0.826941975566351,0.023120624170472788,810,193.0,66.0,1638.4975504550616
284700,416,40,204,3,3,206,0.823952842415541,0.02418133179523961,811,194.0,66.0,1686.8397090481137
284800,413,38,206,3,5,199,0.8381447250433767,0.024088169561423782,812,230.0,73.0,2198.1749505468038
284900,403,52,217,2,3,181,0.8295118467059646,0.023882350173151008,812,178.0,63.0,1598.270235025089
285000,421,48,227,1,4,189,0.8349385339903849,0.024355826161546617,813,194.0,66.0,1937.5942546254792
285100,411,42,216,4,1,190,0.8307858666397191,0.02448229951620264,813,171.0,64.0,1492.4615109466104
285200,419,44,211,6,1,201,0.8481565301575872,0.024537746720947586,814,157.0,61.0,1464.8305884741444
285300,406,48,204,7,3,192,0.8579934874513351,0.025354318621553705,815,217.0,84.0,2178.4960354622576
285400,396,46,184,5,3,204,0.8545284291073406,0.02457131097841161,815,227.0,79.0,2548.6609093313104
285500,401,52,188,9,4,200,0.8482345053209044,0.024297892766195154,816,143.0,54.0,1536.1479340547107
285600,396,51,190,7,5,194,0.8476385780777911,0.024641455346370758,815,219.0,74.0,2363.175501844246
285700,398,38,193,7,5,193,0.8414879945320606,0.023819040732750808,815,151.0,62.0,1565.0281967882406
285800,404,44,205,6,5,188,0.824281304050892,0.024411768150945697,816,227.0,72.0,2211.4185803845253
285900,410,46,199,5,5,201,0.8253850939658395,0.024631977606192925,817,141.0,51.0,1225.2614763652707
286000,407,44,214,3,4,186,0.8055446179556894,0.02386979579059218,817,213.0,65.0,2040.29416727888
286100,403,39,205,4,5,189,0.8140010242940758,0.02493897781176472,818,198.0,75.0,1540.9120156244953
286200,393,46,201,5,4,183,0.8122658131484225,0.024929730256088377,818,189.0,65.0,1558.8546240523096
286300,390,49,198,6,1,185,0.8139145624841055,0.024150935734271555,819,201.0,68.0,1759.6795728707039
286400,384,49,183,7,2,192,0.8201922380922682,0.023695881944325814,819,166.0,62.0,1395.129436981767
286500,381,46,185,5,2,189,0.8145163915619995,0.022809939615181612,820,175.0,64.0,1653.228306752556
286600,394,37,193,7,1,193,0.8151008731963926,0.022464282485313142,820,154.0,58.0,1405.0126274515744
286700,386,44,186,5,2,193,0.8249495957741073,0.02309844837449382,821,204.0,67.0,1998.6146115871725
286800,385,49,183,6,3,193,0.8191263342712609,0.02180392679231386,821,139.0,50.0,1278.6417625856943
286900,381,52,180,7,2,192,0.8191682269346533,0.021168891871174114,822,150.0,53.0,1404.6745535528473
287000,403,42,189,10,3,201,0.8188560394887244,0.02144800390627193,822,116.0,42.0,1212.122047963643
287100,414,48,206,5,4,199,0.8158008182114584,0.021131379083951466,822,157.0,51.0,1730.6032145734453
287200,429,43,215,5,4,205,0.8017620337370761,0.020372352173893934,823,121.0,44.0,1021.2722989919629
287300,441,45,229,6,7,199,0.8146189267228435,0.020544009193246577,823,156.0,58.0,1515.2195390312477
287400,454,42,240,3,6,205,0.8051985564637248,0.019433569695888043,823,104.0,43.0,969.607107593853
287500,462,47,251,1,6,204,0.8032624860499534,0.019828577398319197,824,151.0,60.0,1398.090978095286
287600,461,40,247,0,10,204,0.8073618486467986,0.0192182832911444,825,172.0,60.0,1795.683810714495
287700,463,48,240,1,8,214,0.8252228419893307,0.01949639086322794,825,187.0,74.0,1730.1806035223838
287800,445,46,235,3,8,199,0.8411193717286994,0.01888009537895434,825,250.0,82.0,2824.110232158526
287900,418,41,220,4,7,187,0.8591032298961935,0.018543785080579907,826,165.0,79.0,1476.6069534043065
288000,384,41,204,5,4,171,0.8636813058763918,0.017559200152376133,827,269.0,95.0,2996.783721409718
288100,351,56,174,7,2,168,0.891930795007609,0.018415755989197556,827,238.0,111.0,2422.675459398231
288200,326,51,148,3,3,172,0.9046472616164629,0.018281175687051426,828,247.0,93.0,2919.2187404972456
288300,324,51,137,3,3,181,0.9044653078796016,0.018133160588859342,825,222.0,77.0,2694.0170282630634
288400,306,67,128,6,3,169,0.9268823437970115,0.01863894386613735,826,285.0,94.0,3995.2754726889366
288500,304,50,132,4,1,167,0.8778077743254903,0.01909814177527088,826,245.0,69.0,3182.31790812685
288600,313,66,126,2,1,184,0.8586212038009745,0.01839108439725834,826,256.0,65.0,3238.8693561468244
288700,341,48,134,2,0,205,0.848258545415627,0.017712075606650404,827,171.0,60.0,1704.387720818899
288800,356,54,150,4,2,200,0.8381568772894314,0.017642365031723506,827,166.0,47.0,2033.2295818387847
288900,372,55,160,3,4,205,0.8319127570692794,0.017175160988119144,828,179.0,68.0,1768.1950907079383
289000,392,46,170,4,2,216,0.8189655028810676,0.017661152410283754,829,165.0,61.0,1516.1422617066899
289100,388,45,174,5,0,209,0.8103842009762079,0.017515625547395833,829,162.0,55.0,1574.0814907564072
289200,418,42,191,5,2,220,0.8033065639726975,0.016876846363161287,830,139.0,51.0,1187.2647059165554
289300,434,43,216,3,2,213,0.8026392950420984,0.016958566829473574,831,131.0,48.0,1492.4319357266936
289400,465,37,231,2,4,228,0.7960870927396223,0.016414072710126938,831,111.0,41.0,1139.1331152400733
289500,476,30,246,5,2,223,0.7958371966914819,0.015809666812111274,832,135.0,45.0,1319.9538480004967
289600,456,44,233,6,1,216,0.8165245108011014,0.01546329939233958,832,187.0,78.0,1738.4823552953421
289700,446,40,240,4,5,197,0.8222852296986803,0.01563293583064897,833,204.0,80.0,1960.925852337398
289800,434,41,226,6,8,194,0.8381155675288887,0.016080545827347838,834,227.0,85.0,2372.2163388380905
289900,417,45,220,5,7,185,0.8429168768419166,0.016219205156126616,834,216.0,77.0,2394.65442988851
290000,404,45,209,3,6,186,0.8601764816831003,0.017346739503228986,835,223.0,77.0,2148.635816606743
290100,394,59,199,4,5,186,0.8620549007422085,0.01818534615307978,836,279.0,81.0,3128.5012263528606
290200,388,56,188,5,6,189,0.8482837648665219,0.01755554107777866,835,218.0,73.0,2339.7765229810584
290300,407,45,187,6,5,209,0.8525829513358752,0.01767450407423703,836,222.0,72.0,2666.2988243474833
290400,415,39,190,5,2,218,0.8473867052140245,0.018094285193546736,837,156.0,57.0,1658.8701827371804
290500,440,41,206,4,4,226,0.841459606449639,0.018238270826269776,837,157.0,51.0,1780.5647722021997
290600,433,45,213,7,2,211,0.8552194229621826,0.0191699675194973,838,201.0,79.0,1990.632181602668
290700,420,55,196,7,8,209,0.8516918015351456,0.018805139646056457,838,185.0,85.0,1673.1105736433735
290800,391,57,191,8,7,185,0.8756550162862469,0.019379984563729566,838,254.0,106.0,2677.8085103148933
290900,345,49,176,5,1,163,0.8910711902601937,0.018449128741409297,839,311.0,118.0,3556.3332452691625
291000,326,56,151,1,2,172,0.9035227954727009,0.01883294625569871,839,243.0,87.0,2960.265687631923
291100,326,58,138,2,1,185,0.9005786271933613,0.01880133401917592,839,278.0,80.0,3633.774919632347
291200,311,58,132,2,2,175,0.8900802494815813,0.019486502816112465,838,217.0,70.0,2731.4274719580685
291300,327,49,134,3,2,188,0.8776374852583226,0.01889624716232246,838,185.0,71.0,2287.470490580188
291400,345,48,150,3,1,191,0.8851775776561815,0.0191202661202808,839,172.0,65.0,2040.368408712544
291500,340,44,137,6,1,196,0.8669826083061729,0.019155291338126317,839,168.0,59.0,2112.3648558726804
291600,357,57,163,6,0,188,0.8437954300810353,0.018926560895944255,838,195.0,57.0,2538.9995987346742
291700,376,60,185,4,0,187,0.8242550302916685,0.017996967601583973,839,121.0,40.0,1487.958753395091
291800,396,49,199,4,3,190,0.8199841064290817,0.018386568087650594,839,108.0,53.0,1016.8070045333665
291900,417,51,209,7,6,195,0.8206746085045502,0.018271190984133493,840,108.0,44.0,1111.8778223848894
292000,446,45,220,5,7,214,0.8197876022297852,0.017987465754302975,841,114.0,41.0,1247.811178070444
292100,457,42,238,8,9,202,0.8144098406706232,0.01811271164990698,841,143.0,52.0,1619.556165198365
292200,473,49,256,8,8,201,0.8111490554043906,0.018161675751130795,842,120.0,40.0,1400.4206460431208
292300,493,46,271,5,9,208,0.8043198760945539,0.01792092542862474,840,121.0,38.0,1424.7346585131568
292400,511,41,289,5,10,207,0.8048633302415386,0.017928997428817164,841,172.0,52.0,2024.691846162248
292500,515,44,288,7,10,210,0.8055521933563395,0.017879050348316484,841,101.0,39.0,865.0892492318761
292600,528,40,287,7,11,223,0.8193590918069497,0.01834538618292019,841,128.0,48.0,1157.1277488924886
292700,516,47,265,9,17,225,0.819354138941882,0.01913182348972263,842,213.0,69.0,2082.378595471676
292800,518,41,275,8,16,219,0.8036081968603787,0.01855925441907311,843,176.0,49.0,1835.5842283566583
292900,521,44,279,9,13,220,0.8039573323421398,0.0185326708875989,843,160.0,56.0,1470.7170914011024
293000,516,48,275,9,15,217,0.8149476291473462,0.018754859022679995,844,137.0,64.0,968.4885740056533
293100,495,42,261,10,14,210,0.828329729024981,0.01900359572715049,845,183.0,74.0,1575.6512317887461
293200,444,45,239,7,12,186,0.8390416143027991,0.018118515407847247,845,249.0,104.0,2168.1088708863363
293300,408,43,221,7,4,176,0.8729850907106327,0.01849576386365547,846,290.0,111.0,2826.244372594109
293400,372,48,185,6,3,178,0.8788114490215698,0.01890376575128538,846,257.0,80.0,2931.18090527808
293500,357,54,173,4,2,178,0.8792628168287902,0.018922588304301134,847,280.0,85.0,3399.7468993837383
293600,341,62,158,3,2,178,0.8556748831426644,0.019304626136519377,847,273.0,84.0,2750.1815150234397
293700,337,54,153,1,1,182,0.8507928938410686,0.018829464260341197,848,174.0,57.0,1877.1105270566763
293800,348,55,156,5,0,187,0.8572546011501057,0.018286333948360173,848,187.0,62.0,1940.2316166975706
293900,354,58,168,5,0,181,0.8325154890491475,0.01754837923417479,849,175.0,55.0,1880.892509877005
294000,358,46,155,4,0,199,0.84823904996044,0.018126752271904138,849,188.0,58.0,1948.3633980786815
294100,377,56,168,2,6,201,0.8506038307374583,0.017911915267227255,850,128.0,40.0,1293.8912528727071
294200,359,45,173,2,5,179,0.8411185860164515,0.017728727879848378,851,285.0,82.0,3003.204621374726
294300,352,42,170,4,4,174,0.8370754728737562,0.017791384777185896,851,163.0,65.0,1417.8595031503858
294400,374,55,175,5,8,186,0.8481968121670229,0.01911850497616258,852,201.0,52.0,2232.373606712266
294500,394,54,181,4,8,201,0.8228904574781083,0.018359417846791463,852,144.0,52.0,1382.152650560366
294600,392,51,176,3,7,206,0.8229333424630607,0.01920391096659803,853,167.0,60.0,1621.832880695555
294700,383,52,169,6,6,202,0.8382245927075819,0.020623256750851127,853,166.0,77.0,1376.9607769686218
294800,363,46,163,7,4,189,0.8645106520427106,0.023045600992004655,854,239.0,85.0,2366.919080360108
294900,344,52,145,10,1,188,0.8555766030299855,0.022958173013535123,854,218.0,72.0,2360.0410419237237
295000,356,49,153,7,0,196,0.8476784851103247,0.023265747540402518,855,194.0,68.0,2053.323475461443
295100,353,45,153,12,2,186,0.8513679225370397,0.024571961022502406,856,187.0,67.0,1876.1323762855932
295200,342,55,155,9,1,177,0.8607129046581015,0.02407632442962163,856,185.0,71.0,1735.7798847373292
295300,347,53,158,10,2,177,0.8393702262399022,0.024655975228706647,856,186.0,66.0,1900.1165444802436
295400,350,51,155,5,3,187,0.8374152880989942,0.024452872219916887,854,155.0,57.0,1503.605571139889
295500,357,53,154,5,1,197,0.823311724462432,0.023203970075346542,855,146.0,47.0,1601.5451635716295
295600,382,48,178,4,2,198,0.8053014309734156,0.022854167314998505,855,113.0,29.0,1395.6707905420276
295700,412,36,195,5,0,212,0.7985181903294332,0.02210872452623697,855,77.0,26.0,870.1567820532423
295800,422,46,213,3,2,204,0.7959066604949196,0.02183510442002939,854,110.0,33.0,1113.8063012279679
295900,441,48,223,3,6,209,0.8037433889194421,0.021315099986817142,852,95.0,39.0,774.6970987899598
296000,461,39,246,6,5,204,0.8014043523975304,0.020406359569398142,852,78.0,22.0,764.1045300901972
296100,467,43,261,6,6,194,0.7872852236473684,0.019337936265200483,853,73.0,22.0,658.4939817449417
296200,490,37,275,7,12,196,0.7815815475363481,0.01890209237616928,853,66.0,18.0,654.6482970424497
296300,506,40,289,5,9,203,0.7814848389867747,0.018469379077834955,854,21.0,9.0,102.02040314282725
296400,531,32,306,6,8,211,0.7834071344171728,0.01854715535506806,854,38.0,11.0,351.2861648256029
296500,555,37,333,6,9,207,0.7772966493601117,0.017959217327628164,854,40.0,16.0,308.68871690490914
296600,557,48,332,7,14,204,0.7821322862046013,0.01723095433521958,855,46.0,19.0,350.0323610685096
296700,571,43,364,8,12,187,0.7813820507634384,0.016527736328422842,855,58.0,18.0,492.47308248247396
296800,607,43,379,7,19,202,0.7832500743682033,0.016607237959051193,855,55.0,13.0,547.8381447769221
296900,614,32,380,11,23,200,0.782793522718122,0.016716848648269077,855,73.0,20.0,553.4516586651223
297000,619,37,371,10,18,220,0.7969828153944547,0.01710182862896456,856,69.0,26.0,488.44741841523444
297100,622,39,378,10,23,211,0.8009289333737363,0.017356088557814994,856,99.0,37.0,824.1213056132239
297200,596,30,364,11,15,206,0.8088494789177102,0.01827768308847564,857,156.0,65.0,1464.2163972670114
297300,564,45,348,9,18,189,0.815776597252634,0.018123571697944443,858,168.0,57.0,1668.5391066995157
297400,536,43,335,6,12,183,0.8311151878355437,0.01794140262072461,858,160.0,67.0,1524.8068726715842
297500,513,39,319,8,8,178,0.838897562881247,0.01823563972300658,859,261.0,87.0,2973.468048138345
297600,472,46,276,6,6,184,0.8556695474002096,0.0180792875263284,859,265.0,93.0,3067.2776110345817
297700,419,48,230,4,7,178,0.8723597376726485,0.01861720189000811,860,344.0,125.0,4168.285247996202
297800,401,46,204,1,8,188,0.881511596853956,0.017956125543396827,861,216.0,69.0,2681.9531273634752
297900,362,48,185,3,6,168,0.8933569143506999,0.018373489211404376,861,325.0,103.0,4161.511297440023
298000,371,52,177,4,9,181,0.877043212648808,0.017766737819964615,862,164.0,52.0,1934.0984944323616
298100,379,51,178,3,9,189,0.8732527544207415,0.018093867181786398,862,201.0,61.0,2690.7884968084495
298200,384,53,173,5,9,197,0.8537382341144663,0.017570081085310132,863,188.0,57.0,2504.2316931731225
298300,397,50,184,3,7,203,0.833319016578479,0.017351949971071888,862,142.0,45.0,1735.5598981817411
298400,420,53,191,3,4,222,0.8273602530938802,0.017187010500571677,863,117.0,49.0,1144.2657796846581
298500,437,45,218,5,5,209,0.8264930264892063,0.01730359520439019,864,130.0,54.0,1350.2143305010507
298600,441,47,223,6,6,206,0.8334038156522366,0.017769508930393304,864,132.0,49.0,1474.4246004559511
298700,450,57,229,5,4,212,0.8378135439414688,0.018310294614273064,865,195.0,73.0,2094.9250475757713
298800,428,47,213,6,4,205,0.8490918894916816,0.01896157997026653,864,211.0,80.0,2209.1977030457374
298900,414,56,191,6,7,210,0.8785940657644221,0.019848909777287142,864,271.0,94.0,2846.3918430440244
299000,373,58,170,2,5,196,0.8800983398503395,0.020442838537945762,865,366.0,126.0,4053.224860597325
299100,338,55,132,2,6,198,0.9128787613472474,0.022329191974151164,866,340.0,117.0,3491.618808836581
299200,319,62,126,4,5,184,0.9002630009964883,0.021037607439809914,864,358.0,97.0,3973.965094438852
299300,321,52,121,4,4,192,0.8865677455530105,0.020666584312942972,865,244.0,80.0,2508.7518887136007
299400,319,59,123,3,4,189,0.8777471868313608,0.020540190472314524,866,276.0,85.0,2892.6306098689265
299500,326,56,129,3,3,191,0.8615373736625103,0.02067449505970734,866,250.0,77.0,2530.4978385816003
299600,337,54,129,6,3,199,0.8562411065160668,0.020549735759855827,867,222.0,72.0,2157.5397101419107
299700,342,54,130,10,2,200,0.8629598382074262,0.02116169845288493,867,202.0,70.0,1914.0770916580784
299800,331,54,131,5,0,195,0.8693998771626266,0.021182958225297862,867,242.0,84.0,2459.776622142175
299900,332,55,142,5,1,184,0.8451389783246065,0.020691919510194477,868,179.0,65.0,1835.7446344147752
300000,345,58,139,6,1,199,0.8564007035346451,0.0210707057357671,868,184.0,64.0,1904.6864123780015
300100,343,46,146,7,1,189,0.8529792471771047,0.020950174270456597,869,207.0,69.0,2235.6084626474512
300200,334,42,143,5,1,185,0.871730536701957,0.021493542227010796,870,214.0,80.0,2152.858430217606
300300,331,50,141,5,2,183,0.8708719402091385,0.020998776598160216,870,257.0,80.0,3023.1370881297944
300400,326,57,135,4,2,185,0.8813061394061088,0.02105117213733726,871,200.0,76.0,2115.9493817086914
300500,326,60,127,8,1,190,0.8825456951706487,0.02116440481498453,871,191.0,76.0,1800.3697459782932
300600,332,56,134,7,2,189,0.8786346959637827,0.02072881812547483,872,220.0,69.0,2603.134030702582
300700,333,59,135,8,2,188,0.8782316520509486,0.02190074693216346,872,193.0,72.0,1925.4200787162506
300800,352,54,139,5,3,205,0.8562771179992573,0.021356707407662143,872,182.0,64.0,1872.0255941520093
300900,355,54,135,1,4,215,0.8512878174782353,0.021087004931296907,873,187.0,81.0,1700.5932259739855
301000,353,49,138,1,1,213,0.8573479031772508,0.020914663267458354,874,237.0,75.0,2549.1352822602253
301100,359,53,158,4,0,197,0.835014317025859,0.020450442266358858,874,204.0,69.0,2159.7592067617757
301200,379,47,168,6,1,204,0.8336218435076826,0.021386012779380646,874,177.0,54.0,1979.9581585839387
301300,360,49,158,7,2,193,0.8475901451452662,0.0213859168238562,874,209.0,83.0,1931.2457709442263
301400,353,52,157,8,0,188,0.8540104321851985,0.02161703295558591,872,195.0,73.0,1852.7973652959727
301500,350,54,152,10,0,188,0.8372441806210126,0.021193455484309252,872,200.0,76.0,1904.3981755174357
301600,357,45,149,13,1,194,0.8573697461040536,0.02159466332298928,873,190.0,68.0,1918.91933856627
301700,349,54,140,12,0,197,0.8574774718736634,0.02319759415614283,874,239.0,81.0,2399.406397995847
301800,336,51,138,6,1,191,0.8701850052895723,0.023353003032224474,874,290.0,86.0,3137.1578071923564
301900,327,55,130,6,3,188,0.8624140475273001,0.022986463121088898,875,256.0,80.0,2665.5468441431144
302000,317,50,127,6,3,181,0.8786533059471145,0.02341086011528348,875,238.0,83.0,2332.158261625594
302100,300,62,111,6,5,178,0.8753319263171814,0.024098183834116944,876,226.0,77.0,2281.1085200753932
302200,323,53,121,6,6,190,0.8730649305312773,0.02414772785867423,877,180.0,62.0,1869.4803980353481
302300,320,60,124,7,2,187,0.8767017415115148,0.02455935734973105,876,258.0,78.0,2808.536532229735
302400,304,66,120,8,0,176,0.8767347199222426,0.024947270439477517,877,266.0,88.0,2929.0450976540633
302500,303,62,123,5,0,175,0.8787232932754296,0.02618003824079398,878,196.0,64.0,2129.220037825505
302600,323,45,124,5,1,193,0.8602970000018783,0.02610893802400575,878,181.0,55.0,2070.4683445277274
302700,340,57,131,4,2,203,0.8435006263444738,0.025102317670635955,878,129.0,46.0,1402.7444984730696
302800,343,44,138,5,2,198,0.8423749057980581,0.023998568262619657,878,158.0,55.0,1659.7039883712177
302900,333,61,130,7,3,193,0.8659640425199261,0.0251416381382036,878,186.0,77.0,1727.5456065474525
303000,343,48,151,6,4,182,0.8653049424045066,0.025196866602845463,879,172.0,60.0,1805.0904117820417
303100,323,52,138,6,5,174,0.867457288201429,0.024775992052269075,879,196.0,71.0,1950.2690548662872
303200,313,60,131,5,5,172,0.8669141948675777,0.02456883064509904,880,182.0,71.0,1742.2568333159145
303300,319,53,135,5,1,178,0.8581003874260269,0.025078938657921733,880,182.0,65.0,1904.6518189887943
303400,332,51,136,5,1,190,0.8544853522155756,0.026159388957267014,881,213.0,61.0,2288.954072249804
303500,341,51,136,9,0,196,0.8557125087633797,0.02578289289115087,882,126.0,49.0,1190.5030978652512
303600,316,57,136,7,1,172,0.8800365371056468,0.02701526882497924,882,211.0,78.0,2043.493393657602
303700,325,61,132,7,1,185,0.8859042265857866,0.02746541799739772,882,169.0,68.0,1527.4021609358317
303800,299,72,121,5,2,171,0.9007899492670249,0.029450561955051725,883,218.0,78.0,2273.5693713232954
303900,297,55,104,4,0,189,0.8917564289519437,0.029873796417381943,883,222.0,69.0,2640.9881303778743
304000,309,50,119,4,4,182,0.8716997755967999,0.029891152878567518,883,144.0,55.0,1491.5838955966624
304100,311,53,121,7,3,180,0.8646161060707452,0.0299919423265723,884,149.0,56.0,1606.3339228323903
304200,322,48,129,8,3,182,0.8660436102434764,0.03022530053064838,884,167.0,56.0,1974.6196325046092
304300,318,48,134,8,0,176,0.8479649537273327,0.030000736283726615,885,150.0,58.0,1589.9091766172598
304400,326,54,131,7,3,185,0.8410731498687528,0.03040336038317139,885,98.0,38.0,1032.8663815624177
304500,331,44,145,7,3,176,0.8393212457626715,0.029860773561010603,885,102.0,43.0,1067.409660335027
304600,342,48,148,6,4,184,0.8409101546304047,0.02952814668360089,886,131.0,47.0,1456.7313229535193
304700,341,50,155,2,1,183,0.8284663977693804,0.028793172515178822,886,124.0,38.0,1475.116368171572
304800,358,57,167,4,2,185,0.8252893567442762,0.028118556597434563,887,50.0,24.0,433.123563887775
304900,369,50,188,8,1,172,0.8271609129771431,0.027851856484092632,887,69.0,26.0,725.2074586923716
305000,379,47,189,7,3,180,0.8220681699241535,0.02759926220311266,887,82.0,37.0,746.3198149953153
305100,381,49,198,5,1,177,0.8192694070006027,0.0277523087033373,888,96.0,42.0,883.2282154354081
305200,381,40,203,4,3,171,0.8217936050459238,0.027663685008434566,888,83.0,33.0,865.4194551234997
305300,375,51,192,4,6,173,0.8119399410755651,0.026715679738729722,888,89.0,36.0,895.065976772573
305400,369,45,188,5,3,173,0.8463765289794128,0.026769889086895177,889,103.0,55.0,802.9096153077686
305500,365,40,176,8,1,180,0.8479807835632572,0.02726957661907792,888,143.0,63.0,1418.4233486392245
305600,351,59,166,6,3,176,0.863494194509398,0.027157879664977305,889,151.0,60.0,1537.8947561569787
305700,338,54,159,2,2,175,0.8654135423242162,0.026215980294918246,889,221.0,76.0,2592.5081213977514
305800,322,50,144,2,2,174,0.890689218883885,0.027014540123858285,890,181.0,67.0,2067.95941639551
305900,323,53,134,3,2,184,0.8762524660760617,0.026365353916075814,890,147.0,53.0,1665.0182293058313
306000,323,53,133,1,2,187,0.8686156018515014,0.02562959526875014,890,201.0,71.0,2356.7392720219523
306100,320,48,139,5,3,173,0.8623359207721863,0.025447519660625435,891,182.0,55.0,2323.6095769162375
306200,328,51,142,6,1,179,0.855194565889699,0.025221284644929582,892,155.0,59.0,1808.8134432708196
306300,334,51,155,6,2,171,0.8781034935429289,0.02546021277282631,892,125.0,60.0,1246.1329946609903
306400,346,54,147,4,2,193,0.8675302395454687,0.025043053222364765,893,149.0,49.0,1779.1056308718985
306500,348,50,149,5,3,191,0.8713175744297991,0.025684725368568338,894,143.0,56.0,1631.7859849769543
306600,352,49,144,7,1,200,0.8576693312150477,0.02454053346781403,894,134.0,61.0,1406.2407761317825
306700,346,51,165,6,0,175,0.8666018147283934,0.024674518088606802,895,163.0,63.0,1839.5826752563887
306800,323,50,151,4,0,168,0.8698247235338099,0.023959630246674694,895,171.0,61.0,2090.5041496090507
306900,330,53,164,2,0,164,0.8704459623029719,0.023117187440188414,896,101.0,47.0,1044.7081589876834
307000,342,49,157,4,1,180,0.8693658984716957,0.02290382471077773,897,175.0,54.0,2267.7734661468844
307100,352,44,150,5,4,193,0.8734264426710335,0.023329161178182126,897,161.0,56.0,1892.4289184098827
307200,364,44,159,6,1,198,0.8590838103918027,0.023059510387886367,898,117.0,49.0,1208.7963645882176
307300,369,53,163,6,4,196,0.8666737720021367,0.022612965134749294,899,170.0,48.0,2181.0570053022766
307400,366,54,169,7,6,184,0.8561439012100639,0.021706796638507556,899,171.0,57.0,2089.380522885159
307500,385,49,185,3,6,191,0.8412484987787409,0.02073216144864688,900,121.0,39.0,1455.2920392784288
307600,392,52,185,3,6,198,0.8506743516658376,0.019889306441712138,900,108.0,40.0,1149.3658527124412
307700,397,56,192,6,9,190,0.8404626448791993,0.020052855851611057,900,123.0,47.0,1272.3469709969072
307800,412,52,202,7,9,194,0.855186428511666,0.020400672306841432,900,154.0,57.0,1669.5268532007492
307900,399,55,202,8,13,176,0.8559674766261527,0.02044460463733119,901,141.0,55.0,1397.7191206888199
308000,410,56,199,7,11,193,0.8502908300262697,0.02089232698443964,901,167.0,53.0,1768.120893872232
308100,396,47,187,9,10,190,0.848113040542205,0.020842852870629286,901,197.0,72.0,2054.938593488029
308200,376,41,162,7,10,197,0.8560652805522362,0.02090479180229634,902,211.0,78.0,2122.864444662559
308300,349,43,162,7,3,177,0.8636828927736884,0.021210651513825788,903,257.0,86.0,2798.4506910609857
308400,340,47,141,7,2,190,0.8883533716454991,0.022876734737271576,903,182.0,78.0,1696.4604269904041
308500,333,50,136,11,3,183,0.8939249517373549,0.023304741651846102,904,172.0,59.0,1932.6866687260897
308600,321,51,127,7,2,185,0.8961276338286621,0.023978329752847374,904,182.0,71.0,1884.7986424805383
308700,305,53,122,4,1,178,0.8758466477138073,0.02421317364655071,904,200.0,76.0,2061.145679681336
308800,319,59,125,4,2,188,0.8829598642157317,0.02498366880620656,904,114.0,43.0,1200.844666280162
308900,326,58,135,5,3,183,0.8851706562483564,0.025163345946309954,905,188.0,65.0,2168.9866875437724
309000,340,45,144,5,4,187,0.859262579625402,0.023789512801623804,906,155.0,60.0,1637.1367987036253
309100,328,57,143,5,1,179,0.8564072069602452,0.02384485718681689,905,165.0,66.0,1640.8483932829436
309200,343,51,150,9,2,182,0.8746090826663103,0.02544639396480066,906,152.0,57.0,1605.133388515229
309300,344,51,151,7,3,183,0.8627250172659925,0.025057967612620982,906,182.0,66.0,1885.0964094281328
309400,337,56,136,3,2,196,0.881923066332818,0.024716412641406088,907,167.0,61.0,1738.4533837929282
309500,341,49,133,4,2,202,0.8728734317882259,0.024713901581275424,907,181.0,66.0,1945.0851611866938
309600,339,50,142,6,0,191,0.8531999988470669,0.023168969639277483,908,189.0,67.0,1883.7959114879657
309700,334,51,142,5,2,185,0.8693623132947719,0.0225742712054356,909,218.0,67.0,2352.827632107514
309800,346,54,149,5,3,189,0.8614435843317916,0.023364759643191586,909,190.0,50.0,2034.072509311011
309900,370,46,168,6,4,192,0.8299364894379317,0.022625271197530893,910,163.0,60.0,1525.7158052997675
310000,379,56,164,7,3,205,0.8326178227737969,0.022822184895778815,910,157.0,49.0,1571.9212732544445
310100,371,53,161,5,2,203,0.8357733470685934,0.023761334071238555,911,160.0,65.0,1306.9044247662325
310200,367,49,159,5,4,199,0.8426201751527868,0.02469684808487543,912,192.0,67.0,1910.658831391067
310300,379,45,168,6,1,204,0.8301510679799806,0.02466888242836278,912,149.0,57.0,1391.1185243103355
310400,387,44,168,8,2,209,0.8397073736217526,0.025894306092150113,913,197.0,75.0,1763.447570264795
310500,357,51,168,5,1,183,0.8433229972517509,0.026247596853372086,913,241.0,71.0,2392.561929296108
310600,353,54,164,2,3,184,0.8333702158233579,0.02541338309949789,914,209.0,59.0,2166.287123386692
310700,349,55,162,5,4,178,0.8189354486531741,0.024286420007211058,915,156.0,53.0,1459.0773258798977
310800,369,48,166,5,4,194,0.8172913868759056,0.02451159381822471,915,155.0,48.0,1554.3771952589595
310900,367,47,166,4,6,191,0.8255064522065572,0.02512398211721352,915,196.0,63.0,1898.060101467876
311000,351,51,154,3,10,184,0.8432413791157323,0.02546269340933065,916,189.0,70.0,1783.5657742063736
311100,335,57,146,4,4,181,0.8644135102339822,0.025805148156328114,917,220.0,84.0,1988.9051644369652
311200,327,57,134,5,3,185,0.8917057280143296,0.027615734434172402,917,252.0,79.0,2566.5751053961794
311300,303,54,118,6,5,174,0.8898506599763567,0.027438291005642726,918,212.0,78.0,2047.2575467700772
311400,316,58,115,8,4,189,0.8862821114676847,0.027768163909245483,916,166.0,57.0,1686.1853947719324
311500,309,58,116,8,4,181,0.8877282401240891,0.0278981776284828,916,183.0,64.0,1886.1948190340893
311600,322,53,122,10,5,185,0.8749160211467534,0.0260513130383692,916,153.0,48.0,1555.177077393766
311700,342,55,133,8,2,199,0.8516976116627872,0.024310073170313397,916,105.0,43.0,1030.7444459181672
311800,370,42,152,5,3,210,0.8374587678624478,0.02425929127472441,916,154.0,52.0,1779.7882700570499
311900,374,51,163,3,5,203,0.8275209056311932,0.02355497337632474,917,123.0,47.0,1135.2759129773594
312000,379,48,166,3,5,205,0.8358550163747975,0.02370202761835897,917,120.0,47.0,1091.7786391438813
312100,385,45,179,5,5,196,0.8427011510317699,0.024738980891836782,917,139.0,54.0,1381.252700473282
312200,382,46,178,3,7,194,0.8605196371778098,0.025391204179534946,918,144.0,58.0,1366.782320561629
312300,382,48,177,3,7,195,0.8761503572603274,0.026419106595955547,918,122.0,51.0,1124.575400434559
312400,357,50,165,11,6,175,0.8879508614790035,0.027117306589656692,919,198.0,81.0,1957.3972891118594
312500,335,48,148,8,3,176,0.8735110640529362,0.025682482627694077,919,212.0,73.0,2524.82780997448
312600,335,58,145,8,0,182,0.9014074229969772,0.026712477714047493,920,187.0,64.0,2151.276063362633
312700,345,55,146,9,0,190,0.9044412241956294,0.027553954640756814,920,191.0,72.0,2169.021503231026
312800,356,43,146,8,1,201,0.8890571670365145,0.026711426592696,921,193.0,62.0,2332.7103973259123
312900,354,52,138,9,2,205,0.9041693250777965,0.027446530115693382,922,149.0,53.0,1526.787347978301
313000,350,57,142,9,1,198,0.9028296655588568,0.027323969157835748,922,181.0,67.0,1877.973079571986
313100,342,58,148,10,2,182,0.8914248610821717,0.02719168665319601,923,212.0,73.0,2512.0033778015786
313200,341,57,136,15,1,189,0.8953812780287861,0.02656511328659742,923,152.0,65.0,1479.7636644574652
313300,354,47,136,17,3,198,0.8948235500040713,0.025625715922765045,924,164.0,57.0,1797.0684873555258
313400,361,51,138,10,5,208,0.8915039418612912,0.024800820841974866,924,190.0,72.0,1886.0178673984979
313500,333,57,127,10,5,191,0.9033005887807987,0.02530417109778314,925,180.0,75.0,1743.8388497182293
313600,329,48,120,7,7,195,0.9050534839122852,0.025017591043653423,925,199.0,78.0,1966.7852147202195
313700,309,54,128,7,6,168,0.9232656635637054,0.025693484206773462,925,206.0,67.0,2149.1716745803064
313800,303,58,117,9,5,172,0.9168919265298999,0.025734980640977536,925,159.0,52.0,1806.1879846217955
313900,307,53,120,11,2,174,0.902055686237201,0.025228211808416258,925,181.0,61.0,1906.229805828263
314000,314,62,117,9,3,185,0.8930988069577821,0.024859001877991373,925,145.0,55.0,1506.7275281139994
314100,325,49,130,6,6,183,0.8728148763075434,0.02345830544150332,925,167.0,59.0,1765.158178552628
314200,338,53,140,6,4,188,0.8597675900365968,0.02299490559514841,925,141.0,48.0,1620.4292034132184
314300,365,50,156,5,4,200,0.8648448880237435,0.022533775587194518,926,118.0,47.0,1113.4219405095773
314400,358,47,153,9,3,193,0.8650885247003369,0.023875423022695637,926,177.0,66.0,1673.6466458165064
314500,369,52,162,11,1,195,0.8476732224957975,0.02307100497092462,927,126.0,41.0,1331.9499437186773
314600,373,45,170,7,1,195,0.8353036203745929,0.022600127891894636,927,106.0,42.0,1056.4992489793756
314700,380,45,171,8,7,194,0.8557794524490306,0.023267510439257143,927,151.0,56.0,1663.174704492634
314800,360,52,172,5,5,178,0.8450122089440324,0.022162581583333844,928,128.0,52.0,1315.487486176963
314900,380,55,179,6,3,192,0.8534166509826301,0.022099547072490306,927,145.0,65.0,1467.3270215431485
315000,393,50,184,5,6,198,0.8481009502917051,0.02121307030257658,927,187.0,65.0,2100.4295069802956
315100,406,55,180,6,5,215,0.8511219226859028,0.021283053808208073,927,136.0,50.0,1381.8996855875312
315200,402,57,189,8,5,200,0.8489862571040211,0.021189935275068704,927,154.0,50.0,1684.0583004255102
315300,422,53,199,7,3,213,0.846948106474341,0.021219617826920608,928,137.0,54.0,1325.6331405835354
315400,399,55,192,8,3,196,0.8667160643364586,0.02184431415521267,929,212.0,78.0,2205.4708770440025
315500,393,53,187,8,3,195,0.8661499376302916,0.02115880459870164,929,202.0,76.0,2171.780392093413
315600,413,48,187,8,4,214,0.8757496496604941,0.021882779908905928,928,176.0,67.0,1829.557238309937
315700,393,51,170,6,5,212,0.8716676073565832,0.021448973647898058,929,193.0,67.0,2027.272505285857
315800,386,48,167,8,2,209,0.8653772744334884,0.021005116151758194,929,213.0,87.0,2126.7071544798746
315900,368,49,162,6,4,196,0.8822704392988038,0.021984872773194143,930,210.0,83.0,2279.608209810357
316000,364,41,163,3,0,198,0.8623780300104462,0.02005405399221948,930,256.0,78.0,2956.916076668775
316100,361,54,165,1,3,192,0.8712734497401915,0.020361370480195318,931,120.0,47.0,1131.8975334174131
316200,375,49,165,10,3,197,0.8916307904628095,0.021339208720606868,932,162.0,57.0,1642.6695283513207
316300,368,50,153,10,6,199,0.8978829318038699,0.022322632982128554,931,209.0,65.0,2434.558171662135
316400,351,58,137,12,5,197,0.9045639982854549,0.022476563118900606,931,154.0,61.0,1609.4907965896332
316500,352,56,146,13,5,188,0.8976224301665215,0.02171535387492238,931,162.0,61.0,1649.725315441282
316600,356,54,156,13,4,183,0.8820665230375474,0.020699249225905415,931,114.0,49.0,1114.4732326002527
316700,366,51,164,7,4,191,0.8838983138760175,0.0203103883981084,931,175.0,65.0,1899.5357212221454
316800,366,55,166,9,5,186,0.8852069162636266,0.02014071038716859,931,151.0,53.0,1756.4928344699013
316900,382,54,166,10,2,204,0.8731170762531274,0.019108315797340885,932,126.0,46.0,1437.7542681138352
317000,390,57,173,7,5,205,0.8823352335745295,0.019866064498329887,932,169.0,58.0,2090.082608400478
317100,391,57,173,8,4,206,0.8730258235957913,0.019279193490098972,932,142.0,45.0,1658.7047604632164
317200,393,41,185,7,5,196,0.8820923323229689,0.018778430783856992,931,175.0,63.0,1973.3891382208412
317300,369,54,177,8,8,176,0.9045100743948616,0.019889035346576364,932,174.0,69.0,1683.7561810045524
317400,366,55,170,5,6,185,0.9162145422638497,0.020618481959700168,932,215.0,74.0,2428.2244237109844
317500,357,54,157,6,5,189,0.9121266191733503,0.02090285679348066,932,279.0,84.0,3178.0628760119275
317600,339,56,145,10,4,180,0.8923896007768282,0.01916225729251847,933,169.0,56.0,1832.4451593372273
317700,337,47,144,11,3,179,0.8898818856243383,0.01868239369011464,933,174.0,64.0,1859.9594715799378
317800,336,50,144,14,3,175,0.8991020098008254,0.019882440862994927,934,166.0,67.0,1607.6351167386065
317900,325,58,132,11,2,180,0.8968371346144823,0.01959874802791124,935,204.0,70.0,2153.450343881128
318000,334,54,135,9,2,188,0.882169403013561,0.01889498047708206,935,172.0,57.0,1799.4349858723979
318100,340,56,134,8,3,195,0.8694874563127075,0.018360947075870854,935,235.0,74.0,2546.591519210076
318200,343,62,145,5,1,192,0.8569754232430907,0.017447220523823165,936,209.0,64.0,2231.30661795619
318300,374,62,158,6,1,209,0.8409349161469265,0.016819286953784648,936,100.0,34.0,926.5767501962791
318400,384,49,160,9,3,212,0.8366854849515031,0.01675831634377419,937,151.0,60.0,1215.5483334221935
318500,405,53,172,13,4,216,0.8371967002542889,0.01653004835907427,937,124.0,38.0,1211.6276308217848
318600,401,47,181,10,3,207,0.8346826423121052,0.016114059769728697,937,171.0,60.0,1549.2299009929911
318700,403,40,193,13,2,195,0.8444854320391925,0.016825757111474115,938,176.0,64.0,1772.6623389396505
318800,405,43,204,9,5,187,0.8272573242583309,0.016368140907648623,939,202.0,65.0,2068.292530289473
318900,407,46,213,7,4,183,0.825813988165252,0.016101186175332176,939,151.0,56.0,1432.8949697885398
319000,411,50,212,5,5,189,0.8382953271786036,0.017135276305636778,940,147.0,55.0,1404.6309831806766
319100,394,51,210,8,3,173,0.8460535516114792,0.01772248763987326,940,223.0,72.0,2302.6975310140415
319200,397,53,194,8,2,193,0.8515432646055774,0.018194997949252903,940,187.0,63.0,1871.1315488767946
319300,412,45,192,5,0,215,0.8468242303240459,0.017818839116512913,940,163.0,56.0,1621.7268037623553
319400,410,42,187,7,3,213,0.8469438178463714,0.018185769376599787,941,185.0,74.0,1665.8527870639741
319500,389,40,184,8,4,193,0.8447124500421138,0.017265827073386822,941,227.0,83.0,2129.7343013059494
319600,385,42,187,9,2,187,0.8467708287402659,0.017835655885341552,941,204.0,73.0,1895.482639806324
319700,380,44,175,6,2,197,0.8518269549034528,0.018433095568605142,942,239.0,79.0,2374.04856052157
319800,391,46,180,8,3,200,0.8569259455802706,0.017838066571145787,943,175.0,61.0,1634.700482180114
319900,372,50,172,8,4,188,0.8604356635680993,0.017143133897044145,943,216.0,74.0,2103.038952198953
320000,349,50,160,10,4,175,0.8611497895982804,0.01740589920822653,944,259.0,82.0,2498.689048041295
320100,341,60,157,7,3,174,0.8579828145358848,0.016647175488049178,945,217.0,77.0,2062.8630854411667
320200,352,58,148,7,1,196,0.8506061005980297,0.015904924557251957,945,140.0,46.0,1411.317783882682
320300,354,51,143,5,3,203,0.8606021925063918,0.01587436163543683,946,190.0,69.0,1843.318156648771
320400,359,49,148,6,3,202,0.8620367469209236,0.016051001133289774,947,208.0,77.0,2073.2316295466385
320500,358,54,150,7,4,197,0.8564052523869915,0.016527054949334263,946,192.0,57.0,2049.084710614514
320600,355,48,156,9,1,189,0.8393364810482961,0.015322791141064147,942,178.0,60.0,1911.2709538281717
320700,356,49,168,8,3,177,0.8400857929403106,0.015137412745021046,943,117.0,50.0,1141.4978410790604
320800,376,48,170,10,1,195,0.8439245419438316,0.016152600110828207,943,129.0,53.0,1198.085229035501
320900,388,44,182,7,1,198,0.8406395935487382,0.01585155910628878,944,140.0,52.0,1465.0783494257973
321000,393,49,188,2,2,201,0.8424547191166077,0.015590075125899933,944,131.0,51.0,1318.3396695140316
321100,393,51,185,5,3,200,0.8315725492937093,0.015335652991799547,944,125.0,51.0,1085.8954684722542
321200,401,47,192,4,1,204,0.8276195252737403,0.015542242266460305,944,142.0,53.0,1342.5456978933648
321300,417,49,204,9,0,204,0.8317489114689718,0.01575112585837311,945,133.0,50.0,1242.0567599739543
321400,407,41,189,8,2,208,0.8382929914762709,0.01649203820457659,945,179.0,71.0,1577.7953795273854
321500,404,44,192,11,0,201,0.8467345606822609,0.016652090992042796,946,191.0,72.0,1851.563306197006
321600,411,48,189,10,2,210,0.8541503132040364,0.018175994898088625,946,190.0,69.0,1741.920216597855
321700,378,58,168,8,1,201,0.8750477914041274,0.01888917649588064,947,221.0,89.0,1982.4472702445928
321800,365,47,159,5,3,198,0.8748182292416894,0.019229341139748928,947,257.0,79.0,2761.711740919548
321900,346,51,159,6,2,179,0.8491722192849268,0.01767085679478602,947,225.0,66.0,2304.1091837744552
322000,371,52,171,7,2,191,0.8587398102377788,0.01833646981631815,948,152.0,51.0,1456.912300837886
322100,369,52,167,8,5,189,0.8484482553235725,0.017888941692564473,948,210.0,66.0,2196.6533373912853
322200,369,49,159,11,2,197,0.8520790080010155,0.017878015494642883,948,142.0,54.0,1312.3532510573682
322300,368,52,159,7,3,199,0.8403549076015622,0.01726857351082889,948,193.0,67.0,1753.971293109996
322400,369,49,164,4,2,199,0.8315623746715283,0.016505761349913158,949,219.0,67.0,2404.5146153425726
322500,375,50,166,3,2,204,0.8433538729098955,0.017117803084668537,949,202.0,73.0,1907.779733910186
322600,364,43,166,2,4,192,0.8385962807854,0.016640703988233228,950,234.0,78.0,2383.9144892347235
322700,361,63,153,3,4,201,0.840684320945756,0.01733583506386841,950,168.0,64.0,1459.0338520820826
322800,365,50,157,5,2,201,0.8297757564532441,0.016674301875964078,950,209.0,66.0,2207.653282523968
322900,385,56,174,5,2,204,0.8265356027594268,0.016856021087788498,950,165.0,46.0,1742.084180675981
323000,380,56,174,5,2,199,0.8380017336124417,0.01799366230674942,951,192.0,72.0,1833.0868441255802
323100,373,48,173,2,2,196,0.8323605711540389,0.01732273074336581,952,242.0,76.0,2628.0159919983216
323200,365,55,170,4,1,190,0.8310875568846576,0.017765269228955344,952,173.0,60.0,1778.915645615246
323300,370,45,168,4,3,195,0.8339475534117641,0.018834046052491067,953,145.0,57.0,1374.5515358681969
323400,374,52,183,5,0,186,0.8478978627410171,0.019270897051042384,954,136.0,59.0,1215.2649138090562
323500,384,43,175,4,1,204,0.8296583882417966,0.019648545568975818,954,169.0,67.0,1743.4346533711139
323600,393,50,182,5,1,205,0.8533476516680665,0.02052561686052192,955,175.0,60.0,1979.863722603645
323700,372,45,160,5,2,205,0.8676836116787058,0.021795329331834767,955,189.0,79.0,1941.4172589024797
323800,355,47,152,5,2,196,0.9116152088244666,0.022833601695158773,955,241.0,86.0,2933.299307232905
323900,348,51,148,8,1,191,0.9012045315759822,0.022378978100528232,956,270.0,84.0,3213.4711511187397
324000,348,56,156,6,0,186,0.8869009221760024,0.02151856625652342,956,188.0,67.0,2119.3254085864114
324100,333,53,143,7,2,181,0.9001616957660773,0.022675272620857168,957,211.0,73.0,2256.0197086663193
324200,337,66,147,8,2,180,0.9009143709027866,0.0233480419347874,957,140.0,63.0,1373.4645286083269
324300,345,51,147,4,6,188,0.8890835285915243,0.023408567236333614,957,204.0,71.0,2478.318874063403
324400,357,53,146,6,1,204,0.8792355808478859,0.02225898532176182,958,140.0,47.0,1603.471091886988
324500,356,50,148,4,2,202,0.8611266881686176,0.02203509482878275,957,188.0,79.0,1880.0190530305767
324600,355,61,152,6,3,194,0.8790497446468294,0.022837565817621648,958,155.0,63.0,1539.3044037056225
324700,350,55,145,11,2,192,0.8956242686027099,0.023157896841059674,958,161.0,65.0,1590.595708306632
324800,360,48,157,9,1,193,0.8594089146389204,0.022969829212929768,959,191.0,62.0,2360.394754148624
324900,358,47,164,5,1,188,0.8609999976933516,0.02374980186414022,960,177.0,58.0,1831.490553322609
325000,357,47,162,8,1,186,0.878592145258537,0.02463948774015287,960,213.0,72.0,2160.9877011847016
325100,341,46,163,9,2,167,0.8660559479462727,0.024864586670487368,960,172.0,63.0,1868.7299538902842
325200,330,53,150,10,2,168,0.9051952625165502,0.026424061368933757,961,226.0,80.0,2193.0835968296633
325300,305,64,132,8,5,160,0.8991713595928034,0.026939146794392122,962,199.0,66.0,2262.23086585458
325400,335,52,137,4,5,189,0.8686237499430497,0.026178703451442194,962,145.0,50.0,1643.9778167609468
325500,343,54,145,5,6,187,0.8742477853290358,0.02585394807566822,963,165.0,57.0,1808.2024569883492
325600,343,46,140,7,3,193,0.8616537268273758,0.02508349441295644,963,192.0,63.0,2062.216778252929
325700,348,48,146,4,5,193,0.8411181267204524,0.02431375824032203,964,149.0,52.0,1661.3139515705911
325800,367,44,154,4,3,206,0.8524952899689756,0.024461473037655727,964,182.0,67.0,1749.505726532858
325900,371,56,156,5,6,204,0.8569491502755295,0.024508268873418844,964,175.0,61.0,2060.616382994549
326000,367,43,152,7,2,206,0.8463617043220282,0.024091247095410127,964,123.0,56.0,1130.9101171428981
326100,356,42,159,6,4,187,0.8430029824742054,0.024487896926321074,964,243.0,77.0,2946.050811789921
326200,360,39,165,2,6,187,0.843783207283467,0.024895950148904944,964,193.0,66.0,2221.911967471623
326300,341,53,157,4,3,177,0.8718462940888104,0.02545221160846613,965,211.0,79.0,2271.2156574418505
326400,339,48,149,4,2,184,0.8778176921380269,0.025172874906428392,965,165.0,64.0,1710.4573930847423
326500,340,50,145,4,3,188,0.8859684415983141,0.024987166665672574,965,225.0,76.0,2471.561408961483
326600,337,44,141,5,1,190,0.8733973416493712,0.025462408034760145,965,129.0,53.0,1289.793173268889
326700,335,53,133,4,1,197,0.8763213561501363,0.025534488013763727,965,178.0,68.0,1835.4185317533427
326800,353,53,147,8,5,193,0.8634070759363937,0.024483503358307075,965,136.0,45.0,1429.6036851752017
326900,355,44,153,9,3,190,0.8517977310393954,0.024962194207493908,966,145.0,57.0,1366.0879130934327
327000,360,57,152,6,2,200,0.862948085737318,0.025029780808306836,967,146.0,58.0,1387.0142743071888
327100,364,47,163,11,1,189,0.8518916647694319,0.024978308152112494,967,202.0,62.0,2298.2959184508927
327200,383,36,169,9,2,203,0.8396394833323448,0.024971015358492908,968,148.0,54.0,1476.9080593682054
327300,387,45,178,12,1,196,0.85155543325264,0.025293497922758507,968,160.0,63.0,1455.3496267595385
327400,394,43,177,7,1,209,0.8459510486923535,0.024880605728215717,969,199.0,64.0,2032.0264410470252
327500,394,42,181,6,2,205,0.8464039083935043,0.024561111114836665,970,173.0,70.0,1573.4880703563233
327600,382,50,166,10,1,205,0.8691834105075577,0.025220279793542476,970,202.0,74.0,1914.7079821233576
327700,358,57,149,5,3,201,0.8746804145307261,0.025192701372120423,970,241.0,93.0,2285.88155520031
327800,352,42,160,7,2,183,0.8618248206358874,0.024698281983385414,970,198.0,70.0,1909.5196094071334
327900,360,49,155,9,3,193,0.8718969866735522,0.024808445659450302,970,213.0,75.0,2057.5420286417457
328000,349,52,156,10,1,182,0.8647484674023634,0.024511044842289487,970,222.0,71.0,2269.4833933009413
328100,366,46,151,8,2,205,0.8747491146325719,0.02417977555592098,970,236.0,78.0,2431.014771627648
328200,346,44,149,4,2,191,0.8771971274067888,0.024877544834660877,970,209.0,71.0,2187.1735479211407
328300,343,48,131,5,2,205,0.8937735381193738,0.025803957659347173,971,248.0,83.0,2660.0490372318914
328400,310,50,122,8,3,177,0.8852154343631198,0.02477705937851101,971,257.0,82.0,2751.881245510383
328500,318,61,129,7,2,180,0.8954909742387612,0.024319890253981034,972,176.0,52.0,2034.419718465773
328600,334,51,132,7,5,190,0.8689720477175588,0.0238582794684371,972,168.0,51.0,1858.6603964726849
328700,329,63,135,6,3,185,0.8778360500282734,0.02422613466826445,972,163.0,69.0,1613.4555716738153
328800,342,62,137,6,5,194,0.8793796946514971,0.02440133962849797,973,200.0,70.0,2151.258250934965
328900,331,62,147,10,1,173,0.8827911961417821,0.02466789182115344,974,216.0,86.0,2295.3245012068
329000,341,57,140,6,1,194,0.8769898086242327,0.024402543940433515,974,189.0,69.0,2040.5595396478798
329100,344,52,127,10,2,205,0.8898968708757167,0.025504586229204762,974,197.0,70.0,2177.877926985033
329200,348,48,124,10,1,213,0.8755964027512022,0.0256388244846347,974,166.0,64.0,1774.553057374664
329300,349,54,137,10,2,200,0.8603114331035523,0.026082512609998082,973,216.0,79.0,2346.5791655839794
329400,334,53,129,9,2,194,0.8699138968085913,0.026752991951376037,973,194.0,79.0,1753.049894147914
329500,344,53,130,8,0,206,0.891392549133499,0.027527809421212326,974,215.0,70.0,2278.964947897935
329600,332,57,136,11,2,183,0.8936537254620972,0.027229170235620406,975,216.0,81.0,2095.794227821199
329700,327,53,128,9,3,187,0.9050043557246942,0.027110934882904447,975,217.0,80.0,2170.3140616848973
329800,323,52,122,7,4,190,0.8891006167722749,0.026212809958279924,975,176.0,72.0,1634.0262281006158
329900,325,48,116,7,6,196,0.8799208562653897,0.026177033452601917,976,233.0,75.0,2645.7369032769593
330000,352,41,131,2,3,216,0.8585824936137137,0.02508806976038792,977,213.0,57.0,2465.490856523599
330100,354,49,147,3,1,203,0.8403941696414936,0.024827688034097295,977,183.0,62.0,1873.3760668539642
330200,363,52,168,4,1,190,0.8306360696036826,0.02378143274473602,978,122.0,43.0,1274.5064777059067
330300,383,38,178,6,1,198,0.8272330129195348,0.024199123391323074,978,159.0,54.0,1596.9928500864512
330400,369,47,174,4,4,187,0.8314867593531722,0.024395254714413186,979,147.0,51.0,1455.9431975438786
330500,390,42,191,5,2,192,0.8133448047126906,0.023433475459971726,979,124.0,41.0,1216.5148816846288
330600,393,47,202,4,3,184,0.8218480142691521,0.02389397646308438,980,179.0,65.0,1863.6306442275093
330700,375,38,183,5,2,185,0.8234280737802185,0.023758149299931555,981,183.0,68.0,1711.2059207276
330800,391,34,189,4,2,196,0.8219673673760979,0.024307934485244338,981,128.0,51.0,1174.023327684787
330900,394,49,183,4,2,205,0.8415399343127538,0.02537255547990644,982,161.0,60.0,1616.7403037778026
331000,394,52,181,3,2,208,0.8336974721570252,0.02490151922901672,982,212.0,65.0,2297.1237412400387
331100,378,42,177,5,2,194,0.831728654918314,0.02550118652108548,981,233.0,81.0,2257.2710000159204
331200,373,41,161,6,0,206,0.8272596524806552,0.025778989464017847,980,211.0,67.0,1968.0167720245477
331300,376,45,165,3,2,206,0.8315917949791904,0.02697929074770499,981,210.0,78.0,1921.7595451963707
331400,365,49,155,11,2,197,0.8462701848966574,0.02695770874145812,982,195.0,79.0,1782.4785661831006
331500,363,53,153,11,2,197,0.8579749943172376,0.02688419977436238,982,224.0,79.0,2122.4805302783975
331600,358,46,158,6,2,192,0.8341997591128079,0.025418534489307393,980,207.0,65.0,1953.1326659125257
331700,372,55,165,9,1,197,0.8233797435575583,0.02460992347704457,981,214.0,64.0,2005.9436031487194
331800,380,47,170,8,1,201,0.823508277583175,0.02439862136738765,981,177.0,58.0,1675.3857601331458
331900,376,43,170,5,1,200,0.8178905726755111,0.024564273190886193,981,209.0,72.0,1870.7530860419765
332000,374,42,179,5,1,189,0.8214659150915384,0.02445722303064256,981,264.0,75.0,2473.997644181426
332100,363,54,161,2,0,200,0.8216459977947291,0.02478224477888534,982,208.0,75.0,1729.0921344431963
332200,355,49,165,1,3,186,0.8320057860541343,0.024858892933919893,982,207.0,63.0,1933.3972362487632
332300,360,52,151,7,2,200,0.8322851593469346,0.02551643288029903,983,239.0,63.0,2243.4254783443625
332400,365,43,160,9,3,193,0.8338074335449688,0.024684603366985327,983,216.0,57.0,1970.1300565927547
332500,367,58,157,5,6,199,0.8170297018196234,0.023892104937765474,984,211.0,64.0,1855.7627587337736
332600,373,53,167,3,3,200,0.8043064063242785,0.02317368797508516,984,191.0,50.0,1798.356445374232
332700,383,50,174,4,1,204,0.8063605479358367,0.023852105673956143,984,171.0,54.0,1433.8540940185285
332800,394,49,187,4,1,202,0.8049125101109381,0.022806293439132076,985,151.0,48.0,1348.930336759655
332900,390,46,183,2,2,203,0.8093398869803873,0.02391831564638776,985,221.0,72.0,1938.3949910742306
333000,382,46,177,4,2,199,0.8213435997596453,0.02498940375022972,985,209.0,74.0,1763.5859958331864
333100,373,47,165,3,2,203,0.8375808030009421,0.026590780646529883,985,242.0,73.0,2119.205947633799
333200,359,44,154,3,5,197,0.8358104363316126,0.0263795229430336,986,204.0,70.0,1829.1024393942744
333300,360,46,153,4,3,200,0.8216532538964559,0.02569879787173844,987,174.0,61.0,1534.4937094685174
333400,341,46,141,5,1,194,0.8299546950088995,0.02766363484405308,987,197.0,72.0,1668.3527350717598
333500,334,51,140,6,4,184,0.8385194030213746,0.02801524517686306,988,179.0,60.0,1690.5753794033299
333600,344,50,143,5,4,192,0.8370144247069842,0.02901902682039926,988,166.0,54.0,1544.518207696116
333700,354,49,152,4,0,198,0.8220975641390786,0.027484832281410795,988,159.0,61.0,1337.3866987824417
333800,364,51,159,4,0,201,0.8121861467167895,0.027279582045663227,988,173.0,60.0,1706.460194372651
333900,369,57,164,5,1,199,0.827369891601874,0.02834881570114062,989,151.0,58.0,1348.152158038111
334000,378,51,167,5,1,205,0.8190109139666584,0.028541378082757647,989,163.0,61.0,1426.5043872485924
334100,373,43,164,6,0,203,0.8417372115222745,0.030045254102433444,990,275.0,91.0,2372.570641832253
334200,345,51,155,8,1,181,0.8601841346187432,0.029322284234620258,991,259.0,84.0,2377.135479743256
334300,342,53,155,5,0,182,0.8562942607376371,0.029994642395521246,991,236.0,65.0,2571.0993201626475
334400,353,48,165,7,0,181,0.8313248793771838,0.029055764135281544,991,200.0,49.0,2107.34885014946
334500,358,48,163,3,2,190,0.829524995216321,0.029706133314836302,992,151.0,49.0,1532.7429483192934
334600,387,40,175,3,0,209,0.8140003432753671,0.028950757791270463,992,135.0,40.0,1254.6638790305053
334700,403,43,188,1,2,212,0.8088149920265486,0.027992167986327515,993,171.0,55.0,1793.9914770815878
334800,426,44,202,2,2,220,0.8017914985438223,0.028355908285627635,993,129.0,38.0,1351.6520993743168
334900,451,41,231,2,4,214,0.7960887804410481,0.028821336441872212,994,117.0,37.0,1143.0198953067068
335000,458,47,239,4,3,212,0.807721120698935,0.028584889920047398,994,165.0,63.0,1456.1135721887822
335100,443,46,234,2,2,205,0.8076387364018427,0.02864490503006686,994,192.0,73.0,1616.5895736455777
335200,425,41,214,4,2,205,0.8218265031556586,0.02970962205303019,995,227.0,91.0,1831.8777618819486
335300,430,40,216,6,1,207,0.8168170018751881,0.02883141611221329,996,202.0,62.0,1837.6312094793739
335400,435,40,214,6,3,212,0.8100180157042076,0.027717332252810402,996,185.0,69.0,1597.2414305437637
335500,444,43,224,3,0,217,0.7982182836908278,0.026215688667064987,997,189.0,62.0,1752.767019152357
335600,447,41,228,3,3,213,0.8008787006426765,0.025994878659078135,998,195.0,66.0,1765.774196794197
335700,424,43,222,5,0,197,0.8061003655069572,0.025734726572627355,998,201.0,74.0,1783.1578044612197
335800,423,34,217,4,3,199,0.8108395941146894,0.026875492963358463,999,189.0,69.0,1688.7433958820407
335900,405,50,198,5,2,200,0.8201662530288791,0.028174840339485942,1000,252.0,87.0,2335.71405741058
336000,389,52,186,2,1,200,0.8286090923794245,0.028000479633663047,1000,187.0,71.0,1589.694324110497
336100,382,40,171,3,1,207,0.838905629127225,0.028619118555526752,1001,260.0,85.0,2488.16621496636
336200,357,59,157,4,5,191,0.8729821836652578,0.030683936602402085,1002,304.0,105.0,2791.673155976258
336300,352,57,156,7,2,187,0.8653612725171693,0.03095472617088327,1002,260.0,76.0,2590.24691876942
336400,340,52,140,5,2,193,0.8690619197524491,0.03038456177180178,1003,286.0,93.0,2892.698770651151
336500,336,49,130,4,2,200,0.8491055007092735,0.02779104972845608,1003,295.0,91.0,2911.0643713644477
336600,332,47,135,4,0,193,0.8517222169239145,0.02604941311874346,1004,205.0,74.0,2020.5765867787948
336700,355,51,139,3,3,210,0.8529946420504468,0.024788368733067015,1004,187.0,62.0,2015.2181043369487
336800,351,49,154,2,2,193,0.8222450941461723,0.023709833241961464,1005,205.0,73.0,2096.915154254804
336900,364,50,162,3,1,198,0.8192999886938778,0.02402769587896866,1005,179.0,63.0,1904.5000156078688
337000,390,51,169,2,2,217,0.8319851474225014,0.02437745307730332,1005,128.0,47.0,1359.710570843935
337100,379,46,177,4,0,198,0.8444408649975447,0.023832770815248955,1005,149.0,72.0,1280.6600846880856
337200,383,45,178,2,0,203,0.8436335287146969,0.0243938263912526,1005,163.0,66.0,1557.433900190649
337300,390,46,190,2,1,197,0.8424690150564081,0.024990258706541094,1006,156.0,57.0,1641.970161582016
337400,404,42,189,6,0,209,0.8452806612978293,0.024109432655604772,1006,164.0,66.0,1605.2931612681564
337500,416,49,199,4,3,210,0.825134239180161,0.022595825697881617,1006,154.0,51.0,1745.2198222301922
337600,416,45,191,4,1,220,0.8285850873414641,0.021521763170230596,1006,117.0,53.0,1021.2319691743091
337700,428,53,210,6,1,211,0.8280435133108679,0.021347589954067228,1007,140.0,49.0,1575.7302972821683
337800,426,38,222,2,1,201,0.8315432534674669,0.02176910442590818,1008,190.0,84.0,1721.8274363265632
337900,416,42,193,4,0,219,0.8520632556637648,0.023099286569762918,1008,314.0,103.0,3272.4183966290975
338000,403,44,176,3,1,223,0.8549601007742649,0.022617916766923082,1009,238.0,87.0,2267.0373670969616
338100,364,44,157,4,1,202,0.8785469517012976,0.022837912893499377,1010,318.0,113.0,3169.25008719185
338200,336,46,142,9,0,185,0.9017559409164344,0.024954219209532218,1010,299.0,103.0,2957.4386458560803
338300,309,65,132,4,0,173,0.8863388148489442,0.02413025117666656,1011,282.0,95.0,2966.787719943989
338400,314,60,114,7,3,190,0.9218400749687461,0.02670110046819709,1012,371.0,109.0,3793.6982839869515
338500,310,59,104,5,4,197,0.8995542704163518,0.025542423811377404,1012,340.0,95.0,3935.5556707290366
338600,294,78,99,4,2,189,0.8843831703075682,0.022863442065438798,1013,280.0,81.0,3478.3444752250175
338700,311,63,109,6,1,195,0.8500827032741588,0.021991400295088614,1012,183.0,65.0,1973.1943134197668
338800,327,49,130,5,3,189,0.8391309964904836,0.020786650217853534,1011,179.0,59.0,2060.911174246892
338900,361,56,140,4,3,214,0.8305993082440152,0.019441517983273458,1012,168.0,61.0,1779.2324016863392
339000,390,60,166,4,1,219,0.8148652149121383,0.018663284879905376,1010,169.0,54.0,1879.0262381936564
339100,419,47,178,4,1,236,0.8080042863055891,0.01785649031196453,1011,117.0,43.0,1355.6838975928376
339200,430,45,198,4,1,227,0.8163166213256471,0.01874560052599439,1011,135.0,54.0,1415.18499031785
339300,445,46,225,4,1,215,0.8080263901823508,0.01881373912293115,1011,133.0,53.0,1425.9700170211188
339400,449,40,234,4,1,210,0.8196716173243696,0.018834996083770598,1012,135.0,50.0,1442.478484380323
339500,469,44,249,4,2,214,0.8144238362959719,0.01742942128131612,1013,140.0,53.0,1526.1081700420755
339600,475,43,251,5,5,214,0.8159430413992556,0.017637002039862817,1013,148.0,50.0,1728.7892261329762
339700,461,43,236,6,2,217,0.8190984009266356,0.017685922002029487,1014,168.0,68.0,1680.8840457688011
339800,442,51,227,6,1,208,0.8398733092888772,0.019207962362198013,1015,186.0,82.0,1679.9124492430544
339900,405,40,193,5,1,206,0.8706709765606808,0.022264003217606045,1015,233.0,103.0,2072.979560835094
340000,363,46,164,5,0,194,0.9002591489447578,0.023934109637448395,1014,323.0,123.0,3335.375008245206
340100,332,51,147,10,1,174,0.9277925276113108,0.02450728633522378,1015,315.0,112.0,3612.5518687316
340200,333,46,134,5,2,192,0.906870941627815,0.02322374657081654,1015,212.0,67.0,2549.8770279686446
340300,324,49,123,5,2,194,0.9197919212046731,0.022387305311565273,1016,210.0,77.0,2337.9852804785837
340400,328,55,129,11,1,187,0.9066223200814518,0.021192521172580532,1016,269.0,89.0,3029.9494133781236
340500,318,58,128,8,1,181,0.9064647808316713,0.020252284399013804,1016,205.0,75.0,2293.1706078638454
340600,334,51,127,4,4,199,0.8879124501583802,0.019969431741852423,1017,235.0,75.0,2978.1826870781556
340700,332,50,131,6,3,192,0.8921051574774974,0.019385745119634007,1018,172.0,64.0,1999.079205829357
340800,345,63,147,7,1,190,0.8635380491491593,0.017367196885461764,1018,163.0,50.0,2046.4105411647058
340900,374,46,164,3,1,206,0.8538097117176239,0.017455128040575252,1018,163.0,55.0,1906.7577436450065
341000,387,47,170,3,4,210,0.8598585967940835,0.017167455917445656,1019,156.0,58.0,1743.4753837054627
341100,372,48,158,4,3,207,0.8655838523974044,0.01816328249747576,1019,188.0,72.0,2134.930961280317
341200,358,50,158,5,2,193,0.8746686987470796,0.018813753877051947,1020,246.0,77.0,3046.4347161858445
341300,347,47,144,5,2,196,0.8953257174943356,0.01917528102334283,1020,204.0,77.0,2237.4433463069913
341400,336,57,143,5,4,184,0.8833330610283667,0.018014340976011258,1020,282.0,83.0,3646.9636166603855
341500,346,63,155,4,6,181,0.8805328592565129,0.017792129078923687,1021,203.0,67.0,2431.0069619795713
341600,367,46,156,2,4,205,0.8744851482605119,0.01768583814716596,1021,193.0,62.0,2383.2059073371515
341700,364,55,156,3,5,200,0.8646156793258701,0.016441764413420542,1022,239.0,95.0,2520.0793634698543
341800,390,38,163,3,5,219,0.867628161536339,0.016984953983701964,1023,170.0,51.0,1971.7646910763465
341900,400,46,189,6,3,202,0.8650551952639544,0.016325123926114134,1023,141.0,51.0,1632.610776613643
342000,390,45,184,9,3,194,0.8872869047835543,0.01768243418572046,1024,150.0,68.0,1334.3712309124155
342100,368,43,182,7,5,174,0.9119487166779723,0.01803675320591742,1024,229.0,86.0,2557.4419810479476
342200,354,48,169,6,3,176,0.9047440408794523,0.01796052293294378,1025,247.0,80.0,3052.540577197406
342300,334,54,150,6,4,174,0.9443116346588987,0.020469281023811105,1025,246.0,100.0,2569.0191435677084
342400,317,59,134,5,4,174,0.9457006643142537,0.021082001784050813,1026,319.0,100.0,3896.6382064837485
342500,309,60,133,7,4,165,0.9531941466005485,0.02131118414975631,1026,274.0,91.0,3188.949491930766
342600,302,58,113,10,6,173,0.9649722840115081,0.02352213890758097,1026,221.0,80.0,2552.881370248964
342700,291,63,102,13,6,170,0.9846790833499917,0.024238737773418798,1026,333.0,99.0,4076.3077522651442
342800,272,66,95,9,3,165,0.9471853010446933,0.023082793940333326,1027,252.0,85.0,2954.2276650853582
342900,300,61,93,7,3,197,0.9293303586741414,0.02219563209331994,1027,251.0,66.0,3222.428381006995
343000,292,67,101,7,2,182,0.9044017887331194,0.021076061480847518,1028,234.0,68.0,2844.97607412961
343100,324,50,115,7,2,200,0.8830837592893156,0.020472907438902635,1029,207.0,62.0,2454.879553503754
343200,319,53,122,4,2,191,0.888190778662844,0.021536308390764418,1029,241.0,85.0,2605.913837319466
343300,337,49,127,6,1,203,0.8623623897321551,0.0201914873826704,1029,151.0,45.0,1923.420190884854
343400,365,55,148,5,3,209,0.8635926974587061,0.020197197159781168,1030,147.0,52.0,1699.0022945236603
343500,359,53,145,8,2,204,0.8612327676461039,0.02006005515063587,1030,158.0,73.0,1550.2550396190788
343600,375,51,151,9,0,215,0.8849285228836864,0.02217174286616962,1030,174.0,68.0,1872.9443972786967
343700,354,54,153,6,3,192,0.8945998774778682,0.023115238595281796,1031,193.0,76.0,2287.167279517167
343800,343,53,146,6,2,189,0.9077036925178932,0.024808081359790235,1032,228.0,87.0,2611.7873568096816
343900,328,49,141,4,2,181,0.9337760296831309,0.02636874340956185,1032,232.0,96.0,2630.9844099242864
344000,315,54,119,6,2,188,0.9700262624647022,0.028999688805247763,1032,229.0,98.0,2617.4328698593094
344100,301,65,108,8,3,182,0.9940427783389923,0.03121839530697625,1033,348.0,116.0,4797.505812934292
344200,303,56,98,8,4,193,0.9804214858291982,0.0313198060801911,1034,282.0,95.0,3311.877640801773
344300,291,65,91,7,1,192,0.9845263474673966,0.03191805042910428,1034,298.0,95.0,3458.907809666191
344400,288,57,86,6,4,192,0.9478962586537806,0.030460661030949052,1034,219.0,82.0,2555.4652762991154
344500,296,80,90,6,4,196,0.9245033490043401,0.029332506448235377,1035,277.0,89.0,3440.7000836364296
344600,306,50,97,5,4,200,0.9379848094783529,0.030176262920701608,1035,190.0,66.0,2197.705975945016
344700,311,60,108,6,1,196,0.9147435688350534,0.02909780517085393,1035,235.0,74.0,3043.057148808121
344800,317,55,121,5,3,188,0.9292457765827078,0.028371910741568047,1036,209.0,75.0,2381.2619212467594
344900,323,50,122,4,1,196,0.900757459452084,0.026371921324791443,1036,203.0,66.0,2670.508412225264
345000,334,47,135,6,2,191,0.8861684593282282,0.02543344155394797,1037,191.0,68.0,2317.7948138017678
345100,327,58,135,6,3,183,0.880676409954615,0.024416316136438236,1037,242.0,72.0,2935.0929939680836
345200,327,53,136,2,3,186,0.8674052216961562,0.024096062293851514,1038,207.0,77.0,2192.862977162982
345300,329,54,132,2,1,194,0.8833216565872501,0.024383317349746622,1039,134.0,52.0,1253.8441472432535
345400,336,58,141,6,2,187,0.8732085474810157,0.024057043754841544,1038,176.0,64.0,1915.421849011384
345500,343,51,153,9,1,180,0.871445394930437,0.02415561938746531,1039,206.0,68.0,2153.9391648716005
345600,329,64,146,6,2,175,0.881127489518988,0.025325030220757896,1039,187.0,70.0,1933.337712391354
345700,343,59,147,7,2,187,0.8690111381484936,0.025074193530241047,1040,189.0,56.0,2028.8139693834155
345800,328,51,138,6,2,182,0.8709533279450201,0.025977686000450737,1040,279.0,95.0,2824.1517620274526
345900,337,63,143,2,2,190,0.8729489294539187,0.027047108674933724,1041,183.0,57.0,1713.3023114712707
346000,349,46,145,6,0,198,0.8739838671426432,0.027863045155183123,1041,172.0,52.0,1723.811760343303
346100,345,41,147,7,0,191,0.8786774170569535,0.02848537686736176,1042,263.0,92.0,2324.3251616359944
346200,339,57,142,6,5,186,0.8681221363659594,0.027916562902064474,1042,224.0,62.0,2538.442616129734
346300,329,56,138,11,0,180,0.876819482032114,0.02665417130276431,1042,167.0,66.0,1681.9554817690373
346400,326,65,128,9,1,188,0.878782884576812,0.025854416812585636,1043,201.0,68.0,2199.6924073330706
346500,345,56,149,5,0,191,0.862064594260781,0.02422126295414091,1043,163.0,54.0,1800.3243698362642
346600,373,46,156,6,2,209,0.8727333479435457,0.024268717521495658,1044,163.0,65.0,1652.6634096041166
346700,379,54,166,6,0,207,0.8643077169274672,0.02393834909791838,1044,201.0,67.0,2123.1829740817784
346800,378,50,181,7,1,189,0.863474064975733,0.023369979591523017,1045,204.0,74.0,2120.981336754936
346900,372,44,175,6,0,191,0.8670646068239674,0.023211597705336297,1046,221.0,79.0,2564.3450306125656
347000,368,51,162,3,1,202,0.8744488502779815,0.023375589621331107,1046,190.0,72.0,2085.9875790538294
347100,364,47,167,3,1,193,0.8669077891030849,0.022642796894191505,1047,194.0,69.0,2282.8353430600437
347200,372,47,157,2,2,211,0.8527269831220556,0.021721080322409173,1048,181.0,57.0,2078.1110945812193
347300,379,46,174,4,2,199,0.8639182455962019,0.02279293068855503,1048,170.0,55.0,2081.3203220986734
347400,388,41,182,4,5,197,0.8624131225823685,0.023952242517853984,1048,213.0,62.0,2414.664701791202
347500,364,53,171,6,2,185,0.8759539784767784,0.025718600859315894,1049,224.0,84.0,2411.93859036578
347600,354,55,167,4,3,180,0.8582041561575622,0.02420578262652042,1049,194.0,69.0,2340.8025103021773
347700,383,45,183,3,2,195,0.8337805087965326,0.02352016503433951,1049,178.0,56.0,2325.606932387432
347800,411,40,196,6,1,208,0.8328914255154469,0.023539187860147727,1050,131.0,48.0,1298.2833189220003
347900,399,49,175,7,1,216,0.8666430569389372,0.025363655768289493,1051,218.0,83.0,2370.4196469439735
348000,372,51,174,5,1,192,0.8731469968442863,0.026494305739529142,1051,289.0,96.0,3697.5852522356513
348100,350,56,161,5,2,182,0.8794880564948494,0.027904030293798506,1051,209.0,88.0,2231.2841046478625
348200,352,49,144,4,4,200,0.9277584514700188,0.03004560105028237,1052,301.0,91.0,3994.4234395177023
348300,330,51,129,4,4,193,0.9291966474360468,0.03127620011635933,1052,275.0,102.0,3271.266087597451
348400,355,56,142,3,2,208,0.8870066991112721,0.0297435529296325,1052,192.0,66.0,2348.649555968278
348500,354,56,128,2,8,216,0.905379629027953,0.031140041064001846,1053,288.0,93.0,3846.1141281205673
348600,356,60,136,4,4,212,0.8799875908142677,0.030568042876961594,1053,243.0,72.0,3296.9432621681676
348700,358,55,155,1,2,200,0.8548113227223956,0.03023979693684473,1054,274.0,83.0,3358.3667441010384
348800,360,60,162,3,2,193,0.8451723590443116,0.02949973626693084,1054,209.0,85.0,2146.389034598671
348900,374,54,155,3,3,213,0.8729377425571951,0.03015245521321656,1055,188.0,69.0,2001.1705389490098
349000,364,58,157,6,3,198,0.8890354829565158,0.031200220628716805,1055,200.0,86.0,1965.6909066398387
349100,350,52,153,8,4,185,0.9158927627111354,0.03358803538882637,1056,214.0,87.0,2373.070957907093
349200,350,51,153,6,2,189,0.8766514847159674,0.03206264845350964,1056,313.0,90.0,4170.377175229381
349300,346,57,145,4,1,196,0.907016975614413,0.033883119834150016,1056,233.0,83.0,2841.900452685219
349400,327,66,129,3,2,193,0.919979924726312,0.03385518331232975,1048,236.0,96.0,2686.9999495697075
349500,327,75,122,4,2,199,0.9363360649041855,0.03446077112433088,1049,288.0,105.0,3480.0339907345624
349600,321,62,104,4,3,210,0.946307010307319,0.034649162143491195,1049,253.0,96.0,2957.9104571591874
349700,321,60,109,3,7,202,0.9431803854726746,0.033932530525269206,1050,274.0,92.0,3738.7253160192013
349800,319,64,111,7,1,200,0.9282354641976974,0.033473222592615495,1050,223.0,84.0,2801.3450205380404
349900,335,66,122,7,2,204,0.9053712681665828,0.03298102053548733,1051,247.0,81.0,3327.611221804398
350000,336,53,120,7,3,206,0.9122022403472915,0.03311345240934426,1051,204.0,84.0,2355.3476456695794
350100,337,52,118,10,1,208,0.9223565110242544,0.03292781013843001,1052,201.0,89.0,2199.598791216283
350200,344,56,127,8,3,206,0.9258896286712682,0.03442453259651752,1053,243.0,86.0,3097.415455150083
350300,345,56,133,8,4,200,0.9367692968725825,0.03367466018024272,1053,246.0,89.0,3273.804955649715
350400,338,49,122,9,5,202,0.9386707605838773,0.034154146372112906,1054,270.0,93.0,3598.8911316109406
350500,333,56,130,8,3,192,0.9242132091607175,0.03440306080524528,1054,210.0,86.0,2328.499542768352
350600,328,50,126,7,3,192,0.9352085942239735,0.03504164734938183,1055,239.0,91.0,2938.9808075639007
350700,321,45,112,11,3,195,0.9420073162280543,0.03564336191253318,1055,252.0,86.0,3154.5535182721087
350800,300,61,109,10,7,174,0.9452877546430197,0.03665009691198624,1055,250.0,84.0,2969.705918133571
350900,283,56,99,12,6,166,0.9713669228721652,0.0381095109288721,1053,241.0,93.0,2840.878017989651
351000,279,66,97,11,6,165,0.9482646391474471,0.036485150321572346,1053,238.0,80.0,3040.464083739513
351100,285,66,93,7,1,184,0.946319034252534,0.03553036642386462,1054,193.0,76.0,2222.7855228294916
351200,306,58,102,11,1,192,0.9334482061340807,0.034517281136899405,1055,214.0,67.0,2842.8112841844263
351300,305,62,103,9,1,192,0.9411526179077991,0.03494786959545976,1055,255.0,91.0,3068.136528171114
351400,313,60,102,8,2,201,0.9268221565822131,0.03425484418796049,1056,195.0,69.0,2447.594212824404
351500,311,65,107,6,5,193,0.939105464233715,0.03503853908070107,1056,223.0,84.0,2595.672981845832
351600,304,61,100,9,4,191,0.930104814470594,0.03531678694937895,1057,208.0,80.0,2393.988986505211
351700,318,49,110,7,2,199,0.9484252544626389,0.03708341281501392,1057,278.0,83.0,3778.45881363742
351800,308,61,109,8,1,190,0.9030308110293638,0.03576815398362819,1058,242.0,82.0,2896.568090699115
351900,332,60,135,5,3,189,0.8878144294432991,0.034397955717640316,1058,137.0,53.0,1509.0444630823945
352000,331,57,138,8,3,182,0.870196883187149,0.034228563907565915,1058,230.0,69.0,3049.5289953114047
352100,349,52,141,5,2,201,0.8673973001225096,0.034643626254560946,1059,143.0,58.0,1534.0169924199624
352200,347,57,140,5,3,199,0.8701077427488695,0.034474076975243725,1059,189.0,73.0,2072.46697197273
352300,356,56,143,6,6,201,0.8698185547363328,0.03330645202510283,1059,136.0,53.0,1430.0815164853739
352400,366,51,154,6,6,200,0.8880120183290566,0.03485791563850345,1060,222.0,80.0,2617.8750041841727
352500,335,59,141,4,4,186,0.8896428356090145,0.03518500701909519,1060,309.0,105.0,3542.8805489156184
352600,335,51,140,4,2,189,0.9003954332693357,0.03511614423569031,1061,225.0,83.0,2618.512810372892
352700,342,56,140,8,3,191,0.9004432196118153,0.03569270160457025,1061,202.0,75.0,2380.4608190143463
352800,342,57,133,10,1,198,0.8831990938417197,0.03574482763846371,1062,238.0,81.0,2890.8901415750724
352900,329,63,133,10,1,185,0.9031555216368975,0.036296726225088616,1063,215.0,76.0,2538.547792818624
353000,319,52,131,7,3,178,0.9095608966393837,0.0360577170435487,1063,274.0,85.0,3352.3790024704863
353100,330,60,139,8,3,180,0.8947100302473574,0.036379889809118396,1064,221.0,69.0,2900.378686909577
353200,311,51,121,7,3,180,0.9022785369152064,0.03730181213414685,1064,274.0,98.0,3074.6287826426133
353300,313,58,111,9,4,189,0.9062828677836489,0.037075847161861485,1064,219.0,71.0,2635.8923896841343
353400,298,59,118,6,2,172,0.9206203881753257,0.03759430993976067,1065,266.0,96.0,2953.217221512786
353500,288,62,108,8,0,172,0.9448703733108945,0.03838980527299607,1066,254.0,83.0,2959.54148491014
353600,289,65,119,6,3,161,0.9129005563590045,0.03547453543166372,1063,242.0,79.0,3110.299842829593
353700,309,64,112,6,2,189,0.8950975227569449,0.036431340581461066,1063,218.0,71.0,2643.0339037526355
353800,324,59,120,4,3,197,0.8919444123715623,0.03618934517858943,1063,189.0,68.0,2082.656987944772
353900,344,61,128,6,3,207,0.9080290213004304,0.03648547676025626,1064,193.0,62.0,2310.245847802158
354000,331,66,123,6,2,200,0.8784145336437874,0.03604127855395055,1064,235.0,82.0,2838.972379966962
354100,346,57,135,7,1,203,0.8900585522627449,0.03627619293683871,1065,187.0,63.0,2277.3652142729925
354200,345,63,133,8,1,203,0.8899370376238033,0.03760684496375188,1066,217.0,80.0,2156.3091498589374
354300,315,71,117,7,4,187,0.9092809656431188,0.03943063709106667,1066,275.0,98.0,2999.1987596249746
354400,325,56,118,6,4,197,0.8978856130466588,0.039874280581758216,1066,236.0,81.0,2443.932319419332
354500,322,47,122,9,5,186,0.9088484842345308,0.040069281775425215,1067,267.0,84.0,2965.356114428932
354600,333,49,116,11,5,201,0.895755482029086,0.040110210584724824,1066,226.0,82.0,2116.4742594585123
354700,332,48,121,8,5,198,0.8843311468446703,0.0390022570266193,1067,287.0,87.0,3121.2186526492164
354800,330,55,118,7,2,203,0.8814978673177255,0.0384444814811336,1067,231.0,79.0,2568.974443368123
354900,334,52,115,7,1,211,0.8875678154105313,0.03866309104613254,1068,234.0,77.0,2529.9061438977415
355000,321,70,115,7,1,198,0.885410734549921,0.03905626181607439,1069,288.0,90.0,3294.2355865007703
355100,336,58,128,6,2,200,0.8664543963436435,0.0371622031004453,1069,153.0,47.0,1674.946527891689
355200,326,64,126,4,2,194,0.8767143245055274,0.03653989590538242,1069,256.0,83.0,2851.9578325930315
355300,325,71,124,9,2,190,0.8975727138596795,0.0372746098917088,1070,209.0,76.0,2068.153972078906
355400,317,72,124,5,3,185,0.8919610970786277,0.03740812000002389,1070,320.0,85.0,3895.331701222369
355500,326,51,132,6,2,186,0.8944636052650283,0.037429610276186825,1071,330.0,92.0,4259.36943682977
355600,330,54,132,2,3,193,0.8874208338738633,0.036444732354218794,1071,236.0,75.0,2489.574909936232
355700,340,61,125,2,2,211,0.8964642410315542,0.03694390920741628,1072,218.0,76.0,2613.059210812683
355800,341,49,128,5,4,204,0.8848061698702765,0.03734797148021617,1072,198.0,66.0,2202.32311573486
355900,333,56,129,2,2,200,0.8960278931462752,0.03735431573548821,1073,211.0,77.0,2479.8268849734613
356000,352,57,136,5,0,211,0.8872870742515887,0.03619940114698763,1073,223.0,66.0,3009.521424696462
356100,345,60,130,9,2,204,0.9044597962013804,0.03717608467360119,1074,193.0,79.0,1879.0745181686796
356200,332,66,116,8,2,206,0.9003661594839889,0.037191997770874584,1074,213.0,79.0,2115.7995010410095
356300,340,54,129,6,4,201,0.9082917484645455,0.03762493254478386,1074,231.0,76.0,2788.1430404762555
356400,329,50,117,7,3,202,0.9175346822496602,0.03875622540896047,1075,229.0,83.0,2325.4214951120607
356500,325,53,115,11,1,198,0.9059846260364219,0.03819063790096279,1076,230.0,77.0,2541.450155464652
356600,314,55,120,9,1,184,0.8839460587538489,0.038010387846128535,1076,198.0,76.0,2001.372851988685
356700,318,57,129,7,2,180,0.890830160485883,0.038235344902512056,1076,265.0,92.0,2707.3737704243176
356800,312,55,124,11,0,177,0.8961173565282959,0.037894968058770996,1076,252.0,76.0,3061.3424246865693
356900,330,50,120,10,2,198,0.8870411583947521,0.036645186430969215,1077,214.0,75.0,2184.3151835335207
357000,317,53,119,7,0,191,0.9183257565498165,0.037789980712462035,1078,271.0,91.0,3219.5666609433633
357100,318,53,121,6,1,190,0.8718630714653401,0.037100007870081705,1078,185.0,59.0,2182.5301101989985
357200,324,52,123,4,1,196,0.8899138334278245,0.03693008774064548,1078,166.0,53.0,1827.858086029968
357300,328,56,132,5,1,190,0.8867574736711556,0.03699047721405427,1079,166.0,54.0,1934.835154608414
357400,341,56,145,2,2,192,0.8751346839733642,0.035783552583108835,1079,188.0,61.0,2399.9948003076356
357500,346,57,145,3,0,198,0.904221170898063,0.03569042809883489,1080,153.0,52.0,1673.6590866288175
357600,343,51,144,4,2,193,0.8839141516386592,0.035378848548330906,1080,204.0,76.0,2529.074364495397
357700,334,57,135,4,2,193,0.88719251117372,0.034242925780909025,1081,173.0,62.0,2220.0027116478655
357800,345,56,145,4,2,194,0.8713533588133932,0.03407602793762165,1081,157.0,56.0,2013.8580429215506
357900,323,53,143,6,1,173,0.8664373855408861,0.03383045888845335,1082,224.0,79.0,2629.8604690918187
358000,334,55,137,5,1,191,0.8933313679288963,0.03475032782076211,1083,213.0,74.0,2624.268337470103
358100,336,61,148,4,2,182,0.8921441100178872,0.03426573954683128,1083,177.0,59.0,2048.4358612927545
358200,342,51,153,4,4,181,0.8877670637202371,0.033697289653990985,1083,227.0,79.0,2700.4122655274286
358300,331,53,140,4,3,184,0.8985303125414914,0.03405535466071161,1082,258.0,85.0,3160.4065388291533
358400,358,50,148,3,3,204,0.8787434978413767,0.03420585326395949,1082,182.0,55.0,2302.3613146512726
358500,349,50,155,3,3,188,0.8916265951097014,0.03387728025516053,1082,254.0,81.0,2955.2893914216156
358600,347,47,148,4,6,189,0.889602408606513,0.03290151094602762,1083,257.0,81.0,3318.5381633657107
358700,348,46,148,3,2,195,0.8894848627323088,0.03258666158545701,1084,190.0,80.0,1992.0952805478323
358800,339,46,143,3,2,191,0.9185405389576,0.03244841939050127,1084,234.0,85.0,2739.0501726285656
358900,327,58,125,3,1,198,0.9507948535311852,0.03138560276591876,1085,248.0,93.0,2910.4377247205284
359000,323,62,127,4,1,191,0.9608386566554278,0.03145355211689557,1083,273.0,96.0,3371.92115405696
359100,300,56,113,5,3,179,0.9537975076122496,0.03172678050128973,1084,292.0,105.0,3541.5286940119067
359200,285,59,102,2,1,180,0.9783035369071459,0.0312815206786187,1084,284.0,100.0,3639.4576485169564
359300,279,82,100,6,0,173,0.9756354624430688,0.03210583854630732,1084,279.0,89.0,3650.3363119136034
359400,280,81,102,5,2,171,0.9597123887043819,0.03008791083328323,1084,223.0,72.0,2801.7826639282357
359500,295,78,101,5,3,186,0.9294271317031089,0.02897630364653444,1085,237.0,74.0,3114.32707996421
359600,313,69,107,3,1,202,0.9241701119356625,0.028447117568751575,1085,193.0,70.0,2328.289759895362
359700,301,64,116,4,1,180,0.9232740990444596,0.027668594545391324,1082,258.0,78.0,3562.95861214564
359800,305,61,125,6,1,173,0.9419864982065579,0.02831989004711827,1083,217.0,79.0,2743.9961303370583
359900,307,68,118,4,1,184,0.944860700465773,0.02826631946999714,1084,216.0,79.0,2623.816939856512
360000,331,61,127,6,3,195,0.9368500799061341,0.026782395945179675,1084,243.0,71.0,3323.6976111675926
360100,335,62,134,9,3,189,0.9562559328172017,0.027548632895579125,1084,231.0,73.0,3065.0068140652866
360200,321,66,134,6,5,176,0.9444576569692454,0.026120158040409083,1085,298.0,96.0,3758.285267456221
360300,348,55,143,8,4,193,0.9378791907336947,0.025572648420252496,1085,202.0,65.0,2724.0819112888967
360400,339,58,136,8,6,189,0.9492291972030054,0.025552223074207008,1085,253.0,84.0,3223.0624312914765
360500,333,60,134,5,4,190,0.942820512448508,0.025323476103504983,1085,234.0,82.0,2976.8983613037203
360600,318,65,123,4,4,187,0.9585570349114778,0.026450169972859938,1086,290.0,92.0,3637.0939593239978
360700,324,55,130,3,3,188,0.9714762020192951,0.02613771387588536,1086,250.0,83.0,3219.052848641395
360800,315,51,126,3,3,183,0.9628559712013255,0.02649597090024087,1086,281.0,88.0,3588.3440498736286
360900,292,71,115,4,3,170,0.9560359010359873,0.027226521207018718,1086,230.0,76.0,2860.1990494857655
361000,290,69,114,2,2,172,0.9522966595278808,0.026981578186013256,1087,250.0,75.0,3378.353994242767
361100,294,58,113,4,2,175,0.9624693257381471,0.027567698799718515,1088,195.0,68.0,2470.6870702177503
361200,294,66,113,4,4,173,0.9550879955975377,0.025572287992181517,1088,215.0,74.0,2620.748305529738
361300,294,53,113,4,3,174,0.9619971400890421,0.025073837115272522,1089,221.0,79.0,2751.3209301921606
361400,322,63,127,2,2,191,0.929890255315548,0.025092335771138122,1087,219.0,62.0,3084.628694274294
361500,332,61,136,3,4,189,0.941620963880331,0.025657512929727438,1087,183.0,66.0,2124.3967376736377
361600,336,47,137,2,5,192,0.9264961939596845,0.025417713503892953,1086,250.0,65.0,3674.383490006814
361700,329,49,137,4,6,182,0.9186281280888124,0.026210273418882615,1086,188.0,73.0,2240.281531926508
361800,329,58,132,3,5,189,0.9200653077060039,0.026279480484593047,1086,188.0,76.0,2042.943568892578
361900,336,58,131,5,3,197,0.9455535443908355,0.026946477498325787,1087,177.0,74.0,2028.5818949872246
362000,315,51,117,7,2,189,0.9322646260837975,0.027954598320659454,1087,236.0,88.0,2857.2353317156058
362100,311,50,113,7,2,189,0.9109175237816469,0.027871313371823785,1088,200.0,72.0,2585.461481982518
362200,319,58,118,6,0,195,0.8966075067861843,0.027861010397422958,1089,176.0,64.0,2203.403565813919
362300,330,54,131,2,2,195,0.8948614383716841,0.028112583079243487,1089,161.0,60.0,2026.9476037583713
362400,324,45,135,1,2,186,0.8877930044586372,0.028498230775719523,1090,155.0,66.0,1828.3183541630262
362500,312,56,125,3,1,183,0.9315203213281631,0.028213217068401564,1091,179.0,82.0,1860.7489724102818
362600,303,48,117,4,3,179,0.9688293376179666,0.027932243431767857,1091,186.0,76.0,2143.2935727377835
362700,282,65,106,6,2,168,0.9568899399665011,0.028584860258010845,1092,280.0,97.0,3727.3622087947506
362800,285,55,104,4,2,175,0.9484767043343733,0.02836188485414712,1092,249.0,80.0,3440.9443819007843
362900,292,63,110,5,2,175,0.9373247307096366,0.028352994904733933,1092,169.0,49.0,2418.0027427617642
363000,305,63,111,6,0,188,0.9394161819028,0.02941069589766491,1093,198.0,67.0,2557.1393852224087
363100,302,56,116,3,4,179,0.934847930272705,0.029020919867410056,1093,210.0,75.0,2721.6414372714817
363200,309,53,119,2,3,185,0.913255491979963,0.027597913268344758,1093,197.0,55.0,2830.065156775988
363300,314,50,126,4,2,182,0.9370143713134503,0.0287483169775286,1093,161.0,67.0,1794.263218811925
363400,311,52,126,6,2,177,0.9245029175050665,0.029949646625038854,1094,159.0,60.0,1955.2584883846966
363500,307,54,122,4,0,181,0.9398931506425567,0.030592850838902154,1094,153.0,63.0,1792.4760229371216
363600,309,62,120,4,3,182,0.9466967601766065,0.03088539877243138,1095,195.0,74.0,2371.2893606815446
363700,291,53,114,4,3,170,0.9331953621577486,0.030501029960637936,1095,190.0,73.0,2323.772863017301
363800,286,51,97,5,2,182,0.9571785884710481,0.02941062655586433,1096,239.0,81.0,3176.3772128930764
363900,284,64,106,4,1,173,0.9483702815709059,0.02920438822980192,1096,194.0,68.0,2530.7037370911926
364000,289,59,107,2,4,176,0.9367597450276621,0.0277873855809837,1096,178.0,65.0,2265.2142412478593
364100,311,49,116,5,3,187,0.936866561031824,0.028027236958245993,1097,176.0,60.0,2422.6525511654354
364200,304,60,117,6,5,176,0.9429433462106444,0.027534195871974542,1098,166.0,68.0,1957.272196965505
364300,305,59,113,2,4,186,0.9644296228385253,0.027747699863892566,1098,264.0,88.0,3604.678778936039
364400,305,55,121,2,3,179,0.9577080113878695,0.02706032856292703,1096,213.0,69.0,2931.888849691752
364500,294,58,124,2,4,164,0.9466553786671905,0.02677132141279259,1096,191.0,66.0,2557.354972810261
364600,290,53,123,2,4,161,0.9492745587455252,0.027498874849602107,1097,264.0,85.0,3572.240760107809
364700,282,61,105,5,3,169,0.9844828305583107,0.027718515647972328,1098,217.0,79.0,2725.0035326532006
364800,283,64,114,2,4,163,0.9403792406298949,0.02776240810261734,1098,266.0,67.0,3990.183059618482
364900,289,51,119,5,3,162,0.9328165281019453,0.027499209070072517,1099,164.0,67.0,1942.188430768855
365000,297,49,107,6,2,182,0.9327631825044898,0.02788945829743015,1099,192.0,69.0,2466.1410464847045
365100,279,63,102,4,3,170,0.9508021112678808,0.027107562075245086,1100,255.0,83.0,3386.075483514956
365200,293,53,111,5,2,175,0.9444834445727913,0.027153982036628617,1100,176.0,65.0,2120.340322691773
365300,279,52,117,2,2,158,0.9421065759529406,0.027270190976435394,1101,252.0,92.0,3153.3308921823545
365400,291,50,108,5,0,178,0.9536299992393469,0.026340382356214408,1102,255.0,73.0,3735.099739824888
365500,302,55,108,3,1,190,0.9467364466383861,0.026485674398250395,1102,262.0,86.0,3252.4475947886012
365600,298,65,102,5,1,190,0.9485585361457208,0.025698868475959622,1103,223.0,81.0,2671.7185727018
365700,297,65,109,5,1,182,0.9499187614640783,0.02551564737697453,1103,259.0,80.0,3480.966125478748
365800,306,60,113,7,2,184,0.9191206145428653,0.025243250764530448,1103,209.0,77.0,2483.9917842227123
365900,291,63,109,7,1,174,0.9450132197060108,0.024171692228132518,1104,219.0,82.0,2668.75555906112
366000,301,58,113,5,3,180,0.9261262681505313,0.02425341899219813,1104,162.0,59.0,2043.2007265530087
366100,311,53,111,8,4,188,0.9265358378759935,0.025527503397930428,1104,211.0,79.0,2547.664864979906
366200,296,57,104,5,3,184,0.9352235639525079,0.02589000593469839,1105,192.0,73.0,2306.1983907314593
366300,298,59,97,8,2,191,0.9233523312316796,0.026288110185635788,1105,235.0,74.0,3129.6220166434323
366400,303,62,111,7,2,183,0.9418248502585129,0.027011463068607362,1106,215.0,80.0,2618.624537722035
366500,307,57,105,8,1,193,0.9455383977384485,0.027777220164783126,1106,202.0,70.0,2422.8244985388615
366600,306,59,97,8,1,200,0.9656372877187311,0.028046926621430927,1107,239.0,87.0,3051.065425039555
366700,300,59,112,10,2,176,0.9535509346848323,0.026675423682173977,1107,264.0,80.0,3717.8759608790015
366800,286,58,119,9,1,157,0.959662158262606,0.026307008081106583,1107,232.0,74.0,3008.3872681980247
366900,291,61,111,7,3,170,0.948182067664692,0.025674690618151995,1108,195.0,75.0,2330.7615920513886
367000,271,66,99,10,2,160,0.9741796498872615,0.025279282960561533,1109,249.0,99.0,2878.1526396263134
367100,266,62,86,9,4,167,1.0019795110030019,0.024220648322740537,1109,272.0,91.0,3331.2683354584833
367200,269,68,90,10,2,167,1.0103619068909109,0.02451086292320707,1109,257.0,92.0,3159.145621201899
367300,246,80,78,7,3,158,1.0055678917133395,0.024976960606038885,1109,269.0,91.0,3548.4613794325146
367400,245,62,74,4,4,163,0.9886901247126904,0.02500220828682753,1110,273.0,85.0,3706.2911184077598
367500,249,72,63,5,4,177,1.0249720944800809,0.02425707708568485,1111,241.0,79.0,3108.2951982610552
367600,260,71,72,7,3,178,0.9796993247446992,0.025119661852309107,1110,240.0,72.0,3122.228261943465
367700,280,64,85,6,3,186,0.9476381967996262,0.024888668808327484,1110,191.0,68.0,2323.1318969387107
367800,301,56,92,7,3,199,0.9188971491765967,0.024586200024779105,1109,217.0,62.0,2957.6401014028525
367900,315,52,116,4,3,192,0.8988250445446909,0.02390844329946193,1109,138.0,53.0,1725.7149609643361
368000,324,55,133,6,2,183,0.906275164171603,0.02475572860158974,1109,159.0,67.0,1808.2675472280966
368100,319,47,127,11,2,179,0.923034227902549,0.024369951550764365,1109,182.0,81.0,2149.5374494407934
368200,322,47,124,9,2,187,0.9387418536677324,0.024419886861822157,1110,242.0,86.0,3339.521942504121
368300,307,59,110,6,4,187,0.9378240275998662,0.02445245911072982,1110,255.0,85.0,3610.3325636667396
368400,299,59,107,5,2,185,0.9440673031708582,0.025543614064511853,1110,246.0,94.0,3172.6121038318856
368500,295,68,101,6,0,188,0.9119657268474174,0.0248083655468841,1111,239.0,83.0,3370.739679484548
368600,289,59,101,3,1,184,0.9189454916762203,0.024444886203383163,1111,218.0,74.0,2792.8101232575477
368700,302,59,107,2,3,190,0.941021929321305,0.024012106690557356,1112,199.0,84.0,2332.4109587606476
368800,294,63,117,9,0,168,0.9339779147740769,0.024259211402843726,1112,249.0,81.0,3385.1933797128972
368900,311,48,110,6,2,193,0.9264013118772059,0.024800364762334177,1112,198.0,67.0,2571.940897064021
369000,330,54,114,6,1,209,0.9060131647833662,0.02562318305711369,1113,190.0,68.0,2490.053622788421
369100,332,50,113,6,2,211,0.9040902745763664,0.026631229239864437,1113,187.0,75.0,2239.4061689883174
369200,333,54,115,8,1,209,0.932035018685663,0.026073016603203082,1114,163.0,71.0,1942.8913212934099
369300,349,53,139,5,2,203,0.908470217915653,0.02640453591825768,1114,233.0,68.0,3454.101118786201
369400,355,54,144,2,3,206,0.8846488293840791,0.026644389550258493,1115,163.0,53.0,2215.100043974219
369500,357,64,149,3,4,201,0.8978933689201827,0.02674993894137427,1115,166.0,66.0,1957.823225186604
369600,358,53,166,3,2,187,0.8874518501346631,0.02666301725544383,1115,197.0,73.0,2445.900201297791
369700,369,56,170,4,1,194,0.890038387713937,0.02684742737583214,1116,186.0,68.0,2463.088278627569
369800,364,53,162,7,2,193,0.8971422285942461,0.02682281503938237,1117,200.0,85.0,2305.2048658567555
369900,347,51,155,5,2,185,0.8982003111818141,0.02587072755281971,1117,220.0,76.0,2774.0658108902876
370000,339,50,151,5,4,179,0.9265011934362164,0.026084484051174153,1118,198.0,83.0,2246.4102194642355
370100,329,52,146,6,2,175,0.9181649098822938,0.024880150581062736,1118,216.0,75.0,2822.6890189218498
370200,329,55,136,9,2,182,0.9232899098835279,0.023986831738549666,1118,212.0,66.0,2956.5897587338573
370300,331,55,141,6,4,180,0.9295241181857135,0.02417295835942194,1119,179.0,74.0,2206.871548141507
370400,341,46,141,6,3,191,0.9172726099268768,0.023448347720210146,1119,249.0,80.0,3533.960971335535
370500,317,61,137,2,2,176,0.8903213305145906,0.022568118055351413,1119,277.0,92.0,3888.602167199891
370600,316,49,128,3,1,184,0.8911717064017729,0.021928175205029894,1119,205.0,67.0,2711.4376984973082
370700,304,51,128,5,2,169,0.9324504868326029,0.021876153459401963,1119,225.0,78.0,2967.2432566474527
370800,295,58,118,4,6,167,0.925577200226232,0.021900057845665552,1120,221.0,74.0,2962.9923625258925
370900,307,54,123,4,3,177,0.899438340601141,0.022077343170929492,1120,167.0,55.0,2183.6925901127106
371000,328,48,133,5,3,187,0.9031659736585873,0.022481907330627136,1120,199.0,61.0,2778.825824323589
371100,316,62,130,2,2,182,0.8844717096218065,0.022580918508585568,1120,198.0,77.0,2465.9649132806444
371200,321,46,136,3,3,179,0.9220217035857491,0.02196147513124172,1121,275.0,87.0,3798.9615813149467
371300,314,59,130,4,3,177,0.9314890337747265,0.022460980508159124,1121,206.0,78.0,2678.68611251221
371400,313,44,128,4,2,179,0.9308484199233903,0.022199493949773774,1122,178.0,70.0,2070.2463321836935
371500,315,51,124,6,3,182,0.9388104218322769,0.021839015308360916,1121,230.0,85.0,2988.053942695854
371600,310,54,115,8,3,184,0.9441574875963739,0.021065636828692634,1122,229.0,81.0,3200.8497879750616
371700,295,61,105,10,5,175,0.963179569975239,0.021465097695286484,1123,258.0,101.0,3288.652799880756
371800,289,65,103,6,4,176,0.9595647656535486,0.02115203699451166,1123,275.0,91.0,3865.013294597704
371900,283,57,98,4,1,180,0.9386017259766246,0.02196712433843968,1124,221.0,78.0,2914.709924076576
372000,297,51,106,4,2,185,0.9316759323448729,0.022652703470682403,1125,154.0,63.0,1943.1643023082938
372100,305,52,117,9,1,178,0.9475510957420061,0.0240057650601622,1124,190.0,76.0,2299.794789726869
372200,299,56,115,8,5,171,0.9541076110725947,0.024718240385362442,1125,225.0,82.0,3058.27615351484
372300,307,54,113,7,5,182,0.9407748560362376,0.02504963777572612,1125,198.0,68.0,2801.6031054480873
372400,318,54,123,6,1,188,0.9083180346876094,0.025095031073756133,1125,258.0,71.0,4021.1453802889764
372500,330,57,127,9,0,194,0.9261217999379375,0.025233028301283145,1126,143.0,72.0,1562.8889129282422
372600,318,56,123,11,3,181,0.943074897503739,0.025095249516563153,1126,194.0,83.0,2402.96733053397
372700,323,51,128,12,0,183,0.9389050078019757,0.02545983684769958,1127,212.0,83.0,2874.8782955468114
372800,319,66,128,6,6,179,0.9613675369875322,0.02573985450128249,1127,257.0,86.0,3565.972065189091
372900,312,57,117,7,4,184,0.950568869599947,0.025734556540405566,1128,221.0,75.0,3134.6004460206887
373000,309,58,117,6,2,184,0.9365843960186551,0.026373971946486514,1128,268.0,85.0,3774.3137750603546
373100,302,64,112,3,2,185,0.9420233430779539,0.027351714487078148,1129,193.0,78.0,2466.6652691935114
373200,304,48,117,6,1,180,0.91191260717688,0.027142653333903376,1129,190.0,70.0,2571.4584700102587
373300,318,55,130,5,1,182,0.9136023848630422,0.026764557010597937,1130,139.0,54.0,1734.005509345222
373400,325,47,125,2,2,196,0.9196598591738611,0.02715346346808982,1130,174.0,66.0,2355.996693100268
373500,316,44,126,6,1,183,0.9365027569803135,0.0280473513534779,1131,159.0,77.0,1791.575668982189
373600,310,63,120,8,1,181,0.9293522193752788,0.028413742070378577,1132,200.0,79.0,2662.437037019227
373700,308,56,111,10,0,187,0.9449282153120102,0.028856157139075606,1132,191.0,73.0,2599.2771783197477
373800,299,53,122,7,1,169,0.9240516767997038,0.029159850695782596,1133,228.0,72.0,3381.222643992297
373900,313,54,121,7,1,184,0.921434077550869,0.02959080428656506,1134,217.0,76.0,2956.1508062442813
374000,306,55,127,7,3,169,0.9076837495251415,0.029308856775760065,1134,195.0,73.0,2560.7349650426754
374100,317,50,131,6,3,177,0.9056379405555072,0.029782667125717272,1134,130.0,57.0,1497.8149038408196
374200,330,57,149,5,4,172,0.905750525081854,0.02956832555363248,1135,133.0,58.0,1581.837037496898
374300,332,54,147,7,5,173,0.8977800533069576,0.029794112293687263,1136,147.0,54.0,1881.306591035211
374400,328,43,141,7,1,179,0.9163329056124202,0.029721937965607532,1136,134.0,60.0,1534.6168089150353
374500,321,53,136,8,1,176,0.8959704290238922,0.02950752591789563,1135,177.0,66.0,2202.762776908114
374600,298,58,119,5,3,171,0.9120238918406532,0.030126645566170968,1136,162.0,73.0,1732.7344590679886
374700,299,55,114,6,0,179,0.9187316495139112,0.02970495988490896,1137,196.0,78.0,2336.0018446596573
374800,302,64,115,5,2,180,0.9129440029637562,0.030374415137703174,1137,201.0,62.0,2811.046842314059
374900,314,54,114,6,1,193,0.9125882472531659,0.030063555897334324,1138,176.0,65.0,2213.343315948483
375000,291,46,120,9,2,160,0.9082080838880364,0.030457457962939093,1138,219.0,83.0,2783.569713846717
375100,294,57,121,5,1,167,0.908858558628735,0.03055919527966265,1139,195.0,66.0,2629.1598843832453
375200,286,62,116,3,1,166,0.9184657187092717,0.030698914890610843,1139,220.0,81.0,2725.0899478624556
375300,295,63,111,6,3,175,0.9409743895804968,0.03086753601850605,1140,187.0,65.0,2454.268370953011
375400,278,57,101,4,0,173,0.9172195166926411,0.03014756464629004,1139,218.0,86.0,2689.5934010274073
375500,286,51,100,4,0,182,0.9405983611168174,0.030773786769706237,1140,143.0,58.0,1646.3997488986247
375600,282,51,103,3,1,175,0.9289590417503699,0.030992496756624254,1140,171.0,64.0,2133.126522420085
375700,277,43,95,5,1,176,0.9451279831410866,0.030915757427878485,1141,155.0,67.0,1775.5305639991793
375800,276,66,90,7,2,177,0.9572405243055565,0.030959517850592037,1141,229.0,75.0,3150.29700830879
375900,285,58,98,6,3,178,0.9041399192442433,0.03037894330659714,1142,142.0,56.0,1606.5386894401645
376000,292,48,104,11,3,174,0.9343112027457535,0.030680826503346876,1142,172.0,70.0,2018.7157109982993
376100,270,56,95,8,2,165,0.9388793413183846,0.03070728401559423,1142,242.0,84.0,3178.0337891652084
376200,264,59,98,3,2,161,0.9372874684259062,0.032208110582558645,1143,223.0,76.0,3238.792329618214
376300,274,59,93,5,1,175,0.9076563555058752,0.03232172488320618,1144,166.0,63.0,2224.6819220670463
376400,282,50,106,5,2,169,0.9161684803439243,0.03170236673237819,1144,165.0,63.0,2108.163080747591
376500,281,55,104,4,3,170,0.9112208605689878,0.032040450643301424,1145,184.0,71.0,2371.617976429669
376600,293,48,108,0,1,184,0.8857299367209697,0.03291336239960095,1145,148.0,55.0,1994.6852962521498
376700,291,54,110,5,3,173,0.927503889211656,0.03412319793307067,1146,209.0,69.0,3040.3287954526186
376800,299,44,112,4,1,182,0.8780438773642858,0.034083427088242114,1146,150.0,56.0,1983.8601885134406
376900,292,52,121,4,2,165,0.8746704413608161,0.03387747271873409,1147,192.0,63.0,2676.8033991097777
377000,296,45,121,6,0,169,0.8813679788319214,0.034075343808932,1147,111.0,53.0,1192.898334204977
377100,309,43,135,5,0,169,0.8578819824867612,0.0340558245029229,1147,129.0,40.0,1936.4789643393626
377200,331,48,134,6,2,189,0.8609242220039145,0.033598993563523874,1148,112.0,42.0,1458.3420549834377
377300,328,49,133,9,1,185,0.8702489204438768,0.034569714143263514,1148,102.0,51.0,1095.986429603894
377400,323,55,132,7,2,182,0.8734862715941034,0.03577016325279354,1148,115.0,52.0,1315.0339413602615
377500,319,46,140,8,1,170,0.8559985427310436,0.03684685345089554,1149,111.0,56.0,1134.1529664770655
377600,314,63,137,9,2,166,0.8784798138532043,0.0371434041112266,1149,119.0,51.0,1401.4439794102063
377700,301,55,126,5,2,168,0.9044390295347441,0.03643753669609643,1150,158.0,67.0,1889.757289585825
377800,299,50,124,5,2,168,0.8886622496517883,0.03540980357383607,1150,128.0,52.0,1538.5715321685682
377900,286,51,111,5,1,169,0.9290863472106569,0.03516620616321295,1151,154.0,69.0,1701.3238605418126
378000,257,54,87,10,1,159,0.9862404811988355,0.034172918019823896,1151,204.0,84.0,2502.2691702175357
378100,267,58,75,9,5,178,0.971404962762507,0.03427884721881895,1152,261.0,86.0,3725.0485953620437
378200,246,63,81,6,2,157,0.965447864490265,0.03248972145748365,1151,279.0,93.0,3760.8696582184007
378300,265,52,86,5,0,174,0.9124930318600287,0.031186766361175396,1151,179.0,67.0,2314.7809458885654
378400,269,61,98,3,1,167,0.9013177983728737,0.03072424119412913,1151,187.0,69.0,2526.756241617526
378500,278,66,93,6,0,179,0.9209235521663687,0.03007430387796461,1152,176.0,61.0,2207.8894696137077
378600,281,51,107,6,2,166,0.9172850594652386,0.02989388689592883,1152,172.0,59.0,2192.944368964944
378700,280,51,108,3,1,168,0.8987827111173498,0.031046850290948707,1152,187.0,57.0,2563.3342057601158
378800,288,47,116,1,3,168,0.8731302838959137,0.03049672906347853,1153,152.0,50.0,2039.817432852379
378900,286,48,120,3,5,158,0.8737550292201808,0.029891056299460678,1153,146.0,58.0,1829.5845797590512
379000,283,62,114,6,3,160,0.9118706055774882,0.030198469830874614,1154,129.0,62.0,1351.0997306821137
379100,280,51,109,6,2,163,0.9065926547989651,0.029767998571752115,1154,203.0,77.0,2528.87991591706
379200,271,55,101,6,3,161,0.9116261859644392,0.029354603110527587,1155,197.0,77.0,2388.5149894115875
379300,263,48,95,3,3,162,0.9076003987870522,0.030570569739964776,1156,205.0,67.0,2737.036440478463
379400,265,62,100,0,5,160,0.8587590740631871,0.03127529772720917,1155,182.0,57.0,2399.5889523084156
379500,304,44,115,1,5,183,0.8650940792054927,0.032023099185541144,1156,106.0,45.0,1095.7286239628465
379600,286,57,111,2,6,167,0.8648421764955039,0.03243219919644533,1157,170.0,64.0,1899.3323258488228
379700,300,53,116,3,4,177,0.8776521994337054,0.033090353263928146,1157,159.0,54.0,1852.7584911743154
379800,291,64,127,5,5,154,0.8738918248755712,0.03246595778011185,1156,188.0,62.0,2167.052014868849
379900,298,50,121,3,4,170,0.8500934428911077,0.03272526390293976,1156,135.0,42.0,1666.090787925979
380000,301,50,114,6,2,179,0.8741090461405642,0.03167950074662311,1157,159.0,67.0,1712.382900329713
380100,292,52,106,5,3,178,0.8679985066525188,0.030892371473884055,1157,191.0,68.0,2138.072665316548
380200,285,54,103,3,3,176,0.8584828486329952,0.03047167552616462,1157,193.0,68.0,2145.9413895728994
380300,298,41,119,4,1,174,0.8679628729409488,0.030644155136449792,1158,131.0,49.0,1407.3107001149006
380400,297,46,117,3,1,176,0.8715787374163936,0.030603662715046453,1158,202.0,71.0,2313.031853554651
380500,275,46,111,7,1,156,0.9023482835203881,0.02922610262566463,1159,180.0,76.0,1881.5718175643046
380600,278,52,102,5,1,170,0.875957980161399,0.029524731972031707,1159,277.0,74.0,3593.500958743358
380700,282,57,102,4,2,174,0.8479172801374403,0.030240882210408507,1160,206.0,54.0,2608.8404377376373
380800,286,54,112,3,1,170,0.84660089930093,0.02931541798101427,1160,151.0,48.0,1863.6051339376636
380900,293,60,129,4,0,160,0.8553062820832199,0.02910184579511325,1160,145.0,52.0,1529.3370971851248
381000,289,48,127,5,2,155,0.8651035158531132,0.02885532968794941,1161,197.0,70.0,2297.1013437964502
381100,302,43,126,3,0,173,0.8352006262241362,0.02878667019388619,1161,118.0,44.0,1425.836586259509
381200,312,52,134,3,0,175,0.8292299929215563,0.028173616626097384,1162,131.0,48.0,1548.3344234184494
381300,311,45,129,6,0,176,0.8417880328602355,0.028706321451746293,1162,128.0,57.0,1222.3247063725012
381400,295,46,128,4,1,162,0.8778278099269663,0.029026348600918395,1163,184.0,62.0,2243.1040108680713
381500,293,63,131,7,1,154,0.8604032275865162,0.029608028108313623,1163,137.0,47.0,1597.7474089374462
381600,308,50,128,7,0,173,0.8673901122138975,0.0301908448831252,1163,106.0,35.0,1184.5743055295482
381700,297,50,126,7,0,164,0.8678905518898997,0.03017052711162165,1164,141.0,60.0,1456.0483262088803
381800,299,49,121,9,0,169,0.8797309880771386,0.029827417480012393,1164,147.0,58.0,1618.2081967316974
381900,287,49,127,8,2,150,0.876291259619373,0.029822718774863165,1164,168.0,57.0,2272.3255873729026
382000,282,66,120,9,2,151,0.8891482180580064,0.031043727335945053,1165,160.0,54.0,1916.798518878039
382100,285,54,126,6,0,153,0.8618657327510323,0.031734009239426667,1166,203.0,55.0,2942.7212993664057
382200,291,53,127,5,1,158,0.8472542599489105,0.03152384989212025,1166,156.0,36.0,2244.7219874683797
382300,304,53,128,4,3,169,0.8536818062683595,0.031765114964982,1166,80.0,34.0,827.9355392164468
382400,309,59,131,4,4,170,0.8649471826947853,0.031202726684565422,1166,172.0,59.0,2163.8540344421385
382500,317,47,129,4,2,182,0.8541626682382328,0.031149007149790426,1167,112.0,43.0,1248.5097429723621
382600,316,46,141,5,1,169,0.8387559060119496,0.031020934470814342,1167,110.0,44.0,1157.4322696688744
382700,304,49,127,6,2,169,0.8776056082374127,0.030575198560751148,1168,164.0,70.0,1648.7126562473268
382800,292,58,121,8,0,163,0.8941844831964099,0.03029531362734103,1168,185.0,59.0,2304.810097229014
382900,280,54,117,3,0,160,0.862109757403068,0.029956482701209097,1169,152.0,58.0,1676.8510521295761
383000,291,51,126,5,0,160,0.854184230517186,0.029252206729320957,1169,129.0,42.0,1658.0775925365099
383100,307,46,128,2,1,176,0.8429926786823296,0.029822373492869213,1170,111.0,38.0,1375.7452146964163
383200,314,44,130,2,1,181,0.827055740581567,0.02983759046881348,1170,137.0,52.0,1474.5828095546192
383300,321,58,139,3,0,179,0.8244436690729284,0.02907880363565433,1171,95.0,28.0,1196.449333022682
383400,343,49,149,5,0,189,0.8139460459528709,0.028463655474553713,1171,104.0,34.0,1132.7820344920779
383500,322,44,151,4,0,167,0.8270379939594243,0.029724371116666645,1172,127.0,52.0,1378.089004216695
383600,332,35,150,3,2,177,0.8142045620740399,0.030006837383435948,1172,85.0,35.0,872.8288862812059
383700,335,42,166,4,2,163,0.81503716158603,0.029917011149786055,1173,107.0,40.0,1155.837328394995
383800,323,41,150,4,2,167,0.8237668629374439,0.02950649119711006,1174,131.0,42.0,1492.8603526325178
383900,307,47,147,3,1,156,0.8190941641042373,0.02911321504558404,1174,114.0,45.0,1255.0290736465329
384000,317,53,142,3,2,170,0.8178367950337583,0.028685418609335975,1174,79.0,36.0,750.1052677166866
384100,324,51,152,4,1,167,0.8284041928230947,0.029150094634272917,1175,116.0,44.0,1312.4989848255796
384200,327,43,148,5,1,173,0.8291676972074759,0.029409303757476805,1176,83.0,40.0,759.4253777892253
384300,320,43,153,6,1,160,0.8471366072463169,0.028821056615816076,1176,109.0,49.0,1098.885755058916
384400,316,48,144,6,2,164,0.8461436525850864,0.029202790032602722,1176,157.0,44.0,2007.9486999143194
384500,298,50,136,3,1,158,0.8184869501529187,0.029925613446177394,1177,137.0,43.0,1653.9589298957046
384600,313,45,145,1,2,165,0.8275720451394128,0.029989117303721762,1177,114.0,37.0,1285.17354146235
384700,314,48,134,3,3,174,0.8281423985950112,0.03030670577172881,1177,104.0,40.0,1106.3807238620498
384800,311,48,136,2,1,172,0.8361703896021813,0.030754149842934543,1178,142.0,55.0,1557.4931410750492
384900,307,39,136,3,0,168,0.8518310111992841,0.03200438491230114,1179,130.0,45.0,1560.5300144610576
385000,306,39,140,3,0,163,0.8459051920746528,0.03160023722161103,1179,128.0,51.0,1378.2309429852166
385100,309,48,138,5,1,165,0.8473936972845886,0.031811076396417316,1179,102.0,39.0,1099.4271783751233
385200,322,48,139,6,0,177,0.8399512821462909,0.031985352928222764,1180,128.0,49.0,1379.9999784905217
385300,313,49,137,4,3,169,0.851623562178193,0.03097984691843519,1181,157.0,59.0,1601.8590483786234
385400,315,42,135,4,1,175,0.841672606941795,0.030195533583849046,1181,145.0,51.0,1590.7961416969415
385500,306,46,137,5,0,164,0.849629722263642,0.029386663193863065,1182,153.0,55.0,1796.5672350175653
385600,308,44,137,4,0,167,0.8289246423928994,0.02906702299670972,1182,150.0,43.0,1900.641786520329
385700,291,51,137,2,0,152,0.8348859945080395,0.0288181702803927,1183,132.0,51.0,1382.215356322252
385800,295,44,137,2,1,155,0.8283260260963988,0.030309413225033763,1184,162.0,48.0,2198.4139345398517
385900,298,52,132,2,2,162,0.8347102988797062,0.0301784830648238,1184,95.0,34.0,1119.4896283683038
386000,321,39,135,2,3,181,0.8219742418122621,0.02944834708308329,1185,114.0,29.0,1631.2004067671278
386100,312,45,146,2,0,164,0.8024437218961565,0.029411631922959848,1185,106.0,40.0,1221.396807888176
386200,318,47,145,2,2,169,0.8177267937999073,0.029248226526406372,1186,93.0,36.0,1020.3498034856892
386300,310,49,143,3,2,162,0.8226880360776976,0.028503554030600165,1186,88.0,44.0,819.5869891547358
386400,334,40,149,3,1,181,0.8220500822455246,0.029493001348655585,1186,86.0,31.0,987.3250945932349
386500,323,49,148,3,2,170,0.8085379057082752,0.029113553633215567,1187,121.0,50.0,1273.981978895571
386600,325,39,151,2,1,171,0.8235232654061316,0.03039666021156569,1187,85.0,39.0,854.4636979576635
386700,323,47,165,1,0,157,0.8140417523121861,0.03091523579083387,1188,87.0,33.0,982.1433643034682
386800,323,42,150,4,0,169,0.8310107641468399,0.03099117671293171,1188,74.0,31.0,910.7800468479029
386900,329,50,166,3,2,158,0.8251224029862437,0.031650515536003884,1189,126.0,38.0,1788.3619383494147
387000,336,33,155,1,1,179,0.8103463914537989,0.031104651269065427,1190,95.0,36.0,1114.6985843394239
387100,330,42,159,2,0,169,0.823778289342524,0.032040345138755554,1190,92.0,39.0,959.3674868767247
387200,306,61,149,3,0,154,0.828458290770812,0.03260930964330039,1190,109.0,45.0,1192.7082515641512
387300,320,48,159,3,0,158,0.8292980748656621,0.03320682072411136,1190,87.0,37.0,1013.3488403598823
387400,327,47,155,4,0,168,0.8314498865665907,0.032756666252841855,1191,91.0,37.0,1016.3128640712146
387500,331,44,150,5,1,175,0.8280457848313151,0.03434986890279038,1192,72.0,31.0,808.2663338554688
387600,322,48,149,4,0,169,0.828593563926883,0.036257019423028156,1192,105.0,46.0,1179.039968680908
387700,326,48,151,4,0,171,0.8355772559216776,0.03674534807698524,1192,87.0,37.0,961.9152124906701
387800,311,49,140,5,1,165,0.8480074240883668,0.037131150620577764,1193,140.0,55.0,1776.4998439848332
387900,294,55,135,6,1,152,0.8631615253087935,0.03616532515601924,1193,117.0,57.0,1121.1151907314577
388000,303,48,129,2,1,171,0.8592507555682702,0.03612759429670043,1194,160.0,53.0,2134.0113070665107
388100,293,54,130,3,2,158,0.8503939857146251,0.03593746284764072,1194,160.0,59.0,2066.112903961059
388200,301,44,126,4,0,171,0.8345447122151958,0.034688697410984036,1194,171.0,46.0,2543.802121322094
388300,305,48,122,5,0,178,0.8472021417779694,0.03326082801941947,1195,114.0,44.0,1374.956884828504
388400,303,50,120,4,0,179,0.8654707795482317,0.03379303918420001,1195,127.0,53.0,1403.6837585999024
388500,312,47,137,5,1,169,0.8620144100039269,0.033108459206724554,1195,198.0,61.0,2982.183398094439
388600,309,52,140,1,0,168,0.8330861297229168,0.032563382099854474,1195,168.0,53.0,2355.168156407638
388700,321,50,144,0,1,176,0.8278047121483172,0.033059192119979125,1196,140.0,45.0,1977.1325963776467
388800,340,43,153,1,2,184,0.8249545123951915,0.03307498388883586,1197,109.0,30.0,1664.6100613909543
388900,325,55,147,2,3,173,0.8281333318294573,0.032928776117669034,1197,91.0,43.0,955.6284193161142
389000,333,45,153,0,3,177,0.8440706314005245,0.03295292236940822,1198,143.0,52.0,1952.51226934094
389100,331,49,170,4,1,156,0.8087525077502572,0.0336492181132047,1198,125.0,40.0,1745.4534653588212
389200,335,46,159,1,0,175,0.8169496881262099,0.03449321465222574,1199,132.0,49.0,1482.4597652113682
389300,322,53,153,3,0,166,0.8246066091115881,0.03422473225149407,1199,111.0,45.0,1169.5035233451902
389400,326,55,151,1,0,174,0.8177530125920655,0.033787342893948476,1200,102.0,36.0,1322.4682056521417
389500,333,39,169,5,0,159,0.8264997025193035,0.03441159032207723,1201,94.0,33.0,1036.714724539268
389600,339,47,160,5,2,172,0.8381003384164137,0.03381358877915728,1199,113.0,47.0,1184.2540311582604
389700,339,45,158,8,2,171,0.8458183208251246,0.03450991437439966,1200,73.0,35.0,663.5841667362624
389800,319,51,145,4,1,169,0.8506035461765353,0.034290323666821096,1201,145.0,57.0,1726.7559519871309
389900,347,50,157,5,2,183,0.8444312374775246,0.034082729615565084,1201,78.0,33.0,825.5355642924304
390000,328,41,148,6,1,173,0.8469093788723838,0.0337306972250666,1202,125.0,50.0,1459.2931257610828
390100,337,48,141,6,1,189,0.8482705241434616,0.03282404827104472,1203,131.0,46.0,1707.5997058406538
390200,325,53,156,6,0,163,0.8328620387759128,0.03236357183884806,1203,123.0,49.0,1497.3900308431855
390300,320,49,141,6,0,173,0.849705752787008,0.033012899468731774,1204,102.0,48.0,965.2887901242734
390400,312,46,144,5,1,162,0.8607143954106592,0.03270227744497018,1205,124.0,50.0,1432.1107782277866
390500,309,53,141,3,2,163,0.8762142662631666,0.03248660069421325,1205,168.0,63.0,2096.2113612097946
390600,287,50,126,5,2,154,0.8804162615650943,0.03253167449634461,1205,158.0,67.0,1886.8534024786188
390700,301,61,131,2,3,165,0.9010626150332615,0.03265343752349599,1206,168.0,51.0,2265.145819733161
390800,283,50,120,4,4,155,0.8819397379975624,0.032072883551654316,1206,195.0,70.0,2476.2505389457388
390900,289,46,110,4,1,174,0.8851676948834488,0.032726800973447004,1206,161.0,52.0,2244.603604800712
391000,277,46,104,3,3,167,0.8924636431116563,0.03280691863311525,1206,236.0,61.0,3633.454112743326
391100,291,54,114,0,2,175,0.8713626931950563,0.03263305364176856,1207,159.0,52.0,2264.9503074038544
391200,300,51,129,2,0,169,0.8807717705852757,0.03339682875362058,1207,132.0,52.0,1694.6694545467708
391300,278,65,117,4,1,156,0.9206705468864844,0.03427496563281645,1208,178.0,66.0,2438.427386799262
391400,269,57,108,4,0,157,0.9019878389073408,0.03461799986192991,1208,160.0,61.0,2075.463824628657
391500,270,60,105,4,2,159,0.9211792303173888,0.03195994977711314,1209,138.0,47.0,1905.8517638195576
391600,277,49,97,5,3,172,0.959849997519254,0.032316393380772024,1210,165.0,66.0,2219.41110417129
391700,281,63,105,5,2,169,0.9197210760395288,0.03183879574133435,1209,215.0,65.0,3192.710875953644
391800,283,54,115,6,2,160,0.931782231235314,0.031566809339246715,1210,177.0,59.0,2632.5951703014985
391900,299,40,121,5,1,172,0.8746583371386503,0.03032772816428185,1209,154.0,49.0,2186.684049670868
392000,315,42,126,5,2,182,0.8885478629033108,0.03215399592120039,1210,105.0,45.0,1297.36462222272
392100,304,52,127,5,2,170,0.8982595527830499,0.03284668009428723,1210,161.0,67.0,1937.6126212737763
392200,292,55,130,4,2,156,0.9286455960484028,0.03367688553582759,1211,159.0,72.0,1889.368217939607
392300,285,59,120,4,1,160,0.9268580313703659,0.03583630765602322,1211,181.0,64.0,2664.26117095203
392400,283,56,113,2,5,163,0.9340890482780688,0.03649278872734014,1212,169.0,59.0,2303.0698452618003
392500,299,55,114,8,1,176,0.9267871897758273,0.03572579770144592,1212,125.0,45.0,1672.2882225543106
392600,309,50,120,7,3,179,0.9179365101330802,0.03607925968206457,1212,140.0,65.0,1662.4391113457323
392700,300,48,122,2,0,176,0.9279271867708222,0.03652278772910712,1212,155.0,65.0,1985.6368077941454
392800,288,55,116,3,0,169,0.9192379826071969,0.03889058184002692,1213,160.0,67.0,2090.230505545799
392900,297,56,131,3,0,163,0.9030419357675135,0.036049050546235514,1214,163.0,50.0,2555.341994499554
393000,296,59,130,3,0,163,0.9124828126930206,0.0366818485879235,1214,165.0,62.0,2243.291524807415
393100,296,56,137,3,1,155,0.9407148499959519,0.03897298807317106,1215,154.0,51.0,2155.686249957057
393200,300,51,139,4,3,154,0.918881269212565,0.03731185817988599,1215,175.0,55.0,2596.940189037322
393300,288,55,134,6,2,146,0.916643091773041,0.03644644866327235,1216,206.0,67.0,3090.807806150786
393400,287,55,136,7,1,143,0.9048955926699543,0.03638397307746928,1216,205.0,65.0,2797.0796798048736
393500,280,52,125,5,0,150,0.9116201201592613,0.03490240049438518,1217,177.0,61.0,2487.4894091444667
393600,290,48,119,6,1,164,0.912231769673919,0.03597478528645522,1217,176.0,57.0,2426.1681703360628
393700,274,58,107,3,0,164,0.9343891035096774,0.037585905315266704,1217,148.0,64.0,1646.8018779106712
393800,277,48,105,7,1,164,0.9536880611799724,0.038456729984266046,1218,144.0,66.0,1693.7168035353259
393900,275,50,106,5,0,164,0.9725933250669115,0.037924846999845274,1218,229.0,71.0,3347.1107842940487
394000,257,59,95,7,0,155,0.9707368547984234,0.03792404898025656,1218,232.0,88.0,2740.2367976525256
394100,269,59,102,4,1,162,0.9428117158518506,0.04027793145600455,1218,193.0,59.0,2834.7097060091637
394200,287,49,113,3,1,170,0.8997213950662859,0.03862115228773847,1219,198.0,58.0,2886.242708381327
394300,295,50,118,2,3,172,0.8857778536841155,0.039207584266759854,1219,158.0,39.0,2330.783579978234
394400,303,53,124,2,2,175,0.8883860683190478,0.03808005902604471,1220,152.0,53.0,2024.7869727827722
394500,310,54,129,5,1,175,0.8706511212323123,0.03795217603759204,1220,156.0,59.0,1801.5182296609378
394600,300,54,123,3,1,173,0.8750616385489927,0.04038385703761017,1221,206.0,66.0,2529.494928983573
394700,309,50,130,1,3,175,0.8855562731574617,0.040587120062937423,1221,128.0,38.0,1847.1687029212994
394800,311,51,137,4,0,170,0.8755952806594746,0.04155993749711913,1221,157.0,56.0,2174.709501262852
394900,318,45,139,4,3,172,0.8675004775503516,0.040908735844531696,1222,148.0,49.0,1982.9961300354546
395000,316,49,125,4,4,183,0.8722234042214795,0.04211114092711895,1222,123.0,49.0,1385.1011629895045
395100,322,56,134,4,4,180,0.875764544484646,0.04181347247196396,1223,155.0,55.0,1887.7746790900776
395200,333,51,143,2,3,185,0.86255873986791,0.040656452063083534,1224,147.0,45.0,2054.052326457802
395300,338,46,153,4,1,180,0.8739691810884711,0.04125970943991897,1224,121.0,57.0,1159.4383535057116
395400,339,47,146,6,2,185,0.8761660268069169,0.04333953561463137,1224,181.0,62.0,2265.2035013846667
395500,321,60,146,6,1,168,0.8885225320370149,0.043490439058944966,1224,181.0,62.0,2215.713967350377
395600,319,53,140,8,3,168,0.8857123886064597,0.04567338233770338,1202,158.0,57.0,1974.013757015514
395700,330,60,141,8,2,179,0.8713945139004415,0.04479568117186232,1203,201.0,62.0,2525.2531549112464
395800,315,49,130,6,3,176,0.8792046565515859,0.046141037715807826,1204,214.0,72.0,2475.2059340646956
395900,299,53,116,6,1,176,0.8962422204155841,0.047587951564392654,1204,170.0,63.0,1912.7964497777216
396000,299,51,122,4,4,169,0.8892036485684827,0.049114912183601325,1205,168.0,61.0,1624.9696468152654
396100,286,60,115,6,3,162,0.9121742842220579,0.051019645262662755,1205,224.0,70.0,2819.279473432842
396200,296,61,108,5,3,180,0.8920331455190046,0.05040431401238565,1206,127.0,47.0,1394.1634117684812
396300,296,51,116,3,2,175,0.8899334027973522,0.050709313871608395,1206,165.0,63.0,1871.8429327390882
396400,282,58,102,8,4,168,0.9066099123761509,0.05235661161552281,1207,221.0,81.0,3005.6039299841354
396500,280,48,103,7,1,169,0.9083403972092517,0.052132140447522735,1207,144.0,58.0,1812.8736170399811
396600,283,52,107,7,0,169,0.9187266732446692,0.05417245861021423,1208,189.0,61.0,2594.6921866652187
396700,288,56,123,6,1,158,0.9108835181331661,0.05290118739049989,1209,183.0,67.0,2489.3027000208203
396800,291,53,108,5,1,177,0.9326540526480895,0.052736757041339795,1209,170.0,70.0,2102.754074730349
396900,284,58,101,3,2,178,0.9391955834777099,0.05532585023352617,1203,189.0,69.0,2715.309071889622
397000,284,61,98,5,3,178,0.9248200512867192,0.053919834066519866,1203,181.0,62.0,2678.887655020175
397100,304,50,115,6,3,180,0.8965043661105633,0.054548055957536694,1203,198.0,64.0,3037.4298674012834
397200,292,54,117,7,3,165,0.9188300292542475,0.05487974035201288,1204,159.0,64.0,2189.210207002907
397300,296,52,123,8,2,163,0.8963597531721121,0.05417529631264362,1204,177.0,60.0,2552.1490797440892
397400,319,52,134,8,1,176,0.8735611262979479,0.0531766986776811,1205,159.0,46.0,2456.4764958229343
397500,307,49,132,5,1,169,0.8648435708795695,0.05404867714587713,1206,169.0,61.0,2237.495712048866
397600,323,47,126,6,2,189,0.8672564080187789,0.05440745203580654,1206,119.0,39.0,1765.388435531823
397700,320,47,126,8,5,181,0.886925563694551,0.05647752020469461,1207,115.0,56.0,1256.0941908806649
397800,306,56,124,9,2,171,0.8967154350861478,0.05728859532942637,1208,155.0,60.0,2104.668324756107
397900,298,54,128,7,1,162,0.9003839683106596,0.05730210894225733,1208,152.0,58.0,2027.6947399366668
398000,305,58,122,6,1,176,0.882085840080381,0.05636025145242715,1209,137.0,48.0,1871.7853976985828
398100,292,55,112,7,1,172,0.9036662861707253,0.05411941720687446,1210,109.0,55.0,1086.0922206718474
398200,298,51,118,5,1,174,0.9074889555780635,0.05380146883466934,1210,173.0,59.0,2484.809555946958
398300,286,58,123,3,1,159,0.9133577181320282,0.05371306106689165,1211,165.0,56.0,2295.2331236442865
398400,279,60,112,3,4,160,0.9038560842969963,0.05275934058904189,1212,148.0,59.0,1887.4458057388883
398500,283,60,107,4,3,169,0.9240270946009709,0.05211058096657572,1212,154.0,55.0,2006.0399592817123
398600,277,59,117,3,6,151,0.9386271858127698,0.05275974227080518,1212,192.0,58.0,2787.505858181307
398700,278,63,119,3,4,152,0.898844780387557,0.05499458637946346,1212,181.0,67.0,2223.5992745691433
398800,276,57,105,5,1,165,0.9350561399644333,0.05522333836535469,1213,171.0,66.0,2055.746925571555
398900,273,62,102,3,4,164,0.9082312363425397,0.05423378123408295,1214,192.0,58.0,2696.7541659316
399000,288,55,113,4,4,167,0.8721024721935697,0.05272274603245424,1214,140.0,45.0,1876.3892718093448
399100,303,46,123,4,5,171,0.8776557262780597,0.05371607237597317,1215,127.0,50.0,1510.4903540720702
399200,292,55,115,5,3,169,0.8878408073368832,0.05516327983613123,1216,135.0,61.0,1418.584332076342
399300,301,58,116,2,4,179,0.9115300339410869,0.055746813326122725,1216,201.0,57.0,2789.6115237387007
399400,302,57,123,6,2,171,0.9031638570161706,0.05696590815592467,1216,124.0,53.0,1355.4727187808653
399500,287,53,118,6,0,163,0.8960471711778355,0.05800352179521494,1217,189.0,59.0,2566.2775569676005
399600,290,61,117,6,1,166,0.9062715018357643,0.058726698352698795,1218,165.0,68.0,1891.3026048117947
399700,285,64,118,5,2,160,0.9151430196907852,0.05835072375687577,1218,164.0,56.0,2107.409501474441
399800,282,48,111,4,4,163,0.9219053024665932,0.05937334799223499,1218,161.0,55.0,2127.7860924663423
399900,285,67,112,5,2,166,0.8878705049691737,0.05945597345788965,1219,212.0,63.0,2947.976116190219
400000,315,47,127,4,2,182,0.8754175784023449,0.0604844661476179,1219,128.0,42.0,1677.155856474954
400100,309,56,124,5,2,178,0.9022927104766616,0.061735451407618026,1220,165.0,65.0,1866.9450905405963
400200,322,49,125,4,3,190,0.8814687236556805,0.06199094590713806,1219,140.0,51.0,1750.688355102451
400300,324,46,134,4,1,185,0.8709447449156464,0.06267009730367692,1219,135.0,51.0,1596.7234775367583
400400,289,53,117,7,0,165,0.905304842247422,0.06468023928746475,1219,183.0,70.0,2246.557668012545
400500,287,61,120,7,2,158,0.8970972950190271,0.06495595272435287,1219,207.0,67.0,2880.018650162227
400600,289,49,121,4,2,162,0.8933378911237713,0.06460502982625886,1220,128.0,60.0,1348.8587509942831
400700,291,49,105,5,2,179,0.8951054439478253,0.06462960093702723,1220,140.0,62.0,1534.3709634069373
400800,276,57,112,7,3,154,0.9100136209219319,0.06509035819183832,1221,159.0,65.0,1766.1519356544868
400900,287,68,109,5,4,169,0.919829274021184,0.06605756983135086,1221,201.0,63.0,2699.3085408844427
401000,295,52,104,5,0,186,0.9083113089682939,0.06626771255373543,1222,184.0,70.0,2311.517416053441
401100,292,55,107,2,3,180,0.9048415911928296,0.06658956979390383,1222,162.0,56.0,2104.4596431442674
401200,306,50,118,3,3,182,0.8924762614433701,0.06653385284413338,1222,139.0,49.0,1794.249902880654
401300,314,47,124,4,4,182,0.88851947088678,0.06712251351349033,1222,130.0,55.0,1549.8599100994525
401400,296,56,111,5,2,178,0.906728304401205,0.06732582014090124,1222,176.0,71.0,2176.099900435121
401500,292,54,122,6,4,160,0.9051657883259109,0.06726160029154174,1223,124.0,51.0,1520.872632850259
401600,298,59,123,3,4,168,0.9160089174989309,0.0675766449593585,1223,132.0,54.0,1636.9970927245388
401700,295,58,113,7,2,173,0.9202211295263734,0.06826470303323418,1224,152.0,63.0,1831.7477557399777
401800,292,59,121,5,2,164,0.9091342540062098,0.06779626758513983,1224,127.0,52.0,1618.6787653469607
401900,299,61,121,6,0,172,0.9034946616796327,0.06810673702441448,1225,130.0,47.0,1779.4280205207247
402000,298,50,124,5,2,167,0.9088704907940872,0.06861733270475037,1225,93.0,51.0,903.2619780256051
402100,291,51,120,11,0,160,0.9030522894205842,0.06896873742330137,1226,133.0,52.0,1717.758829081537
402200,292,57,121,9,0,162,0.9133387353303634,0.0680321494983287,1227,163.0,62.0,2150.1255775087
402300,299,54,125,5,0,169,0.9055813369114691,0.06753680095218899,1227,165.0,55.0,2353.4270161803324
402400,302,57,135,4,0,163,0.8805034866168824,0.06750622271311554,1227,157.0,47.0,2284.581370645858
402500,315,52,127,4,1,183,0.8986302894074503,0.06729867250282581,1228,98.0,49.0,1040.0791415314486
402600,307,54,130,5,1,171,0.8869429289479681,0.06833757321468538,1229,112.0,46.0,1415.3480262400515
402700,303,58,121,5,0,177,0.8804760667577963,0.06698187687203604,1229,126.0,46.0,1701.2320922659953
402800,291,62,128,4,0,159,0.8584506945432624,0.06615487210540992,1230,135.0,48.0,1903.9191049516803
402900,302,51,128,4,2,168,0.8569012928593462,0.06632080748331874,1231,106.0,42.0,1342.0294745260692
403000,308,52,125,5,0,178,0.8561236761678555,0.06620557218683303,1231,115.0,47.0,1458.6732175869656
403100,303,50,123,4,0,176,0.8638522246402215,0.06631029619313066,1232,106.0,46.0,1292.1237435724368
403200,306,54,134,6,1,165,0.8712470496050095,0.06636982653607318,1233,137.0,50.0,1965.0658904055629
403300,306,58,131,4,4,167,0.872668382373204,0.06532944261198034,1232,151.0,49.0,2221.4176558876643
403400,310,49,135,5,0,170,0.863318115757435,0.0651508133481956,1233,106.0,42.0,1385.672866055371
403500,313,50,125,5,1,182,0.8603459773122387,0.0644801732128573,1233,122.0,45.0,1674.5458737231938
403600,309,51,128,6,2,173,0.8624305003064717,0.06448259525896262,1232,91.0,43.0,1040.8336667430872
403700,315,52,134,4,2,175,0.8530161297192941,0.06380299677766103,1233,98.0,41.0,1229.4709893791264
403800,324,51,135,6,2,181,0.8395371021151949,0.06386239028714474,1234,139.0,43.0,1959.1945735518632
403900,329,56,142,6,1,180,0.8396239103960171,0.06413287636346106,1234,97.0,44.0,1108.6790703590373
404000,323,49,148,3,1,171,0.832645023963848,0.06335193190729355,1235,93.0,35.0,1229.993729823188
404100,319,42,153,4,0,162,0.8393227948785617,0.06452926815507477,1235,97.0,38.0,1157.9621083281127
404200,325,47,148,5,0,172,0.8318387805501072,0.06340269827257165,1236,110.0,38.0,1441.3259954282767
404300,330,51,156,5,1,168,0.8141429843992765,0.06339517129773478,1236,79.0,30.0,864.7380200856014
404400,330,40,157,3,0,170,0.8151974346496972,0.06338988383469334,1236,68.0,30.0,653.4674292216533
404500,316,49,150,2,0,164,0.823576987803935,0.061951989906588005,1237,93.0,40.0,874.3606571849801
404600,317,43,152,3,0,162,0.8316162193931166,0.060092722654795115,1238,115.0,39.0,1383.740401913722
404700,312,52,149,4,0,159,0.8334807982807897,0.05986010229387221,1238,98.0,29.0,1309.8250689271974
404800,320,45,148,5,0,167,0.8499674028370215,0.05985573567489302,1238,65.0,21.0,821.3950511815814
404900,319,53,148,6,0,165,0.8584146603450303,0.059401569007688844,1239,86.0,36.0,933.3019259689285
405000,309,52,152,6,1,150,0.8555170661161878,0.059402947640926816,1239,99.0,36.0,1136.8178296713827
405100,306,56,140,6,1,159,0.8597507322139685,0.05783980056529117,1239,104.0,43.0,1148.5055714590467
405200,309,42,138,5,2,164,0.8648130775100724,0.058750071699440236,1239,100.0,41.0,1066.0255662104987
405300,303,50,130,5,1,167,0.8627943912196039,0.05711887713614263,1240,138.0,47.0,1677.6994605978612
405400,297,52,137,6,2,152,0.8760854453359308,0.05668773747899683,1241,135.0,44.0,1644.4623065826065
405500,302,57,138,6,2,156,0.8725143151690858,0.05477662660230265,1241,113.0,33.0,1535.5417219989558
405600,302,52,136,3,2,161,0.8731376730965481,0.05391872037790293,1242,123.0,49.0,1291.4248262259825
405700,293,52,124,6,2,161,0.8958511625218437,0.05343891077467273,1243,165.0,59.0,1778.9820343167821
405800,286,61,113,6,2,165,0.9093509936977591,0.05316491397798736,1243,152.0,47.0,1761.4364198722024
405900,276,68,120,4,4,148,0.9067922231142943,0.05357225419229157,1243,160.0,58.0,1696.0102317045748
406000,292,59,123,7,6,156,0.8905970885260447,0.054405296484194364,1243,120.0,37.0,1386.8152674433202
406100,299,54,121,8,3,167,0.908477106933723,0.05435121300197407,1244,145.0,55.0,1500.776601531532
406200,296,58,115,6,2,173,0.8891475246194968,0.054845940573565496,1244,153.0,54.0,1650.33819942826
406300,300,55,112,4,6,178,0.897333817561648,0.054834182411518016,1245,133.0,46.0,1416.6394481910472
406400,293,53,110,4,7,172,0.8966020723273819,0.05373892578101223,1246,156.0,47.0,1779.8219073987857
406500,294,53,115,5,6,168,0.8750778046332102,0.053537055935339715,1246,157.0,50.0,1719.3056167157627
406600,313,51,120,8,2,183,0.8588865798928993,0.05248668324700736,1247,90.0,38.0,867.1765324424009
406700,329,47,134,4,3,188,0.844709486101197,0.05119281743649091,1247,116.0,36.0,1367.937681957238
406800,326,49,148,5,2,171,0.8356375280157325,0.05134247620578786,1247,76.0,27.0,812.6813065416248
406900,314,49,149,3,3,159,0.8241318477235662,0.051215928856260896,1247,106.0,34.0,1138.5512743772017
407000,318,47,147,4,4,163,0.8328588997520937,0.0515775887053112,1247,78.0,36.0,667.2860385306498
407100,332,42,150,2,1,179,0.8342649512897625,0.05076051516940886,1247,111.0,38.0,1205.3099209015527
407200,315,50,145,1,1,168,0.8263237792670116,0.050848093470835944,1247,140.0,47.0,1491.2277303243914
407300,326,50,150,1,1,174,0.8180786218960087,0.0516344819755138,1248,61.0,22.0,614.5549417053106
407400,322,52,155,4,2,161,0.8260602674195671,0.051944938772094676,1248,69.0,28.0,686.213052874627
407500,328,46,155,7,0,166,0.838065034371597,0.05252903618813455,1249,73.0,29.0,742.0771946905894
407600,337,50,157,7,2,171,0.8397463697102552,0.053471333772689235,1249,74.0,30.0,717.2425450076236
407700,316,53,153,8,2,153,0.8561492835051151,0.052964704335405795,1250,91.0,45.0,763.7321669924603
407800,319,49,156,9,3,151,0.8680476314254971,0.05239891583542504,1250,122.0,45.0,1328.6651244797215
407900,313,50,160,6,3,144,0.8564075206199288,0.052289410964362446,1250,94.0,32.0,1096.3112096544594
408000,309,51,139,4,5,161,0.8490335568843382,0.05191195200144805,1250,122.0,38.0,1501.7544231639524
408100,311,55,147,9,2,153,0.8563085322012888,0.051701313937719644,1250,114.0,43.0,1169.991324330386
408200,319,47,144,7,2,166,0.8374909264061012,0.05111404536380462,1250,109.0,34.0,1226.2269885011335
408300,322,49,139,6,3,174,0.8317489335713223,0.051698900166878795,1251,115.0,40.0,1273.7444577981792
408400,322,42,140,7,3,172,0.8468582877105958,0.052044779534317076,1251,89.0,38.0,834.2768163372954
408500,309,55,142,6,3,158,0.8510806007954218,0.05113968371621065,1251,91.0,41.0,886.9039701429883
408600,306,54,146,6,2,152,0.8708653851493968,0.050920873296526954,1252,95.0,41.0,1043.663196913493
408700,303,46,127,7,1,168,0.8683398178179129,0.050783510486836034,1252,131.0,53.0,1348.5210515306528
408800,297,53,132,4,0,161,0.8705352980010846,0.050037178975929394,1253,207.0,68.0,2630.0167531348825
408900,295,58,125,6,0,164,0.8937107859368286,0.04940792104301406,1253,155.0,58.0,1674.9349563453516
409000,293,52,125,5,0,163,0.8803516203009143,0.04947821075674954,1254,138.0,51.0,1386.1369507808502
409100,296,53,129,5,1,161,0.8884408343909834,0.04872186392195201,1255,153.0,53.0,1858.8920446695195
409200,300,65,134,5,3,158,0.9007707133657664,0.04857079467253747,1255,113.0,40.0,1309.8481091410804
409300,312,56,135,5,2,170,0.885388149757865,0.04762646307440361,1255,97.0,41.0,958.2179059540703
409400,318,46,143,8,2,165,0.8795462388842051,0.047858507322441096,1256,89.0,36.0,839.8636544670882
409500,328,43,138,10,1,179,0.8587849194944829,0.049585469321806484,1256,55.0,30.0,455.1662596905175
409600,321,47,133,10,2,176,0.8606409718054241,0.04977846974271775,1257,109.0,44.0,1174.7576578240546
409700,321,49,131,8,2,180,0.8540731229869356,0.04917412641446406,1258,124.0,47.0,1433.3509029112392
409800,327,50,144,7,0,176,0.8603833080952011,0.049407132837708666,1258,157.0,41.0,1888.2673841360186
409900,314,50,145,5,3,161,0.8560448836719461,0.04842204030656643,1258,148.0,46.0,1910.3840057070129
410000,330,48,162,5,1,162,0.8372402322336212,0.04844788175743228,1258,81.0,26.0,908.0565650832498
410100,326,42,153,4,1,168,0.8402247412779685,0.04770089841706744,1258,104.0,37.0,1126.843633611082
410200,327,42,154,3,0,170,0.8273113223136823,0.04710046051343465,1258,91.0,31.0,1026.5095394531304
410300,325,44,139,6,0,180,0.8389916288827324,0.04746968769840862,1259,81.0,34.0,731.8618140251549
410400,320,55,144,4,1,171,0.824046745500165,0.04714921328673116,1259,162.0,40.0,2168.5307326305206
410500,327,45,149,5,3,170,0.8422697221511796,0.0469582274142611,1259,92.0,33.0,1001.3994205990709
410600,329,45,156,6,1,166,0.8361536729494689,0.04588028108395987,1259,92.0,38.0,899.5921040588321
410700,320,46,163,8,0,149,0.8425490072183187,0.04763814431793319,1258,105.0,43.0,1040.9240749698436
410800,344,46,163,8,0,173,0.8476493676400698,0.048609765646397844,1259,133.0,45.0,1608.6205426960898
410900,332,46,162,6,0,164,0.864955281786652,0.050075919876321213,1260,91.0,38.0,1014.9742863950219
411000,331,52,162,7,0,162,0.8659138373012233,0.04969234755290945,1260,129.0,41.0,1717.1023003381101
411100,321,62,178,6,1,136,0.8352093800663711,0.049362690716448075,1260,92.0,29.0,1376.8058248364603
411200,329,50,170,6,2,151,0.8406210505236005,0.048153238160972965,1261,77.0,34.0,874.6517405086636
411300,332,51,163,6,1,162,0.8355598636208564,0.047413037331192835,1261,92.0,34.0,1283.324370909746
411400,334,53,166,6,1,161,0.8387794400434881,0.04679142591677091,1262,71.0,39.0,671.2780291332936
411500,335,48,160,6,2,167,0.8555739754554939,0.04789669958107779,1262,79.0,39.0,855.372276499765
411600,335,49,154,7,1,173,0.8591578128815196,0.0482443146206454,1263,119.0,48.0,1519.2083505287892
411700,339,43,155,5,1,178,0.8698638408798097,0.04946014080150435,1263,94.0,39.0,1126.8410950797474
411800,322,41,152,7,0,163,0.8767204217012148,0.051228619617689555,1259,97.0,41.0,1211.050134367508
411900,297,53,141,5,2,149,0.9005201445220249,0.05097618385946858,1260,124.0,45.0,1847.709857484708
412000,296,62,145,6,3,142,0.9210441183736259,0.05198769726552284,1260,120.0,48.0,1623.1183817050915
412100,302,57,139,6,1,156,0.885056044132686,0.0518845205310958,1261,137.0,50.0,1985.8952143466993
412200,311,57,154,3,4,150,0.8921724512714276,0.051885866068164296,1262,159.0,45.0,2602.6484145538807
412300,314,61,154,3,3,154,0.8818503087710471,0.05129556417768332,1262,113.0,37.0,1699.4420367470868
412400,316,56,154,4,1,157,0.8804717667373758,0.050497220470462074,1263,112.0,46.0,1451.3490603211467
412500,329,53,153,4,2,170,0.887530438145481,0.05083121538748154,1264,94.0,41.0,1205.2467842136805
412600,314,50,145,5,3,161,0.9126819191257788,0.05050425002640209,1264,133.0,46.0,1882.4357223866846
412700,333,47,144,8,1,180,0.8929856794926759,0.05065730303994543,1265,109.0,48.0,1291.4582238815697
412800,329,56,149,6,2,172,0.8994935824839434,0.050212639707949785,1265,122.0,51.0,1519.6213591903509
412900,324,48,135,7,1,181,0.8857084704511281,0.049602162110757735,1266,133.0,55.0,1654.2217007608874
413000,321,54,142,9,2,168,0.9342170487647703,0.0499939529604537,1266,169.0,54.0,2404.3134308302515
413100,306,65,135,10,1,160,0.9109722226992152,0.05000881421647313,1267,125.0,51.0,1557.6953070612883
413200,295,61,138,5,2,150,0.9163678666745362,0.050428359542189,1268,195.0,65.0,2720.3891163653047
413300,307,57,139,6,1,161,0.8886758319275982,0.05027534169209735,1268,146.0,48.0,2090.7953658185866
413400,314,52,141,7,0,166,0.882208343172725,0.048301779463050115,1269,122.0,39.0,1747.0301533193488
413500,329,55,146,4,3,176,0.8770369952723435,0.04823982579230679,1270,119.0,45.0,1576.607004767972
413600,317,52,152,5,2,158,0.8793049374777617,0.048217834291832795,1270,99.0,46.0,1144.2026097627277
413700,317,53,146,6,1,164,0.8792091749031824,0.04754436515175537,1271,119.0,54.0,1391.754834666111
413800,332,51,150,4,1,177,0.8617229822594068,0.048860976932359794,1271,116.0,40.0,1574.2893324816148
413900,322,55,148,7,0,167,0.8757791844196711,0.048974161122334076,1272,156.0,55.0,2137.1354230488796
414000,316,64,151,6,0,159,0.8738594208149754,0.048710835972527136,1273,148.0,55.0,1949.806444300876
414100,313,45,149,7,0,157,0.8899886913865257,0.05024113405392142,1273,138.0,49.0,1843.3666187233061
414200,311,63,141,6,0,164,0.91239573822161,0.04973144302165172,1274,123.0,53.0,1505.064421404123
414300,307,63,145,6,0,156,0.8935921842824242,0.04948318780816405,1274,154.0,45.0,2309.236807717367
414400,293,69,137,5,0,151,0.8888847369203394,0.049983663177877155,1275,144.0,47.0,1943.1174667262428
414500,292,63,132,3,0,157,0.8788725938748803,0.04919619942833104,1276,145.0,52.0,1958.8730740797498
414600,300,50,134,4,0,162,0.8895838571557313,0.049672028863097066,1276,110.0,37.0,1528.372856458622
414700,314,53,135,3,0,176,0.8816240304463641,0.05005178559761689,1277,129.0,40.0,1936.161948339986
414800,327,47,138,3,1,185,0.8653779029238026,0.05048735908722341,1277,92.0,34.0,1297.1966808828581
414900,325,47,136,4,1,184,0.8715374474128521,0.04979060102007654,1278,102.0,45.0,1214.6716598643995
415000,327,56,155,3,2,167,0.8739212630270142,0.05074705599077046,1279,82.0,35.0,1004.3128956920428
415100,331,48,160,4,2,165,0.8547102198876712,0.050191482772838664,1279,81.0,35.0,914.0766761323057
415200,334,51,159,4,1,170,0.8508579818627415,0.05085612594815635,1280,97.0,38.0,1195.4489574150907
415300,335,46,159,4,1,171,0.8805578139759752,0.05129373536222053,1281,96.0,49.0,989.488373349143
415400,327,50,153,6,1,167,0.8726776576192768,0.04949755463588737,1281,134.0,51.0,1748.669732596234
415500,329,56,152,8,1,168,0.9134610467894277,0.04983004140296637,1282,100.0,48.0,1034.087080266598
415600,308,54,135,9,1,163,0.901678557821572,0.0494755468724989,1282,142.0,58.0,1796.3846361426918
415700,304,70,131,7,1,165,0.9043918100019104,0.049044510397045216,1282,210.0,68.0,3153.391470165468
415800,299,60,121,7,2,169,0.9009485809094085,0.04906564995385445,1283,130.0,52.0,1697.371449318161
415900,294,58,132,6,3,153,0.8838690790201889,0.047876429361191346,1283,126.0,44.0,1799.4020035390622
416000,297,51,130,6,3,158,0.8778328925139671,0.04551460927590872,1284,149.0,54.0,2071.13895635492
416100,320,51,140,5,0,175,0.8582853376970917,0.04459506637164612,1285,134.0,44.0,1822.807233624848
416200,336,48,146,6,1,183,0.8634180672711034,0.0449790895544155,1285,94.0,36.0,1267.2801042344781
416300,351,48,167,7,0,177,0.8563743981938318,0.046837213692852556,1286,86.0,38.0,1056.364674400203
416400,345,49,173,5,1,166,0.8651840938355901,0.04641906587194341,1287,137.0,51.0,1823.5342139789725
416500,329,47,159,4,2,164,0.8674480533694708,0.04701285721511968,1287,118.0,55.0,1355.0635680122139
416600,338,48,161,4,1,172,0.8549133601988868,0.047440674139121154,1288,98.0,40.0,1276.6621665929301
416700,334,60,167,4,2,161,0.8623248420597414,0.04714078615291443,1288,78.0,47.0,703.8039999742388
416800,320,51,157,4,0,159,0.8659163944739945,0.046628615723271226,1289,146.0,67.0,1695.2416730787436
416900,311,47,155,5,0,151,0.8621473485855611,0.04730064368431228,1290,102.0,39.0,1262.8811953686818
417000,329,46,152,4,0,173,0.872362765477209,0.04745365130589442,1290,123.0,47.0,1503.8045652110268
417100,334,53,162,5,2,165,0.883677282647309,0.04759000030699485,1291,127.0,49.0,1572.2265595451274
417200,340,57,151,7,1,181,0.8728708380261132,0.04813120103390108,1291,109.0,47.0,1335.8490516847955
417300,343,47,162,8,1,172,0.8613158828437896,0.04906374744680034,1290,82.0,35.0,1012.644108074691
417400,337,51,150,10,1,176,0.8823873145537677,0.04979790652690728,1291,85.0,45.0,885.5062085961175
417500,323,50,153,6,0,164,0.8762334674710098,0.05015928305543832,1291,168.0,68.0,2285.3201535671733
417600,316,55,150,5,0,161,0.8741023343249371,0.049964399966874615,1291,117.0,52.0,1397.9797394335117
417700,318,56,145,5,1,167,0.8894867027696741,0.050951727671069716,1292,163.0,55.0,2308.863281180267
417800,321,60,150,5,1,165,0.8857728571927781,0.05001460911776219,1293,120.0,53.0,1459.4728701688714
417900,309,48,141,7,0,161,0.8976824441168089,0.04973312965558245,1293,126.0,60.0,1528.7293599433578
418000,314,53,130,6,0,178,0.8972114211371569,0.049477022871305724,1294,183.0,60.0,2753.397713984271
418100,320,52,144,6,0,170,0.9023995064251069,0.05030186220383446,1294,148.0,60.0,1903.4717871382138
418200,321,58,144,4,2,171,0.8975326408237426,0.049742146309217146,1295,153.0,50.0,2348.6622306840754
418300,335,53,149,6,0,180,0.8951936395043826,0.048386317520859014,1295,113.0,47.0,1498.2189841638917
418400,339,54,149,4,1,185,0.896247207967571,0.04786315452155887,1296,149.0,53.0,2148.9182515367866
418500,338,55,157,6,0,175,0.8864095758821805,0.047347826988694955,1296,138.0,41.0,2105.1399932086
418600,334,50,163,2,1,168,0.8600475593118332,0.04655859134323422,1297,133.0,44.0,1863.8085096861942
418700,328,51,167,4,3,154,0.8614716056149222,0.04691534603856203,1298,102.0,49.0,1062.0199287225576
418800,327,53,153,4,2,168,0.8777969471564586,0.04796784205763083,1298,133.0,53.0,1746.1508674894574
418900,324,53,149,5,1,169,0.881333574601651,0.04741336763301646,1299,133.0,56.0,1652.5196953617976
419000,301,54,147,5,2,147,0.8780566497229408,0.0479921252315408,1299,153.0,51.0,2087.7030241819625
419100,313,58,143,6,1,163,0.8673828695651207,0.047780468015476855,1300,141.0,47.0,1964.4371169420972
419200,302,57,131,4,1,166,0.8765156072351891,0.048171591591467784,1300,164.0,60.0,2209.978072581248
419300,301,49,125,2,0,174,0.8395716673419013,0.049200201877710195,1300,182.0,57.0,2501.612503993892
419400,307,55,135,3,1,168,0.8564944039502811,0.05010101626596566,1300,104.0,47.0,1227.696767359804
419500,324,51,136,5,1,182,0.8600443435907479,0.05061699161735729,1301,68.0,31.0,786.001550264114
419600,318,51,144,6,1,167,0.8708228705587796,0.05149218120244946,1301,133.0,52.0,1593.7087228465361
419700,323,45,148,9,1,165,0.878391476342805,0.0529678108773544,1302,109.0,53.0,1117.1478838507167
419800,314,50,150,6,2,156,0.8736512099024332,0.05330702147089759,1302,158.0,58.0,2096.8612718754803
419900,314,54,135,7,3,169,0.8895923145079192,0.05474521132374549,1302,94.0,51.0,908.8988881313433
420000,316,57,134,4,3,175,0.8879136382022834,0.056041841807147656,1303,162.0,54.0,2205.0460452687935
420100,312,62,137,4,3,168,0.8786593697670861,0.05567138852443327,1304,150.0,58.0,1962.563927037836
420200,298,54,138,3,4,153,0.8768909058031055,0.056731987574555616,1304,121.0,50.0,1429.866272436065
420300,314,42,138,3,2,171,0.8873676189899342,0.057335254107227104,1304,97.0,37.0,1337.6350266968382
420400,307,50,127,6,3,171,0.8866835097475071,0.05651394838039607,1305,162.0,55.0,2360.2238779351037
420500,314,53,133,5,2,174,0.8631078564557748,0.056173894401617255,1305,133.0,52.0,1680.5324274768652
420600,327,59,139,2,2,184,0.8592639165744277,0.056247967226992934,1306,148.0,50.0,1990.570803718158
420700,326,59,134,5,3,184,0.8614523135502895,0.05779722655598365,1306,143.0,52.0,1859.473111590862
420800,325,45,141,4,1,179,0.8603863713860986,0.0580181147538853,1307,150.0,53.0,1813.070168486176
420900,325,52,144,1,1,179,0.8659745833717892,0.058275333710284025,1308,122.0,46.0,1445.3518053394778
421000,327,51,144,3,2,178,0.8605056042625562,0.05962541005482175,1308,102.0,47.0,1078.5818639001377
421100,308,53,134,5,0,169,0.8718727493559871,0.058604929587381345,1309,109.0,46.0,1265.069867166261
421200,314,53,134,4,0,176,0.8756755276070076,0.059368826402192924,1310,149.0,58.0,1678.6220574309325
421300,312,56,136,5,1,170,0.8751869675437493,0.05932189681726129,1310,123.0,45.0,1520.6094049327676
421400,303,57,129,5,1,168,0.8776089210837507,0.059658516558366494,1311,137.0,48.0,1692.265969227055
421500,325,44,149,7,1,168,0.8434528967235005,0.06022058863981989,1311,134.0,36.0,2014.9134314532794
421600,324,56,143,5,2,174,0.8446625252729564,0.06126933517664107,1312,96.0,36.0,1062.7538614887492
421700,324,44,138,3,3,180,0.8329964093627573,0.06167784516647626,1313,147.0,47.0,1858.5619906751724
421800,327,54,158,2,0,167,0.8306690044646465,0.06283182410162015,1313,158.0,46.0,1955.2366064429148
421900,322,46,146,3,1,172,0.8372253797015913,0.06329117183560476,1313,118.0,42.0,1362.297651240222
422000,327,48,146,3,1,177,0.8328801553452917,0.06304925391386738,1314,118.0,45.0,1292.0014024582397
422100,316,55,146,4,0,166,0.8455589299403823,0.06254492113818282,1315,94.0,38.0,990.4816891951497
422200,326,56,152,4,1,169,0.8504355620943999,0.06291689854307618,1315,158.0,47.0,2090.229912401942
422300,303,58,149,4,2,148,0.881590888529674,0.062309920112866346,1316,121.0,50.0,1311.9193597622195
422400,311,59,144,3,1,163,0.8599782961599621,0.06325663626507226,1316,135.0,51.0,1514.1820166777484
422500,317,53,140,4,3,170,0.8421203595176014,0.06368441809573538,1315,137.0,37.0,1754.4764496562173
422600,324,45,138,5,3,178,0.8379121565263508,0.06299389203674366,1315,106.0,37.0,1268.659546388483
422700,337,52,147,3,4,183,0.8435971487119112,0.06300092303419437,1312,113.0,35.0,1408.4218246730316
422800,332,66,148,4,4,176,0.8356344747147673,0.0630071734521129,1312,93.0,33.0,1064.5400470471475
422900,332,53,157,5,5,165,0.8262388224957578,0.062482778751284426,1312,77.0,27.0,871.4451682879173
423000,330,50,155,4,3,168,0.8388778269324327,0.06317501418910519,1313,146.0,50.0,1847.866503184042
423100,330,53,148,4,1,177,0.8294613165839089,0.06238363962840121,1313,98.0,35.0,1313.1105615107447
423200,315,50,146,3,2,164,0.8420088462714617,0.06169074496307823,1313,116.0,50.0,1188.230929869659
423300,324,57,145,6,1,172,0.8534204699603978,0.061794267982732756,1314,113.0,34.0,1331.6547564257737
423400,325,49,151,6,2,166,0.8552869198228809,0.06251026238799282,1314,142.0,49.0,1586.5612294714106
423500,324,46,145,6,1,172,0.8431170637577013,0.06312670147807156,1314,171.0,53.0,2208.5805633519117
423600,329,53,142,5,2,180,0.8347353519269413,0.06393475278001022,1315,108.0,40.0,1113.7274715260974
423700,347,57,153,7,2,185,0.8505058379272886,0.06381303270597172,1315,66.0,26.0,680.5980339398394
423800,342,47,157,6,2,177,0.8532850638205657,0.06454344709486275,1316,94.0,39.0,939.3873959171465
423900,342,51,174,4,1,163,0.8510699444615342,0.06405531402513948,1316,104.0,40.0,1094.8659026791693
424000,337,57,177,4,2,154,0.8367492259764633,0.06504472743077205,1316,138.0,42.0,1704.155952415724
424100,333,50,174,1,1,157,0.849890647003444,0.06614655654226474,1317,114.0,43.0,1289.2627778498863
424200,331,51,169,3,3,156,0.8591929867600818,0.06597459287463141,1317,140.0,48.0,1588.2957958637369
424300,316,62,163,3,3,147,0.8551490247093096,0.06668181482975152,1318,149.0,45.0,2161.1133170417775
424400,324,46,156,5,2,161,0.8687799691058744,0.06702834068869293,1319,123.0,39.0,1432.7209573398993
424500,304,60,140,4,3,157,0.8697149637179455,0.06744536281422671,1319,131.0,49.0,1492.47763912617
424600,305,60,132,5,2,166,0.880376866742096,0.06743518228453294,1320,183.0,57.0,2324.476466395035
424700,303,46,129,4,2,168,0.8718134308897716,0.06778748686264537,1320,130.0,47.0,1587.9222503362178
424800,304,53,129,5,3,167,0.871832337843446,0.0686847522246384,1321,137.0,42.0,1976.4613430270604
424900,313,47,132,3,3,175,0.8881932755344439,0.06869868499275246,1321,147.0,57.0,1792.7537775230371
425000,299,50,123,6,0,170,0.8853633877898455,0.07022282813905456,1322,134.0,57.0,1545.7186439737497
425100,314,55,135,4,0,175,0.8736051300150255,0.07091762760186286,1322,80.0,28.0,1113.779293321811
425200,322,48,145,4,4,169,0.860868986169079,0.07085023742823131,1323,100.0,43.0,1149.4572092832243
425300,301,55,133,6,3,159,0.8985403411264646,0.07091383655506733,1323,119.0,55.0,1301.6284292297155
425400,302,54,139,6,5,152,0.8891088015028352,0.07153534663816302,1324,122.0,41.0,1648.2136732396061
425500,294,65,143,7,3,141,0.9104134859080443,0.07153464096102277,1323,150.0,46.0,2013.480240509522
425600,298,55,136,7,1,154,0.8845259713181396,0.07195933229554542,1324,144.0,43.0,1934.6304999962483
425700,294,57,138,4,2,150,0.8747232892115037,0.07178172318606976,1324,110.0,34.0,1482.991317409708
425800,309,45,140,3,2,164,0.8668151767130737,0.07157216110631384,1323,118.0,37.0,1421.8557509879197
425900,306,47,141,4,2,159,0.8559535689574354,0.07220454885592949,1323,158.0,55.0,1969.8016385726628
426000,310,51,127,3,2,178,0.8697971630217096,0.0712521482597335,1324,77.0,35.0,766.6155450593336
426100,300,61,131,4,2,163,0.8575706936241821,0.07080605094845609,1325,156.0,39.0,2187.833076778947
426200,298,50,132,7,0,159,0.8657212040826281,0.06970613596016527,1325,106.0,40.0,1184.708637255712
426300,306,55,135,4,2,165,0.8995589448795638,0.06846494396129706,1326,108.0,44.0,1241.458663025952
426400,305,57,129,8,2,166,0.9031280532729612,0.06835009712593582,1326,104.0,45.0,1132.1654810271598
426500,297,55,129,5,1,162,0.8817110764964383,0.06958479618370365,1326,134.0,52.0,1679.6286786566309
426600,301,54,133,4,1,163,0.8790894733510297,0.06890432119537382,1326,170.0,49.0,2201.773460161521
426700,308,60,143,4,1,160,0.8519615832981204,0.06997254908600406,1326,108.0,27.0,1586.3564926403362
426800,337,45,136,3,2,196,0.8472164445357174,0.07001716366738546,1327,79.0,30.0,846.8927913876191
426900,345,44,151,3,2,189,0.8470647982151942,0.06975276095740883,1326,92.0,30.0,1117.2466110060195
427000,321,48,144,5,1,171,0.8383238622852164,0.06981912438809358,1316,67.0,28.0,733.9999787615574
427100,335,47,167,2,2,164,0.8283478912213431,0.06926292711219978,1316,103.0,31.0,1301.7446396538367
427200,350,47,179,3,2,166,0.8236798232307716,0.06944282229399447,1316,62.0,21.0,742.0858324417742
427300,349,39,173,2,1,173,0.8120825815975106,0.0695227954182228,1316,68.0,15.0,911.3720042081997
427400,352,48,179,1,1,171,0.8114519966506613,0.06994971353549874,1317,70.0,25.0,713.6484955308347
427500,358,48,189,2,1,166,0.8105608340490867,0.07014608102527332,1317,52.0,17.0,494.3974646810601
427600,355,49,186,2,1,166,0.8073767624786101,0.0697325021256247,1318,73.0,20.0,889.4640404951145
427700,362,46,201,4,2,155,0.8036043161005602,0.0701589332757155,1319,50.0,20.0,440.73684114210323
427800,358,48,200,2,1,155,0.7994067375665145,0.06988269683056098,1319,59.0,22.0,638.803485983286
427900,359,44,179,1,2,177,0.8042285279769239,0.07008096440741945,1320,70.0,20.0,839.3657284346752
428000,348,40,180,3,1,164,0.8198825586170404,0.0699348730786951,1321,80.0,29.0,859.4973750473581
428100,332,47,161,2,2,167,0.8371264612646526,0.06908612577730593,1321,111.0,42.0,1290.4958027956209
428200,331,48,153,4,3,171,0.8345774006890326,0.06960762458548961,1322,84.0,27.0,827.0673492827013
428300,333,44,156,1,2,174,0.8192824705092148,0.06968425090839837,1323,96.0,31.0,1291.9608534535428
428400,344,46,170,1,0,173,0.8394800222981885,0.06931188572183246,1323,67.0,28.0,666.1266460794251
428500,362,45,183,2,0,177,0.8303092167860332,0.0687951611002092,1324,80.0,30.0,922.2719144634949
428600,365,54,192,3,1,169,0.8303968840787204,0.06855466535314135,1324,68.0,23.0,726.0442863207094
428700,350,45,188,4,1,157,0.8264779696693162,0.06796267940133903,1324,96.0,35.0,908.1209544026907
428800,344,48,182,4,3,155,0.8248207431464136,0.06763492358952762,1325,111.0,37.0,1361.786614839479
428900,339,48,173,4,2,160,0.8336648175955191,0.06754694323753058,1326,79.0,28.0,791.9799490811051
429000,345,43,176,4,2,163,0.833213657938743,0.06800619353789075,1326,79.0,36.0,678.6783441926569
429100,364,41,182,3,2,177,0.8363172701375523,0.06778937908336617,1325,60.0,23.0,729.2505915676469
429200,351,48,184,6,0,161,0.8339550329501516,0.06766407730091213,1326,65.0,31.0,677.110695639211
429300,351,44,181,8,1,161,0.8341613751674143,0.06768138634203029,1326,88.0,30.0,1235.1752351620107
429400,351,50,199,7,0,145,0.8468174090257028,0.06792229482730253,1326,73.0,34.0,686.483819979576
429500,355,42,178,5,1,171,0.8524895820480463,0.06782638196034693,1327,90.0,44.0,926.2601174846418
429600,358,44,178,7,1,172,0.8579903428184525,0.06840332817830642,1327,100.0,36.0,1341.9467112679845
429700,366,39,172,6,1,187,0.8533262437020702,0.06873783763622847,1328,99.0,30.0,1344.0645238061186
429800,355,44,174,5,1,175,0.8401282308760089,0.06762360741773676,1329,71.0,28.0,746.8579619710041
429900,346,40,166,7,2,171,0.8424155541883496,0.0665680363631326,1329,100.0,37.0,1243.1891957770915
430000,335,45,165,6,1,163,0.8397979974557801,0.06635435655101016,1329,92.0,40.0,954.6850566022842
430100,358,42,171,6,0,181,0.8463598963471697,0.06625770688462294,1329,63.0,21.0,878.0198632630915
430200,343,45,172,8,0,163,0.860385413415022,0.06512600389865969,1323,74.0,34.0,863.3286346493078
430300,328,54,163,6,0,159,0.8623103292542255,0.06468097229818225,1323,119.0,51.0,1461.3340018953834
430400,318,56,170,6,0,142,0.8727989293207669,0.06422719858725702,1324,124.0,44.0,1766.349384274246
430500,323,60,152,4,1,166,0.8637115074175142,0.06521402030927181,1324,128.0,45.0,1748.2183297484432
430600,334,54,159,5,0,170,0.8605485311051941,0.0642274697493605,1324,86.0,34.0,1132.1731895144862
430700,325,54,155,6,1,163,0.8516371204758892,0.06383940693370543,1325,115.0,40.0,1597.187508223966
430800,322,50,156,5,3,158,0.8815745684337808,0.06341851024418821,1326,112.0,44.0,1430.480840990768
430900,308,57,149,3,1,155,0.8808382336818952,0.0631316796936658,1326,153.0,55.0,2002.635621638606
431000,317,53,144,5,3,165,0.8959375698229325,0.06317398847971492,1327,102.0,35.0,1384.1123876943093
431100,322,53,143,9,3,167,0.8760440503896192,0.062364582623508316,1327,105.0,46.0,1195.7259064226787
431200,327,50,144,10,1,172,0.8797778555286736,0.06180689880555135,1327,102.0,44.0,1149.4205036792655
431300,320,45,140,8,3,169,0.8986055153211332,0.06228857460580568,1327,118.0,55.0,1284.4480015549143
431400,304,57,131,10,3,160,0.9128178957089422,0.06280706736015741,1328,151.0,58.0,1921.7380800076148
431500,288,61,119,9,1,159,0.9097437730759168,0.06438526596273232,1328,139.0,60.0,1533.47114885858
431600,317,42,128,8,3,178,0.9007139542582185,0.06594877477017995,1329,113.0,44.0,1472.1294152215737
431700,336,54,125,7,3,201,0.8898660190328574,0.06624558592707011,1329,113.0,41.0,1476.6377768400032
431800,343,44,139,3,4,197,0.858874471648213,0.06752807955019431,1328,123.0,43.0,1687.4663008795083
431900,338,44,162,6,4,166,0.8642134559691408,0.06679696388708703,1329,113.0,35.0,1360.2363630227142
432000,335,49,162,2,1,170,0.8446822162646268,0.067151888289394,1330,123.0,42.0,1755.4472726548327
432100,335,50,163,3,1,168,0.8542631986914342,0.06754605137410209,1330,90.0,38.0,1073.2940614592333
432200,325,47,148,5,2,170,0.8429058384997464,0.06780264306508456,1331,91.0,40.0,985.2587995085212
432300,331,58,150,5,4,172,0.8379478417016909,0.06749330118856887,1331,76.0,25.0,956.5640127119407
432400,337,49,146,9,7,175,0.8384180800840781,0.06812298062748788,1330,79.0,33.0,909.1199031826555
432500,335,38,145,8,5,177,0.8480588003824814,0.06913902033010559,1330,76.0,35.0,786.6393502944608
432600,348,47,164,7,4,173,0.8375001494342474,0.06961490293772711,1331,83.0,32.0,1003.261823732775
432700,336,42,165,5,4,162,0.8260052167093358,0.06906649285650583,1332,114.0,41.0,1619.401843685612
432800,329,48,159,5,4,161,0.8405390868854014,0.06909942927129255,1332,94.0,44.0,1006.0939541621748
432900,328,52,164,7,4,153,0.8501724069873917,0.06888876867495092,1333,127.0,41.0,1845.9584481725624
433000,323,50,157,4,5,157,0.8439166136243645,0.06936458921746882,1333,90.0,35.0,1071.8120115023376
433100,337,44,153,3,6,175,0.8418519858346574,0.07110730956933692,1333,93.0,31.0,1256.1826913149832
433200,344,50,160,6,3,175,0.8402460683681092,0.07086724466992018,1334,103.0,41.0,1176.5416324102005
433300,345,44,160,7,5,173,0.8352141391909487,0.07093871549644805,1334,85.0,31.0,1001.5339598202349
433400,354,46,172,7,4,171,0.835181230681222,0.07110429892776032,1335,79.0,24.0,1137.119389597102
433500,359,43,186,8,2,163,0.8349799587625277,0.07093908705781485,1336,60.0,30.0,435.4349063781529
433600,357,48,180,5,3,169,0.8222091596548156,0.07009082588825649,1336,112.0,35.0,1599.7461312554394
433700,360,44,173,6,3,178,0.8206952340048307,0.0694021917576752,1336,53.0,28.0,359.5210715864371
433800,343,41,168,5,5,165,0.8219549567105656,0.06991203231864618,1336,67.0,29.0,596.7395101729716
433900,356,49,178,8,2,168,0.813917669406342,0.07012659111487893,1337,69.0,20.0,812.3150884198756
434000,349,39,171,6,0,172,0.8238519534971864,0.06910156961412153,1338,71.0,34.0,646.5906922015711
434100,351,52,172,3,0,176,0.8142405361205969,0.06907066187408104,1338,79.0,31.0,878.791866602433
434200,339,43,167,5,3,164,0.8297226927333052,0.06830327017810106,1338,62.0,30.0,508.76952079640034
434300,347,40,163,5,3,176,0.8281079313830864,0.06771661177718771,1338,69.0,24.0,802.3029264910546
434400,352,38,166,9,1,176,0.817896233079086,0.0679198702600516,1339,84.0,37.0,805.2626918499398
434500,342,46,158,10,2,172,0.8290383232035374,0.06723747240088354,1339,73.0,30.0,789.5288333541565
434600,323,47,151,6,5,161,0.8406390646580153,0.06646175303680638,1340,164.0,54.0,2098.541161828596
434700,325,50,166,4,3,152,0.8084378051275637,0.06721861474705469,1340,83.0,30.0,941.1626186926435
434800,332,55,166,3,3,160,0.8158735242494325,0.06702928790363698,1341,82.0,26.0,1044.1692134535556
434900,342,50,166,5,0,171,0.8107631330041947,0.06754572384010833,1341,74.0,26.0,865.7870688534533
435000,341,51,175,5,0,161,0.8244433675401646,0.06790392747821297,1342,63.0,30.0,590.6781251459358
435100,358,54,176,4,3,175,0.823402111444873,0.06809950598990146,1343,93.0,31.0,1141.9282391363097
435200,348,41,171,4,3,170,0.8031339016808557,0.06868573959063413,1341,97.0,31.0,1263.8916925622136
435300,352,45,170,4,3,175,0.8144896518933264,0.06827485255889751,1342,58.0,20.0,518.7158446076393
435400,334,51,174,4,1,155,0.8104046482103756,0.06767447937703477,1342,111.0,37.0,1163.880334346458
435500,350,42,178,3,2,167,0.8034761536383442,0.06788446537064352,1343,75.0,24.0,739.5360982053111
435600,343,41,175,3,3,162,0.8131714369838479,0.0677820861982307,1343,67.0,29.0,670.958125516287
435700,350,36,168,4,1,177,0.8133841759285506,0.066596294452171,1344,94.0,31.0,1091.5966045256484
435800,342,42,160,5,5,172,0.8107127983308711,0.06594909751082646,1343,102.0,27.0,1305.0201488148234
435900,332,46,162,5,1,164,0.8257345234478912,0.0649598729673661,1344,79.0,33.0,703.167459767999
436000,335,45,166,4,2,163,0.8105623939515699,0.06445685852133887,1335,97.0,31.0,1220.0052760897768
436100,350,36,177,6,1,166,0.8318711823824427,0.06320744498944125,1336,71.0,32.0,714.5949983825642
436200,325,48,160,6,1,158,0.8426197168891901,0.06249573203780139,1336,93.0,44.0,885.1150213783956
436300,315,47,153,4,0,158,0.8418055254436568,0.062391916719113934,1336,123.0,47.0,1390.8659456950259
436400,326,41,155,6,1,164,0.861276861312416,0.061557214424108324,1337,82.0,33.0,747.7143148723335
436500,316,46,141,4,3,168,0.8625044895491425,0.06162571790030043,1337,135.0,48.0,1582.4006860984543
436600,311,51,139,6,0,166,0.863672353194492,0.06239278958996838,1338,141.0,60.0,1393.4992481726335
436700,309,55,139,8,1,161,0.8995835548455321,0.061517285114167555,1338,113.0,48.0,1180.2932491996082
436800,300,57,124,9,2,165,0.9110674569223576,0.06150898044170661,1339,146.0,58.0,1646.3090162901358
436900,290,51,122,6,3,159,0.9098824757152384,0.06131178973128357,1339,160.0,58.0,2021.407218556376
437000,292,55,121,6,3,162,0.8875019585586988,0.06225891361458066,1340,189.0,57.0,2606.590248887141
437100,305,52,119,4,1,181,0.8937490814434794,0.06213793656647762,1340,153.0,60.0,1840.415238205999
437200,308,53,128,3,0,177,0.8819456003833979,0.062235780736239525,1341,139.0,45.0,1832.0984927090942
437300,311,56,129,3,2,177,0.8794862752538433,0.06172485657245473,1342,166.0,53.0,1969.668925040229
437400,310,54,129,7,2,172,0.899021926242223,0.06222948693017169,1342,164.0,53.0,2148.374728659463
437500,281,67,117,6,3,155,0.9245496088447261,0.06194328743449098,1342,150.0,68.0,1517.6010802123692
437600,293,55,124,6,2,161,0.9001881047921193,0.062323386072462295,1342,169.0,58.0,2495.4650591808586
437700,312,52,120,6,2,184,0.8836963326727622,0.06351729807243811,1342,99.0,45.0,942.0545347456946
437800,299,49,106,7,1,185,0.9186420432462594,0.06365321454920471,1343,127.0,57.0,1401.028292245675
437900,300,56,117,10,0,173,0.928475314164131,0.06388351993697425,1344,118.0,47.0,1453.01164811558
438000,291,51,127,7,0,157,0.9274365407094564,0.0652979675770581,1344,171.0,58.0,2421.5853116280646
438100,295,51,126,6,0,163,0.876502356274966,0.06462000239911826,1344,167.0,47.0,2591.311680492197
438200,305,48,129,4,0,172,0.8737132747035963,0.0631684511743313,1343,103.0,39.0,1273.953141002283
438300,305,60,124,5,0,176,0.8703006311338668,0.06416410905078221,1344,107.0,54.0,1120.9037553322883
438400,288,61,112,4,3,169,0.8984394596527862,0.06516737727006808,1344,171.0,59.0,2126.578998857498
438500,293,45,120,6,3,164,0.888343106339789,0.06491257109982287,1345,140.0,49.0,1684.558102076444
438600,301,52,130,6,3,162,0.8737418940439693,0.06442978171309847,1344,139.0,45.0,1896.6667483900274
438700,293,50,129,8,2,154,0.9056093575359214,0.06539464124260465,1345,101.0,52.0,928.8082321249605
438800,279,57,122,5,1,151,0.9116714002470994,0.06484340683135524,1346,151.0,56.0,1985.4361399434106
438900,300,42,127,4,2,167,0.9136411456266516,0.06468541015176435,1346,144.0,51.0,1875.8930134304107
439000,276,58,110,11,2,153,0.9482551630309437,0.06545622324327449,1346,158.0,59.0,1871.6802660505289
439100,281,47,109,11,2,159,0.9342424638170059,0.06603085152476804,1347,157.0,52.0,2069.8590303533238
439200,283,58,111,8,3,161,0.9259536655231538,0.06665716608920631,1348,106.0,45.0,1127.4147818578954
439300,281,57,115,8,4,154,0.9218768822172402,0.06627236540776109,1348,85.0,39.0,914.2083474144971
439400,300,49,119,8,4,169,0.8930769010578227,0.0667596406078134,1349,98.0,37.0,1188.6946524120044
439500,303,53,131,10,1,161,0.8783428910083945,0.06606952753673101,1349,144.0,43.0,1903.6314799292838
439600,292,54,125,10,1,156,0.8873700436060135,0.06596531782094546,1350,113.0,50.0,1124.6430958155106
439700,287,52,120,6,5,156,0.9321508557433448,0.06657224977647866,1350,159.0,54.0,2144.8957104325486
439800,281,58,116,4,7,154,0.9364577821794083,0.06623535689155982,1350,173.0,59.0,2303.136300519708
439900,266,61,113,7,4,142,0.9530105831317046,0.06628851827981495,1350,214.0,73.0,2847.7392554814824
440000,261,57,100,7,2,152,0.9441062409687535,0.06529952321734397,1351,164.0,43.0,2541.3279499101513
440100,281,63,100,8,2,171,0.9192532560419566,0.06392913383503945,1352,117.0,47.0,1410.8790513533472
440200,297,47,100,7,2,188,0.8950977821353945,0.06381743953064757,1352,148.0,37.0,1945.681103487312
440300,300,57,111,6,3,180,0.8808903644703637,0.06349865399868063,1352,124.0,48.0,1424.8752750254612
440400,312,44,135,5,4,168,0.8708384859483278,0.06279253037990909,1352,113.0,41.0,1359.058914559224
440500,326,59,137,4,4,181,0.8492244409847021,0.06284654617109166,1352,88.0,29.0,1097.8116485548655
440600,333,50,136,9,2,186,0.860254530817505,0.06280266790565454,1353,72.0,34.0,706.1869563566752
440700,314,59,134,10,3,167,0.8734508137563735,0.06284923751842615,1354,92.0,37.0,1098.4411898386188
440800,315,54,142,8,1,164,0.8628604618683191,0.06167906617210787,1354,106.0,38.0,1318.9950904548105
440900,321,52,147,9,1,164,0.8746895217623291,0.062174252409371376,1354,51.0,26.0,378.7013379441958
441000,337,41,139,8,2,188,0.8466936596446222,0.06159537172720486,1355,122.0,47.0,1483.4752245771444
441100,332,52,148,5,1,178,0.8462274930372,0.061206143837205934,1356,111.0,40.0,1402.2191544488162
441200,329,43,151,4,4,170,0.8378083408893047,0.05983948643990906,1356,113.0,39.0,1203.220245479033
441300,336,45,149,6,7,174,0.8708991746901809,0.059738238599885536,1357,114.0,36.0,1511.4761056426537
441400,320,48,151,5,3,161,0.8665657231362431,0.059394669210829684,1357,121.0,47.0,1347.7215252256553
441500,309,53,145,8,3,153,0.8759491751435224,0.059859799314847514,1357,111.0,45.0,1119.7428347280393
441600,320,47,150,8,3,159,0.8697004209081957,0.05964285128077286,1358,120.0,41.0,1354.8594014073085
441700,315,57,149,7,2,157,0.859268833477111,0.05751057951726791,1358,97.0,36.0,1117.0493101585153
441800,327,41,142,6,2,177,0.8757161062542111,0.05736257078673187,1359,132.0,43.0,1662.428791302225
441900,327,56,146,9,5,167,0.8461840516040748,0.055533392297302926,1359,78.0,26.0,789.5471619360366
442000,333,51,150,10,5,168,0.8431566582305762,0.055562884878905885,1359,54.0,21.0,516.5873629106221
442100,349,40,162,6,5,176,0.8449829284090629,0.055664217855620694,1360,58.0,24.0,544.7077255954061
442200,355,37,171,8,3,173,0.835524555207958,0.05445964549434101,1360,82.0,30.0,978.1120593871581
442300,338,45,154,8,3,173,0.8493603613071782,0.05480626346391231,1361,87.0,39.0,719.3272618847076
442400,346,40,165,7,1,173,0.8694742136886191,0.05489526946140565,1361,74.0,25.0,749.934693511366
442500,340,43,167,9,1,163,0.8719510883332288,0.05351077042411744,1362,72.0,29.0,736.392153442805
442600,328,56,151,10,3,164,0.8739730877959466,0.05357611618663013,1362,91.0,37.0,1019.1988615098081
442700,320,61,142,12,5,161,0.8780213150606538,0.053800557752358605,1362,107.0,42.0,1139.5839725385406
442800,322,47,145,11,5,161,0.8949242986323716,0.05281062556417294,1361,132.0,49.0,1567.3138906987563
442900,310,50,140,10,5,155,0.9034995029685577,0.053095735836850906,1361,103.0,41.0,1149.7870505278242
443000,311,52,126,9,4,172,0.9043909742076591,0.05294220990890297,1362,139.0,44.0,1728.994910679334
443100,301,53,125,11,1,164,0.8958384596789007,0.050952401335670375,1362,129.0,45.0,1519.4155995150095
443200,306,52,129,9,1,167,0.9234711924383416,0.0520878057276685,1363,104.0,45.0,1038.0857334360512
443300,301,59,130,9,3,159,0.9202298160033102,0.05139512949937144,1362,165.0,48.0,2209.146424564485
443400,290,50,123,7,1,159,0.926135288104048,0.05093362217096423,1363,123.0,58.0,1234.4102258704816
443500,317,54,131,9,2,175,0.9238048125953431,0.05077533349389565,1362,107.0,30.0,1513.4740056001178
443600,306,60,134,7,4,161,0.9089880929934341,0.051185949096573966,1362,146.0,49.0,1769.6402924877948
443700,312,52,135,4,2,171,0.8954180537397058,0.04973742738733385,1362,148.0,44.0,1962.4948803636519
443800,325,48,139,8,4,174,0.9044213620035998,0.04997192060718219,1363,144.0,48.0,1665.6982548567144
443900,314,46,126,11,5,172,0.9061361703283084,0.05137812697311999,1363,201.0,61.0,2561.147910930903
444000,309,47,134,13,5,157,0.9021929548954712,0.05177564517498686,1363,174.0,53.0,2154.435118496917
444100,304,52,128,10,7,159,0.8934754243598583,0.051663668516260496,1364,117.0,43.0,1351.23388187486
444200,315,50,122,8,4,181,0.8894653126409793,0.052131222737334754,1364,129.0,50.0,1281.8092219171535
444300,316,48,126,10,5,175,0.8821988584181947,0.05222641400992185,1364,97.0,42.0,930.3948489643441
444400,312,48,125,6,4,177,0.8864728480613473,0.05220104548159629,1364,121.0,51.0,1145.7822015862287
444500,298,68,126,8,4,160,0.9191634121600034,0.052390884101746464,1364,142.0,56.0,1459.0003844696869
444600,291,54,121,9,1,160,0.9093263225821424,0.052186836619093235,1365,156.0,60.0,1710.8391153036662
444700,289,48,115,11,1,162,0.9499700215752241,0.05295006528523677,1365,147.0,59.0,1574.7777493095439
444800,275,62,105,13,4,153,0.9998711869894656,0.053018086641476045,1364,180.0,68.0,2065.2904183696146
444900,258,64,99,9,3,147,0.9483536805026869,0.05264886084913897,1364,191.0,67.0,2394.610931528676
445000,266,67,104,9,2,151,0.9365958325276489,0.052382730474433536,1365,186.0,52.0,2449.1976265250632
445100,283,65,96,9,3,175,0.931743122401716,0.05238115304373502,1366,145.0,52.0,1658.0887972041587
445200,277,52,94,8,1,174,0.9216359328226381,0.052215512768288695,1366,172.0,58.0,2274.683172826364
445300,296,52,102,9,2,183,0.9352821664409123,0.051222011728198694,1367,166.0,51.0,2159.3944631996437
445400,278,60,104,8,2,164,0.923305243415654,0.050094785520477594,1365,176.0,64.0,2098.7197816266125
445500,290,63,114,8,4,164,0.9227521664426659,0.04999523235368495,1366,208.0,60.0,2906.78167371908
445600,291,65,113,7,2,169,0.920688073498861,0.04986181182365131,1366,163.0,55.0,2046.6341223072257
445700,289,63,110,6,2,171,0.9133965523033359,0.05081472884863996,1367,182.0,61.0,2116.1251579793548
445800,277,64,110,4,2,161,0.9188930136980095,0.05157319780627515,1367,206.0,65.0,2689.074141671724
445900,281,63,109,8,3,161,0.9356201361464405,0.0522628419841271,1368,188.0,57.0,2453.696408391843
446000,269,60,109,5,6,149,0.9339077756020204,0.05059847756668408,1368,151.0,56.0,1756.5257878450323
446100,275,60,95,7,3,170,0.9518763492117296,0.05110220079208425,1369,206.0,74.0,2488.5787362678116
446200,261,63,91,7,3,160,0.9899570167674805,0.051243864217957034,1370,178.0,69.0,1977.511555609793
446300,251,76,87,7,1,156,0.9804793674441322,0.05262620423892578,1370,225.0,69.0,2914.403312613433
446400,262,64,90,9,4,159,0.9419629982124893,0.05230589057531373,1371,192.0,49.0,2797.242982373397
446500,266,62,83,6,1,176,0.9233901055804917,0.05225479600868441,1371,194.0,63.0,2593.0399875055905
446600,272,64,88,7,4,173,0.9473457038487844,0.05225708657548933,1371,191.0,65.0,2207.399780663603
446700,270,61,96,9,4,161,0.9470102187092481,0.0517380038925088,1372,159.0,51.0,2030.6366486747788
446800,266,61,103,11,2,150,0.9325129489639492,0.050749502572372526,1372,248.0,62.0,3559.4339779482916
446900,269,60,97,11,4,157,0.9293067461993468,0.051474807091396374,1373,167.0,66.0,1725.7644068500576
447000,276,66,101,8,1,166,0.912932749932531,0.05097519625952383,1373,168.0,44.0,2160.945545814925
447100,276,53,97,6,1,172,0.9311274439103933,0.05112874222069599,1374,167.0,58.0,1927.0180546128584
447200,287,61,101,6,2,178,0.9226926197578509,0.05234130261678455,1375,242.0,66.0,3262.244224457204
447300,288,43,111,4,3,170,0.9097026959651922,0.05220890528629031,1375,121.0,37.0,1350.0452815330377
447400,275,64,104,6,6,159,0.9149381035786877,0.05245991146770097,1375,139.0,48.0,1482.3973313354093
447500,271,51,109,7,5,150,0.9143526719876234,0.051733183558079085,1375,170.0,54.0,2125.9321174846486
447600,291,54,122,8,4,157,0.8743659820767141,0.05105177390538703,1376,143.0,38.0,1866.390539756645
447700,307,44,126,3,2,176,0.8584422801779533,0.05077909224622001,1376,140.0,41.0,1682.8258782815624
447800,314,47,129,4,4,177,0.8710467613007485,0.05051758268664662,1376,94.0,30.0,1050.8883216878278
447900,322,49,135,5,7,175,0.8698240878578617,0.04974326147213311,1375,106.0,38.0,1189.878953799267
448000,315,48,138,11,4,162,0.8797985559765248,0.04988441554228538,1375,112.0,43.0,1176.4086546652595
448100,310,49,130,10,1,169,0.8640612693805095,0.050411709075366705,1375,84.0,31.0,967.4672406194697
448200,298,56,135,9,1,153,0.8765610151868474,0.05049850453126921,1375,103.0,39.0,1039.9013825413415
448300,297,51,134,7,5,151,0.8819248353745894,0.05164646603109908,1375,128.0,44.0,1548.169276801626
448400,299,50,137,6,5,151,0.876278632874829,0.05182789322571719,1375,125.0,41.0,1522.409436743838
448500,311,49,140,5,7,159,0.8820255931628941,0.052245815505274754,1376,109.0,32.0,1246.001192133212
448600,305,51,133,4,7,161,0.8669986809587784,0.05256174557368355,1377,131.0,38.0,1562.3693519054066
448700,304,58,122,9,6,167,0.9089734332451895,0.053293864203324,1377,127.0,50.0,1401.8437226405013
448800,280,63,125,9,4,142,0.9118236763731891,0.05457151054343215,1378,164.0,58.0,1998.170958006538
448900,271,66,110,9,4,148,0.9224867774036626,0.05583909258663633,1378,190.0,63.0,2299.398411696802
449000,269,56,103,8,3,155,0.9261807579180173,0.055545133999781594,1378,145.0,48.0,1839.2055610427776
449100,283,50,101,10,4,168,0.9291480575196203,0.05676086918198009,1379,142.0,37.0,2024.9763779253126
449200,274,52,105,10,5,154,0.9235406489651968,0.05688684281745028,1380,144.0,52.0,1609.5462575559175
449300,282,55,113,10,5,154,0.9226802210884563,0.059561207083048885,1380,133.0,49.0,1572.6823432771703
449400,284,58,117,7,4,156,0.9047794927785776,0.0585906853989846,1380,152.0,49.0,1929.4279876854198
449500,284,48,117,7,3,157,0.928074233984646,0.05783707034602592,1381,144.0,49.0,1685.6613409780557
449600,274,67,106,9,2,157,0.937693498574599,0.05846770466512286,1379,155.0,56.0,1611.320965985634
449700,264,67,98,8,4,154,0.9506593254801752,0.05919189529470812,1380,200.0,66.0,2365.8468486764996
449800,275,57,89,8,3,175,0.9283432723344782,0.05858570530458333,1381,131.0,43.0,1376.503070483076
449900,284,53,99,9,3,173,0.9314561857741882,0.05761592669645155,1381,135.0,53.0,1495.2062899627485
450000,292,52,100,8,7,177,0.9253356792364501,0.05723533493187178,1382,160.0,50.0,1960.7130573857662
450100,295,54,117,6,5,167,0.9055935058053279,0.056841901044702,1382,152.0,49.0,2020.9804707559472
450200,283,51,117,7,3,156,0.891938409482691,0.05800464811090255,1382,161.0,55.0,1780.2829625713955
450300,303,55,129,6,4,164,0.8778370266848022,0.057812963472043635,1382,122.0,38.0,1596.1200244308918
450400,304,46,127,8,0,169,0.8838665688709942,0.059032298518892724,1383,137.0,50.0,1440.7283527552888
450500,316,51,127,6,2,181,0.8811630637513861,0.05870567232310848,1383,139.0,42.0,1605.6638630013808
450600,305,55,125,10,3,167,0.8751514715359202,0.059501855763102324,1383,100.0,39.0,967.369673000518
450700,300,62,122,8,4,166,0.9033446352707851,0.05924788608393218,1381,124.0,58.0,1141.8088646753083
450800,290,65,115,13,4,158,0.9144511530364888,0.05799992523404528,1381,150.0,62.0,1627.5737812130074
450900,286,53,110,10,2,164,0.935942117437582,0.058178221422510105,1382,188.0,70.0,2165.536172385447
451000,269,57,112,12,0,145,0.9400464643229225,0.05852368716950356,1382,188.0,71.0,2138.9000337215225
451100,268,60,96,10,3,159,0.9558478053635708,0.05860640194566296,1383,193.0,62.0,2378.4779654500844
451200,257,56,91,9,2,155,0.9376732795598728,0.06075727956565283,1383,193.0,60.0,2283.316492206025
451300,261,65,86,8,5,162,0.9163278630993756,0.06163640765705254,1383,156.0,55.0,1796.0779075752482
451400,287,51,94,4,7,182,0.8808398779040965,0.061940085202131206,1384,159.0,47.0,2034.2974664295023
451500,294,52,102,8,3,181,0.8893573770222266,0.06311988538251018,1385,120.0,56.0,1113.1537426012342
451600,296,55,107,6,2,181,0.8846515257026647,0.06261677094867674,1385,169.0,64.0,1688.0058347017105
451700,307,52,122,6,3,176,0.8990571735823152,0.06348686457200212,1385,153.0,51.0,1765.5777434272575
451800,299,51,117,12,2,168,0.911986171752456,0.0634972982805142,1385,179.0,61.0,2025.9596822159456
451900,294,57,117,10,2,165,0.9174557474555913,0.06326756274635963,1384,185.0,60.0,2181.1045610652704
452000,285,60,116,7,2,160,0.9159535597734164,0.06356690032844703,1384,176.0,60.0,2147.468183165911
452100,277,65,115,5,3,154,0.9106499394085203,0.06338914314393601,1385,145.0,54.0,1592.6507181244342
452200,279,57,111,3,3,162,0.8773831767986869,0.06264197112097415,1386,121.0,46.0,1295.209873910138
452300,298,59,113,5,3,177,0.9028190096080903,0.06316508284928572,1386,129.0,47.0,1351.9413986303646
452400,299,56,112,6,3,178,0.8884941060418611,0.06287023146358485,1387,178.0,56.0,2210.454776879048
452500,297,62,110,4,5,178,0.8789579455712528,0.06440173416434998,1387,135.0,41.0,1607.464249628698
452600,293,60,117,4,6,166,0.870627269468225,0.06496609796952547,1388,175.0,51.0,2008.7669052317392
452700,310,50,129,3,4,174,0.8688844106391791,0.06428001694836381,1389,118.0,42.0,1302.5850030168183
452800,295,62,126,1,1,167,0.8568110116095856,0.06366142384551715,1389,117.0,45.0,1263.6754274717266
452900,298,57,130,4,1,163,0.8698169596971619,0.06174996815245924,1389,138.0,50.0,1558.588894267554
453000,303,47,130,4,4,165,0.8661762993864521,0.06087695151362722,1390,116.0,39.0,1376.7862033495815
453100,312,51,129,3,2,178,0.8766305034023321,0.061551227100425925,1390,107.0,41.0,1100.0527268072665
453200,323,50,147,6,1,169,0.8575304081155368,0.06029992405334861,1390,113.0,35.0,1341.1024458934844
453300,320,45,138,8,2,172,0.8543168136867599,0.05918611687090382,1391,106.0,36.0,1188.453557235457
453400,315,47,141,8,2,164,0.847019979400599,0.05762223566736993,1391,101.0,35.0,1204.404742724867
453500,321,52,150,7,1,163,0.8406881609358646,0.0568771827885786,1390,91.0,32.0,862.9919432089918
453600,327,48,150,5,2,170,0.8468795250182475,0.05603616035183886,1391,85.0,32.0,745.5982645197605
453700,324,57,158,9,1,156,0.85914804737401,0.0552175500802848,1392,97.0,36.0,1006.4871759534917
453800,309,56,147,10,3,149,0.8677938430721301,0.05347631798951632,1392,103.0,48.0,964.7925493627754
453900,318,54,143,8,5,162,0.8883025229744839,0.053709828210687385,1393,118.0,43.0,1204.0364177345618
454000,305,61,133,7,7,158,0.9074386544160831,0.054880110175955975,1394,158.0,65.0,1720.3269838725405
454100,305,54,132,9,2,162,0.8976357305546305,0.054831292097957736,1394,124.0,47.0,1311.7339331081587
454200,305,52,135,7,3,160,0.9079101271007924,0.05343755015761493,1395,167.0,60.0,2031.7672741227216
454300,287,61,120,6,2,159,0.9233996863679778,0.0527805944970693,1395,167.0,61.0,1924.3533675690808
454400,271,58,101,7,3,160,0.9179267258512516,0.052249995767287595,1395,203.0,65.0,2684.4974657230273
454500,265,59,94,12,1,158,0.9533473701236667,0.05292859531537261,1396,140.0,68.0,1283.9221527332334
454600,249,76,97,10,1,141,0.9577194181069737,0.0543921877701769,1396,167.0,64.0,1995.5717014339448
454700,272,68,95,8,1,168,0.943616964863981,0.05265752314491789,1397,153.0,41.0,2154.8221578659204
454800,273,67,92,14,0,167,0.9674737310250914,0.05310242819682727,1397,168.0,63.0,1965.7356986912778
454900,278,65,98,8,2,170,0.9383479205217516,0.051336788686882996,1397,149.0,43.0,2028.7186342786188
455000,276,66,99,5,5,167,0.9314532328632043,0.050249341679731295,1397,166.0,54.0,2197.392226225455
455100,269,69,96,7,6,160,0.9589147233142021,0.0524952963258178,1398,179.0,65.0,2246.588672379047
455200,264,63,95,5,2,162,0.9160402309308721,0.051492378994125024,1398,183.0,64.0,2452.5879224807295
455300,284,63,96,4,6,178,0.8946127723348245,0.0494310392420795,1399,124.0,37.0,1632.5637807264607
455400,305,57,104,10,4,187,0.8828992061732548,0.04817123144500022,1399,140.0,38.0,1775.286613427491
455500,299,52,119,8,3,169,0.8982483569528824,0.04868350085122124,1400,124.0,49.0,1193.3187932116787
455600,306,48,122,8,2,174,0.9071937069419689,0.0482300396532356,1401,148.0,53.0,1709.0629208767687
455700,287,54,117,10,2,158,0.9032170674641896,0.04761013191753589,1401,141.0,39.0,1816.686625723371
455800,281,64,110,12,2,157,0.9048854673021944,0.048595989737153955,1402,154.0,59.0,1833.6151185584565
455900,289,55,111,10,5,163,0.910937417243601,0.048010689210464814,1402,107.0,38.0,1266.2077356875643
456000,294,58,115,6,4,169,0.891114722098363,0.04797676163808936,1403,128.0,46.0,1562.8559034017705
456100,299,52,121,6,2,170,0.8930957561095079,0.04554269709102729,1403,147.0,40.0,2024.1623591650027
456200,300,43,132,6,2,160,0.8875858814650159,0.04556718551005334,1403,121.0,45.0,1322.0050030289287
456300,301,53,128,11,1,161,0.9117610639680793,0.04507639034288122,1403,147.0,48.0,1810.9636903954265
456400,288,63,129,7,3,149,0.8936116832189397,0.04338828644095515,1404,151.0,53.0,1894.6724067821106
456500,278,53,117,7,3,151,0.8914212818487309,0.04570680871501547,1404,118.0,39.0,1484.2813893674343
456600,291,52,125,6,2,158,0.9058973277761094,0.04622059341139793,1404,108.0,40.0,1218.125899813927
456700,272,58,114,9,1,148,0.9012611724999117,0.04974777216950755,1404,128.0,53.0,1297.2548928543304
456800,271,52,110,9,2,150,0.9096062044635012,0.05060522374486844,1405,121.0,38.0,1586.8734975726782
456900,283,56,108,9,5,161,0.930693025657547,0.05078197622335684,1404,119.0,46.0,1214.343722469837
457000,298,57,113,5,2,178,0.9052435504512242,0.05027907266146349,1404,129.0,45.0,1546.5376829631205
457100,272,63,109,7,4,152,0.9138031166496162,0.05094670902135692,1404,130.0,52.0,1427.83010147401
457200,276,61,104,11,3,158,0.9579086535440007,0.05005594734016005,1404,91.0,40.0,1045.7690845035675
457300,279,59,100,12,5,162,0.9514066378223518,0.05004024605660374,1403,122.0,49.0,1431.014522655261
457400,284,55,108,7,4,165,0.9309831144361256,0.051670830396800954,1404,170.0,53.0,2365.48933777069
457500,282,50,95,10,3,174,0.9405414895040982,0.05085779979115199,1402,153.0,55.0,1940.9528654373316
457600,265,63,92,8,3,162,0.9709960931773405,0.053699913368403115,1403,163.0,60.0,2171.750253372731
457700,270,63,91,10,3,166,0.9551525880009645,0.052642077436261196,1403,184.0,62.0,2554.7882457166925
457800,259,62,95,7,2,155,0.9563496939187828,0.05141969171646386,1404,154.0,65.0,1896.7067504287152
457900,279,58,98,4,4,173,0.9515805310630023,0.051961963357192616,1404,166.0,50.0,2422.052395247542
458000,275,57,94,6,2,173,0.9322832997703587,0.0510408236989352,1404,141.0,62.0,1534.5752128783668
458100,270,57,95,5,3,167,0.9472208622645506,0.05297976859417978,1405,173.0,62.0,2333.4901169896875
458200,281,53,92,8,4,177,0.9454353685217706,0.04929103156523728,1406,158.0,58.0,1907.7635116966671
458300,261,59,84,5,3,169,0.9260433734986856,0.0511434472186245,1406,205.0,69.0,2757.2188529075775
458400,263,58,89,6,5,163,0.951527769358123,0.052247274177758055,1407,210.0,79.0,2797.840540993398
458500,263,68,92,4,6,161,0.9203949426939927,0.05116275147107143,1408,154.0,51.0,2001.567096855252
458600,275,58,98,6,4,167,0.9188620837164304,0.05313368609463708,1408,153.0,50.0,1963.8181361199627
458700,283,50,105,5,6,167,0.9107600292154076,0.05396417443227567,1409,157.0,50.0,1929.8450287778994
458800,291,70,102,8,3,178,0.9168202292692043,0.05423339610194373,1409,172.0,52.0,2104.2405010946263
458900,284,60,103,8,2,171,0.9274601426533405,0.05481755302414673,1410,136.0,64.0,1422.6247252004528
459000,268,67,99,8,2,159,0.9280419259145725,0.05448081291877493,1410,215.0,65.0,3018.2561351574286
459100,272,66,103,6,4,159,0.9481682710601279,0.055966533621240995,1409,128.0,51.0,1617.35844748329
459200,271,70,96,5,3,167,0.9269314614384232,0.05524846199995323,1410,173.0,57.0,2217.0684771738197
459300,279,58,98,5,4,172,0.9140513887751236,0.0547635732133091,1411,132.0,44.0,1658.2044849964984
459400,268,60,99,6,3,160,0.8995529812924733,0.05513898694120567,1411,172.0,56.0,2264.4243711923164
459500,274,58,105,5,3,161,0.8760580466755102,0.056740046664779144,1412,146.0,49.0,1954.9512291853214
459600,299,48,123,7,1,168,0.8710140042581304,0.05683927527306609,1413,101.0,37.0,1123.2547416162806
459700,303,47,119,9,1,174,0.8732762817583192,0.056978326350667075,1413,99.0,45.0,957.1301607452467
459800,304,55,114,9,2,179,0.8793516963618278,0.05759821442965816,1414,129.0,53.0,1387.3369489683794
459900,294,52,112,9,4,169,0.9090317032498559,0.058263361165023606,1415,176.0,66.0,1942.9612675040637
460000,277,57,105,10,1,161,0.9240446688191752,0.058729715231995605,1415,195.0,73.0,2355.259798501633
460100,273,63,106,10,1,156,0.9339312443729493,0.05873725922311302,1416,179.0,55.0,2453.389413195678
460200,268,64,96,6,2,164,0.9240354414276167,0.05987421347701746,1416,157.0,54.0,1963.385186658698
460300,280,51,110,5,2,163,0.8988836614873642,0.05830175014979847,1416,172.0,55.0,2056.8104110082927
460400,293,61,116,4,4,169,0.890143694640249,0.05684861680335414,1416,144.0,55.0,1695.7480467751834
460500,288,51,112,5,6,165,0.9074309571349983,0.05677581229356226,1416,183.0,57.0,2162.809057792659
460600,282,51,96,7,6,173,0.9101634414252685,0.05574420369431252,1416,176.0,62.0,2100.98220513252
460700,280,62,102,7,4,167,0.9047432827666114,0.056137201482725385,1417,177.0,54.0,2363.877689053672
460800,279,60,105,6,3,165,0.8748392245935771,0.056193202351655945,1417,175.0,53.0,2341.2578392632845
460900,275,60,109,7,4,155,0.8891205319087592,0.05655769136032527,1414,155.0,61.0,1665.1382647461767
461000,297,54,110,8,5,174,0.8935286173777918,0.055605164866901986,1414,175.0,47.0,2437.983594065933
461100,289,58,124,7,2,156,0.8666908525965339,0.057563575164405356,1415,112.0,39.0,1217.853393152582
461200,292,54,126,5,4,157,0.8349212884105681,0.05840738179800812,1415,143.0,44.0,1859.3841822987617
461300,300,53,133,5,5,157,0.8575239815573582,0.056964522694073004,1416,113.0,35.0,1281.6835577691331
461400,311,57,121,6,4,180,0.8624164218133462,0.05718538455522069,1416,138.0,51.0,1608.154699254854
461500,309,48,121,7,3,178,0.8425881327702787,0.05881097688288373,1416,128.0,48.0,1358.3478785113573
461600,301,58,114,5,1,181,0.8604523185367601,0.057476342535357536,1417,107.0,51.0,977.6801496309791
461700,310,58,117,6,3,184,0.8573679554064766,0.05761839534919383,1417,136.0,40.0,1797.304759880853
461800,289,59,116,4,2,167,0.8465145083049196,0.06011319752154654,1417,107.0,46.0,1141.7406974729101
461900,292,52,119,4,2,167,0.8545419739618206,0.06139644670846335,1417,107.0,32.0,1505.1304338416592
462000,331,35,135,9,2,185,0.8534180978078576,0.061066716100618444,1417,100.0,30.0,1214.0493184595584
462100,329,50,126,9,3,191,0.8421551414877038,0.062238704084245144,1417,100.0,36.0,1045.4772190939327
462200,332,49,139,8,4,181,0.8374698273127702,0.06223536213315736,1417,125.0,38.0,1338.720089123675
462300,316,50,148,6,6,156,0.841207818215815,0.06317114368899775,1416,146.0,52.0,1698.4003767473653
462400,305,53,135,7,5,158,0.855453588199402,0.06184523684852569,1416,118.0,45.0,1292.3776528328067
462500,314,55,146,6,5,157,0.8641837527854691,0.06215931386786031,1416,128.0,45.0,1551.6615750166743
462600,309,45,138,6,3,162,0.8375486210591572,0.06390570251837159,1415,82.0,33.0,715.7159295735033
462700,319,50,131,6,3,179,0.8592294611838068,0.06389172072230999,1416,129.0,47.0,1309.54510248314
462800,314,49,123,10,3,178,0.8747165331504271,0.06523812973009448,1415,115.0,50.0,1063.4965029809011
462900,306,51,123,6,2,175,0.8754782131631927,0.06601118224493908,1416,133.0,56.0,1477.725259157676
463000,309,44,132,5,1,171,0.8838550832787091,0.06650986285403032,1416,109.0,43.0,1349.3557873571508
463100,309,53,133,8,1,167,0.8747294656068317,0.06654772371652512,1416,151.0,45.0,2219.7688800356864
463200,313,55,144,6,4,159,0.8769057636442454,0.067109667671955,1417,127.0,49.0,1534.9988689243582
463300,307,52,136,9,2,160,0.8840785093644221,0.06934356273551177,1418,126.0,45.0,1616.9862360494292
463400,312,67,138,5,2,167,0.8827264134679401,0.07017710090355223,1418,138.0,40.0,1901.6255522349181
463500,320,46,138,6,4,172,0.8679936268468641,0.07102124184754773,1419,128.0,45.0,1528.2868237991422
463600,309,51,144,5,3,157,0.8623059525954389,0.07141594947304834,1419,167.0,53.0,2189.40645125608
463700,300,44,125,8,4,163,0.8887104497644517,0.07292475028694101,1420,168.0,51.0,2382.5247950931566
463800,296,55,125,3,4,164,0.8811465587238541,0.07254873463496309,1420,151.0,51.0,1957.6338725272947
463900,304,63,125,5,2,172,0.8716333462162676,0.07241833749395048,1421,106.0,43.0,1175.4249457833964
464000,307,53,126,6,1,174,0.8612343675158222,0.07368607740187812,1421,118.0,44.0,1428.6012176336376
464100,314,41,126,4,2,182,0.8461877100827614,0.07420689049531008,1421,145.0,39.0,2163.0024560268034
464200,305,55,137,2,3,163,0.8703631008055284,0.07527699666980957,1421,94.0,34.0,1051.6629689946956
464300,309,51,140,5,3,161,0.8637994753977432,0.07615006018466043,1421,83.0,34.0,843.3163191507866
464400,310,53,146,5,4,155,0.8850623297709427,0.07551469144335367,1421,100.0,38.0,1209.8847324682754
464500,313,52,127,10,3,173,0.8875923614699537,0.07512538179974491,1421,100.0,48.0,943.926336350152
464600,307,61,128,11,5,163,0.8811689573794299,0.07624062700197602,1421,74.0,31.0,753.2895263432824
464700,315,44,134,7,2,172,0.8714150411283137,0.07730544840626573,1421,90.0,34.0,1045.176982631643
464800,319,54,148,9,0,162,0.8690848187871836,0.07675777494853761,1421,109.0,42.0,1294.4905958171998
464900,317,46,142,7,0,168,0.8922464314569848,0.0778104210009136,1422,99.0,50.0,980.7116506341642
465000,305,57,132,5,0,168,0.9125076101861269,0.0782217909725895,1422,172.0,62.0,2349.6936621103937
465100,288,57,121,7,1,159,0.9262805943880521,0.07730208115483625,1422,152.0,59.0,1815.1978818256086
465200,301,51,131,5,2,163,0.9313784691375434,0.07690773138442286,1422,154.0,51.0,2181.2095598289725
465300,297,56,125,5,3,164,0.9188753683045542,0.07720549396770243,1422,137.0,51.0,1876.48835084823
465400,299,58,129,4,3,163,0.9285646816844884,0.07803348611276954,1422,151.0,57.0,1993.4939804481273
465500,294,57,116,8,3,167,0.9220166349122955,0.07827245750069389,1423,165.0,57.0,2269.0973666230193
465600,304,54,122,8,2,172,0.8938592996137054,0.07850918316632594,1423,99.0,30.0,1386.5006360737734
465700,299,53,128,7,3,161,0.8951253406439988,0.07855238792979057,1423,100.0,45.0,1163.616291850488
465800,298,62,137,7,3,151,0.8882138046945804,0.08004742297466477,1424,126.0,51.0,1544.314078641419
465900,295,55,125,9,3,158,0.9044229654196145,0.07988787909961147,1425,126.0,60.0,1316.9596807669582
466000,274,57,116,8,2,148,0.9471741507367863,0.07967069995135477,1425,140.0,60.0,1630.9683038176288
466100,301,69,123,8,2,168,0.9289768953590596,0.07992760621448418,1425,139.0,49.0,1864.8724560996784
466200,314,50,131,7,0,176,0.900172436389733,0.08068761140098758,1425,126.0,42.0,1614.8480039720448
466300,308,44,116,8,2,182,0.8880306056905467,0.08080345399615532,1425,159.0,54.0,2092.985472226475
466400,303,53,129,6,4,164,0.9061425131483214,0.08011113654727928,1425,129.0,43.0,1717.4810640260173
466500,299,51,134,7,0,158,0.8973231232825247,0.08023893777760388,1426,163.0,50.0,2243.0836063617053
466600,309,54,132,7,4,166,0.8928188854961848,0.07976816059935726,1427,106.0,31.0,1375.4921986875563
466700,316,59,133,9,4,170,0.8630126469885424,0.08017747386640924,1427,118.0,38.0,1396.4665086108605
466800,308,52,126,10,3,169,0.8931683930279887,0.08070669545437384,1428,100.0,46.0,864.6594845198213
466900,304,58,124,12,4,164,0.8845526440158106,0.08170636658348468,1429,121.0,36.0,1523.9022880757311
467000,302,46,131,11,2,158,0.8548191998202423,0.08286654229059984,1429,122.0,42.0,1483.698604143597
467100,300,49,117,9,5,169,0.8887019857423563,0.08302229177568807,1430,137.0,53.0,1552.6368355953975
467200,300,54,124,5,5,166,0.8691957240099911,0.08361630420131291,1430,108.0,43.0,1173.896553361362
467300,303,57,123,6,0,174,0.8644439751571155,0.08246203479546992,1430,99.0,41.0,1031.2339157536935
467400,315,44,132,8,0,175,0.8538838202520256,0.08167338213782008,1431,102.0,36.0,1107.3832450830791
467500,298,56,119,9,1,169,0.8517736686358597,0.08163813562927527,1431,118.0,47.0,1304.2343031543899
467600,298,48,133,8,0,157,0.8676125326757836,0.08018168292850052,1432,102.0,38.0,1145.7899440224858
467700,313,58,136,8,0,169,0.8646304041696401,0.08070499930997409,1433,88.0,35.0,1106.772247767174
467800,308,50,131,9,1,167,0.8973124365992097,0.08046109113680136,1433,114.0,46.0,1250.0180940640907
467900,299,53,123,8,3,165,0.8962817725530129,0.08086647167934075,1434,129.0,50.0,1594.3780427916804
468000,304,52,136,9,0,159,0.8900045862271845,0.08182996396510148,1435,98.0,38.0,1137.3207793223582
468100,302,55,136,8,0,158,0.8715471371321112,0.08174169735887431,1435,108.0,36.0,1451.485561908489
468200,304,46,136,9,0,159,0.889913928670875,0.08126106172562932,1436,88.0,30.0,1073.0389587553384
468300,293,46,123,9,2,159,0.9081197112392522,0.08010245886909506,1437,141.0,55.0,1783.902884686088
468400,276,65,118,7,4,147,0.9285934766758377,0.0807276019961461,1437,130.0,48.0,1652.1694473910302
468500,283,57,116,8,6,153,0.8994484599143807,0.08070986684616517,1438,130.0,45.0,1528.3975003530318
468600,287,58,116,6,5,160,0.9278989646667422,0.07978540526274637,1439,94.0,42.0,1036.1428957162163
468700,304,57,120,7,6,171,0.9029519323052931,0.08134801441366035,1439,100.0,36.0,1260.3691990917025
468800,304,48,123,7,3,171,0.9009203456631456,0.08206227070989627,1440,164.0,51.0,2310.923167796053
468900,287,59,121,9,5,152,0.8938501341169901,0.0822019513146892,1440,126.0,49.0,1374.9386465202074
469000,281,50,114,8,4,155,0.9080776561328634,0.08290469819656739,1441,121.0,49.0,1362.5127550075606
469100,279,51,119,5,2,153,0.9223878422026051,0.0823214430831438,1441,133.0,49.0,1507.4331161053153
469200,274,66,123,7,1,143,0.9275977469710497,0.08184262357921346,1442,112.0,48.0,1233.1588745838048
469300,287,57,119,8,1,159,0.947379582805262,0.08121948058223478,1442,104.0,43.0,1117.050424209381
469400,281,59,111,10,1,159,0.9302503442006004,0.08056921525558981,1442,150.0,52.0,2049.972048412864
469500,278,55,103,4,3,168,0.9412687177922479,0.08031927404618477,1441,178.0,56.0,2189.4106355820036
469600,288,55,107,2,5,174,0.9149918939543529,0.08046974809776458,1441,132.0,43.0,1797.358654065092
469700,295,52,108,4,3,180,0.9457189400251443,0.07958354845588078,1441,135.0,45.0,1581.6746293247343
469800,285,56,103,7,5,170,0.9320307007525309,0.07804930448430483,1441,131.0,45.0,1641.8045537688636
469900,278,57,109,6,3,160,0.934401753751405,0.0781833614180469,1441,165.0,53.0,2211.3562860535744
470000,271,55,99,9,4,159,0.9694866556814853,0.07746635131624316,1442,164.0,68.0,1908.700344065518
470100,271,52,101,6,4,160,0.993831652213532,0.0781508017132407,1442,182.0,65.0,2366.995909718416
470200,268,66,96,9,1,162,1.0203723714805732,0.0784728895253375,1442,150.0,54.0,1870.701456188121
470300,270,59,97,13,2,158,0.9737407379396839,0.0782348420461834,1441,263.0,69.0,3891.1633014654935
470400,273,59,104,9,4,156,0.9665843947942101,0.0789442344623182,1442,144.0,54.0,1637.7192361033904
470500,265,76,97,8,1,159,0.9623168649303854,0.07856727807709357,1442,153.0,45.0,1916.4175420164506
470600,278,58,109,8,3,158,0.9444800391002103,0.07822702082251738,1443,190.0,56.0,2674.1899094165847
470700,278,56,108,9,4,157,0.9182037644268213,0.07743152090007137,1443,186.0,53.0,2524.7146292863545
470800,278,58,109,8,2,159,0.9249023145235125,0.07747878343159904,1443,162.0,51.0,2000.0184057126387
470900,289,53,109,8,1,171,0.9339723381639634,0.07703230361345852,1444,168.0,53.0,2151.651680991522
471000,285,60,108,7,2,168,0.9352974003945819,0.0766012963182145,1444,187.0,58.0,2123.4250623308226
471100,272,65,99,7,1,165,0.9449229844649032,0.07594915202154631,1445,177.0,61.0,2160.5314227599115
471200,277,65,106,6,3,162,0.9506772108144628,0.07606285474739846,1445,126.0,40.0,1569.8496492795105
471300,283,59,98,5,5,175,0.9327828365174883,0.07599560718999948,1445,211.0,54.0,3080.776624319495
471400,282,48,102,7,4,169,0.9361324560102295,0.0751485978243538,1446,150.0,55.0,1809.5497968197055
471500,298,53,114,1,2,181,0.8912029613806687,0.0751207068216354,1447,127.0,35.0,1777.909870539348
471600,305,55,118,4,5,178,0.9179457074484787,0.07551660175345296,1447,129.0,41.0,1576.1741579890736
471700,305,54,123,7,7,168,0.8994166854676641,0.0754384674478449,1447,132.0,41.0,1795.676947863091
471800,288,53,120,6,7,155,0.896288702651487,0.07611884382546705,1448,163.0,50.0,2106.0285305685843
471900,296,53,119,6,6,165,0.8888804453112308,0.07619211790359776,1448,131.0,35.0,1759.9324563786172
472000,292,57,119,5,6,162,0.8767460871013263,0.07637790727658667,1448,132.0,42.0,1669.5463217231877
472100,291,54,121,6,3,161,0.8720136799313811,0.07782635116746797,1449,145.0,44.0,1848.582782538593
472200,287,52,119,3,4,161,0.8520997267317415,0.07751476435711563,1449,121.0,30.0,1673.3376294223883
472300,292,57,119,4,5,164,0.8451692164810652,0.07840073652208678,1450,105.0,29.0,1182.8856349411017
472400,311,47,125,4,7,175,0.8374449232437873,0.0789748275583273,1450,99.0,30.0,1019.5289708467387
472500,316,51,137,4,5,170,0.8317467460855548,0.07821853342405208,1450,86.0,26.0,892.5212682488932
472600,323,51,137,6,6,174,0.8348025269616519,0.07865759491198261,1451,107.0,31.0,1114.1555583241457
472700,312,49,138,9,7,158,0.8536970984085175,0.07798277721145065,1452,91.0,39.0,801.39159709277
472800,311,56,135,8,5,163,0.8628974546235668,0.0772591352928518,1452,119.0,35.0,1365.415832051405
472900,323,47,148,9,6,160,0.8542714734863194,0.07624348710738756,1453,87.0,21.0,1019.395812187732
473000,302,41,140,11,1,150,0.8412529687742004,0.07572574455543053,1452,98.0,29.0,1229.2766671288973
473100,304,56,138,10,1,155,0.8728573517433863,0.07579447363021108,1452,66.0,29.0,607.8136967396096
473200,301,52,139,7,3,152,0.8734373714296962,0.07422699332933169,1453,96.0,39.0,1056.8949709914857
473300,306,46,135,7,5,159,0.8822483175869597,0.07504741913238562,1453,104.0,37.0,1170.7230244587527
473400,302,49,135,5,5,157,0.8592926613697276,0.07554682864554352,1454,145.0,42.0,1816.9253584148557
473500,296,55,127,5,5,159,0.8692653146049555,0.07497813662832459,1455,113.0,36.0,1227.4275514581673
473600,307,51,116,7,3,181,0.8765997270210569,0.07477562563092234,1455,131.0,39.0,1549.6601019520458
473700,301,55,128,5,4,164,0.8821970554992208,0.07483797513333479,1456,110.0,35.0,1240.333881570177
473800,315,51,130,5,3,177,0.8560058303279061,0.07536302716356441,1456,91.0,30.0,1036.5194353083048
473900,320,47,136,12,6,166,0.8492113045865107,0.07518671863172384,1456,97.0,35.0,1095.3015837505807
474000,321,50,132,12,7,170,0.8493164884548301,0.07524336918336492,1456,99.0,37.0,1013.1880959390328
474100,317,54,130,12,2,173,0.8719156510384839,0.07574449623625358,1457,91.0,42.0,757.1085698035608
474200,303,55,131,10,3,159,0.8763822887278363,0.07570779848799171,1457,119.0,39.0,1303.8293057475862
474300,299,56,120,6,0,173,0.8618235444441814,0.07625299341026086,1458,145.0,47.0,1650.8995518201673
474400,309,48,126,5,4,174,0.8608439821638162,0.07679940240981391,1458,101.0,35.0,1139.7396054564626
474500,291,53,119,2,4,166,0.8563229354998342,0.07633420713808714,1459,106.0,33.0,1308.6533936802666
474600,318,47,132,4,2,180,0.8428936520712221,0.07612193902026158,1457,111.0,35.0,1390.4404990384905
474700,305,54,137,5,5,158,0.8828478571180983,0.07511685676169078,1453,106.0,41.0,1087.9196042221383
474800,300,54,125,6,4,165,0.9108175073525189,0.07507298145017506,1454,110.0,46.0,1202.7987073526092
474900,288,56,125,8,3,152,0.9216130608454051,0.07520540618609345,1455,164.0,60.0,1812.348873735132
475000,296,56,118,9,2,167,0.9143550213081977,0.07492407326961784,1455,164.0,53.0,2138.842003446364
475100,300,48,113,10,3,174,0.9317702761251384,0.07562748914295839,1456,152.0,49.0,2017.3074345175264
475200,299,47,113,7,3,176,0.9085884795596972,0.07564622711549704,1456,152.0,57.0,1728.308494690026
475300,310,49,124,8,6,172,0.9115576040545798,0.07555754575949547,1456,97.0,32.0,1095.9280710455282
475400,310,63,131,11,3,165,0.9033495398913635,0.07613511846798621,1455,140.0,49.0,1753.6651811391127
475500,303,51,136,8,5,154,0.9061561983067393,0.07522537260304736,1456,143.0,52.0,1814.5727672327268
475600,320,47,132,6,2,180,0.8926432231543002,0.07529375407682556,1456,118.0,43.0,1364.3358273018375
475700,308,41,125,10,1,172,0.8711809476480532,0.0761456801557792,1457,153.0,52.0,1845.220280750038
475800,306,53,124,10,1,171,0.8895347846875113,0.07571715228353103,1458,108.0,31.0,1462.0559156913407
475900,311,52,131,10,2,168,0.892453848902181,0.07661239451464515,1458,87.0,40.0,851.1918756690366
476000,326,56,132,10,1,183,0.8723754743306161,0.07700255942157708,1459,81.0,30.0,948.7702177606349
476100,326,54,130,10,5,181,0.884921299928301,0.07717407974947725,1459,93.0,37.0,1008.0109231083728
476200,308,52,134,10,5,159,0.8764277733227616,0.07770645041430238,1459,84.0,37.0,899.7641476040491
476300,313,53,142,9,3,159,0.8604123300798494,0.07815927860439886,1459,84.0,33.0,1027.1536990170143
476400,315,48,146,11,3,155,0.8617475164603366,0.07677686489756314,1459,54.0,26.0,426.6125917223664
476500,309,59,141,12,1,155,0.8905941653528083,0.07739388644203861,1459,93.0,43.0,957.3770025200192
476600,312,60,142,14,2,154,0.9130724568673816,0.0769234761846356,1459,91.0,40.0,975.0286199410202
476700,317,55,135,10,0,172,0.8905801284349746,0.07640070304389075,1459,150.0,52.0,2002.7905629943787
476800,318,50,136,10,0,172,0.879318082290165,0.07600797206545114,1459,114.0,39.0,1314.7705146267754
476900,315,54,134,7,4,170,0.8864810666746518,0.07600077423736512,1460,109.0,38.0,1373.7704216488069
477000,296,46,120,11,3,162,0.9315206471843043,0.07621867524935855,1460,100.0,48.0,837.5274302460534
477100,283,65,99,14,3,167,0.97082045476131,0.07618522618940751,1460,152.0,55.0,1780.9828759619365
477200,273,63,98,8,1,166,0.9531076649194562,0.07556734950915338,1460,203.0,75.0,2470.5154986804023
477300,274,68,95,9,4,166,1.0023346793800456,0.07585838414314462,1461,154.0,50.0,1985.8815722457189
477400,283,68,91,13,2,177,0.9974422831857581,0.07639601366894833,1461,197.0,53.0,2904.613104095932
477500,278,52,98,7,2,171,0.9601854256981174,0.07625306093197481,1461,133.0,54.0,1629.2920977301824
477600,283,52,90,8,4,181,0.9583234887580685,0.07606272944359263,1462,165.0,55.0,2276.4083441919747
477700,295,52,95,8,7,185,0.9517366213796726,0.07692231717747881,1462,108.0,45.0,1154.725129881935
477800,285,57,109,8,2,166,0.9423804333756802,0.07716454199092619,1462,193.0,61.0,2492.876436959193
477900,293,56,109,8,3,173,0.9290967549933862,0.07718103536702665,1463,176.0,51.0,2264.4235823347194
478000,310,46,131,4,2,173,0.8955851664406784,0.07710114508217891,1463,124.0,37.0,1675.0695321990124
478100,298,65,131,5,4,158,0.8925513555983946,0.07724445390958878,1464,144.0,49.0,1817.378102761574
478200,307,59,124,11,4,168,0.9042088820956756,0.07642276361764153,1465,157.0,52.0,1845.9456077001844
478300,318,48,132,10,2,174,0.8967598407124966,0.07610854178392223,1465,112.0,38.0,1320.351509537322
478400,297,51,116,8,2,171,0.8938688593257617,0.07637149209436904,1466,155.0,56.0,1631.0494701851596
478500,303,55,108,9,3,183,0.9267400990852429,0.07614815989669745,1466,132.0,61.0,1234.7356456995303
478600,293,63,115,11,5,162,0.9440847194170501,0.07679524853410309,1466,137.0,50.0,1535.1377638781219
478700,279,71,103,8,7,161,0.9482954598652124,0.07683386251601594,1465,187.0,63.0,2370.1094865035416
478800,280,60,101,6,3,170,0.9606849719425226,0.07643024792551684,1465,131.0,53.0,1312.5946424194476
478900,295,53,104,7,4,180,0.9295458303244906,0.07618970078403052,1466,163.0,50.0,2008.7264398525058
479000,291,49,107,5,5,174,0.8768754217596897,0.07615443100901673,1466,194.0,59.0,2318.5837617014395
479100,305,46,116,5,3,181,0.8911513222309033,0.07594457978591376,1467,94.0,34.0,1069.1026322660782
479200,296,47,118,5,2,171,0.9049866907112603,0.07667321497549133,1467,146.0,47.0,1852.7805464737723
479300,290,59,115,5,1,169,0.8982743549540007,0.07647779793231108,1467,188.0,68.0,2232.9381289484854
479400,279,61,111,6,2,160,0.9252759578918943,0.07602769305471405,1467,125.0,49.0,1490.5751288005015
479500,294,54,112,5,4,173,0.9045954747096485,0.07543936795206257,1467,195.0,52.0,2676.733398987925
479600,281,54,115,5,3,158,0.8791666478123944,0.0759357872430928,1467,168.0,53.0,2300.8213991228845
479700,280,55,109,6,1,164,0.8748539843750769,0.07490455978462814,1468,130.0,51.0,1478.0792162205908
479800,299,54,113,8,3,175,0.8966776631534453,0.07459561849169788,1469,115.0,41.0,1364.0557121946547
479900,300,59,120,7,1,172,0.8663298970422456,0.07539523122505704,1469,109.0,35.0,1463.3585900326173
480000,302,53,134,7,2,159,0.8600141140749555,0.07504617119697618,1469,109.0,37.0,1510.2956588372667
480100,317,46,141,7,3,166,0.8357539167514156,0.07531834973988603,1470,125.0,37.0,1571.1986346763176
480200,315,56,131,7,3,174,0.8286043624726424,0.07495870476585216,1470,86.0,29.0,1060.2618344615637
480300,319,49,136,7,4,172,0.8297922694228494,0.07491727580533282,1469,109.0,29.0,1542.309145814947
480400,316,43,149,6,4,157,0.8300154701208411,0.07494363587483589,1470,90.0,32.0,863.6100438964229
480500,308,46,141,5,4,158,0.8246919254655833,0.07408120368368398,1471,121.0,43.0,1406.5625855411533
480600,309,48,140,5,4,160,0.8485794223161051,0.07421695510958967,1471,72.0,31.0,649.780723590307
480700,320,53,145,7,5,163,0.8733569771292213,0.07434505416713026,1471,103.0,43.0,1046.2244916146888
480800,309,44,144,7,4,154,0.8633256803934963,0.07349505476156341,1472,135.0,46.0,1700.0047571905275
480900,316,48,137,5,1,173,0.8681400358296552,0.07409039199567102,1472,104.0,36.0,1303.7062350294968
481000,309,47,133,3,3,170,0.8437811358323234,0.07349386278387152,1473,146.0,51.0,1869.0027052099272
481100,320,46,133,4,5,178,0.8397901801628895,0.0718420934427372,1473,115.0,35.0,1457.250989141821
481200,314,55,134,5,9,166,0.8258367886815624,0.07092783407628966,1473,136.0,34.0,1982.8731165973038
481300,313,46,131,7,4,171,0.8299543185338765,0.07069171059806127,1473,72.0,25.0,688.2737341023987
481400,332,49,149,6,6,171,0.8285089251982773,0.07094794080917304,1474,88.0,23.0,980.8913839186143
481500,335,51,150,6,3,176,0.8217402045619144,0.07152013643754122,1474,61.0,17.0,853.9248566629693
481600,327,48,147,5,5,170,0.8099495028375777,0.07100379129256268,1474,58.0,17.0,765.8585304202699
481700,328,55,160,3,7,158,0.810334913009528,0.07079687757107554,1474,62.0,22.0,649.8849508763053
481800,327,52,158,3,3,163,0.807735056251413,0.07128397111469423,1475,55.0,21.0,545.6091178186224
481900,327,53,157,5,0,165,0.8145255820735241,0.07178696325552648,1476,72.0,25.0,858.255989418768
482000,336,47,160,1,2,173,0.8081235547157216,0.07198984030059104,1476,87.0,23.0,1117.2816719593318
482100,350,41,171,3,1,175,0.8249142365942006,0.07135313968904797,1476,90.0,27.0,1011.4596214438483
482200,340,46,177,5,0,158,0.822505940348143,0.07089109998580502,1477,71.0,27.0,774.7116463047078
482300,326,45,166,5,1,154,0.8381639682143007,0.07106139409440063,1477,100.0,28.0,1302.4524057367432
482400,330,47,168,7,3,152,0.8316385927039205,0.07137305971651815,1478,75.0,29.0,792.2280182943531
482500,320,47,159,8,2,151,0.8505514987845192,0.07161466713265852,1478,87.0,31.0,870.3929563505768
482600,308,51,141,8,0,159,0.861756258875977,0.071847734282897,1479,78.0,33.0,852.9599324712566
482700,297,56,131,5,3,158,0.8639103629879937,0.07196774582383961,1479,134.0,48.0,1651.9985401208817
482800,319,46,138,4,3,174,0.8577141273186317,0.07345479806420022,1480,97.0,36.0,1053.1801745506366
482900,318,53,140,7,1,170,0.8740350556682739,0.07406646925270742,1480,104.0,35.0,1149.5863534839998
483000,313,43,131,9,1,172,0.8504540478410272,0.07438264865367629,1480,157.0,45.0,2084.036046163884
483100,308,45,130,9,3,166,0.8857081838421804,0.07435879712746062,1481,99.0,41.0,919.9065567905822
483200,312,43,127,8,2,175,0.8756137539179871,0.07424599742946751,1481,101.0,42.0,937.7470620551167
483300,309,52,117,10,2,180,0.8754245411941372,0.07352034666836221,1482,178.0,52.0,2431.5267315859596
483400,314,48,121,9,2,182,0.8614383679869003,0.07417546231929996,1483,126.0,42.0,1483.423020591192
483500,319,51,129,8,2,180,0.8675161828615697,0.07471425478182982,1483,114.0,40.0,1285.2566713230663
483600,322,42,132,8,1,181,0.8494739220634442,0.07461194266686581,1483,99.0,36.0,1161.072517436192
483700,321,47,130,10,2,179,0.8522840957304649,0.07489385174162523,1483,94.0,33.0,1123.4631969485504
483800,316,42,135,10,3,168,0.8692313326087087,0.074798514577043,1484,108.0,45.0,1191.256656567528
483900,308,50,133,11,2,162,0.8862622561808051,0.07457976319780005,1484,119.0,51.0,1365.863076731563
484000,305,61,132,12,1,160,0.9036337785522092,0.07476233792822483,1484,106.0,41.0,1303.1531829768119
484100,293,58,129,8,1,155,0.8929357541840665,0.07442037694603779,1484,125.0,42.0,1561.8441099384675
484200,293,48,132,8,1,152,0.9126239405862605,0.07358350333473995,1485,118.0,44.0,1442.4267102600047
484300,293,54,130,10,3,150,0.9278128775531888,0.07365708351122602,1486,193.0,60.0,2656.304558735167
484400,298,67,124,6,3,165,0.8943190056425987,0.0731536785910103,1486,185.0,50.0,2570.561696871616
484500,302,53,125,8,1,168,0.9166525391089703,0.07244859576939275,1486,142.0,49.0,1706.0628963208
484600,294,54,124,7,1,162,0.8995433250169982,0.0726883747423617,1486,131.0,51.0,1403.8881858697648
484700,300,49,122,7,1,170,0.9050247865060009,0.07154298621303876,1487,190.0,58.0,2704.940356471992
484800,317,55,129,6,2,180,0.8992826836844665,0.07068554775798747,1487,87.0,34.0,999.0721544930221
484900,309,59,130,11,2,166,0.9162257625635467,0.07038701046363822,1488,149.0,54.0,1912.8513258549522
485000,296,66,125,12,3,156,0.9259892876925764,0.06989584701503489,1488,157.0,48.0,1878.2141510523907
485100,298,54,122,10,9,157,0.9209680205818697,0.07044032232772932,1488,118.0,36.0,1667.1911936778054
485200,297,54,121,11,4,161,0.9127219549297342,0.06979756731514265,1488,135.0,48.0,1638.0084530975196
485300,296,58,111,9,4,172,0.9006361575718018,0.06998895306171485,1489,150.0,48.0,1966.3115901813815
485400,315,48,116,8,5,186,0.8833777713735622,0.06942268836089027,1489,116.0,41.0,1194.9378384408071
485500,301,49,120,10,6,165,0.8772736694837651,0.06794840546325524,1490,136.0,51.0,1598.3619751922572
485600,308,52,122,10,2,174,0.8759252917674331,0.06843480539718735,1491,120.0,37.0,1683.634890007245
485700,301,45,132,8,2,159,0.8496270596136194,0.06745684194255348,1491,102.0,36.0,1254.0270942398697
485800,304,57,133,8,2,161,0.8592616725728898,0.06760566830697556,1492,74.0,25.0,913.4992413902182
485900,314,54,137,5,3,169,0.83863628909091,0.06780537222019792,1492,109.0,39.0,1356.5790645491948
486000,330,44,147,2,5,176,0.8227851972500644,0.06798287362263322,1493,129.0,35.0,1720.4265382874255
486100,319,45,141,3,4,171,0.8267499565612622,0.06741857093661713,1493,69.0,26.0,656.5155681547452
486200,308,52,137,5,2,164,0.8422094482118152,0.06698457121427767,1494,68.0,31.0,632.5837874108831
486300,323,53,141,5,2,175,0.8558031285714339,0.06633852725124523,1495,67.0,25.0,648.7524439594752
486400,327,53,140,3,6,178,0.8538662862884321,0.06716316328074474,1495,95.0,32.0,1099.008992846701
486500,308,40,137,5,4,162,0.8342530843766693,0.0674022401267458,1496,105.0,38.0,1337.629212022177
486600,314,38,137,6,3,168,0.8456751606845997,0.0674765060499808,1497,75.0,30.0,764.8502859654707
486700,325,44,142,7,2,174,0.8436539515943458,0.06622628005149916,1497,103.0,38.0,1201.8424187927035
486800,319,51,142,4,2,171,0.8461063869944125,0.06673147739254642,1498,122.0,40.0,1577.9932402565514
486900,310,49,138,6,2,164,0.852852386380278,0.06583408047684787,1498,79.0,35.0,786.7988607450785
487000,300,43,129,8,1,162,0.850562427577398,0.0652381116795654,1499,120.0,39.0,1432.1300720885029
487100,299,46,125,7,1,166,0.8495131225481188,0.06448256667469923,1500,107.0,42.0,1136.2476663102357
487200,305,55,126,4,0,175,0.8696901504028112,0.06456056299644868,1500,112.0,40.0,1392.337102927736
487300,303,51,122,6,1,174,0.873650498936732,0.06434778094748303,1501,88.0,30.0,997.8416516931757
487400,303,47,130,4,2,167,0.859171476014014,0.06479357370483887,1501,124.0,42.0,1524.0497361769446
487500,298,62,122,8,3,165,0.8786904959827971,0.06436390040168485,1501,121.0,41.0,1421.067205496377
487600,304,51,126,6,2,170,0.8693418724468673,0.06455510030404804,1501,105.0,32.0,1208.2819329590832
487700,301,54,130,5,7,159,0.8690545815957765,0.06457679328689134,1501,123.0,41.0,1465.5730618896007
487800,298,57,129,5,8,156,0.8807440209430949,0.06564479019799999,1502,136.0,42.0,1698.0183653546353
487900,306,57,125,6,10,165,0.8891851686549185,0.0652859112922884,1502,88.0,43.0,756.8484461610559
488000,310,54,128,7,5,170,0.8756210014618409,0.06397904683379763,1503,166.0,50.0,2228.252856046579
488100,315,45,139,6,0,170,0.8656394304388699,0.06397765435460043,1504,116.0,33.0,1472.5454738199423
488200,332,45,145,3,2,182,0.8543119726839964,0.06364820491727127,1504,99.0,37.0,1092.5079319639974
488300,317,49,140,8,2,167,0.8854178542178136,0.062410789688594474,1505,106.0,37.0,1307.1646900236365
488400,309,50,124,3,2,180,0.8522980940256667,0.06272114280222942,1505,120.0,43.0,1518.3237701722078
488500,323,52,145,7,1,170,0.8494207823420881,0.06328687300098476,1506,82.0,25.0,1041.4788498347586
488600,309,44,142,7,4,156,0.8579004761059553,0.06325959534465853,1507,133.0,47.0,1527.9260278738504
488700,302,62,150,4,2,146,0.8575797092854408,0.0644226366462277,1507,120.0,39.0,1430.3529071270864
488800,321,49,151,3,5,162,0.8436201585973067,0.06428266220762155,1508,130.0,33.0,1812.0564803925458
488900,315,53,132,5,2,176,0.8383202015200653,0.06472577384538943,1508,89.0,32.0,962.2270574476829
489000,317,53,125,9,1,182,0.8409269410761223,0.06475574642027766,1508,112.0,44.0,1114.424964078017
489100,328,53,147,7,2,172,0.8382020159819514,0.06557759705649037,1508,106.0,30.0,1296.8346547623753
489200,319,43,143,7,3,166,0.8337506033471761,0.06558175050659538,1509,157.0,47.0,1689.3516395333957
489300,306,57,145,7,3,151,0.8496457755988392,0.06505781735527552,1509,89.0,35.0,902.4120064832894
489400,313,52,141,5,4,163,0.8355065438331087,0.0645885494164039,1510,108.0,36.0,1238.8376790174439
489500,318,51,145,7,5,161,0.8414506771321321,0.0643901746447764,1511,92.0,27.0,1128.1180975990444
489600,310,49,147,6,4,153,0.8281981285528156,0.06536182733630674,1511,130.0,38.0,1540.6301801747409
489700,323,52,147,4,4,168,0.8333214196006983,0.06453568134540345,1512,101.0,29.0,1209.2624574770784
489800,302,53,130,3,4,165,0.852516402759033,0.06420627092994892,1512,120.0,48.0,1218.2627021121828
489900,311,42,135,5,5,166,0.8676421218296967,0.06455483011109266,1512,105.0,35.0,1163.4425732536088
490000,290,52,127,6,6,151,0.8548609569878146,0.06644433506021637,1512,122.0,45.0,1291.1144607116817
490100,303,50,126,4,4,169,0.8577346366165551,0.0676644036588385,1512,97.0,29.0,1255.6237808579988
490200,298,55,128,5,5,160,0.8676505449333921,0.06633359125319893,1513,105.0,35.0,1273.0526787624867
490300,304,48,132,2,4,166,0.8459694933650312,0.06675316173657715,1509,110.0,32.0,1272.6754802716787
490400,306,59,130,4,1,171,0.8477318062920702,0.06664845366501194,1509,118.0,37.0,1200.667262131176
490500,293,49,130,4,3,156,0.868194722438291,0.06646717730697756,1509,136.0,41.0,1648.8785769401711
490600,305,52,131,4,1,169,0.8443782650769283,0.06647607519367756,1509,130.0,42.0,1559.3224668340024
490700,312,39,139,1,3,169,0.8312129880191,0.06680151247747872,1509,121.0,34.0,1632.7139392150657
490800,315,45,139,2,0,174,0.8160704573519084,0.06663606644166084,1509,116.0,34.0,1338.3817380693586
490900,332,46,160,1,3,168,0.8128909695124292,0.06599042794170841,1510,86.0,19.0,1021.607484532893
491000,318,57,152,3,1,162,0.8226524071658297,0.06649358142782638,1510,86.0,26.0,1093.8450312626953
491100,325,47,166,2,2,155,0.821149180623529,0.06603522893837915,1510,65.0,28.0,518.6965455664065
491200,326,40,166,4,1,155,0.8291556036929366,0.06574442153116668,1511,74.0,31.0,650.3142135981642
491300,326,48,152,2,3,169,0.8290671920974234,0.06598717941099433,1511,79.0,28.0,765.7021975568289
491400,314,52,158,4,1,151,0.8230835329212062,0.06553869460329316,1511,66.0,18.0,754.5762027650192
491500,326,49,167,7,0,152,0.8310052058663628,0.06578424230947938,1512,90.0,29.0,1141.2753406259483
491600,323,42,163,6,1,153,0.822279950916607,0.06479479364465116,1512,96.0,32.0,1037.9353628862618
491700,311,48,147,5,2,157,0.8609360261102074,0.06517506066205356,1512,107.0,37.0,950.4595842566912
491800,294,53,133,5,4,152,0.8843578468274779,0.0635680162686052,1513,155.0,61.0,1755.230244298809
491900,302,55,127,5,4,166,0.8749369364264967,0.061685831182185284,1513,155.0,43.0,2174.1851231335495
492000,308,53,118,6,2,182,0.8758141703834486,0.06049748465487311,1514,135.0,42.0,1779.623504382102
492100,313,52,127,8,3,175,0.8665111074397507,0.06010728690613198,1515,103.0,38.0,1175.6726908515723
492200,321,51,138,6,2,175,0.8667555808575553,0.06109139604874742,1515,138.0,49.0,1513.8500430858633
492300,320,47,136,4,2,178,0.8766119435521281,0.06170291753042597,1516,118.0,38.0,1530.2050613012927
492400,321,45,150,4,0,167,0.8603765785972101,0.0606830359550677,1516,152.0,43.0,2021.8931081260887
492500,327,50,148,2,2,175,0.8499709394282309,0.06028654844661194,1516,89.0,29.0,1061.1314409091492
492600,331,48,152,4,1,174,0.8403747742581482,0.060631691051509014,1517,112.0,30.0,1404.413968843854
492700,319,49,146,9,4,160,0.8603862047867593,0.060107348360811184,1518,105.0,34.0,1221.7254701831052
492800,322,45,148,7,4,163,0.8471628085546749,0.05964268064990201,1518,118.0,33.0,1463.5633999363426
492900,316,47,159,7,4,146,0.8575541581354464,0.05891744523103684,1518,71.0,23.0,781.3413911260604
493000,332,46,161,7,3,161,0.8425066693893474,0.05847955235166143,1517,62.0,20.0,711.9936866490724
493100,332,49,160,8,3,161,0.8502096787364214,0.05834664581559614,1518,84.0,32.0,808.9455985272351
493200,331,43,154,11,1,165,0.8551947701957273,0.05814796973187523,1518,76.0,28.0,715.0328806428586
493300,332,41,165,10,3,154,0.8371063551439515,0.058010068234966496,1519,64.0,27.0,523.3373242926333
493400,331,46,158,9,3,161,0.8351326618347293,0.05829962909101289,1520,108.0,29.0,1293.076315340353
493500,330,52,158,9,2,161,0.839118642979228,0.058454000548850506,1520,43.0,21.0,316.33897729856386
493600,331,49,163,7,1,160,0.8491944015604443,0.05858597499387633,1521,85.0,31.0,972.5035424342816
493700,326,51,157,8,1,160,0.8575084467228085,0.05996529502817353,1521,83.0,25.0,999.5396475773609
493800,330,42,159,5,3,163,0.8507804913228573,0.05966052181813218,1521,101.0,28.0,1345.6880571821837
493900,322,52,157,4,4,157,0.8502856693514754,0.06063468843157532,1522,88.0,30.0,988.2389985244799
494000,328,58,160,3,1,164,0.8451649437247711,0.06049111760934465,1523,63.0,22.0,771.8238045633645
494100,346,44,168,7,3,168,0.8370340676499071,0.06091991296268269,1523,80.0,23.0,930.6338348611096
494200,336,49,164,7,3,162,0.843983652456523,0.05983147146100957,1524,73.0,29.0,766.5953351186902
494300,328,42,168,6,3,151,0.8387726741067264,0.060327664206070955,1524,96.0,38.0,1105.5038322909372
494400,310,56,171,4,2,133,0.84030568312589,0.06053769233695196,1525,78.0,28.0,902.3179417718447
494500,312,55,153,5,1,153,0.8446767239520708,0.05984647280126206,1525,87.0,36.0,989.4401165661277
494600,329,44,154,7,0,168,0.8574868369550237,0.05917767707476289,1526,60.0,25.0,539.2983155960065
494700,306,47,139,6,0,161,0.8603172084719092,0.058034793996008305,1526,117.0,34.0,1725.4884714990633
494800,308,50,142,6,2,158,0.869797016595724,0.05764564492156569,1527,97.0,33.0,1118.3280643633168
494900,311,49,142,5,3,161,0.8756618617053866,0.05712685013042493,1526,64.0,33.0,571.8952000843284
495000,310,45,131,8,2,169,0.8846765885555822,0.0570436769982514,1526,112.0,43.0,1351.0223044534525
495100,304,48,124,4,2,174,0.869663983932852,0.05734828846673262,1527,121.0,38.0,1642.3179413374228
495200,311,56,139,4,3,165,0.8743603343350851,0.056966798150238314,1527,94.0,35.0,1031.6793501228192
495300,305,49,139,7,3,156,0.8918821172661346,0.05649831266409631,1527,140.0,47.0,1748.6601441300627
495400,308,56,140,6,5,157,0.8783186026850857,0.05660426432562075,1527,158.0,48.0,2332.0082964359017
495500,316,51,139,5,5,167,0.8689604974803073,0.0559334001983976,1528,111.0,41.0,1259.134668687837
495600,306,50,142,5,5,154,0.8627156537296503,0.058517478603549035,1524,111.0,31.0,1545.6776123390614
495700,307,54,142,6,5,154,0.8657890626918563,0.05796116539510936,1524,133.0,44.0,1836.3672119901594
495800,310,52,144,2,2,162,0.8832006068865069,0.056982508538616326,1525,148.0,46.0,2057.1044730548674
495900,303,51,127,1,5,170,0.8860536377477637,0.05466519519474175,1525,132.0,48.0,1687.4199128410917
496000,307,49,137,4,2,164,0.8858936452980471,0.053624477352954704,1526,97.0,35.0,1328.9573926410842
496100,335,42,145,4,4,182,0.8898329334037623,0.053394079818248334,1525,86.0,30.0,1076.2598235605262
496200,323,48,149,5,4,165,0.8976800412802826,0.05271321855404603,1525,109.0,39.0,1246.7412176028638
496300,290,52,133,6,4,147,0.9306095200940141,0.052022735640221716,1525,118.0,58.0,1270.1081745746742
496400,296,58,136,5,4,151,0.944286123841225,0.05070664960618545,1526,155.0,54.0,2029.953698901565
496500,297,65,128,6,4,159,0.9378567139053823,0.05044224733974248,1526,134.0,48.0,1767.5878867897165
496600,295,51,124,8,2,161,0.9360783864021248,0.05206349127498205,1526,137.0,56.0,1643.842011253394
496700,289,59,124,8,2,155,0.9376408207605061,0.052742403260690705,1527,148.0,47.0,2223.3292152105796
496800,297,62,118,6,3,170,0.9358756584738755,0.05407757816835286,1527,147.0,39.0,2348.300893660124
496900,309,43,132,5,4,168,0.9130234271963232,0.05246985790741737,1527,130.0,48.0,1762.6320942136317
497000,317,46,144,9,2,162,0.9179812138607939,0.05244670567162989,1528,142.0,52.0,1919.404498694459
497100,308,56,132,9,3,164,0.941359802878507,0.052908352073759386,1529,185.0,57.0,2538.969788032881
497200,291,62,130,9,4,148,0.9573737218687741,0.05234710625832482,1529,158.0,52.0,2151.54879939034
497300,285,67,115,8,2,160,0.9585913451135946,0.051415737091137115,1529,146.0,54.0,1912.5619263575263
497400,297,52,114,5,4,174,0.9550911002899138,0.05181093834233036,1530,138.0,48.0,1713.7502243897159
497500,291,60,112,3,5,171,0.912550893330017,0.05134291891560223,1530,146.0,52.0,1994.623228117444
497600,314,46,117,4,5,188,0.9213246872786789,0.05259930097949079,1531,109.0,40.0,1414.765170849259
497700,314,53,126,7,5,176,0.9092211602247497,0.053424797502431606,1532,161.0,49.0,2230.835322710497
497800,297,58,124,8,2,163,0.9049833659311531,0.053047156671954476,1532,139.0,40.0,1873.020937824268
497900,293,58,130,5,7,151,0.8920974011393047,0.05201299622400238,1532,158.0,48.0,2264.096754936751
498000,291,54,119,5,3,164,0.8833484901397041,0.051541187392032596,1533,135.0,35.0,1858.3462703163357
498100,308,60,120,5,3,180,0.8891156693368442,0.053933208351230416,1533,102.0,35.0,1190.2818414297494
498200,312,46,130,6,3,173,0.8726704533190125,0.05334447075308356,1534,91.0,33.0,1025.768197617946
498300,322,59,133,10,3,176,0.896932249803927,0.0517045033628594,1535,107.0,41.0,1186.2232754214342
498400,327,45,138,10,4,175,0.8843695369122211,0.053136747196617436,1535,92.0,32.0,1108.838152258304
498500,310,58,147,6,4,153,0.8809928711603818,0.05186903000132657,1535,115.0,41.0,1348.9882595443999
498600,298,54,134,9,6,149,0.9051894073810929,0.052382950579941516,1535,144.0,50.0,1818.24813353951
498700,293,50,114,9,7,163,0.8993472448412289,0.04906114480411501,1535,146.0,46.0,1805.7409363556544
498800,294,63,117,9,6,162,0.8947350089923706,0.048846350853423696,1535,102.0,39.0,1133.923411728863
498900,317,51,124,9,4,180,0.9008215028303308,0.04841832275040468,1535,113.0,32.0,1511.024910278031
499000,309,62,132,7,3,167,0.8747592802046081,0.04808170483904654,1536,151.0,50.0,2075.5317726026387
499100,314,47,135,6,2,171,0.8580574090194926,0.047360457262483814,1536,126.0,36.0,1535.2418400099689
499200,307,59,133,8,4,162,0.8718927740623091,0.04725139891354128,1537,87.0,32.0,972.8376260097715
499300,317,51,134,10,5,168,0.8594847485825418,0.04574584033335336,1537,91.0,28.0,1163.059766775348
499400,314,41,129,10,4,171,0.8869406018793454,0.04793120096984782,1537,110.0,44.0,1065.9663763453516
499500,304,61,126,7,2,169,0.8717348486947123,0.04758193767001019,1537,131.0,44.0,1637.9746219226172
499600,321,50,135,7,3,176,0.8670215044741119,0.04598459005620082,1538,118.0,34.0,1524.75821836712
499700,312,47,142,9,3,158,0.8651429420267607,0.04568609590256314,1538,129.0,42.0,1728.6191518997825
499800,311,52,145,9,1,156,0.8359664616169455,0.04577552850811866,1538,111.0,36.0,1412.6689462341374
499900,318,55,144,6,1,167,0.8493336670915502,0.04672180586788566,1539,96.0,39.0,853.9138622128478
500000,323,44,139,5,0,179,0.8326609785235749,0.047109709615265824,1540,131.0,38.0,1752.0522553328385
500100,331,46,141,5,0,185,0.8339216182715118,0.047523834017780126,1540,69.0,26.0,801.9935626333743
500200,340,42,154,5,1,180,0.8222197468473745,0.04819260208652074,1540,60.0,20.0,760.6718438306957
500300,338,51,155,5,4,174,0.829312647005279,0.04716837329936098,1541,110.0,35.0,1390.5306061060974
500400,319,58,157,3,2,157,0.8443915818297162,0.047938464364719525,1541,89.0,35.0,1119.5174941426085
500500,326,48,153,3,1,169,0.8412532654182381,0.04937023883741091,1540,111.0,36.0,1630.9980966497749
500600,328,52,159,3,4,162,0.8351923025152724,0.04945788998345446,1541,75.0,23.0,1026.5136580169417
500700,315,57,159,2,3,151,0.8371626768277738,0.04764638281398192,1541,101.0,32.0,1476.862808834766
500800,315,49,151,3,3,158,0.8151161343643635,0.04801666589363234,1542,87.0,28.0,1107.2156230998235
500900,335,45,164,4,3,164,0.821372099457296,0.0477254770374046,1543,92.0,25.0,1082.7874154059455
501000,311,52,137,4,3,167,0.821150238092191,0.0486978459014003,1543,72.0,29.0,711.5546724419089
501100,316,52,135,2,1,178,0.8283644839405988,0.04954693978537587,1544,92.0,42.0,913.2509572412008
501200,313,54,138,4,0,171,0.8215617921413009,0.05025228517840769,1544,92.0,34.0,1188.1534929704337
501300,311,46,133,6,0,172,0.849354837370506,0.05088158983130161,1545,105.0,40.0,1197.3899232739966
501400,314,49,138,5,3,168,0.8299770637175304,0.05142274053901862,1545,127.0,40.0,1506.1834773709527
501500,310,53,134,7,3,166,0.8448678793708989,0.05167276650786238,1546,75.0,30.0,720.2030081648995
501600,313,51,140,6,3,164,0.8260161677463045,0.05130931447267291,1544,110.0,32.0,1468.2449998920627
501700,324,55,151,7,3,163,0.8383297567471691,0.05179506917577897,1543,88.0,32.0,1049.7970590581688
501800,314,49,145,5,2,162,0.815282684237245,0.05321204359328316,1544,118.0,45.0,1233.7145860819323
501900,330,47,146,3,1,180,0.8290802106357285,0.052795376198533535,1544,92.0,26.0,1165.8921899760517
502000,314,46,134,4,4,172,0.8252309877090559,0.054114849243308186,1545,106.0,39.0,1008.9425684932388
502100,299,52,135,5,3,156,0.8330879775419755,0.05470286066339644,1545,145.0,37.0,1897.6139451593815
502200,323,45,144,4,4,171,0.812524352237529,0.05432405761530929,1546,134.0,31.0,1935.435257026598
502300,331,50,152,4,6,169,0.7878904321506921,0.055395643923373886,1547,107.0,23.0,1503.0358616756334
502400,342,47,157,1,3,181,0.7961195027513209,0.05385126896716784,1547,46.0,18.0,526.7136628046051
502500,350,40,174,7,3,166,0.7983518555967147,0.05379453333439853,1547,62.0,24.0,599.9538308297679
502600,349,43,169,5,3,172,0.7967204679972713,0.052892091420135866,1547,74.0,19.0,816.4143890787974
502700,345,43,179,7,0,159,0.7881916067323497,0.052904728792390714,1547,63.0,20.0,691.8506839303436
502800,337,43,181,6,2,148,0.8000672471968363,0.05302179437474477,1548,77.0,29.0,701.4333298915485
502900,333,43,179,6,3,145,0.8038519791049294,0.05252808139253024,1548,63.0,27.0,540.1796790222397
503000,337,47,161,4,3,169,0.7982430785427361,0.052645494216433296,1549,54.0,22.0,457.45951808613046
503100,330,55,155,9,2,164,0.81673224385311,0.05267109852576407,1549,90.0,35.0,891.599774615025
503200,342,42,158,4,3,177,0.800190126455119,0.05323207406837342,1546,90.0,28.0,1114.098166593677
503300,330,49,167,5,2,156,0.8092047747910349,0.05225346813533302,1547,54.0,21.0,560.5338394856462
503400,316,47,148,5,4,159,0.8194497393712687,0.05242542327800694,1546,181.0,50.0,2508.7063374094923
503500,313,51,149,5,1,158,0.8060301206269725,0.05329470508398597,1546,115.0,31.0,1609.0441325304932
503600,319,53,140,3,3,173,0.8102331228900091,0.05332739335911272,1547,58.0,22.0,717.3399226338745
503700,331,50,154,3,2,172,0.8353710564999393,0.05206056078478632,1547,67.0,21.0,697.6953488748753
503800,305,60,143,2,3,157,0.8335072357132058,0.0530637193435967,1548,111.0,35.0,1490.493003247699
503900,305,40,146,3,2,154,0.8113553325878,0.052720477582537166,1548,89.0,28.0,1224.696886781358
504000,317,48,147,3,1,166,0.81112059064312,0.05271309664515464,1548,70.0,19.0,772.1025948783827
504100,325,54,155,3,2,165,0.8073646378214479,0.052952820209928794,1548,94.0,26.0,1355.3706541557574
504200,315,45,152,2,1,160,0.8294521869892952,0.052760257309393675,1548,101.0,32.0,1261.5889785965792
504300,316,49,154,3,1,158,0.8199735022797136,0.053165130607012154,1549,52.0,23.0,464.2402168269192
504400,323,49,153,5,1,164,0.8350791219192785,0.05439652636720796,1548,84.0,26.0,1110.1431391666608
504500,322,53,145,4,5,168,0.8383653945676728,0.053805952051570474,1548,96.0,33.0,1181.6636412185157
504600,313,49,136,3,3,171,0.8472250996836604,0.053515905759327936,1549,91.0,38.0,978.7817842699276
504700,312,48,135,2,2,173,0.853358175410367,0.052532353272603395,1549,68.0,28.0,785.4561519127802
504800,319,40,147,3,4,165,0.8499287688579392,0.05259194028016422,1549,86.0,24.0,1227.7014366721564
504900,325,44,160,2,2,161,0.8486835023121168,0.05273315502451701,1550,80.0,34.0,792.2224299823381
505000,322,51,162,3,0,157,0.8443896467094156,0.05363110085209973,1550,72.0,31.0,734.8410575643536
505100,309,53,140,7,1,161,0.8564826211333704,0.053054928616542416,1550,79.0,36.0,694.1490655144514
505200,309,49,133,6,3,167,0.8823345314559817,0.053184961953323444,1550,118.0,44.0,1396.669026707267
505300,308,57,128,6,4,170,0.8923471203019221,0.05381267784415509,1550,115.0,41.0,1470.107687107126
505400,294,54,129,6,2,157,0.8841302641579558,0.053682259315902224,1550,138.0,52.0,1759.2735451510164
505500,292,53,129,6,4,153,0.895871010412072,0.05407308650510442,1550,114.0,41.0,1483.336319468297
505600,293,50,124,5,1,163,0.8884164677971287,0.05381426665736717,1551,124.0,46.0,1772.5549363693779
505700,306,48,132,5,0,169,0.8871814729823772,0.052872007373546234,1552,132.0,40.0,2019.497965836774
505800,306,45,138,5,1,162,0.8874089363878088,0.05254747280439985,1552,133.0,36.0,2148.210399396841
505900,290,55,133,3,1,153,0.8665928097364648,0.05164648624527074,1550,150.0,48.0,2131.979367492598
506000,294,48,134,4,0,156,0.8640600007525535,0.05200854513891139,1550,120.0,35.0,1750.5501324731654
506100,299,44,130,3,2,164,0.8929568951472479,0.05152673807573455,1550,94.0,36.0,1213.4053826159775
506200,295,51,138,3,2,152,0.881607578509244,0.05116587320796978,1551,114.0,40.0,1538.758223817339
506300,292,57,136,6,0,150,0.924926123653027,0.0493603023755648,1551,126.0,47.0,1715.373384111478
506400,291,61,128,7,0,156,0.9515485610388256,0.04998920045217339,1552,202.0,58.0,2767.121756034198
506500,292,54,129,5,2,156,0.9165025349283902,0.049913233516543455,1552,164.0,48.0,2250.3719205480165
506600,274,60,111,4,2,157,0.9216416508058213,0.05040136693438723,1553,169.0,60.0,2255.382095294717
506700,275,60,112,4,1,158,0.9188322381732839,0.052242033105393854,1553,139.0,49.0,1721.243850400947
506800,279,68,116,6,2,155,0.9132835948960775,0.05239262626705729,1554,157.0,47.0,2194.426816143087
506900,284,57,125,5,4,150,0.9010278027775425,0.05261753431779094,1554,156.0,50.0,2167.1633320499745
507000,292,57,124,5,3,160,0.9067576944005391,0.052568706792748526,1555,112.0,43.0,1269.414389097994
507100,302,49,115,9,3,175,0.8910253245366694,0.05154731821367089,1555,132.0,41.0,1653.1265491721608
507200,293,48,114,9,5,165,0.8890660619909571,0.0512393105000303,1555,128.0,43.0,1599.1239534249355
507300,294,61,121,7,5,161,0.8913445909079587,0.05137934141179129,1556,144.0,40.0,1801.9073381306562
507400,280,53,125,6,2,147,0.8877480124157621,0.05199257542984578,1557,130.0,47.0,1483.136588459279
507500,293,55,114,4,7,168,0.885154129899728,0.05035811371093703,1557,145.0,46.0,1834.100651029908
507600,291,61,128,4,6,153,0.8870540544070733,0.049649754458010745,1558,152.0,44.0,2033.7369812417064
507700,305,51,126,6,3,170,0.8876731409630729,0.04981452697325402,1558,123.0,46.0,1486.6894419664425
507800,302,46,134,3,2,163,0.8679319949635834,0.04939752314744982,1558,117.0,35.0,1771.2581959503211
507900,327,44,135,3,0,189,0.8710088752933827,0.048846959307237335,1559,79.0,34.0,873.4593294473021
508000,318,56,148,6,2,162,0.8618320350226342,0.04759004142558395,1559,122.0,41.0,1422.4108559659924
508100,309,49,134,5,1,169,0.8774101920800871,0.047229975250443944,1560,103.0,45.0,893.716726064391
508200,316,45,144,4,2,166,0.855796203665851,0.04566316095356169,1560,88.0,36.0,944.6101579028007
508300,305,47,136,6,2,161,0.8699715934848241,0.04621363461457066,1559,101.0,49.0,935.8014586246878
508400,290,62,128,5,1,156,0.8903009723307668,0.04669116151382902,1560,134.0,49.0,1608.9406719972133
508500,296,65,124,5,0,167,0.8814796037979362,0.04559179441744247,1560,130.0,43.0,1744.3792892597974
508600,300,54,115,5,1,179,0.8981492643993204,0.04557614545249076,1561,145.0,54.0,1739.2108805204275
508700,303,52,113,4,2,184,0.8943325882115518,0.04656360276580893,1561,94.0,36.0,1127.077655230673
508800,296,63,115,5,4,172,0.8972791836840475,0.047430750696691816,1561,140.0,50.0,1785.8439840815934
508900,291,54,122,10,6,153,0.8965496096446133,0.04777913196571007,1562,123.0,40.0,1575.9830328568758
509000,290,64,118,6,6,160,0.8774595841986114,0.04600771912708847,1563,148.0,43.0,1939.2508052480882
509100,311,50,127,9,3,172,0.8653302501253,0.046449312137821816,1563,126.0,46.0,1404.1767007038138
509200,309,52,120,7,1,181,0.875621696990071,0.04548360298683273,1564,137.0,48.0,1695.383241343795
509300,307,55,127,4,3,173,0.8577069099341451,0.04459703669309803,1565,143.0,47.0,1777.3220231516107
509400,312,49,132,8,2,170,0.8435973137388708,0.0447982738727319,1565,142.0,49.0,1898.8710335451783
509500,302,52,123,8,4,167,0.8526515245692968,0.04480591916041016,1566,137.0,58.0,1391.18191357799
509600,307,55,123,8,3,173,0.8670991297364666,0.04410641367325914,1566,125.0,48.0,1219.6096882785778
509700,305,50,121,6,0,178,0.849359022475275,0.04336049488823337,1567,135.0,52.0,1370.5928926439863
509800,305,54,127,3,1,174,0.8418202637789757,0.04179089521464645,1567,148.0,46.0,1684.9194859618292
509900,301,55,133,5,1,162,0.8442458647934783,0.041351039743291816,1568,145.0,47.0,1424.2715698477277
510000,319,45,138,5,0,176,0.8324769436055454,0.04097114740739672,1568,94.0,34.0,809.7167370168488
510100,315,55,136,7,0,172,0.8340872993540751,0.04123536542139214,1568,125.0,49.0,1116.5228145290225
510200,320,51,141,10,3,166,0.8336050953981469,0.040854280180580224,1568,129.0,38.0,1502.2263441004359
510300,297,48,145,9,1,142,0.8377005186947573,0.041863148804342686,1568,105.0,46.0,829.3033621603613
510400,304,50,145,8,0,151,0.8563488841438859,0.042104102898436226,1568,155.0,45.0,1707.4823234156036
510500,309,49,145,5,2,157,0.8301340164719647,0.04101401633269305,1568,156.0,48.0,1847.2429328279509
510600,307,52,137,7,1,162,0.8445382083142429,0.04196490281146115,1568,149.0,47.0,1710.2263248770998
510700,321,53,140,4,0,177,0.8232359584027998,0.041201026901577294,1568,117.0,35.0,1322.960825811169
510800,323,54,147,3,1,172,0.82931139123565,0.0420539836016553,1568,153.0,43.0,1744.211607237581
510900,314,42,143,3,1,167,0.8338794664437379,0.04239035452539929,1569,96.0,32.0,1059.133777090727
511000,315,50,139,5,1,170,0.8307805494320573,0.04384988283096437,1569,135.0,44.0,1415.567517830212
511100,321,49,141,2,2,176,0.8297696110338042,0.04436441226180928,1570,153.0,44.0,1771.402621837717
511200,319,48,140,4,3,172,0.826265182414814,0.04342797350201826,1571,132.0,48.0,1373.986591394705
511300,320,46,150,0,1,169,0.8258093503563358,0.04372318174140054,1571,123.0,42.0,1290.6254035132213
511400,319,50,153,2,3,161,0.8331577569502208,0.045146920598384724,1571,143.0,41.0,1604.9674187001337
511500,332,50,156,4,2,170,0.8249703578246003,0.04420364187387042,1571,106.0,32.0,1166.9321659225072
511600,313,52,149,7,0,157,0.8103514768729417,0.04374769607862811,1572,115.0,35.0,1254.8029293302748
511700,306,46,135,5,0,166,0.7996677903083189,0.043203070543531195,1573,98.0,34.0,897.1526981231325
511800,318,48,148,5,0,165,0.7951386320166665,0.04316171091588519,1572,95.0,28.0,986.8418661341567
511900,336,49,151,6,3,176,0.8037544163756059,0.0425872460042062,1573,63.0,17.0,658.4944651672436
512000,331,41,152,4,3,172,0.8041334011631612,0.04309648078450808,1573,112.0,39.0,1094.7709038181927
512100,314,49,150,4,3,157,0.8082266642154001,0.04415841622226488,1574,123.0,39.0,1227.2167996067847
512200,325,46,158,3,2,162,0.7955748687806923,0.043535492834603916,1574,78.0,24.0,704.4172949886739
512300,328,47,151,4,2,171,0.8003257879919831,0.04418909103609071,1575,114.0,34.0,1216.2563901008311
512400,326,54,155,4,4,163,0.7998087428428942,0.04416673203500435,1575,68.0,25.0,638.687695345102
512500,337,45,162,2,3,170,0.8044018532172121,0.04390811737547415,1575,99.0,20.0,1225.8753200510355
512600,301,50,142,2,2,155,0.8109591433949817,0.04254556349751903,1576,106.0,43.0,937.4343398493435
512700,296,44,131,2,4,159,0.8166734532893137,0.043810948454643554,1576,105.0,27.0,1092.2148354427263
512800,300,48,134,2,4,160,0.8173656490721811,0.043819619628559514,1577,136.0,47.0,1663.6949314585027
512900,299,54,128,3,4,164,0.8220409229393152,0.04331409850383279,1577,102.0,34.0,1091.2831767168748
513000,324,47,142,4,0,178,0.8146175354445867,0.043106884024648504,1577,144.0,34.0,1765.5260797610238
513100,326,60,154,5,1,166,0.8087226516639263,0.04273839401017946,1578,83.0,24.0,847.6395192945813
513200,321,41,153,4,0,164,0.8047035588658212,0.04194766730002614,1578,85.0,25.0,855.9547816857513
513300,333,47,160,6,1,166,0.8098419178602138,0.04179171225856886,1578,45.0,14.0,424.1700166988141
513400,328,43,152,3,1,172,0.81165744551485,0.042179077185418426,1579,84.0,29.0,831.5678603530242
513500,323,52,156,5,1,161,0.815489799209233,0.042889431657363385,1579,59.0,22.0,536.085289589983
513600,332,46,164,2,1,165,0.8060582471029948,0.04200457607891359,1579,80.0,28.0,777.8678376316283
513700,330,47,166,3,1,160,0.8123061556016488,0.041872632560422986,1580,58.0,21.0,610.9593565624899
513800,331,47,164,3,0,164,0.817527483704917,0.04233208474598893,1580,59.0,24.0,597.9065411047089
513900,326,44,173,5,0,148,0.8113209569197009,0.04213362424604387,1581,78.0,31.0,660.8400710257578
514000,334,50,180,5,0,149,0.8183065412132652,0.04149575176978821,1581,58.0,22.0,484.7274189352302
514100,325,53,172,6,1,146,0.813967041191258,0.04049824987522741,1582,100.0,27.0,1120.3221424519515
514200,325,49,165,4,2,154,0.8125522490465688,0.040505505312371716,1582,100.0,36.0,1070.1763655564307
514300,332,48,167,2,1,162,0.8182555856573717,0.04038608266480427,1583,48.0,17.0,505.5011739864283
514400,326,50,158,3,2,163,0.8161426195138074,0.04067266088391823,1583,94.0,30.0,1014.1095335222981
514500,322,50,164,4,3,151,0.818747268181583,0.04018246011557422,1582,64.0,21.0,700.5370419705464
514600,340,38,162,7,3,168,0.8150947294690815,0.040016694718101306,1582,63.0,22.0,571.2732716571354
514700,340,41,160,6,2,172,0.8185905089756025,0.03966990286540747,1582,69.0,28.0,684.6358793367442
514800,336,46,160,8,1,167,0.8224561623920552,0.03941005144575611,1582,68.0,31.0,634.1854483918711
514900,327,39,158,6,1,162,0.8278268293976263,0.03908390772701505,1583,86.0,32.0,896.7519745819124
515000,318,46,156,6,1,155,0.8342941287488943,0.03951541707781992,1582,65.0,27.0,524.4123067826392
515100,306,52,152,9,0,145,0.8491344118296255,0.039899462705090746,1583,79.0,37.0,700.7232812259048
515200,307,55,146,7,0,154,0.8664197896951602,0.04065820918565707,1583,91.0,44.0,798.373713866927
515300,302,52,143,6,0,153,0.8927315304430817,0.041987879806134665,1584,117.0,51.0,1279.3817305843147
515400,299,59,133,7,0,159,0.8995425347205399,0.041980179273730434,1585,131.0,54.0,1618.1332489212562
515500,285,52,137,5,2,141,0.8906660134882295,0.04110018548711526,1585,152.0,57.0,1827.9499801198663
515600,288,54,136,3,2,147,0.88433846305169,0.041445218766648334,1586,160.0,51.0,2251.9218631483827
515700,286,56,130,3,0,153,0.8694408096313124,0.04112674466139789,1587,103.0,39.0,1043.6187011502525
515800,304,53,130,2,1,171,0.8885790515205134,0.04053398809455757,1587,107.0,42.0,1336.1992592422137
515900,300,57,121,7,2,170,0.9065028825631581,0.04174831216563788,1588,141.0,53.0,1763.0709420554924
516000,286,54,114,3,2,167,0.9018395579062574,0.04190307355319702,1588,147.0,64.0,1638.2932271626175
516100,298,53,118,4,2,174,0.8887356177706554,0.040978695325608695,1589,162.0,51.0,2132.1911545678104
516200,301,49,133,2,1,165,0.8872689094134139,0.04070861366188291,1590,135.0,47.0,1699.2130533024106
516300,302,43,130,3,0,169,0.8898282965737467,0.04047868305506607,1590,118.0,45.0,1473.5964925408273
516400,288,57,130,5,2,151,0.9131780326675071,0.041160046160446453,1590,174.0,53.0,2525.385144679608
516500,289,57,124,5,4,156,0.9186571034190605,0.04107534563138938,1590,122.0,47.0,1587.2315772697143
516600,283,45,119,3,2,159,0.9210437323411268,0.04071831450815123,1591,149.0,60.0,1969.3416451487788
516700,273,60,102,4,1,166,0.9319830115657913,0.04136733641483479,1592,156.0,59.0,2049.46922658612
516800,278,57,103,5,2,168,0.9610619333390452,0.04200618639900645,1592,152.0,65.0,1786.5205645234932
516900,270,62,110,8,2,150,0.9466449995592797,0.041530102031172196,1593,225.0,68.0,3518.3429526784616
517000,256,68,104,7,3,142,0.9698486767603254,0.041513089561578106,1593,196.0,72.0,2779.1324050507264
517100,276,62,106,3,5,162,0.9339433528206691,0.041802650036135376,1593,189.0,53.0,2930.1169596698896
517200,266,65,90,3,2,171,0.89904334540422,0.04129483970438845,1594,189.0,64.0,2642.2586381075243
517300,284,56,97,3,2,182,0.8746985420151888,0.03999808531828521,1595,146.0,46.0,2207.6654080572634
517400,286,46,107,3,1,175,0.8942300383362467,0.040164474202301285,1595,127.0,44.0,1706.5150549212533
517500,305,52,116,5,1,183,0.8767483034594233,0.03970180037058843,1595,122.0,43.0,1558.8753826633554
517600,312,57,134,4,2,172,0.8679555128674868,0.04047124033516124,1595,114.0,37.0,1579.47940778636
517700,305,52,126,4,2,173,0.874290717951119,0.04074176949842117,1595,120.0,52.0,1245.0732878849285
517800,311,47,133,6,3,169,0.8674607517570789,0.04113048150654929,1595,110.0,33.0,1585.9160104077923
517900,312,57,137,5,4,166,0.8668089819749903,0.04135299293226061,1596,135.0,47.0,1614.5012887219302
518000,295,52,122,5,5,163,0.8538252060418378,0.0412195034542307,1596,129.0,49.0,1486.1565921096842
518100,319,62,136,4,4,175,0.8535315099730456,0.04159453920707795,1597,93.0,30.0,1226.340685691853
518200,296,49,132,7,6,151,0.8697508579320224,0.04127848343195393,1597,119.0,43.0,1500.696651283809
518300,313,46,147,7,1,158,0.85331190545607,0.040312801431111205,1597,73.0,29.0,847.5247031460443
518400,319,57,152,7,2,158,0.8587461101723166,0.040874357675292614,1598,97.0,42.0,1079.3455863491986
518500,304,51,133,6,2,163,0.8580835117952968,0.041141518709081594,1599,107.0,47.0,1258.0525173612157
518600,320,53,144,5,3,168,0.8678334414266183,0.04058066092383914,1599,77.0,33.0,877.7157366932353
518700,319,52,152,5,3,159,0.8478058705577419,0.039711174860785896,1600,125.0,42.0,1622.499304189178
518800,320,48,152,5,1,162,0.8571018402356355,0.039934782677082406,1600,108.0,36.0,1440.4883107617954
518900,319,51,149,6,1,163,0.8473515999107539,0.04025288869554173,1601,118.0,39.0,1560.5185967035843
519000,316,47,153,5,0,158,0.8560563039340108,0.04107381347175475,1602,84.0,31.0,955.5687674906578
519100,308,60,157,5,1,145,0.8632160003054931,0.04172900639254155,1602,95.0,47.0,839.8976756634002
519200,311,49,139,7,0,165,0.8358196497936641,0.040460842894314876,1602,92.0,35.0,1098.802176038439
519300,300,51,127,5,0,168,0.8769326531987492,0.040984449008453425,1602,97.0,48.0,864.2049983572994
519400,294,49,134,5,1,154,0.8591845135413303,0.040132443802066126,1603,105.0,39.0,1243.078940469289
519500,302,55,144,3,0,155,0.8669439154146852,0.040260458523889806,1604,112.0,42.0,1207.9087604240985
519600,313,52,142,4,1,166,0.861277911678943,0.04005128062946489,1604,102.0,43.0,1124.9658491691164
519700,304,52,132,7,1,164,0.8713471806074714,0.03975893235193421,1604,151.0,50.0,2019.6032560666013
519800,297,48,131,7,2,157,0.8744026935847398,0.039426960007362816,1605,112.0,43.0,1287.609719512147
519900,309,51,139,7,2,161,0.8793407996640199,0.03956945727037443,1605,134.0,40.0,1882.592645968795
520000,296,55,131,6,2,157,0.8825332177311317,0.04123525540817881,1605,114.0,49.0,1268.2798507253815
520100,298,52,127,5,2,164,0.8917578899725205,0.04231253611624963,1605,111.0,38.0,1479.1868638966785
520200,300,55,132,4,1,163,0.8757068827867802,0.04160270533305511,1604,138.0,46.0,1742.7733114233638
520300,314,56,142,5,1,166,0.8665371086318409,0.04189038439869527,1604,99.0,38.0,1128.685832057057
520400,325,50,142,7,1,175,0.8685053733091505,0.04187636395559404,1604,119.0,38.0,1532.7139147976459
520500,317,52,142,8,2,165,0.8764872728683827,0.042424466134473635,1604,119.0,51.0,1378.451885842124
520600,291,59,131,7,3,150,0.8786127655991719,0.04345518197019657,1604,139.0,56.0,1669.0941789385454
520700,291,50,121,8,2,160,0.8832404029574994,0.04362375678657839,1605,150.0,50.0,2095.108103441626
520800,302,59,131,6,2,163,0.8892830825378084,0.04528422201936316,1606,83.0,37.0,869.1271583887075
520900,304,56,120,5,1,178,0.8844568944998362,0.0446074644961197,1606,143.0,49.0,1736.7307842709474
521000,299,63,123,6,0,170,0.8667577003600204,0.04465683544665813,1606,111.0,43.0,1366.2448926502377
521100,301,54,127,6,2,166,0.8801014233135951,0.0460458309513006,1606,136.0,47.0,1892.8660854400568
521200,292,57,122,6,1,163,0.8753481924605984,0.0454766605824754,1607,124.0,50.0,1323.8365525459062
521300,298,60,123,4,5,166,0.8828998264212041,0.045507658961046256,1607,182.0,47.0,2634.8090992795715
521400,302,60,128,4,1,169,0.8682871767557767,0.044652420590533905,1608,140.0,49.0,1819.0300303536612
521500,296,61,117,3,0,176,0.8878173298259429,0.04505818365302795,1608,118.0,51.0,1411.6522358996099
521600,293,60,121,4,1,167,0.8893567182614257,0.043795448517468964,1609,158.0,56.0,2085.1067082270797
521700,296,61,127,5,2,162,0.8809358803204732,0.0436978542758246,1610,122.0,40.0,1756.2197099842506
521800,296,50,120,4,2,170,0.8789867330826764,0.04370024874509581,1610,139.0,43.0,1976.5483239262885
521900,303,46,128,5,1,169,0.8776416730070803,0.04314476112863373,1611,116.0,43.0,1527.609855549002
522000,303,58,127,7,1,168,0.9036931765942863,0.04379899699206366,1611,107.0,41.0,1215.7647690808067
522100,282,72,115,6,3,158,0.9216217933725128,0.044466790075442034,1612,178.0,64.0,2242.434316426255
522200,276,54,116,4,3,153,0.8920981155738175,0.04243277643137684,1613,188.0,61.0,2630.68784370835
522300,275,49,111,3,3,158,0.8482870373255287,0.04115574559529615,1613,162.0,49.0,2365.801852951512
522400,295,53,111,3,1,180,0.8543340556114125,0.041372747161061145,1614,95.0,32.0,1102.1064270520178
522500,310,57,123,3,0,184,0.8375439336348662,0.04029733906855267,1614,74.0,30.0,790.0845103036132
522600,331,42,137,5,1,188,0.8293764007148292,0.040069951634058965,1614,77.0,32.0,921.9379712791363
522700,334,50,143,4,1,186,0.8361839068953612,0.040933426030175434,1615,102.0,39.0,1022.3052410328589
522800,308,50,142,5,1,160,0.85164548580568,0.04105047145046784,1615,80.0,34.0,918.5464414550272
522900,304,55,141,6,0,157,0.8574367564956313,0.04150704331565048,1616,130.0,55.0,1470.9786251305404
523000,309,46,136,7,0,166,0.8857779640547025,0.04196516576802344,1616,111.0,43.0,1329.8053016023114
523100,303,62,128,6,1,168,0.8820567221758414,0.04236371317689379,1617,138.0,44.0,1873.2524848699668
523200,290,51,125,4,1,160,0.852753217454516,0.04202518623464195,1617,149.0,53.0,2049.9421081715927
523300,310,62,131,2,0,177,0.8676552698462962,0.042491371720440624,1617,103.0,34.0,1400.6292026579808
523400,312,53,134,3,0,175,0.850399378172875,0.041953043257325705,1613,110.0,41.0,1305.6520004036843
523500,304,59,131,2,2,169,0.8467037979123868,0.041652894475480685,1613,93.0,36.0,1168.0591401257861
523600,314,52,135,4,2,173,0.8605436594773965,0.04106727245089701,1614,93.0,36.0,1042.2257314100705
523700,299,51,134,5,4,156,0.8337260573707185,0.04003215191804173,1614,131.0,42.0,1712.4087372992892
523800,307,52,122,6,2,177,0.8593602880830007,0.0410951479876039,1615,168.0,51.0,2102.13257657441
523900,300,51,125,5,3,167,0.8526348935072775,0.040439792759316306,1615,111.0,36.0,1345.5288749215165
524000,306,45,130,6,3,167,0.8374822345509969,0.040056554621074915,1615,90.0,31.0,1147.2541685796514
524100,319,44,147,6,1,165,0.8310171526119016,0.040949650353795684,1615,72.0,27.0,816.8548585841065
524200,323,39,145,7,3,168,0.8279565485819773,0.04163715136871582,1615,88.0,40.0,799.2653432504496
524300,322,48,144,5,4,169,0.8353136402930957,0.0417688891223617,1616,108.0,39.0,1254.542760658232
524400,321,47,144,7,0,170,0.8250796423044652,0.04113111328706734,1616,103.0,35.0,1119.3567263540472
524500,321,52,146,4,0,171,0.8118701114614385,0.040428805722349456,1616,120.0,38.0,1431.4515606591506
524600,331,53,147,4,1,179,0.8089098231912728,0.0409546956238929,1617,88.0,31.0,1023.113621566935
524700,320,42,140,5,1,174,0.804658387088697,0.04046404679687404,1617,98.0,41.0,978.9906943818307
524800,316,41,135,4,0,177,0.8277608935473837,0.040998978618301825,1618,102.0,38.0,1031.9809693015168
524900,324,48,143,6,0,175,0.8317976614196997,0.04110548110235477,1618,100.0,30.0,1239.0874364771971
525000,321,55,148,7,2,164,0.8411531046789817,0.041527212297411846,1619,85.0,33.0,913.0103326324235
525100,323,47,152,7,1,163,0.8118759642483715,0.040303415370945325,1619,91.0,25.0,1226.2781202229446
525200,316,47,144,5,3,164,0.8198569005430947,0.040232571183272975,1620,100.0,34.0,1255.1914662178401
525300,310,57,149,7,1,153,0.8135690707379523,0.04049077812959198,1620,106.0,41.0,1177.2805043631784
525400,314,49,136,6,1,171,0.8295873266721857,0.0403477042544126,1621,99.0,33.0,1136.2968440949937
525500,300,55,130,5,3,162,0.8464366468694718,0.04106785506272819,1621,134.0,54.0,1519.3306823019582
525600,300,47,125,5,1,169,0.8573333322826754,0.04085985855317656,1622,157.0,47.0,1792.6300843439103
525700,297,59,132,5,1,159,0.859409286190033,0.03980407131773432,1622,122.0,42.0,1391.5210416476648
525800,300,50,125,5,3,167,0.8658402542203225,0.03939221031769923,1623,108.0,40.0,1285.7576586541957
525900,298,58,124,5,5,164,0.8609697429733603,0.03821751259420142,1623,115.0,43.0,1258.5625595249066
526000,300,47,119,7,6,168,0.8667485203898496,0.0375817527828283,1624,121.0,46.0,1308.0312966922806
526100,288,47,115,6,2,165,0.8672676251309543,0.03663588702192319,1624,120.0,42.0,1331.447726737944
526200,302,52,126,5,3,168,0.8450227241410401,0.03554233607532299,1624,142.0,43.0,1732.3551439366515
526300,313,55,133,3,2,175,0.8381187821581121,0.03508617130443126,1625,112.0,41.0,1306.2139644063507
526400,319,43,142,4,0,173,0.832640371711388,0.035662826211811646,1625,120.0,47.0,1374.7269755584903
526500,316,59,129,5,1,181,0.8569847822734851,0.03634554499462478,1626,113.0,43.0,1242.3910262519482
526600,296,62,129,7,4,156,0.870094060138411,0.03570726206937431,1626,100.0,46.0,969.4099313520625
526700,286,56,116,10,4,156,0.8733400105964434,0.03554333446773904,1626,138.0,47.0,1543.939515599606
526800,299,53,123,13,4,159,0.8772105448973285,0.03493882663187846,1627,143.0,50.0,1844.6151696545048
526900,300,56,117,12,2,169,0.8677334631887182,0.03458400005287204,1627,111.0,43.0,1223.0637864787261
527000,308,45,125,8,1,174,0.851724805092989,0.03393759069111508,1627,135.0,42.0,1731.9492777913865
527100,317,49,143,4,4,166,0.8303574642034015,0.03164178517277634,1627,90.0,33.0,1140.8650995359778
527200,318,48,145,5,0,168,0.8239793187441601,0.03122569238438933,1628,122.0,41.0,1449.631538480731
527300,316,52,147,8,0,161,0.8436978780182259,0.03173315959983482,1628,86.0,38.0,705.8140467898071
527400,298,58,134,5,0,159,0.852709289485226,0.030838118021280392,1629,109.0,47.0,1122.5163919194292
527500,298,46,137,4,2,155,0.8417955268277958,0.030546924095838073,1628,127.0,35.0,1530.2777202013715
527600,312,47,142,3,2,165,0.8557049400268645,0.03136915647351611,1629,84.0,31.0,919.3030325898955
527700,325,42,149,5,3,168,0.8449724738854465,0.031251016784985756,1630,74.0,29.0,702.6467245193325
527800,319,46,135,7,5,172,0.8611198740830547,0.033114228455211406,1630,115.0,44.0,1108.9493575449806
527900,294,49,135,6,3,150,0.8635163988750283,0.032896877007687536,1630,135.0,54.0,1369.160483885749
528000,311,52,129,8,4,170,0.8684680267479787,0.031732311757313184,1631,123.0,39.0,1613.2340155170923
528100,280,64,122,8,3,147,0.8704791987560719,0.03164731300600643,1632,172.0,64.0,2231.4179873444127
528200,291,50,120,7,4,160,0.8505553580303197,0.031104809466772135,1632,98.0,37.0,1173.380790309932
528300,290,48,131,6,2,151,0.8546497853093414,0.029593861542413964,1632,146.0,48.0,1875.8977603548144
528400,308,48,137,2,1,168,0.8045518483287439,0.02767382151421415,1633,110.0,34.0,1461.4740603152243
528500,313,51,144,1,2,166,0.8176544158719493,0.026898152791855583,1633,136.0,53.0,1702.6549459256585
528600,319,54,142,2,1,174,0.8142599195905522,0.026829632223403198,1633,107.0,25.0,1690.6093682641138
528700,318,50,139,2,0,177,0.8170203641911067,0.02686752914218948,1633,115.0,40.0,1383.8151574491064
528800,319,50,150,2,2,165,0.8165821341052638,0.026345421475472107,1634,97.0,31.0,1093.8083849279972
528900,330,42,150,3,4,173,0.826420169796512,0.025825536755418186,1635,89.0,26.0,1086.698144250117
529000,318,47,142,6,3,167,0.8151862021485975,0.025407804596990442,1635,104.0,43.0,1130.5320184676484
529100,311,49,137,4,2,168,0.822865552398945,0.02521733207520137,1636,97.0,34.0,1120.3071153034857
529200,314,44,151,5,1,157,0.8175560710898282,0.025231637703245872,1636,82.0,31.0,786.0207415016562
529300,325,49,153,7,3,162,0.8303589060268514,0.025811790976865798,1637,81.0,35.0,782.4489736920088
529400,306,55,147,6,3,150,0.8474766706027614,0.025865102058183286,1638,108.0,46.0,1078.4063017843132
529500,295,55,130,5,4,156,0.8596296568131029,0.02572058437377552,1638,126.0,51.0,1390.973656010632
529600,289,58,129,6,3,151,0.8534297981543871,0.024745350695382817,1639,150.0,58.0,1696.107867343875
529700,303,55,125,6,0,172,0.8646705404718673,0.02405882782884526,1640,105.0,43.0,1176.8135293251382
529800,323,47,132,7,0,184,0.8594903142005533,0.024139338348925485,1640,105.0,36.0,1290.5675077355288
529900,322,47,135,7,1,179,0.8495417339488925,0.024503264912459806,1640,117.0,48.0,1345.1181206696053
530000,325,50,138,6,0,181,0.8367312403364415,0.024498962944105848,1639,143.0,48.0,1745.2417296764015
530100,302,56,134,5,2,161,0.8459298629148513,0.026265062744647242,1640,121.0,44.0,1382.9663774436283
530200,304,54,134,5,5,160,0.845437265370404,0.025621999417027502,1641,130.0,39.0,1686.8201100465442
530300,313,54,142,7,4,160,0.8316040495881543,0.02501891858381202,1641,91.0,37.0,944.7526562288135
530400,319,53,136,5,3,175,0.8445600432826653,0.02650861217397877,1642,108.0,46.0,1162.549296502813
530500,327,50,139,4,2,182,0.8437091941787795,0.026992503961349414,1643,112.0,39.0,1308.1861802017972
530600,317,53,133,6,1,177,0.8617433902312923,0.027353410083014267,1643,106.0,47.0,1060.4059807264264
530700,299,48,121,5,3,170,0.8437081383576526,0.027167344093956828,1644,130.0,41.0,1634.699788225056
530800,296,64,128,8,3,157,0.8552308037974604,0.02737342215320646,1644,110.0,46.0,1082.2377645375916
530900,299,55,126,7,2,164,0.8475105485377986,0.02755485994162041,1645,109.0,42.0,1212.989344261222
531000,313,51,134,6,6,167,0.8495833504062829,0.028076528005207026,1646,92.0,37.0,1094.065103233403
531100,314,45,135,8,0,171,0.8531688653871629,0.027691468391536474,1646,114.0,46.0,1268.7636845021111
531200,310,52,137,8,3,162,0.8600076759842886,0.02726836631771562,1647,141.0,46.0,1673.2569944015388
531300,318,48,147,9,3,159,0.8426101854282193,0.02617848628529877,1646,116.0,43.0,1313.0816654433984
531400,320,55,147,9,2,162,0.8441550267489912,0.025704784602118787,1646,119.0,38.0,1481.3180646420017
531500,319,53,134,7,1,177,0.8374581175449527,0.025099239388072233,1646,120.0,41.0,1439.8451488129763
531600,333,49,146,7,7,173,0.845138464349164,0.02503407384144965,1647,81.0,33.0,834.5527443726991
531700,316,56,142,9,3,162,0.8412569663098354,0.024812003538888138,1647,105.0,46.0,1063.9349881049202
531800,310,56,142,6,2,160,0.8488027656372614,0.024779143902522907,1647,101.0,46.0,1046.6956285735132
531900,317,57,147,4,1,165,0.8555564217572738,0.026402366051770217,1648,138.0,38.0,2039.0682006094414
532000,310,57,140,3,1,166,0.8221767065204992,0.02540025873621636,1649,134.0,42.0,1783.8432954434597
532100,302,52,137,3,0,162,0.8241033466045813,0.026490856500441758,1649,99.0,45.0,1008.7264076733314
532200,330,43,142,3,2,183,0.8217698966476794,0.025701506090140123,1649,64.0,23.0,745.2421807841773
532300,338,47,157,5,0,176,0.8084181662555621,0.025397952737664705,1650,94.0,33.0,1151.6251016011113
532400,352,44,152,6,0,194,0.8257414356929743,0.02659029916090562,1651,51.0,28.0,355.8346075393661
532500,343,49,153,10,0,180,0.8237418750063807,0.025704240590713287,1651,60.0,26.0,567.0154907845382
532600,321,49,140,6,1,174,0.8292194476212781,0.026077171180057142,1651,80.0,35.0,859.2586452325022
532700,323,45,153,4,2,164,0.8343698541170141,0.025282447045343534,1652,89.0,31.0,1035.257127153391
532800,307,51,145,5,1,156,0.8559190420253525,0.024023939642230048,1652,112.0,52.0,1185.5072004232798
532900,317,55,151,6,0,160,0.8450998755285675,0.023971434364311477,1653,145.0,39.0,2153.2321755077655
533000,312,47,152,2,2,156,0.8377664611392354,0.02405347551627423,1653,123.0,43.0,1545.9805593172937
533100,324,44,150,3,0,171,0.8373339554263068,0.02449325876183816,1653,91.0,36.0,1095.4177963607606
533200,316,56,159,4,2,151,0.8357080008468358,0.024949091697529784,1654,122.0,34.0,1743.409121381496
533300,332,50,153,3,2,174,0.8405372099741847,0.02605595020699512,1655,111.0,34.0,1526.074345895969
533400,323,58,163,3,2,155,0.8299846889052954,0.0253602290551997,1655,95.0,34.0,1208.6003921520864
533500,310,60,150,2,1,157,0.8288267449419022,0.025456470979612227,1656,112.0,36.0,1478.3236409802626
533600,319,54,154,5,1,159,0.8113013055661279,0.025934607257775525,1656,78.0,29.0,881.6624772602398
533700,328,44,149,3,0,176,0.8107229950900633,0.02566988730282874,1657,98.0,31.0,1177.4910851862019
533800,341,42,153,6,1,181,0.8185944618772243,0.0251317716306493,1657,74.0,34.0,617.8056906935819
533900,333,44,155,2,1,175,0.8160557737842578,0.024891364820824814,1658,74.0,25.0,902.4496441089539
534000,326,50,166,2,1,157,0.8148997313717176,0.024755684063182494,1649,89.0,33.0,1043.9203775491135
534100,320,39,163,3,0,154,0.8201849933739807,0.02406233164830541,1649,97.0,43.0,1013.6166518175074
534200,324,47,157,3,0,164,0.819664400566873,0.024701215615819734,1649,75.0,28.0,822.717250309094
534300,327,41,151,1,2,173,0.8178894920130181,0.026420382151978304,1649,101.0,34.0,1201.1248759685827
534400,328,51,151,2,2,173,0.822723208078324,0.02568396623728581,1650,64.0,21.0,767.5769613121761
534500,317,55,155,2,2,158,0.8259285758575632,0.027412873761896772,1650,93.0,34.0,1147.894990092032
534600,335,47,150,2,6,177,0.8226184386718692,0.027036446539825808,1651,64.0,19.0,774.793787012434
534700,334,47,166,1,6,161,0.8153553147101247,0.027804856857340854,1652,63.0,25.0,671.5913791025204
534800,322,41,166,2,2,152,0.8151070296090888,0.027938074510515137,1652,79.0,33.0,876.8312614154354
534900,332,47,167,4,3,158,0.8315116267500439,0.027823893367707162,1653,54.0,21.0,634.442349109637
535000,322,50,151,3,3,165,0.8216927951614507,0.0279639674286112,1653,57.0,25.0,562.2984990706772
535100,314,52,145,3,1,165,0.8269785063302536,0.027110753467208093,1653,67.0,33.0,645.7636123913417
535200,329,48,152,6,3,168,0.8501788906894604,0.027565188274998008,1654,81.0,29.0,933.5466984330625
535300,320,38,151,5,2,162,0.8532761521379013,0.02731431759750246,1654,105.0,38.0,1391.4037828799906
535400,332,44,154,6,0,172,0.8528227282142782,0.027133136636044036,1655,84.0,24.0,1140.843653179153
535500,331,48,165,4,1,161,0.8259029748493618,0.02644990920765358,1655,50.0,21.0,562.0600863283058
535600,335,51,151,1,1,182,0.8304976422729625,0.02671211319969869,1656,73.0,27.0,770.4107300511993
535700,341,45,160,1,2,178,0.8171542290225958,0.027058009059105447,1656,87.0,29.0,1064.6057400925022
535800,324,41,154,2,2,166,0.8216821509861283,0.02660937332478111,1657,87.0,29.0,1013.4557426504086
535900,327,42,164,3,3,157,0.829002255706396,0.02605085458787271,1658,61.0,24.0,699.450947596448
536000,333,39,167,1,3,162,0.8229769394693203,0.02611291713707314,1658,59.0,23.0,604.5949871547891
536100,325,46,155,3,4,163,0.8453881067768547,0.02639067108845506,1659,66.0,30.0,602.9176911687598
536200,315,49,159,2,2,152,0.8623580706421579,0.026272161111370148,1660,107.0,43.0,1269.6869480349867
536300,303,50,152,1,2,148,0.8446285347762439,0.02666982051309311,1660,113.0,43.0,1426.0808138731818
536400,316,40,143,3,2,168,0.8564695885027159,0.027506510791963607,1661,138.0,44.0,1749.687687960392
536500,309,43,143,5,2,159,0.8533023824535856,0.027956668159996197,1662,101.0,37.0,1105.6269370857408
536600,321,51,140,6,3,172,0.8469515409444569,0.02893851127331154,1661,109.0,46.0,1181.0568287120104
536700,300,53,139,7,4,150,0.8501460280188459,0.029106870534086924,1661,105.0,48.0,1134.863812247205
536800,308,45,128,5,1,174,0.8649087277953573,0.029239216331735825,1662,125.0,43.0,1592.561526537626
536900,315,54,138,2,2,173,0.8595304356753964,0.029245509332358706,1663,151.0,48.0,1848.1431040419998
537000,315,60,142,4,1,168,0.8576459960575726,0.02909072770549585,1663,112.0,31.0,1567.6729550791572
537100,322,47,136,6,4,176,0.850799675138822,0.029447818896101402,1663,86.0,29.0,1074.5552316887115
537200,312,43,140,5,7,160,0.8262431366536261,0.028439138115223316,1664,91.0,35.0,900.5657756163067
537300,322,42,146,6,1,169,0.8205658176939078,0.028244102813095272,1665,91.0,33.0,1062.5778431469892
537400,336,51,151,5,2,178,0.8125298362410431,0.027419992095039876,1665,86.0,27.0,1078.4450160062515
537500,335,49,158,3,1,173,0.8220737255197835,0.027804193619577422,1666,84.0,31.0,1015.0803632658503
537600,321,51,146,1,1,173,0.8352812437273321,0.027444096165359914,1666,102.0,42.0,1075.3755579280378
537700,320,45,162,3,0,155,0.8253113553934306,0.02585002246291308,1666,90.0,27.0,1239.843085489665
537800,331,44,167,3,0,161,0.8249740574799483,0.026779563126427583,1667,81.0,34.0,854.092965172648
537900,315,54,158,5,0,152,0.8249300669396573,0.02872662350162381,1663,71.0,33.0,764.9783327490405
538000,319,45,153,3,1,162,0.8567307260712056,0.029421977291690896,1664,74.0,37.0,696.8931720664712
538100,302,54,152,5,2,143,0.8776406490225909,0.03029681549955401,1665,108.0,50.0,1221.2341833706744
538200,304,45,144,4,1,155,0.8774145486437346,0.02897485604540172,1665,124.0,48.0,1631.1004713442321
538300,293,52,133,5,0,155,0.9008301966461449,0.02970400301580955,1665,132.0,58.0,1572.335940750805
538400,295,59,127,2,1,165,0.8805568416016897,0.02852230595841587,1666,134.0,55.0,1740.8007493650582
538500,296,61,129,3,1,163,0.8788907211321179,0.02842911141349297,1667,118.0,43.0,1635.7459676296598
538600,304,47,123,2,0,179,0.8959691871684732,0.028853638767772718,1667,158.0,58.0,2244.321877349278
538700,296,47,126,4,1,165,0.9213981294764387,0.028900016506137674,1668,137.0,46.0,1881.4370639910737
538800,286,53,112,5,3,166,0.9010866483748692,0.02852949989264515,1668,178.0,58.0,2475.3919249197206
538900,285,60,122,4,4,155,0.9130603095235672,0.02793453417136103,1669,151.0,51.0,1948.548976303354
539000,278,53,115,5,4,154,0.9179739098075345,0.026931279892751188,1669,147.0,60.0,1767.7640964321429
539100,284,64,116,6,2,160,0.9338842389798317,0.028487958922331455,1669,153.0,60.0,1820.2649009798233
539200,263,69,103,3,5,152,0.9217688403906651,0.027221345358959616,1670,161.0,56.0,2080.2614460659784
539300,269,57,109,3,2,155,0.9050954505734231,0.026237788818493108,1670,181.0,57.0,2507.0876632535465
539400,274,52,110,7,4,153,0.9242871215132301,0.027090851477950623,1671,147.0,56.0,1710.7423918735333
539500,282,57,117,3,3,159,0.9039409317397433,0.026291573493931283,1672,176.0,58.0,2209.385107553457
539600,281,62,112,2,0,167,0.8751026007050912,0.024993644284961283,1669,246.0,68.0,3568.3406566818253
539700,293,59,125,2,0,166,0.8648111568485071,0.024987293125444513,1669,110.0,30.0,1637.0881712904911
539800,300,50,128,0,0,172,0.86490822728483,0.026160222541365658,1670,96.0,37.0,1178.6815696092071
539900,298,53,135,2,1,160,0.8763024694223238,0.02494289332671973,1671,114.0,49.0,1339.302544702947
540000,299,59,125,1,3,170,0.8957285321378263,0.02621410346798322,1671,144.0,52.0,1819.1232142774318
540100,286,56,116,3,2,165,0.9135644800695879,0.027408026686785585,1672,156.0,62.0,1932.346415583823
540200,277,61,110,1,1,165,0.9052107333075329,0.027700352481836065,1673,166.0,57.0,2265.107586646667
540300,295,54,122,2,3,168,0.8964450244282626,0.02696119802649508,1673,125.0,38.0,1827.2059310218524
540400,307,50,123,2,5,177,0.8922177780994954,0.026555788447082385,1674,100.0,47.0,1008.9456693156021
540500,309,50,124,4,5,176,0.9319949824357693,0.026663012825411593,1674,125.0,49.0,1654.1417270309594
540600,310,58,125,8,1,176,0.8974306306132447,0.02454361445923305,1673,156.0,52.0,1984.4769508223897
540700,311,60,138,7,2,164,0.8840433729961964,0.02353151370665882,1674,149.0,60.0,1794.794634102868
540800,304,56,130,10,0,164,0.9099975883513941,0.023073061202047208,1674,134.0,53.0,1521.9727354492209
540900,306,57,127,9,2,168,0.8801165256270421,0.022812535362930906,1674,115.0,36.0,1679.5924790013196
541000,304,48,123,7,1,173,0.8919157701312628,0.02366228919732837,1675,125.0,55.0,1383.146901387676
541100,306,59,132,3,2,169,0.8856216945627491,0.02367254342562515,1675,121.0,46.0,1497.7084748978448
541200,314,58,124,4,1,185,0.884199658039803,0.024160726592324412,1675,167.0,56.0,2144.003361536931
541300,333,53,140,6,3,184,0.8681568567709517,0.022709009554442338,1676,145.0,47.0,1954.691136472578
541400,332,52,140,4,0,188,0.8568059277933644,0.02186940210060214,1676,108.0,39.0,1329.4016067399887
541500,320,52,143,7,0,170,0.8651118292994884,0.02217707636783261,1676,93.0,38.0,1161.9849161343818
541600,317,49,153,9,0,155,0.8456618303860418,0.020941146237134098,1677,125.0,45.0,1611.0320355924725
541700,315,54,157,7,1,150,0.858152412607176,0.02100369656142503,1678,69.0,34.0,678.5678654257779
541800,322,49,152,5,1,164,0.8464609265428216,0.021278468470649514,1678,83.0,36.0,916.5786726991623
541900,327,43,151,4,0,172,0.8367956296378917,0.021598980540964284,1679,108.0,38.0,1301.5219434819312
542000,325,51,146,1,1,177,0.8360382585642719,0.022418415252389357,1679,88.0,35.0,993.8388520672174
542100,327,38,151,4,1,171,0.8485049485040262,0.0233374544382583,1680,94.0,38.0,1023.8663515858683
542200,319,48,152,6,0,161,0.85340789730261,0.024027794397447576,1680,86.0,29.0,1062.2089412600342
542300,333,49,157,7,1,168,0.8583307208924446,0.024364830208888598,1680,44.0,20.0,372.69167763568254
542400,320,55,150,8,2,160,0.8565493287987896,0.024191223312885216,1681,91.0,48.0,839.9667370972381
542500,333,41,148,7,3,175,0.8522868418289019,0.024138190500018458,1682,131.0,40.0,1793.01883984401
542600,307,47,147,5,1,154,0.8576447478692807,0.02457884851585975,1682,115.0,47.0,1401.2787537993865
542700,316,51,141,4,1,170,0.8541710730842192,0.02356671156954841,1682,123.0,35.0,1762.5737243203482
542800,322,50,147,7,1,167,0.8499335587873988,0.02323464131097896,1682,130.0,41.0,1706.1149171578218
542900,316,41,150,4,2,160,0.8413321462224895,0.02317987863266861,1682,75.0,29.0,865.5945765517121
543000,308,53,146,4,1,157,0.8421375893587192,0.023609039683579802,1683,88.0,44.0,804.3962386421233
543100,304,56,146,5,2,151,0.8697379574721811,0.023880005826204392,1683,94.0,38.0,1081.5341023759831
543200,318,42,149,7,1,161,0.8505759297538413,0.02401151462310861,1683,100.0,30.0,1170.9388976370672
543300,322,50,160,6,0,156,0.854314049986863,0.02470144593448535,1684,82.0,34.0,951.3207657997357
543400,325,54,152,6,2,165,0.871532076324988,0.025835806199360368,1685,86.0,36.0,1012.6361679383716
543500,311,51,144,5,3,159,0.863634509968016,0.025984694011221235,1681,101.0,36.0,1312.0446567606034
543600,315,51,148,5,0,162,0.8544933032201235,0.0256174706924166,1681,90.0,33.0,1174.8428870410319
543700,319,48,152,4,1,162,0.863601911482483,0.025738793555952967,1682,88.0,30.0,1187.9593962456775
543800,324,47,153,4,1,166,0.852665076373109,0.02474038930989222,1683,111.0,38.0,1472.8670949846405
543900,310,55,148,1,2,159,0.8515590961502565,0.024593728760915333,1683,88.0,38.0,1127.0431977145277
544000,321,45,148,2,0,171,0.8401348203209441,0.02398471636375432,1683,60.0,28.0,658.1415136839847
544100,313,47,154,1,1,157,0.8318975357343444,0.023202838644645906,1684,123.0,39.0,1796.7387838867942
544200,317,49,147,1,0,169,0.8455520167894283,0.02341487791532995,1685,77.0,26.0,1038.2494265896803
544300,320,47,147,3,2,168,0.8482251683239154,0.022605640101842055,1685,83.0,32.0,1102.786316920438
544400,319,39,155,2,3,159,0.8397211357107722,0.022707721682229225,1686,80.0,31.0,1004.705401068596
544500,318,49,161,2,0,155,0.8291013994704716,0.02335289264585007,1687,85.0,33.0,1008.0749155439208
544600,308,45,160,4,1,143,0.8392690920528237,0.023548294045845894,1687,84.0,42.0,854.0722036028161
544700,313,45,152,1,0,160,0.8413107625569842,0.02307680848654152,1688,77.0,33.0,870.9358159265996
544800,311,55,143,2,1,165,0.8457388945546279,0.022426581896578833,1689,75.0,29.0,833.6649730453112
544900,316,41,138,4,0,174,0.8452669832060474,0.022315056706319673,1689,106.0,31.0,1437.6924439273876
545000,322,41,145,4,2,171,0.8454977246392831,0.021908230444280717,1690,101.0,41.0,1151.624043143509
545100,323,52,138,7,1,177,0.8636259980814965,0.02189272471050215,1691,91.0,39.0,1053.3959583585815
545200,320,48,146,6,1,167,0.8520195760181982,0.021280043691375233,1691,92.0,38.0,1087.865815603389
545300,313,57,149,6,1,157,0.8500032946635084,0.021188263068198154,1691,100.0,32.0,1199.0410514243233
545400,295,56,133,6,1,155,0.8747971803662502,0.02140030085914098,1692,110.0,45.0,1315.8109601431188
545500,296,49,140,1,1,154,0.8601235894320949,0.02063942685804125,1693,172.0,55.0,2566.628955422087
545600,318,45,146,2,2,168,0.8430147975109827,0.019892962368742523,1693,88.0,23.0,1392.3347231272278
545700,335,50,157,1,1,176,0.8254245947362812,0.018632922243497885,1693,87.0,28.0,1162.2486172124102
545800,352,40,171,5,1,175,0.8254532878541451,0.018852331663794224,1694,59.0,22.0,619.7245287962339
545900,332,49,168,4,1,159,0.828083142185886,0.01843429390224879,1694,123.0,45.0,1555.3137659398105
546000,326,46,156,1,4,165,0.8248992417911151,0.018690606364823996,1695,81.0,27.0,950.684332454575
546100,332,45,165,2,1,164,0.8161535914062913,0.018602757372013046,1695,72.0,28.0,845.5158333576012
546200,351,40,176,3,1,171,0.8182512203898862,0.018777795231287375,1695,74.0,16.0,1071.6864718643571
546300,341,46,176,2,1,162,0.798844422432451,0.01831512934310416,1695,65.0,21.0,852.4507016335666
546400,342,49,169,4,2,167,0.807192868615078,0.01831112023248185,1696,50.0,19.0,527.7062887062058
546500,357,43,174,4,0,179,0.8006791178303602,0.017601622071429658,1697,38.0,14.0,378.42918856794995
546600,345,47,173,4,0,168,0.810438535645816,0.01784443009407068,1697,52.0,31.0,354.5408251631454
546700,336,49,167,3,0,166,0.8184132958891855,0.018237996363355533,1698,78.0,33.0,921.1551988719557
546800,332,48,166,1,0,165,0.8111852304210916,0.01776856492935914,1698,88.0,28.0,1143.808465044947
546900,327,52,168,1,0,158,0.8336585341610635,0.018633009917887255,1699,86.0,30.0,1169.907823334832
547000,312,44,165,1,3,143,0.823140600869898,0.01837356854189501,1699,76.0,25.0,1022.3076613710131
547100,331,62,169,2,0,160,0.8330179516821513,0.018901268859453264,1700,72.0,27.0,837.474502777421
547200,339,46,164,3,0,172,0.8433922133187569,0.01929372718530163,1701,87.0,30.0,1103.6649854829911
547300,318,43,149,3,1,165,0.8273988403238511,0.01924921753992007,1701,112.0,46.0,1307.8706707679162
547400,315,40,144,2,3,166,0.8250078326884993,0.019031755176802927,1702,104.0,37.0,1419.8379342685905
547500,316,49,151,2,1,162,0.8427421254229247,0.019393046343671613,1702,92.0,31.0,1316.47464421427
547600,315,48,158,2,1,154,0.8267788191886432,0.019274262303049117,1703,93.0,33.0,1218.1067572568713
547700,319,52,160,1,1,157,0.8345020648108258,0.019416023530018443,1704,71.0,34.0,692.4834903448675
547800,324,50,166,6,0,152,0.8421278854583047,0.02021725487554347,1703,72.0,29.0,890.4483705440413
547900,320,44,158,5,0,157,0.8346178756870557,0.019715085058235875,1704,86.0,39.0,888.0127088143562
548000,311,49,150,2,0,159,0.8359424326008438,0.019379158317291766,1704,100.0,37.0,1349.4891548994838
548100,318,51,149,3,0,166,0.8338294587416187,0.018963733249987392,1705,88.0,29.0,1143.9994835610341
548200,313,47,151,4,0,158,0.8371019971956312,0.018581603185278114,1706,78.0,29.0,966.5915257590233
548300,322,49,157,4,0,161,0.8288636125947835,0.017730883492532008,1706,112.0,31.0,1557.195826221356
548400,326,43,153,1,1,171,0.8214868624129339,0.0172480708992586,1707,77.0,28.0,944.3260313803218
548500,325,52,151,0,3,171,0.8181598074631286,0.016997133823776833,1707,111.0,35.0,1468.3465747565588
548600,328,39,157,1,1,169,0.8237511920811011,0.01722482688801518,1708,60.0,24.0,638.9401939811136
548700,330,46,171,2,1,156,0.8395112681638381,0.017673936633640197,1708,49.0,23.0,436.2028018651746
548800,318,50,162,4,1,151,0.8282987137048236,0.01696764671016308,1709,79.0,25.0,992.8484792059459
548900,313,55,154,7,2,150,0.8372794730713756,0.017365964154909597,1710,87.0,40.0,919.5699344896009
549000,328,44,160,6,0,162,0.8388304959303702,0.017606205740020926,1710,41.0,21.0,387.6492945180042
549100,330,46,161,7,0,162,0.8375622873883355,0.017107191986307207,1711,59.0,29.0,571.594160929136
549200,328,46,162,5,2,159,0.8507863220002366,0.016962130410873053,1711,120.0,40.0,1692.9016132879651
549300,311,49,158,4,0,149,0.843729574574446,0.01694853660627339,1712,120.0,48.0,1585.6203267712365
549400,321,55,156,3,0,162,0.8325109862094332,0.01724521370879714,1712,119.0,34.0,1841.4472436905144
549500,322,45,149,3,1,169,0.8261860241005856,0.01698586285370281,1712,69.0,27.0,878.8396791550377
549600,324,51,143,2,2,177,0.8357413705056873,0.017228234406740452,1713,66.0,23.0,713.759632147303
549700,340,45,156,4,2,178,0.8275773649483424,0.017455811587545663,1713,94.0,31.0,1268.3888057631523
549800,333,42,164,3,1,165,0.8296555223584273,0.017479886391936393,1714,80.0,29.0,909.4240796388863
549900,332,49,158,3,1,170,0.8353931650971548,0.017420280812254336,1713,66.0,24.0,835.0254727221222
550000,319,50,156,6,1,156,0.8273688581869869,0.017137235374205508,1714,71.0,34.0,686.855788921975
550100,318,51,164,5,1,148,0.8392506392516649,0.017298657423431858,1714,58.0,23.0,699.9821167517931
550200,324,50,150,5,0,169,0.845388862700345,0.018239347557895587,1714,94.0,29.0,1354.606730983377
550300,332,49,165,5,1,161,0.8325470289059932,0.017608708376814594,1714,63.0,22.0,822.1107784762261
550400,336,43,155,4,0,177,0.8490173722851337,0.018942141669476293,1715,72.0,26.0,905.6755387266962
550500,325,46,155,4,1,165,0.8264726463849904,0.01828939879344497,1715,87.0,32.0,1070.3387593530801
550600,333,47,153,5,0,175,0.8148407926103207,0.01814747980158884,1715,74.0,24.0,1068.644570817715
550700,339,47,158,6,1,174,0.8213379304883596,0.018360107624093625,1715,70.0,24.0,922.6207026720942
550800,339,49,168,4,2,165,0.8137430351299385,0.018149717740814808,1715,114.0,35.0,1420.0377291473862
550900,336,44,162,4,0,170,0.8233666768066049,0.01897263252725207,1715,59.0,26.0,633.884829695733
551000,342,50,168,3,1,170,0.8159109993727408,0.019042519750423488,1715,98.0,35.0,1272.198706294313
551100,344,41,160,3,3,178,0.8123593803495769,0.019060774804573972,1715,59.0,22.0,598.3244801656734
551200,343,54,162,5,2,174,0.8165642124973751,0.018804462359043324,1715,94.0,29.0,1132.4064727883235
551300,331,50,160,5,3,163,0.8214862349833016,0.01898067333625438,1715,67.0,31.0,669.8518220759403
551400,325,45,157,5,2,161,0.8421327149532463,0.019264121939490262,1711,63.0,26.0,678.4941303174626
551500,335,51,153,5,1,176,0.8355027333343207,0.019207968509748215,1711,47.0,21.0,431.19704914855606
551600,340,43,168,6,1,165,0.8329575412301855,0.019150163372760043,1712,86.0,32.0,1054.4073075932392
551700,331,56,168,4,2,157,0.8254475912523986,0.01902488356083738,1713,98.0,29.0,1213.3032701295288
551800,337,48,175,4,1,157,0.8082245232432335,0.017831781822911324,1713,35.0,19.0,287.9765199521621
551900,326,44,172,3,1,150,0.8088278662940003,0.018204672531657785,1714,57.0,25.0,510.00164645675125
552000,332,56,170,5,1,156,0.8173254826052873,0.018658052782129893,1714,52.0,21.0,538.7218313023553
552100,348,48,175,5,0,168,0.8165120838829241,0.01872040165405963,1714,49.0,21.0,408.4369261911924
552200,353,47,173,7,0,173,0.8213935155652023,0.01898667170423591,1712,53.0,23.0,510.71610868153215
552300,352,47,179,6,0,167,0.8256398670015515,0.0190209323958263,1712,75.0,28.0,797.2514893455067
552400,350,40,177,3,2,168,0.8286223525393094,0.018605701431447047,1712,77.0,27.0,857.0387004423159
552500,328,40,160,4,0,164,0.8212899523659621,0.018581293557999243,1713,86.0,24.0,1053.7296379185832
552600,334,38,163,6,0,165,0.8283222248412168,0.019282656188856235,1713,75.0,27.0,887.8033039512252
552700,324,45,167,5,0,152,0.8312983462988276,0.019248770750587788,1713,48.0,20.0,545.9471328101516
552800,322,54,166,6,2,148,0.8300398069168484,0.018802965414830005,1713,48.0,24.0,393.2374393031462
552900,319,51,168,5,2,144,0.8245902721706492,0.018491884329092132,1714,70.0,27.0,717.6101699096328
553000,336,45,162,4,2,168,0.8299316305341767,0.01868442440130944,1714,43.0,20.0,423.30426593927046
553100,323,56,153,4,1,165,0.8595462871904513,0.020426855163200267,1715,100.0,45.0,941.8011311083477
553200,310,50,148,5,2,155,0.8607384050864392,0.02012765529239421,1715,103.0,40.0,1210.4542021432676
553300,308,49,149,5,2,152,0.8638023724303423,0.019864908559967625,1716,64.0,34.0,548.1825838600674
553400,324,52,148,4,1,171,0.8625915607138213,0.019914449271713253,1716,85.0,31.0,948.9283267669254
553500,321,49,136,5,2,178,0.8572545943034323,0.02026147350280627,1717,113.0,44.0,1208.3166150792297
553600,322,44,141,6,2,173,0.8427078777228593,0.01972377252204451,1717,94.0,34.0,959.3182628681652
553700,334,57,152,8,2,172,0.8473768018505847,0.02006696689583812,1718,69.0,29.0,722.7523208058666
553800,320,47,151,6,1,162,0.8448665282485528,0.01952070161921956,1718,104.0,39.0,1092.8133182395438
553900,322,42,151,5,2,164,0.8467537644814956,0.019418463604823806,1718,106.0,39.0,1230.2505908922628
554000,320,48,146,4,2,168,0.8497571779743991,0.020087731062820822,1719,93.0,36.0,951.1941606633256
554100,314,44,134,8,2,170,0.8833489222488652,0.020993900166912962,1719,104.0,47.0,1042.091385711862
554200,332,56,149,5,4,174,0.85405481056906,0.020437372840303263,1720,129.0,35.0,1816.106321886
554300,323,52,134,10,2,177,0.8594253127767523,0.020604074471020396,1720,85.0,31.0,858.8653146183194
554400,320,39,139,9,2,170,0.8527263161600522,0.02096504129957659,1721,124.0,50.0,1320.6187256949793
554500,317,57,143,7,3,164,0.8739373321262318,0.022134798951209116,1721,114.0,39.0,1550.2014501475803
554600,313,54,134,5,2,172,0.854501157085257,0.02195037994171825,1721,111.0,42.0,1424.634541067354
554700,323,53,152,5,0,166,0.8642353993596403,0.023334393283149735,1722,104.0,46.0,1092.9902881418777
554800,318,55,143,8,1,166,0.864348672432555,0.022950773093946435,1722,129.0,47.0,1699.9301591520527
554900,308,62,133,7,1,167,0.8524191273138236,0.022140195874159038,1722,123.0,48.0,1400.5194848861884
555000,321,55,138,7,0,176,0.8571641773469124,0.02342749502027319,1723,131.0,35.0,1936.7151577087216
555100,309,53,140,4,3,162,0.8418628522650151,0.02482483958222698,1723,109.0,38.0,1335.7052920832202
555200,318,47,132,6,4,176,0.8603354647904954,0.026369771284687298,1724,103.0,47.0,1057.663931336869
555300,319,50,132,10,2,175,0.8860938729606912,0.027526162429696695,1725,104.0,49.0,1140.6192511753943
555400,309,53,126,8,2,173,0.9005963630317894,0.02811063193772936,1725,168.0,66.0,2099.177480752729
555500,306,51,127,5,2,172,0.8787711620872154,0.02796139623970612,1726,145.0,45.0,2047.3790595960609
555600,315,44,139,4,0,172,0.8394667835442183,0.027837008299543765,1726,134.0,43.0,1778.5584714046154
555700,319,61,144,4,1,170,0.8487108745379626,0.02868752150863981,1726,115.0,40.0,1539.9563197642508
555800,314,53,138,2,4,170,0.8747724444683181,0.030438248408055417,1727,110.0,41.0,1226.1435281005738
555900,300,54,141,3,3,153,0.8690335288797557,0.03024081929878396,1727,120.0,50.0,1344.6657819004715
556000,308,51,137,5,5,161,0.8994792493546886,0.032155064456737686,1728,138.0,57.0,1747.4504298017778
556100,296,54,130,3,3,160,0.8787682816121224,0.03256489305337446,1729,156.0,48.0,2270.4978448399706
556200,316,52,135,3,4,174,0.8786723831836908,0.03254506055581912,1729,140.0,40.0,2039.0414644797029
556300,309,51,133,3,4,169,0.8896212630115979,0.03335266607215003,1729,120.0,48.0,1435.414800507209
556400,310,55,132,3,4,171,0.8641950211785352,0.031768875031630485,1730,153.0,56.0,2094.6090180096285
556500,309,63,133,6,2,168,0.8758085284071602,0.03147319711474985,1730,140.0,43.0,1823.4629847304102
556600,309,60,126,6,5,172,0.8790241169445894,0.03100425926584003,1731,120.0,49.0,1473.7592114987633
556700,313,60,134,3,3,173,0.8495179601917028,0.030268174109325505,1732,180.0,40.0,2726.3710741055374
556800,327,39,143,4,2,178,0.816526638282582,0.028674960442355107,1731,127.0,38.0,1728.1827739387325
556900,332,55,145,6,3,178,0.8385628144356083,0.029068881590149052,1731,101.0,35.0,1191.4646969508153
557000,320,45,139,4,3,174,0.8190058316947212,0.028708644700811848,1732,101.0,44.0,1036.4886275230851
557100,325,53,152,6,3,164,0.8350352610898947,0.029309997153871427,1733,82.0,31.0,824.537276875985
557200,333,49,154,6,1,172,0.8310938414932161,0.027766353804468024,1733,85.0,29.0,1070.1623758529122
557300,334,50,156,4,3,171,0.8409418664769192,0.027297208554325113,1734,133.0,42.0,1873.3450426823329
557400,346,47,156,5,3,182,0.8542663036332263,0.028572911441712086,1734,108.0,35.0,1367.7151550176713
557500,336,50,152,5,1,178,0.8459021696664929,0.02870305706840742,1734,137.0,44.0,1869.9150114860688
557600,328,51,156,4,1,167,0.8471212625187856,0.029150863489868686,1735,91.0,37.0,1008.938021161478
557700,325,49,155,5,1,164,0.8473008111880094,0.028708496450444498,1735,111.0,39.0,1374.120512868079
557800,323,63,148,6,4,165,0.8605552819823731,0.02928863671389361,1736,143.0,50.0,1568.6361876216974
557900,325,59,140,3,5,177,0.8498465895119356,0.029856035532611243,1737,143.0,42.0,1957.3660462858084
558000,326,60,137,4,7,178,0.8430080981061928,0.029075005746707624,1737,94.0,36.0,1087.701937789355
558100,346,46,156,4,7,179,0.8416933950225896,0.0289016087174318,1738,106.0,35.0,1231.964355338583
558200,351,41,155,6,4,186,0.8412661912285849,0.028563749994214318,1738,139.0,49.0,1638.497556832471
558300,338,46,158,8,2,170,0.8551234480833528,0.028343676928703466,1738,103.0,45.0,1017.9681449504847
558400,326,56,169,8,2,147,0.8777087411089766,0.029185752157019636,1739,133.0,40.0,1857.0463155446246
558500,321,58,158,9,3,151,0.8943599535889513,0.029726499437246198,1739,141.0,56.0,1554.6170381767465
558600,315,57,145,5,2,163,0.8998730760859871,0.02918559556742481,1739,106.0,48.0,1104.4745853619884
558700,300,67,137,6,1,156,0.8932645519965433,0.02914364177984817,1740,168.0,58.0,2324.423983401904
558800,306,62,134,8,1,163,0.8906325628318212,0.030045492012701187,1740,124.0,40.0,1533.2395150930727
558900,308,52,136,3,1,168,0.8803032723085159,0.030808285587420377,1741,154.0,52.0,2103.6752049518554
559000,316,49,135,3,5,173,0.8708585655796177,0.03090689104590878,1741,139.0,39.0,1921.5047578673787
559100,318,62,145,3,3,167,0.870478631993534,0.031067277123143014,1742,106.0,44.0,1114.0563306397228
559200,318,51,147,7,3,161,0.8780431173538364,0.031095906336235896,1743,129.0,55.0,1325.6838972461046
559300,309,52,141,8,3,157,0.8743333716768521,0.030738008820188484,1743,171.0,63.0,1890.601823717568
559400,309,46,131,8,3,167,0.888741386989754,0.031178972455168555,1744,172.0,63.0,2014.102126899832
559500,294,56,122,7,2,163,0.8786975803706378,0.030758391172077678,1745,133.0,58.0,1400.5716950323067
559600,313,55,126,6,2,179,0.8749592708804536,0.030286038530468257,1745,150.0,51.0,1734.277899333272
559700,320,46,130,9,1,180,0.8747261712941146,0.03049816628702644,1746,152.0,61.0,1674.773219704696
559800,298,56,125,6,1,166,0.872808604479693,0.03069136815516062,1746,116.0,49.0,1084.3814816613499
559900,305,63,120,4,1,180,0.8635263454526265,0.030611909137458034,1746,132.0,41.0,1620.1996072954387
560000,313,48,139,5,1,168,0.8624054679581955,0.030908934291117494,1747,123.0,45.0,1441.6382671500462
560100,316,52,128,6,2,180,0.8513336906340635,0.030594306224561277,1747,180.0,49.0,2320.2162313230724
560200,312,49,143,6,2,161,0.841066359301031,0.030299913129106838,1747,123.0,44.0,1403.2238822291426
560300,320,49,142,3,3,172,0.8284514007913515,0.02983418511102064,1748,129.0,44.0,1456.93343531715
560400,323,45,151,5,3,164,0.8362687039910959,0.030041623725419686,1748,116.0,38.0,1271.3009055030125
560500,342,55,155,3,4,180,0.837545518912869,0.030320362600491535,1748,123.0,42.0,1462.6302349004507
560600,324,52,156,5,5,158,0.8608378751616819,0.030729572724088626,1749,95.0,38.0,970.1001750710792
560700,314,42,138,5,4,167,0.8515095932262788,0.03026287582148758,1749,150.0,48.0,1703.7879813683612
560800,304,52,130,9,2,163,0.8644368916696763,0.02970200095283206,1749,135.0,48.0,1459.3696928670872
560900,293,59,113,7,1,172,0.8702392084631274,0.030285017735550382,1750,156.0,57.0,1675.852718079673
561000,293,64,129,3,4,157,0.8660684630902988,0.029303530389001357,1750,158.0,50.0,1951.1914219834123
561100,298,49,132,1,4,161,0.8731962293867179,0.02919779039274809,1750,247.0,64.0,3399.967801326004
561200,299,47,124,2,3,170,0.8549355858520841,0.029078812360123548,1750,152.0,47.0,1847.0414301135204
561300,294,59,128,4,1,161,0.8554343840981465,0.029633879392424015,1751,138.0,46.0,1816.9054832142847
561400,313,50,130,3,4,176,0.8609541976799459,0.02954750869240665,1750,127.0,37.0,1779.8961481926058
561500,303,58,137,4,7,155,0.8598170672558968,0.029439679148824435,1750,168.0,49.0,1998.3363820882873
561600,312,48,140,6,3,163,0.8520677683238383,0.028932878808114994,1750,113.0,39.0,1341.3527326380035
561700,312,62,140,5,1,166,0.8412646862288787,0.02844229707005515,1751,144.0,40.0,1954.7045050943566
561800,329,39,136,5,1,187,0.8470741849719942,0.02863945151414871,1751,140.0,50.0,1438.0056268382152
561900,313,49,140,5,1,167,0.8472012188395,0.028819972253367788,1751,124.0,49.0,1445.5570676834634
562000,308,51,131,7,2,168,0.8764540870626603,0.029628718903677676,1752,113.0,55.0,1083.9897865762825
562100,322,60,150,4,1,167,0.8743845036841588,0.029270554798189168,1753,174.0,52.0,2343.5557566186503
562200,317,50,140,5,1,171,0.8702523554692958,0.028691390668171952,1753,131.0,46.0,1500.0868308307627
562300,304,51,142,4,2,156,0.8603369393234658,0.027570113609918987,1754,167.0,63.0,2026.3700124364557
562400,313,58,138,3,1,171,0.8669683694136227,0.027834328962930824,1754,154.0,45.0,1944.9520803243938
562500,309,47,131,4,1,173,0.8589803315451443,0.02697260273286194,1754,125.0,44.0,1436.0269763852937
562600,309,49,128,4,2,175,0.8709458301346253,0.02711998386144361,1754,142.0,43.0,2053.5765120318447
562700,309,57,134,4,6,165,0.8787061468236778,0.02766419248151966,1754,162.0,58.0,1908.878258717964
562800,295,61,133,4,3,155,0.881000932046703,0.02882515561055714,1755,140.0,56.0,1575.328429317101
562900,300,60,134,7,3,156,0.8728846531653204,0.028153913184945978,1756,150.0,43.0,1971.740973502935
563000,312,50,130,6,3,173,0.876966975274056,0.02819708401218748,1756,116.0,39.0,1494.5181303183003
563100,319,49,131,4,1,183,0.8675538874817234,0.029161351248670215,1756,128.0,40.0,1602.7658636893386
563200,335,53,149,4,3,179,0.8651236737743322,0.028663679003995784,1757,144.0,36.0,1830.1819999668542
563300,317,54,147,5,1,164,0.8637317782410058,0.028865623296602524,1757,103.0,44.0,1015.6021809332633
563400,299,51,144,3,0,152,0.8796656897326548,0.029515749764367997,1758,142.0,50.0,1652.0567725429303
563500,300,51,130,4,3,163,0.8705602693564488,0.029470292516915977,1758,112.0,36.0,1349.1698474523778
563600,304,59,133,3,3,165,0.8670786204760518,0.02946175631677241,1759,117.0,42.0,1324.5524100335751
563700,314,44,134,5,2,173,0.8874418537760457,0.029460352400031854,1759,104.0,36.0,1041.1876407221182
563800,320,44,134,7,3,176,0.890267193882962,0.030630822106207666,1759,102.0,40.0,1077.6333082575586
563900,326,44,136,5,5,180,0.8711157869315083,0.030423283301044515,1760,129.0,51.0,1432.3578249034383
564000,317,49,132,7,2,176,0.8670697605934111,0.03025074944724623,1761,126.0,39.0,1279.988298445186
564100,325,53,130,10,2,183,0.8731980699612215,0.03091758815682551,1760,133.0,44.0,1589.6538448189713
564200,332,52,145,9,4,174,0.8548653378130389,0.0316733250381073,1760,108.0,41.0,1132.283593195453
564300,334,49,150,7,4,173,0.8639094949525394,0.03313132782763627,1761,115.0,43.0,1219.9888834756116
564400,328,46,155,6,3,164,0.882506949431642,0.033271109008445106,1761,126.0,43.0,1508.302434367154
564500,322,52,149,7,5,161,0.872394758997781,0.033587294072595184,1762,123.0,46.0,1359.7554539785972
564600,330,56,153,10,2,165,0.879750577776993,0.03357905070284361,1762,117.0,37.0,1656.0585932832423
564700,337,64,146,9,7,175,0.8743291543494531,0.034087291610315956,1763,126.0,47.0,1416.2701929302877
564800,322,54,143,9,8,162,0.8762868996450619,0.03375407987918974,1764,141.0,52.0,1696.388901003141
564900,317,48,147,4,4,162,0.8670280420201243,0.03344713873702432,1764,108.0,37.0,1365.825546287373
565000,321,43,149,3,3,166,0.865573812650968,0.033989315251550634,1765,114.0,43.0,1456.3057780944691
565100,318,45,150,7,2,159,0.8625548173498466,0.03433710112777739,1765,115.0,46.0,1341.538105732193
565200,318,46,149,7,2,160,0.8698641500855787,0.035832244876705624,1766,118.0,46.0,1419.5530161202275
565300,323,53,153,4,3,163,0.9058253686638208,0.03819988750198996,1767,148.0,50.0,1997.8565083558585
565400,309,66,141,6,2,160,0.8798814935543497,0.035761184958156465,1767,194.0,65.0,2555.5456251863943
565500,312,50,137,5,3,167,0.901133611867059,0.0360946489539881,1768,142.0,47.0,1843.913827798564
565600,293,56,121,8,2,162,0.9125203576044653,0.034384500097814644,1768,164.0,57.0,2098.157960656718
565700,289,60,121,6,0,162,0.9041811564099582,0.03311881714081864,1769,138.0,53.0,1642.6152273565874
565800,290,64,115,7,5,163,0.8928187710262219,0.03383193399887177,1769,188.0,57.0,2781.0695945408447
565900,303,57,123,7,2,171,0.883243814334543,0.03419153995159556,1768,115.0,46.0,1271.382523660718
566000,315,54,139,5,3,168,0.8640136464119398,0.03484878592870322,1769,125.0,40.0,1660.367305721589
566100,318,55,142,1,1,174,0.8631893708192336,0.03467067850542438,1770,176.0,53.0,2510.2875999859457
566200,319,49,147,0,0,172,0.8366119376416455,0.03451759587806877,1770,104.0,41.0,1250.2671397800364
566300,338,47,162,3,1,172,0.8432169195056113,0.03521196400645507,1771,140.0,39.0,2064.5418207806933
566400,335,55,155,2,3,175,0.8598619193384057,0.036536910756197215,1771,94.0,40.0,1008.9841394576932
566500,349,44,154,3,4,188,0.8326334598324795,0.03435983767181672,1771,124.0,33.0,1664.439844491621
566600,346,49,158,5,6,177,0.8381422926804467,0.0345826264189277,1772,78.0,28.0,979.3729763380959
566700,336,46,172,3,4,157,0.8293446196723679,0.03426278350804962,1773,92.0,36.0,1151.129172396477
566800,344,48,176,5,1,162,0.8097059028649932,0.03434650596932399,1773,102.0,35.0,1193.9216303751166
566900,350,50,179,4,0,167,0.8150084166610122,0.03471945723553189,1774,75.0,29.0,803.7666623566564
567000,339,47,169,4,1,165,0.8238745868214526,0.035155395972315776,1775,102.0,38.0,1317.5611490774606
567100,343,36,186,5,1,151,0.8340353477880562,0.0353699177040368,1775,95.0,34.0,1020.5027569373983
567200,345,50,188,2,4,151,0.8364799840203659,0.035796989030783606,1776,90.0,35.0,986.5592189053417
567300,338,42,174,3,2,159,0.8378972938183571,0.035452463264688,1777,102.0,43.0,1009.0313603126648
567400,341,46,169,5,5,162,0.8365054739737401,0.03529562933558429,1777,114.0,41.0,1351.5544718062479
567500,316,64,148,7,2,159,0.8543964313738014,0.037673967897905274,1778,111.0,47.0,1337.435959955974
567600,315,55,135,9,1,170,0.883959336202915,0.039308169121775705,1778,139.0,49.0,1780.1675358262446
567700,321,47,144,6,0,171,0.8901661536691269,0.04112335447487614,1779,182.0,61.0,2456.56279468038
567800,309,50,139,5,1,164,0.8783027347323794,0.04112510652107106,1777,209.0,68.0,2925.950813331408
567900,296,55,131,6,1,158,0.8758925952284023,0.041482266424542294,1777,137.0,49.0,1777.4492265959566
568000,301,45,126,4,2,169,0.884471593694706,0.04187615581622616,1778,141.0,57.0,1687.7212244162806
568100,291,59,129,3,1,158,0.8905141499469602,0.042485413774220895,1778,179.0,60.0,2378.3955779374646
568200,287,66,111,5,2,169,0.8901046600348489,0.040804275185953386,1778,153.0,57.0,1932.7658155477257
568300,302,55,113,7,1,181,0.9051338332540315,0.041138102753298544,1779,174.0,58.0,2277.153090844597
568400,299,54,112,9,0,178,0.9079408093813113,0.041432282039042166,1780,164.0,64.0,1923.8400999908572
568500,305,63,122,9,4,170,0.8964695052770676,0.04034448965999645,1780,192.0,51.0,2790.6170813026047
568600,291,58,116,9,2,164,0.897228170533909,0.04108837811710787,1781,179.0,71.0,2309.3487800573644
568700,300,44,117,6,2,175,0.8861478405097755,0.040158271847448725,1781,191.0,57.0,2683.338129316466
568800,281,64,113,5,3,160,0.8917567682817694,0.03980853802700161,1780,203.0,68.0,2867.668098059818
568900,277,58,108,7,1,161,0.9611272472959552,0.04202310993593416,1781,168.0,62.0,2171.46505831242
569000,268,50,102,7,2,157,0.9375409716965106,0.04185679072578119,1781,183.0,73.0,2378.154864869121
569100,277,59,106,8,3,160,0.9763173274697412,0.043091025637820406,1782,237.0,72.0,3471.9549244731543
569200,276,61,99,8,2,167,0.930748868890354,0.0417343177760786,1782,219.0,70.0,3022.8123398246703
569300,277,57,101,5,0,171,0.9293341147082024,0.042344357399454725,1783,160.0,66.0,1860.0924244917542
569400,268,70,91,7,0,170,0.9237998810960646,0.04172458144231275,1783,194.0,61.0,2784.3889507580716
569500,299,62,102,7,1,189,0.9070421544608529,0.040836283588923945,1783,176.0,48.0,2598.665595336111
569600,294,67,111,3,0,180,0.8812299726945858,0.039249936240223056,1783,174.0,63.0,2406.4535642434034
569700,295,53,118,4,1,172,0.8662994283731535,0.039202107322339315,1783,170.0,60.0,2447.86426699067
569800,304,57,126,4,0,174,0.843756635150006,0.03791401931137165,1784,132.0,44.0,1830.632595654878
569900,334,43,146,2,0,186,0.8312729439131242,0.03812108100135659,1785,136.0,34.0,2118.254534320457
570000,348,54,155,1,2,190,0.8120529996029848,0.03798132024445494,1785,83.0,21.0,1156.9130132978214
570100,362,49,178,2,2,180,0.8064643704947245,0.03772526264683919,1785,110.0,32.0,1439.373953953098
570200,345,50,184,2,3,156,0.8036474583051652,0.037749436790565534,1786,74.0,26.0,991.4918886227903
570300,356,44,188,2,1,165,0.8091737726152829,0.03894292829521246,1787,49.0,25.0,359.8371132700872
570400,354,42,186,2,0,166,0.8394049978634578,0.03956458651447283,1787,90.0,39.0,975.4668914182424
570500,346,49,166,5,1,174,0.8511830340184033,0.03871850296330926,1788,114.0,53.0,1316.7012783677908
570600,337,46,165,4,2,166,0.8868242523960982,0.040050131788890414,1788,144.0,47.0,2021.2397318307173
570700,306,44,147,5,2,152,0.8751149512011464,0.03949097233744341,1788,182.0,70.0,2305.3358835515805
570800,291,58,137,4,2,148,0.9016251601365866,0.040989986338008134,1789,112.0,54.0,1236.0043079653835
570900,295,53,120,7,3,165,0.8916826073436669,0.03980120130184317,1790,149.0,58.0,1778.69609844672
571000,285,54,117,4,2,162,0.8761742024630689,0.03966814795358018,1790,180.0,58.0,2558.7562025705133
571100,295,50,110,7,1,177,0.8714428336023458,0.03972120247843043,1790,128.0,45.0,1583.1853165536163
571200,312,54,130,3,3,176,0.8532290228186704,0.03939555838298793,1790,120.0,37.0,1681.8598768237339
571300,328,40,130,4,5,189,0.8708933875369507,0.0393781025470814,1790,124.0,38.0,1669.9317234437801
571400,321,57,144,8,1,168,0.8610133301239219,0.03826969366888092,1790,144.0,51.0,1743.3946843637157
571500,312,51,141,4,2,165,0.8678043683538761,0.038140606187498004,1790,139.0,50.0,1792.803920112432
571600,309,54,143,7,1,158,0.8481470396525465,0.037719003152457325,1790,136.0,48.0,1705.8492855066963
571700,307,42,136,5,1,165,0.8740066618926701,0.03960769914285623,1791,120.0,48.0,1421.656432238531
571800,317,45,138,5,2,172,0.8513844980150164,0.03896481051809101,1791,113.0,34.0,1488.1621327569135
571900,317,53,146,2,3,166,0.8212443736426382,0.03818087102524266,1791,133.0,34.0,1883.7095805360645
572000,317,46,142,2,4,169,0.829519326494209,0.039396834509594574,1792,94.0,34.0,1082.099297078512
572100,317,55,147,4,3,163,0.8393039655210163,0.03884922978052574,1793,135.0,43.0,1730.1169597298726
572200,314,50,149,5,3,157,0.834801405831761,0.03891637623210106,1793,127.0,49.0,1399.0956730607231
572300,329,51,151,5,1,172,0.8328046172860151,0.037424594296522624,1794,81.0,26.0,984.6717123742569
572400,329,46,151,3,1,174,0.8520006274877705,0.03791576755862586,1795,86.0,39.0,892.5417891065958
572500,321,50,160,0,1,160,0.8404154815773147,0.03734776859322215,1795,161.0,46.0,2309.3922928740694
572600,340,40,165,2,0,173,0.8261129261717847,0.03736991815778483,1796,111.0,32.0,1408.713401432731
572700,328,38,174,1,2,151,0.8286858393334449,0.037155018328659146,1797,94.0,31.0,1090.1767517056142
572800,334,53,165,2,1,166,0.8319959231749017,0.03804260857530713,1797,83.0,32.0,827.5417650735341
572900,332,53,172,4,1,155,0.8449079755067,0.0387674904203887,1798,85.0,34.0,866.0224248385146
573000,329,56,155,6,2,166,0.839839304771504,0.038275121342902264,1797,119.0,35.0,1434.6788617646798
573100,336,49,162,5,4,165,0.8286215311875396,0.03836326861854924,1798,115.0,26.0,1444.7751806411263
573200,336,45,161,5,3,167,0.8150855776978825,0.03837640051919553,1798,101.0,39.0,868.241722684752
573300,353,44,163,4,2,184,0.819881264346703,0.04025486230005533,1799,81.0,25.0,787.2630846117138
573400,332,50,159,4,1,168,0.8162109734401305,0.04051902957426147,1800,84.0,28.0,902.1959629514948
573500,342,46,158,8,3,173,0.8176026910303321,0.040725528359583096,1800,84.0,30.0,767.0517171155499
573600,332,41,163,3,5,161,0.8148476851791067,0.04174705519916396,1801,106.0,37.0,1050.5161799574394
573700,327,47,157,3,6,161,0.8217782918564486,0.042785780703943385,1801,95.0,32.0,870.1568025188977
573800,323,50,160,2,1,160,0.8077511566134394,0.04217154533022325,1801,83.0,27.0,907.0956652011183
573900,339,54,176,4,2,157,0.8096350524837428,0.04242424059379228,1802,72.0,25.0,679.9364747678295
574000,339,51,170,5,1,163,0.8095717598006767,0.04182524412796954,1801,84.0,32.0,746.9641968204356
574100,339,43,163,3,1,172,0.8064962336017708,0.04190354293538503,1801,124.0,41.0,1241.1008261342574
574200,346,41,164,3,2,177,0.800379449159799,0.040438678620448296,1801,103.0,27.0,1071.9154910901202
574300,337,53,166,1,3,167,0.7892101061677084,0.040185906006541545,1801,99.0,30.0,961.239901704406
574400,347,46,169,1,2,175,0.784313609013912,0.040425270412000454,1802,119.0,27.0,1294.708485554414
574500,343,50,168,0,2,173,0.7886064412581935,0.040779766121403035,1802,72.0,22.0,623.2669465671356
574600,334,48,166,2,2,164,0.789069195927684,0.04150444546860164,1803,119.0,37.0,1090.737649742124
574700,339,37,173,2,1,163,0.7922101797499022,0.04117925258488254,1804,71.0,15.0,725.6237655751063
574800,339,39,169,2,2,166,0.7972988476234618,0.04187656113413209,1804,59.0,23.0,473.11138000001284
574900,331,51,173,1,2,155,0.790026258391052,0.04203726348964152,1805,59.0,19.0,550.392625321856
575000,336,51,160,5,2,169,0.7856909037196228,0.04238243322077767,1805,84.0,28.0,819.1237730017621
575100,331,45,166,4,3,158,0.7956139891423358,0.04289992959985324,1806,110.0,35.0,1092.6178517856301
575200,329,56,153,4,1,171,0.8174906526550065,0.045050400485257394,1806,90.0,35.0,782.6562459355058
575300,326,51,151,5,3,167,0.8128732716043965,0.04530660861123047,1807,126.0,44.0,1219.1115118166376
575400,320,43,143,4,0,173,0.8102623324619469,0.045538787928169955,1807,150.0,48.0,1469.243823019345
575500,312,51,141,5,0,166,0.8082816394257218,0.04667955984573095,1807,136.0,42.0,1410.1592942854504
575600,325,45,140,5,4,176,0.8127964917861695,0.047391769716497174,1808,111.0,41.0,1053.6121344723845
575700,318,53,147,4,2,165,0.8026751428503962,0.046959725390888614,1809,120.0,35.0,1264.4887089102656
575800,328,51,142,5,1,180,0.8053782767444047,0.04752230899619381,1809,100.0,30.0,1001.5871750519357
575900,337,43,147,3,2,185,0.8187082990319,0.04708509412149414,1810,101.0,42.0,924.2321629338995
576000,314,51,145,3,5,161,0.8159928695480709,0.04518719187581617,1811,146.0,49.0,1464.3582466045013
576100,315,52,148,4,4,159,0.8219052916882282,0.046507848485564024,1811,108.0,42.0,1029.7858952468773
576200,319,54,149,5,2,163,0.8329114828769705,0.04656079301255884,1811,144.0,48.0,1529.2770502161165
576300,330,54,150,1,6,173,0.8218278508438774,0.04577939715176193,1812,120.0,31.0,1352.8744858379887
576400,325,46,142,2,2,179,0.8262460968893881,0.04566932526215094,1812,152.0,40.0,1658.5220590449103
576500,331,44,139,2,3,187,0.8197014749587122,0.045997405321888736,1813,158.0,40.0,1781.8683185822854
576600,330,44,150,3,2,175,0.8324762488896791,0.045371472560315894,1814,95.0,36.0,896.8665875754822
576700,331,45,156,2,2,171,0.8377767489470096,0.044193711477500924,1814,104.0,38.0,1017.4241256463212
576800,317,54,152,5,3,157,0.8397012141698937,0.044795776270273986,1814,109.0,36.0,1286.7897749494532
576900,328,44,149,4,7,168,0.8247693456374267,0.04483562919608537,1815,122.0,42.0,1199.2464615863425
577000,334,53,153,2,4,175,0.8259431757249468,0.043626048795555455,1815,129.0,36.0,1530.6096656731797
577100,334,58,155,2,6,171,0.817039614609204,0.04308958559726504,1815,79.0,23.0,943.6022546817147
577200,350,42,167,2,4,177,0.8126648437244395,0.0425968464100117,1815,69.0,21.0,693.8060659254214
577300,353,32,164,5,1,183,0.827571005090427,0.04335561193975838,1816,88.0,37.0,768.8686693287668
577400,349,48,165,6,1,177,0.8262080491780104,0.04368375654975733,1816,78.0,29.0,768.1864345948683
577500,349,46,171,5,2,171,0.8275430489275921,0.04304384498259844,1817,99.0,32.0,1179.6352077618087
577600,342,49,171,7,1,163,0.8360230251214663,0.04344179652112943,1817,84.0,42.0,729.985675938776
577700,335,48,161,8,1,165,0.848315920688459,0.04373121557026405,1818,118.0,45.0,1077.9001371070271
577800,328,52,144,7,1,176,0.8677223743794567,0.04327807263058052,1819,150.0,56.0,1520.6953773879727
577900,309,44,125,6,2,176,0.8738415712165617,0.04427460613923142,1819,154.0,48.0,1731.985002191157
578000,299,68,128,6,2,163,0.8619144949803033,0.04480714882265856,1820,175.0,51.0,2044.7651794190895
578100,304,50,120,5,2,177,0.8651371465901737,0.04353281925240722,1820,92.0,34.0,872.2825838124971
578200,311,54,123,5,3,180,0.8568580377970861,0.04316848472165096,1821,130.0,37.0,1522.7501201422672
578300,312,49,121,6,7,178,0.8509407130976041,0.043520468707215376,1822,135.0,45.0,1390.5516632501483
578400,315,62,131,3,2,179,0.8474676472338531,0.043869477781244594,1822,197.0,54.0,2148.880254922946
578500,308,54,141,4,2,161,0.8498807507078003,0.04303409344988005,1823,126.0,50.0,1176.1759811155182
578600,313,51,138,4,1,170,0.8413195567902393,0.04307597117984387,1823,155.0,43.0,1528.6819276871443
578700,314,53,145,5,3,161,0.8430427342985701,0.04219586560149723,1823,150.0,45.0,1488.1847034054488
578800,315,45,142,5,3,165,0.8385599886135615,0.04128757322667759,1823,129.0,42.0,1463.259998295639
578900,321,52,145,4,6,166,0.8424284909014513,0.04032482776571311,1824,135.0,46.0,1454.7980707391287
579000,321,53,137,5,3,176,0.8345129588211848,0.040470767187749265,1824,157.0,48.0,1692.346358752984
579100,308,48,136,2,2,168,0.8377546410509102,0.041060755126701244,1825,130.0,45.0,1366.021002431341
579200,305,46,128,4,0,173,0.8383255255138461,0.040968002013452506,1825,113.0,45.0,1082.2353027409042
579300,325,46,132,4,5,184,0.8327458371803975,0.04039549993879189,1826,185.0,52.0,2173.6896838786215
579400,311,50,133,3,1,174,0.8154860180175425,0.04080556551656618,1827,142.0,47.0,1481.3140392812966
579500,322,49,134,3,1,184,0.8330723132599321,0.04109387666964021,1827,125.0,36.0,1341.0825146081727
579600,315,41,142,4,0,169,0.8099040525884109,0.03924423358354416,1827,121.0,44.0,1257.7329896196757
579700,297,62,138,4,2,153,0.8401371607670809,0.0399766656000141,1828,126.0,47.0,1184.0654806459281
579800,315,55,136,3,0,176,0.8307755747769523,0.039256285166720854,1829,156.0,57.0,1687.6067406174616
579900,320,52,131,3,1,185,0.8277738232072073,0.039549301835976436,1829,144.0,51.0,1424.4152995926452
580000,316,42,131,2,1,182,0.8304754157256542,0.03997357188688668,1830,146.0,46.0,1634.9027286229007
580100,306,49,134,3,0,169,0.8321130477628345,0.040163222433248026,1830,138.0,48.0,1442.9006403778765
580200,307,54,131,5,3,168,0.8397756535192951,0.04095280669925301,1831,104.0,40.0,924.3312860385485
580300,306,51,132,5,3,166,0.831667401720525,0.04081182655771693,1832,136.0,40.0,1428.0909885944172
580400,305,53,122,4,4,175,0.820172977968646,0.04295096429925716,1832,118.0,46.0,1137.724129030945
580500,298,53,124,4,1,169,0.8273892272285346,0.043594384408764814,1833,134.0,46.0,1253.9210867015556
580600,291,53,119,2,2,168,0.8511196890090013,0.0453864249884195,1834,194.0,63.0,2021.4578648388485
580700,304,56,130,3,4,167,0.8535308987973618,0.045656124167699985,1834,215.0,58.0,2509.5295186230414
580800,288,51,115,1,5,167,0.8539685583407173,0.046524940898373085,1835,159.0,50.0,1662.3737169691196
580900,300,53,127,1,4,168,0.8269370975703982,0.0444103315057247,1835,152.0,42.0,1753.768262074009
581000,293,55,124,2,2,165,0.8347355915865676,0.044897334208380234,1835,140.0,53.0,1444.24762910516
581100,311,53,126,3,1,181,0.8219621303101945,0.04420356191815505,1836,161.0,40.0,1895.5508740498528
581200,318,46,132,4,1,181,0.8353328505612798,0.04388267965235201,1836,113.0,50.0,887.7422057896761
581300,315,55,128,5,2,180,0.8281586210368461,0.04318241267779865,1836,133.0,42.0,1422.6964695017487
581400,313,47,128,3,3,179,0.8260855634665988,0.045201599812095185,1836,203.0,53.0,2188.683213089269
581500,312,46,144,1,2,165,0.8239593094757623,0.044793623532250026,1837,192.0,49.0,1986.948101938223
581600,321,47,147,2,5,167,0.8213845412664601,0.0444336467827211,1837,138.0,42.0,1350.174126317618
581700,290,49,130,3,7,150,0.8168376481144335,0.044272468532562524,1837,160.0,48.0,1795.7757114127971
581800,303,49,127,5,2,169,0.8249282438825933,0.043703726776110695,1838,79.0,33.0,675.1983610541241
581900,318,48,142,5,2,169,0.821666224322448,0.04514711841903632,1838,110.0,38.0,1161.393666548174
582000,326,43,137,4,2,183,0.8310478828446417,0.045001745461815255,1839,110.0,37.0,1065.3880477584069
582100,339,45,153,4,3,179,0.8154304004278214,0.0462134209825403,1839,104.0,31.0,1103.1223976524739
582200,344,45,160,6,2,176,0.8286686838387874,0.046677005153267274,1840,78.0,28.0,726.0786482864031
582300,342,45,166,6,1,169,0.8237133337911984,0.04627546881911092,1841,87.0,36.0,742.7646228783015
582400,327,49,156,6,1,164,0.8187214737506451,0.04523012556272074,1841,105.0,37.0,1173.1774570884802
582500,321,48,155,6,1,159,0.7991845592904857,0.04531086956639111,1841,80.0,22.0,952.7529982778525
582600,343,48,161,2,3,177,0.8174538103142004,0.04518762413296258,1842,76.0,28.0,733.6489690096358
582700,342,53,155,3,4,180,0.819435127868951,0.045048319157066356,1842,93.0,28.0,1022.943220905802
582800,335,47,152,3,2,178,0.8135976338494196,0.04492617084241573,1843,81.0,26.0,942.9010014288131
582900,340,41,164,4,4,168,0.8137282560692343,0.04517375752414541,1843,61.0,21.0,588.8897512947673
583000,320,52,160,3,1,156,0.8269467372808311,0.04606072218537557,1844,129.0,48.0,1423.6282555548348
583100,313,49,155,3,5,150,0.8381686330675613,0.04728449938834002,1845,135.0,39.0,1652.7001636753853
583200,320,44,158,1,6,155,0.8180588429248346,0.04736182809584775,1845,148.0,45.0,1967.8986777247044
583300,340,46,151,2,4,183,0.8255357755615829,0.04719271721544047,1846,62.0,22.0,620.7317834141774
583400,327,50,148,3,2,174,0.8490222298323857,0.04623509322216765,1846,111.0,38.0,1511.7475656431673
583500,306,45,143,6,3,154,0.8587161544175479,0.04669147578075579,1847,94.0,38.0,1119.2495910059713
583600,316,48,150,5,2,159,0.8681268655967227,0.048220228283038305,1846,101.0,41.0,1306.2503125410267
583700,313,50,145,6,4,158,0.87219434473939,0.04882518261448286,1847,113.0,44.0,1347.7444983400178
583800,300,51,137,8,2,153,0.902591699065755,0.049089794191836816,1848,148.0,65.0,1666.3429075035747
583900,290,55,122,6,1,161,0.8914961262775336,0.048096127363419235,1848,177.0,62.0,2498.659405956553
584000,284,46,116,4,0,164,0.8965557097730957,0.04811547781172064,1849,162.0,50.0,2255.4136026850924
584100,284,60,122,3,0,159,0.9004055776060399,0.047886457606962925,1849,133.0,50.0,1750.1824556401716
584200,294,58,130,5,1,158,0.8884873500147715,0.04773278636892741,1849,70.0,34.0,776.4991574596208
584300,300,55,125,8,1,166,0.8979473693321416,0.048182225991950225,1850,107.0,56.0,927.8783003858539
584400,298,52,124,10,0,164,0.8991254392845985,0.047091509013410825,1851,121.0,49.0,1450.3005281697408
584500,298,59,124,9,2,163,0.8928116539930967,0.046611456092437796,1851,117.0,47.0,1401.685837153104
584600,294,55,133,8,1,152,0.8897418119598307,0.0471693984915236,1852,194.0,64.0,2814.7113119025626
584700,294,52,134,4,2,154,0.8857744458021158,0.04645781937104731,1852,142.0,54.0,1908.4694176319435
584800,302,46,125,2,2,173,0.9206678341204676,0.046577288208235264,1852,122.0,48.0,1453.2442945093667
584900,282,52,107,5,0,170,0.9088211323529216,0.046219604899488204,1853,161.0,64.0,1984.8802733751038
585000,288,55,109,5,3,171,0.9298352040804703,0.04721764477914073,1853,144.0,55.0,1772.2837311372975
585100,270,62,103,4,2,161,0.9278425325175333,0.04751485121563393,1853,131.0,51.0,1726.7783172345396
585200,294,52,105,5,6,178,0.9568920949520406,0.04920867513673472,1854,126.0,53.0,1526.8855885859725
585300,288,55,109,10,4,165,0.9637462690732276,0.04855771979779355,1854,148.0,57.0,1812.7452678378172
585400,280,60,95,13,2,170,0.9728384518548657,0.049213047877064306,1854,161.0,66.0,2036.0178712772731
585500,272,60,92,12,0,168,0.9672601122928155,0.04946393927455455,1855,203.0,75.0,2742.1209782828273
585600,277,62,93,10,1,173,0.934757310432631,0.048826922712328,1855,193.0,61.0,2638.023093401707
585700,283,58,107,8,4,164,0.9437532158099899,0.04875388111627376,1856,179.0,49.0,2592.561776302711
585800,282,50,111,6,3,162,0.9359790424143098,0.04796425547877421,1857,150.0,59.0,1844.3451559362588
585900,293,59,113,6,3,171,0.9296462310105222,0.04742138843059553,1857,214.0,61.0,3247.68495327128
586000,300,57,112,5,4,179,0.8840555185927775,0.04539880295732211,1858,147.0,56.0,1737.7670073386996
586100,295,45,116,3,0,176,0.8742171899014362,0.04596522976130292,1859,162.0,59.0,2116.797320999988
586200,303,55,119,3,3,178,0.8537229660626015,0.045605940655027676,1857,141.0,45.0,1813.8419073121133
586300,307,48,122,3,0,182,0.845094267032042,0.04619774768110948,1858,94.0,35.0,1093.8643159228138
586400,315,49,128,4,2,181,0.8549013632874329,0.047481226256663754,1859,109.0,42.0,1238.5925703578173
586500,315,59,132,6,2,175,0.8606788398593904,0.04769632281128437,1859,116.0,46.0,1329.144555690849
586600,311,57,128,4,2,177,0.8641270845619243,0.048061101311423375,1860,118.0,49.0,1257.9038481439688
586700,317,53,130,4,2,181,0.8704104738076791,0.04865484712211419,1860,108.0,41.0,1171.4451835152252
586800,330,43,133,5,3,189,0.8797397719920048,0.04869168313116445,1860,106.0,40.0,1228.6277170421968
586900,303,52,134,7,4,158,0.8892783311263751,0.04949516014010128,1860,150.0,64.0,1876.5207296966043
587000,301,61,131,6,3,161,0.8790922894228738,0.048919111519306085,1861,150.0,57.0,1966.2643442424878
587100,306,58,136,5,1,164,0.8715877305886011,0.04821386799571187,1862,107.0,36.0,1399.542773270842
587200,307,47,129,5,1,172,0.8767864529799717,0.04810752725639522,1862,149.0,47.0,2028.712677125023
587300,300,50,121,5,2,172,0.8713156965406317,0.04699008020215858,1862,142.0,52.0,1631.4554735471665
587400,293,51,123,6,4,160,0.8753718934186263,0.0470854448071606,1863,137.0,52.0,1754.8547933377122
587500,300,55,125,7,2,166,0.8744161569783729,0.04694000218793782,1864,159.0,49.0,1963.8032648696683
587600,306,53,120,8,1,177,0.8731229727606692,0.04678268216875873,1863,117.0,47.0,1323.1060691343725
587700,297,62,113,8,2,174,0.8850622418975628,0.047346619720018794,1863,144.0,64.0,1555.3917804465593
587800,290,57,111,7,2,170,0.8853989928152334,0.047998762821906814,1864,181.0,62.0,2533.0123907436096
587900,309,48,129,5,3,172,0.8827856597099158,0.04833001439797483,1864,144.0,51.0,1743.0814497086185
588000,307,50,115,4,2,186,0.8972976777857101,0.04734024473443173,1865,171.0,63.0,2102.625415030546
588100,307,43,122,7,1,177,0.8996517384414668,0.04511577092033426,1865,159.0,51.0,2119.519367524354
588200,295,56,118,6,2,169,0.8813351868078427,0.044520036046138016,1866,163.0,53.0,2140.2760466849727
588300,311,49,126,6,4,175,0.8700901615981557,0.044077132270350435,1866,133.0,47.0,1580.7862139142887
588400,294,53,120,7,4,163,0.8883402324831386,0.04383984012862194,1866,153.0,60.0,1631.5678720588994
588500,303,49,122,7,3,171,0.8912331141426594,0.04323424193983201,1867,133.0,53.0,1543.192598756706
588600,302,51,133,6,1,162,0.9139682441781807,0.0447400125946512,1868,148.0,57.0,1626.85270940135
588700,299,49,115,9,1,174,0.912868060650559,0.04525586301742184,1868,150.0,66.0,1483.6874489736201
588800,277,55,114,9,2,152,0.9134655151004161,0.04512116683145948,1868,175.0,60.0,1993.6847655737774
588900,275,65,100,12,2,161,0.9228233263869762,0.04406868073528663,1869,175.0,57.0,2131.461679348113
589000,272,59,101,9,2,160,0.9386103175917393,0.04523015051512077,1869,184.0,63.0,2131.5295807547054
589100,280,64,99,8,0,173,0.9343217112273544,0.04432894469096883,1869,152.0,55.0,1819.569816659287
589200,269,63,103,8,0,158,0.9207713986036612,0.04490770658567812,1870,168.0,60.0,2027.581048669745
589300,262,56,89,7,4,162,0.9557204366345501,0.04625296915922967,1871,164.0,72.0,1780.6285048626678
589400,274,58,96,10,2,166,0.9420252258046757,0.04489660595589802,1871,175.0,59.0,2284.6491142130703
589500,256,61,85,5,2,164,0.9399288482634512,0.0453328319715075,1871,251.0,73.0,3633.2439663020705
589600,271,69,97,7,4,163,0.9529496835059427,0.04581917585122637,1872,178.0,52.0,2411.819382897986
589700,287,45,108,4,3,172,0.8909569690706101,0.04358676965024667,1872,145.0,44.0,2032.1063380184476
589800,308,46,113,5,5,185,0.9030031110400696,0.04350447745692155,1872,96.0,33.0,1136.6018959245641
589900,286,53,111,7,2,166,0.8883050222979415,0.04201931408261596,1873,177.0,56.0,2441.116413362188
590000,298,54,117,5,2,174,0.8674934014559469,0.040176930914474836,1873,146.0,41.0,1968.100234077237
590100,306,54,132,3,2,169,0.8668912832015476,0.040486038824813816,1873,112.0,38.0,1407.2487776515093
590200,311,51,143,2,0,166,0.8597331396981689,0.039714077074021775,1874,110.0,38.0,1367.1961904870286
590300,306,63,142,2,0,162,0.8668253604721463,0.04018892227340254,1874,111.0,42.0,1226.5919623065286
590400,305,45,142,3,2,158,0.872949795161583,0.040254680174917,1875,125.0,41.0,1619.176918768112
590500,318,50,138,6,0,174,0.865438511159584,0.03900501199790048,1875,106.0,45.0,1119.8218366634064
590600,304,64,134,4,2,164,0.8747578187718441,0.03850237489055597,1876,128.0,48.0,1608.9954387905452
590700,300,53,128,6,2,164,0.8708359184976754,0.03852454245139111,1876,129.0,48.0,1535.3330302583906
590800,306,53,131,6,1,168,0.898011398849875,0.039483799675194525,1877,115.0,43.0,1438.7806122631114
590900,294,51,126,8,4,156,0.9044080829560122,0.039246103590267076,1877,166.0,59.0,2150.479365607235
591000,288,46,123,5,1,159,0.887895135568034,0.037274614986287924,1878,155.0,49.0,2102.655057866538
591100,290,60,128,8,2,152,0.9222313668038613,0.037558391590170985,1879,122.0,47.0,1422.7704929295874
591200,287,58,126,7,2,152,0.9040839794311256,0.03588414866615815,1879,151.0,58.0,1902.2878493239878
591300,288,58,117,4,3,164,0.940627562205794,0.03619423061828836,1880,177.0,50.0,2568.1650658439858
591400,286,54,113,4,1,168,0.9115413542746761,0.03552508007069809,1880,192.0,50.0,3077.372745643757
591500,290,60,125,7,2,156,0.8749000109432306,0.0337641241072026,1880,143.0,46.0,1958.628775320569
591600,298,54,126,8,3,161,0.8838519124672808,0.03359960021963373,1881,135.0,49.0,1532.8784068743055
591700,300,52,120,5,2,173,0.8994670051922417,0.034949856505868314,1882,113.0,49.0,1301.5056767943638
591800,290,63,120,3,2,165,0.9178594221561968,0.03582801986461434,1882,143.0,62.0,1647.6987025809917
591900,285,62,115,5,2,163,0.9278024580046101,0.0369376138915637,1883,160.0,59.0,1985.7028918343913
592000,269,56,106,7,3,153,0.9331550469741754,0.03729943699533965,1883,170.0,62.0,2355.9344093683403
592100,278,57,114,3,2,159,0.8924415261900353,0.03580223719164959,1884,144.0,49.0,1874.8203979267787
592200,279,61,105,5,0,169,0.8956411107515879,0.03609171101138962,1885,160.0,64.0,1956.7486492920088
592300,298,56,113,6,0,179,0.9034266696632269,0.03584606563520363,1885,122.0,48.0,1392.554254755063
592400,293,64,111,6,1,175,0.934251019369883,0.03678046472196012,1886,178.0,62.0,2235.923096631722
592500,280,61,111,8,0,161,0.9313275891918819,0.03693668927608261,1886,147.0,57.0,1648.2966501768246
592600,277,55,116,3,0,158,0.9217527830773791,0.03753479621391712,1887,245.0,68.0,3711.7799286151167
592700,289,50,113,5,3,168,0.8815279131935185,0.03694176059617554,1887,128.0,39.0,1640.454300121511
592800,303,57,117,4,3,179,0.8711595124415555,0.03533239633981082,1888,152.0,54.0,1929.8598017146253
592900,311,60,125,7,0,179,0.8708881406673452,0.036361480326252256,1889,103.0,41.0,1020.7307693279204
593000,316,55,131,8,3,174,0.8993934528457409,0.037277277367852454,1889,139.0,49.0,1565.479644255946
593100,299,47,123,14,5,157,0.9063968003837811,0.03838715991222657,1890,131.0,48.0,1420.9485860460743
593200,304,50,124,15,3,162,0.9084539854096965,0.038148272304789024,1890,115.0,42.0,1330.502193828086
593300,310,49,120,10,3,177,0.9169666946281398,0.037704299738715134,1891,144.0,54.0,1780.4859954055787
593400,304,62,131,11,4,158,0.9099557329553911,0.03905565350056337,1892,110.0,45.0,1139.700207303676
593500,299,56,126,8,5,160,0.9214547240228296,0.0401184119720357,1892,145.0,57.0,1635.2376682929048
593600,289,62,122,10,1,156,0.9043710633214674,0.040104118723362905,1889,157.0,51.0,2012.5527590931767
593700,295,65,112,7,1,175,0.8882539734883563,0.040281212643942965,1889,168.0,56.0,2078.4409683163944
593800,291,55,109,8,3,171,0.9027719796540498,0.03937347491912067,1890,162.0,51.0,1922.6648081971243
593900,291,64,110,5,3,173,0.9105935594562934,0.04032545803681857,1890,197.0,70.0,2288.1422651437338
594000,296,56,117,6,4,169,0.896010075710637,0.04053690038494749,1891,215.0,69.0,2744.44238172024
594100,301,51,110,3,1,187,0.8802726054038061,0.039523851915815325,1891,208.0,60.0,2399.4829879368026
594200,313,48,115,5,3,190,0.8735632479762074,0.03976070588453472,1892,127.0,43.0,1381.3049928135267
594300,299,57,114,6,1,178,0.8880946994457347,0.03984402388633531,1892,175.0,62.0,1873.8049237912003
594400,295,62,112,10,5,168,0.9036188416434848,0.04134440103150528,1893,175.0,60.0,1844.380509252802
594500,294,53,114,10,4,166,0.89814078006764,0.04209381454434101,1894,163.0,58.0,1662.690713479469
594600,278,60,112,7,1,158,0.9005585533494596,0.04083647344960512,1894,165.0,56.0,1799.6562820081233
594700,305,56,125,6,4,170,0.8806174132579573,0.038857212184563596,1895,153.0,47.0,1860.2809187235152
594800,308,51,114,8,6,180,0.8856953984873325,0.03885483338127495,1895,109.0,45.0,1100.9518581282243
594900,300,57,113,8,4,175,0.8879793634110718,0.039394936761606304,1895,118.0,51.0,1168.8824071457618
595000,296,56,111,12,3,170,0.9102211293423573,0.040583475077614416,1895,138.0,51.0,1460.8507013756694
595100,314,48,121,7,4,182,0.8920409465748582,0.04135773573176832,1896,131.0,47.0,1433.0116984455178
595200,314,49,114,3,4,193,0.882654895049273,0.04113596605612574,1896,149.0,54.0,1682.3700535954054
595300,302,55,115,6,2,179,0.8820539554517265,0.041213320757723534,1896,120.0,49.0,1164.2537278513234
595400,284,65,113,7,2,162,0.8877754849135893,0.04133149785377604,1896,135.0,54.0,1465.305952004603
595500,303,53,119,7,2,175,0.8930285034982796,0.039297542123387035,1897,118.0,44.0,1238.7066381184702
595600,302,58,116,5,1,180,0.8871362424839002,0.03787322040784744,1898,151.0,49.0,1846.6362812407792
595700,306,55,114,8,0,184,0.8687107335192092,0.03571633067322035,1898,132.0,48.0,1453.5073969172713
595800,295,58,117,9,2,167,0.8724452242926819,0.034756390830649776,1899,202.0,56.0,2508.746323460886
595900,311,50,130,6,2,173,0.8575726344986322,0.035140178219949025,1900,91.0,25.0,1079.169139610718
596000,309,49,127,8,2,172,0.85510899364074,0.03593369900383251,1900,113.0,39.0,1256.900591567555
596100,316,54,125,7,4,180,0.858733903314189,0.03571463082552866,1901,112.0,42.0,1187.672895040043
596200,313,49,132,7,1,173,0.8344306074906642,0.036633815828273394,1901,120.0,37.0,1375.130348087169
596300,303,59,129,5,1,168,0.8479227370398792,0.037713084803683815,1902,110.0,34.0,1229.0814126402765
596400,299,49,137,6,2,154,0.8544352133977691,0.037849485875833144,1902,105.0,41.0,912.2104822531244
596500,309,55,142,5,3,159,0.8504462835283838,0.03829212882359124,1903,100.0,35.0,1031.2467126746149
596600,318,52,140,8,2,168,0.8486067743155884,0.037852523073851584,1903,102.0,33.0,1084.248094944215
596700,327,45,148,7,4,168,0.8412988246119661,0.03901314018356988,1904,92.0,36.0,904.8305076458871
596800,322,45,154,6,2,160,0.8369137165465373,0.039890734823437884,1904,138.0,42.0,1361.9011097918956
596900,312,46,137,9,2,164,0.8399345393859802,0.04023983185685066,1904,120.0,47.0,1211.4475741616266
597000,297,64,124,7,4,162,0.8411935220650565,0.03760759817148934,1904,127.0,45.0,1190.5363328652631
597100,288,50,129,4,4,151,0.8455494830690555,0.03661642068832978,1905,143.0,52.0,1545.1430798319861
597200,293,56,122,6,1,164,0.8460208669711305,0.03577876305752606,1905,111.0,37.0,1147.1940577945795
597300,300,54,120,8,4,168,0.857126304604667,0.03633481436044686,1905,108.0,40.0,1137.9712697877521
597400,310,56,125,9,3,173,0.8405810804210249,0.03494172977901204,1905,153.0,48.0,1747.6031013651962
597500,310,56,128,6,4,172,0.844161816757096,0.03540165430150251,1906,101.0,39.0,988.9192171621596
597600,303,59,133,10,2,158,0.8622622098003503,0.035433412035287916,1907,163.0,47.0,1919.6122425910871
597700,296,56,132,8,2,154,0.8652527848888183,0.03522062717835424,1906,151.0,47.0,1731.6895350746763
597800,301,57,133,7,4,157,0.8457025994614438,0.034045891352024016,1906,152.0,41.0,1861.6229250101785
597900,320,50,130,3,5,182,0.8384365804441749,0.0331587883766183,1907,109.0,31.0,1164.5706654979738
598000,315,52,130,5,3,177,0.835646002701895,0.03287494938369357,1908,121.0,37.0,1539.9046222147922
598100,333,48,138,5,1,189,0.8276347582270951,0.03288293468259867,1908,98.0,24.0,1213.547954278828
598200,320,51,146,10,2,162,0.8360880783417226,0.03404649837472527,1908,105.0,31.0,1048.530931013545
598300,330,43,150,10,2,168,0.8106804229132855,0.034758726116703345,1908,86.0,23.0,929.1661686085326
598400,331,43,162,8,5,156,0.8136530375912383,0.03581814331781957,1908,82.0,27.0,810.798278653435
598500,338,46,163,5,5,165,0.8094781256545549,0.03763890427107767,1909,81.0,22.0,932.3882876600923
598600,324,47,162,3,8,151,0.8076907775581255,0.0390811417888571,1910,73.0,24.0,559.2203123356038
598700,343,45,166,2,5,170,0.8036522043788799,0.04037938861761546,1910,59.0,18.0,562.8979761098
598800,337,52,166,6,2,163,0.8082414474053047,0.03987225539432786,1911,102.0,28.0,889.4299834427788
598900,327,55,155,9,0,163,0.8111213328739277,0.04018432032856362,1912,80.0,32.0,638.1979238220259
599000,325,55,152,9,2,162,0.812004878546813,0.03913231053905483,1912,115.0,35.0,1183.3857786369638
599100,327,47,146,9,4,168,0.8118420365523071,0.040515336964442664,1912,81.0,25.0,718.6347881254816
599200,325,56,154,10,1,160,0.8136295580059917,0.041355704025954794,1913,96.0,32.0,918.5090189982891
599300,318,50,142,6,8,162,0.8184212644644324,0.04166474839599244,1913,97.0,28.0,911.7015555087077
599400,326,48,140,6,4,176,0.8150972168276065,0.040960372888696084,1913,94.0,30.0,882.8202289949062
599500,324,51,136,9,4,175,0.821920049113033,0.04218652254816733,1913,116.0,29.0,1071.0689455410231
599600,331,43,151,7,5,168,0.8228467699857852,0.04140622464016698,1914,84.0,28.0,722.9172603794525
599700,334,45,153,10,3,168,0.8160808547893833,0.0399295816936003,1914,123.0,39.0,1148.5918999362
599800,338,46,167,8,3,160,0.8158144642939585,0.03987572278653526,1914,80.0,23.0,661.3129902958564
599900,327,42,153,7,2,165,0.8078904410587564,0.03953569806739081,1915,90.0,31.0,763.7607767784497
600000,334,43,167,6,1,160,0.7951945089698098,0.03701950151010207,1914,90.0,24.0,809.6667742648737
600100,345,46,157,5,7,176,0.7922355453217681,0.03592203678918104,1915,76.0,15.0,641.0287330608759
600200,361,48,177,5,4,175,0.7872911339933674,0.03607076701568878,1914,41.0,13.0,333.90303202404556
600300,350,48,184,4,3,159,0.7832873078038635,0.03582193102086349,1914,76.0,22.0,650.4319032712175
600400,355,37,186,5,4,160,0.7832551187866778,0.03540662884016895,1914,51.0,12.0,433.21114563497287
600500,356,50,190,6,1,159,0.7769019553225138,0.03564027131314245,1901,53.0,13.0,376.11081547200354
600600,362,46,184,7,3,168,0.7780109651660957,0.03509466191356385,1902,48.0,13.0,382.4220359806827
600700,358,46,184,6,2,166,0.7760910328657331,0.034582113662486584,1903,56.0,16.0,444.3906999735736
600800,361,41,186,5,4,166,0.7780754860691995,0.03534497953255759,1903,55.0,11.0,449.0299767245141
600900,368,46,197,6,5,160,0.7781757205217239,0.03439371066267503,1903,54.0,13.0,392.3914422387203
601000,361,46,177,7,5,172,0.7869591829885435,0.034082912659739305,1903,89.0,21.0,919.7009615281901
601100,349,40,175,8,5,161,0.7948952807387153,0.03563865360697663,1903,73.0,24.0,608.1581804238607
601200,345,45,180,7,5,153,0.790739654273185,0.03596431559609065,1903,72.0,29.0,523.2830898178834
601300,342,43,173,5,4,160,0.7987536039576558,0.03683241626328591,1904,94.0,30.0,902.8969802615551
601400,343,49,162,7,4,170,0.7976968566638045,0.0368714004353143,1905,84.0,25.0,885.3443669616452
601500,340,42,165,6,8,161,0.801052056998725,0.036645472136441946,1905,82.0,21.0,738.6191988772754
601600,343,53,160,8,6,169,0.8058723035423018,0.035582412814016,1906,102.0,31.0,1077.3250915575334
601700,341,50,157,10,3,171,0.8029744423461393,0.035466976896019554,1906,80.0,33.0,584.1462291577833
601800,344,44,166,4,10,164,0.7974937864572643,0.036909326641513175,1906,106.0,28.0,1133.6277468775324
601900,346,47,159,3,8,176,0.797870819389988,0.0378713520493931,1906,92.0,31.0,798.1073571570537
602000,344,48,164,3,10,167,0.8013441450931416,0.03702553912573167,1906,147.0,37.0,1668.742492448877
602100,342,43,153,5,6,178,0.8059462372881886,0.03708775548109885,1906,95.0,32.0,1016.5555280822635
602200,348,48,155,6,6,181,0.8033295661421946,0.03697929609201746,1906,115.0,33.0,1117.5301524000406
602300,335,49,163,3,6,163,0.7948591437438902,0.035369667889676285,1907,115.0,35.0,1188.4857371443559
602400,334,49,157,5,5,167,0.813183484894504,0.03474489867112071,1908,121.0,36.0,1462.9577378520955
602500,344,50,168,6,5,165,0.7944638028129481,0.032665195073474186,1908,101.0,26.0,1182.2707521571
602600,345,48,166,5,2,172,0.7858941314906996,0.030727391653648465,1908,72.0,22.0,715.9486360090827
602700,352,51,174,5,1,172,0.7755008465816302,0.029252890871295456,1909,95.0,24.0,1101.7802604098115
602800,355,40,168,5,3,179,0.7773885765618396,0.028569248077885055,1909,87.0,26.0,912.0378196871334
602900,365,50,188,7,0,170,0.7776411763434207,0.028449818228067605,1909,47.0,15.0,333.89621455149125
603000,378,45,181,6,5,186,0.7854097231755894,0.028922607499964812,1910,82.0,24.0,771.027245423923
603100,361,39,176,4,5,176,0.7965905091626576,0.029007851169794187,1910,138.0,47.0,1425.5556137423064
603200,340,49,170,2,5,163,0.7898437823177343,0.0281958047328029,1910,99.0,31.0,1102.4490868589962
603300,354,43,181,3,5,165,0.7848856975176519,0.027174800999195607,1911,84.0,25.0,798.1259828774888
603400,369,44,188,3,4,174,0.7917941941173848,0.02781008141191735,1911,110.0,39.0,1065.1403311006832
603500,354,49,178,3,6,167,0.7888585060141958,0.026101132136085125,1910,135.0,35.0,1383.2406297162502
603600,347,48,178,6,8,155,0.7999782475138625,0.027115475704441932,1911,102.0,38.0,847.9055601482936
603700,341,44,176,4,5,156,0.8041354716537904,0.027006121770399554,1911,114.0,35.0,1216.134910569644
603800,342,43,170,4,6,162,0.7995142112378557,0.02694377103290569,1912,140.0,37.0,1503.477512073367
603900,334,48,158,6,4,166,0.8082978642039075,0.027905239085505372,1912,75.0,32.0,521.6642230106753
604000,342,44,161,3,6,172,0.7966250458691715,0.027028357670564846,1913,158.0,36.0,2019.587013542098
604100,369,47,168,6,4,191,0.7886309051277148,0.025871556771772122,1913,100.0,29.0,1032.6258922930606
604200,357,51,169,4,4,180,0.7968510135430854,0.026663299394329276,1914,128.0,43.0,1130.4431726137489
604300,346,49,165,4,3,174,0.7970892231633311,0.026998268930722727,1915,108.0,31.0,1122.800472452702
604400,362,49,188,4,4,166,0.791025839988622,0.026984427554002086,1915,71.0,21.0,652.5325622044348
604500,338,44,164,5,4,165,0.8019315052255211,0.02714488215241147,1916,98.0,30.0,1073.0636798575777
604600,349,44,162,4,2,181,0.799840214736181,0.027378000723219383,1916,101.0,33.0,964.9049795004546
604700,352,45,163,9,2,178,0.8135521051791426,0.028277090368161086,1917,98.0,35.0,904.0598351124509
604800,356,52,171,7,4,174,0.8105139047007931,0.027761238565968353,1918,108.0,36.0,1109.018866819014
604900,329,51,174,9,2,144,0.8108047028490228,0.02750910299632182,1918,102.0,39.0,907.591927587733
605000,325,45,166,7,0,152,0.8263503473449527,0.029031815721657223,1919,137.0,40.0,1436.7101610312768
605100,331,43,158,8,3,162,0.8210240469714846,0.02834564817282553,1919,121.0,38.0,1108.6403133195363
605200,321,48,142,7,2,170,0.8341189126907937,0.028541306555245272,1920,118.0,52.0,882.4366975067366
605300,313,54,134,8,3,168,0.837635903425142,0.030532500331471913,1920,185.0,54.0,1882.291379460246
605400,315,60,148,6,4,157,0.8261341550815335,0.029913647755346648,1920,134.0,35.0,1502.960198870781
605500,325,56,158,4,4,159,0.8287368854501018,0.030625460817153834,1921,135.0,37.0,1424.2486670425426
605600,327,53,140,5,6,176,0.8270101282880721,0.0303112015919578,1922,136.0,43.0,1541.6330689473762
605700,343,43,147,2,5,189,0.8127500453722183,0.0288873424481124,1922,160.0,37.0,1735.8299053671442
605800,327,49,144,3,9,171,0.8272027158677419,0.030308604003041632,1923,105.0,34.0,1113.529239235027
605900,333,44,147,6,4,176,0.840393394942018,0.029930237855997396,1923,136.0,45.0,1449.7801550477004
606000,324,46,149,6,5,164,0.8367440399877332,0.029511777404580844,1923,149.0,46.0,1514.6304817564337
606100,328,50,139,5,5,179,0.8384863193346499,0.02984677349456225,1924,161.0,50.0,1630.9642880230128
606200,311,51,139,3,3,166,0.8344223269800427,0.02882936298333449,1924,146.0,52.0,1460.8980328968837
606300,314,49,130,2,3,179,0.8318426554197554,0.029751410223582856,1925,144.0,32.0,1602.8898573317113
606400,317,47,138,5,2,172,0.8307488673261268,0.02852427503379951,1925,134.0,43.0,1463.572330882503
606500,313,54,126,5,5,177,0.8440460599655881,0.029462707516988394,1925,104.0,37.0,1099.1846423881946
606600,334,53,144,6,4,180,0.8405012271008726,0.029230471761822415,1926,147.0,43.0,1777.3127436402262
606700,323,53,146,8,3,166,0.8336480130444698,0.02806663045829179,1926,133.0,41.0,1362.7862335732666
606800,323,52,139,6,5,173,0.846698308790315,0.028287832660047738,1927,145.0,45.0,1350.7854378723928
606900,325,61,149,7,6,163,0.8427868074479049,0.02747219953633316,1927,142.0,48.0,1386.3816252244078
607000,329,45,146,7,4,172,0.8449108294184142,0.027495300508871598,1927,92.0,38.0,733.5183848374703
607100,316,57,133,6,5,172,0.8598419893572721,0.027383468187953224,1927,166.0,55.0,1662.6702978182327
607200,325,46,142,7,10,166,0.8519515046938116,0.02691034119209792,1928,124.0,39.0,1348.2664365544815
607300,331,57,149,13,6,163,0.8469586590865078,0.02639942414043673,1928,146.0,49.0,1536.1835620032844
607400,329,47,146,9,3,171,0.8490577468998389,0.02632377069395122,1928,159.0,55.0,1622.513411751705
607500,337,48,142,7,3,185,0.8306110470513388,0.02585770249147835,1929,138.0,36.0,1861.8658444346506
607600,345,44,151,8,5,181,0.817359943508861,0.024997967123603294,1929,79.0,30.0,747.5733953330182
607700,349,46,152,6,3,188,0.8082310360227565,0.025531674285289744,1930,103.0,32.0,1261.1606131680044
607800,360,40,158,8,1,193,0.8092594074678178,0.026836166564431753,1931,99.0,31.0,1100.311692273855
607900,349,47,168,10,2,169,0.8281745286087548,0.02827875512488791,1931,81.0,40.0,714.1802919984162
608000,348,49,169,8,4,167,0.8205148807560398,0.026899128691895056,1932,99.0,35.0,1003.726940189251
608100,361,48,171,9,3,178,0.8206701700790452,0.027482666284852103,1933,115.0,38.0,1322.2744341511286
608200,347,53,167,8,4,168,0.8101040139709877,0.026721952568311606,1933,101.0,36.0,951.270420029098
608300,345,43,169,10,3,163,0.8205454216180429,0.027213874788305132,1934,91.0,32.0,844.2777733027704
608400,333,50,164,7,5,157,0.8026827572449721,0.027064776790455807,1934,112.0,41.0,1122.8720909400897
608500,347,47,160,5,3,179,0.8089364633684182,0.027905133261270986,1935,106.0,28.0,1141.1274651720933
608600,331,49,149,5,6,171,0.8079718106411631,0.027470000156699866,1935,140.0,42.0,1261.9563914325754
608700,335,51,148,3,7,177,0.8104999880784417,0.02782848816177535,1936,115.0,33.0,1097.1951514284676
608800,329,46,145,1,10,173,0.8021841943842808,0.027571387100679273,1936,121.0,42.0,1054.786457510053
608900,334,50,155,3,7,169,0.7878446183440357,0.027115664859430403,1937,128.0,35.0,1241.2731680368458
609000,357,40,160,3,5,189,0.7804328986375576,0.025863374677368576,1936,93.0,27.0,768.7013315417834
609100,344,52,156,5,5,178,0.8014267322362648,0.028122275186505185,1937,115.0,39.0,956.0219669180772
609200,334,45,159,4,3,168,0.7898729525130013,0.027960059001558332,1937,118.0,34.0,1296.387472292881
609300,334,39,169,4,1,160,0.7881304050928478,0.02751949110778363,1937,78.0,18.0,905.9238835911658
609400,343,44,167,5,4,167,0.7932428844160451,0.027822690783700154,1938,87.0,24.0,739.0688198266843
609500,349,38,169,2,4,174,0.7852936868809957,0.027430761284587,1938,81.0,29.0,595.8704548896538
609600,341,45,166,4,5,166,0.7928335936509306,0.029299760364532162,1938,83.0,29.0,689.2400952335607
609700,348,46,166,3,7,172,0.7864521077594853,0.02834098019799917,1939,135.0,28.0,1406.595219432255
609800,350,52,172,2,7,169,0.7859267821401206,0.029165250344223063,1939,84.0,31.0,609.0037722893767
609900,356,43,167,2,8,179,0.7839893536051765,0.02843962219328921,1940,108.0,37.0,790.1197351616972
610000,347,47,160,6,6,175,0.7899523126863117,0.028881738916874105,1941,121.0,39.0,1067.78998318071
610100,347,51,168,8,5,166,0.7951899812055993,0.028400438136298386,1941,118.0,32.0,1108.0253671969465
610200,347,51,171,9,3,164,0.7953634945890705,0.0283391292837315,1942,108.0,36.0,976.0434205225836
610300,336,45,164,6,7,159,0.8021395352595507,0.02920592193177713,1943,116.0,36.0,972.1454885503473
610400,325,44,153,8,6,158,0.8050732121495908,0.02848516420467576,1943,136.0,43.0,1256.6779417069383
610500,313,49,150,7,4,152,0.8041290743337666,0.028625613218994893,1943,163.0,53.0,1546.5823502280557
610600,325,51,135,6,2,182,0.8126007624197146,0.02946034333951723,1944,155.0,43.0,1502.367818851992
610700,319,54,135,5,1,178,0.8155736514891774,0.029777810422554885,1944,136.0,44.0,1239.9027902495725
610800,318,47,119,3,4,192,0.8226715335399464,0.030163212024134283,1945,160.0,48.0,1640.3165796603625
610900,317,53,132,4,6,175,0.8135936727730493,0.029141695772867668,1945,117.0,42.0,1039.1415914291654
611000,314,64,135,5,5,169,0.8225893909900847,0.030316308677766936,1945,124.0,37.0,1202.3455369124574
611100,307,56,134,7,1,165,0.8401888299331459,0.031180828241945426,1946,143.0,51.0,1385.4919384328143
611200,313,51,129,4,0,180,0.8171122174303004,0.029194035832959885,1946,176.0,55.0,1970.5550088195318
611300,325,49,135,3,3,184,0.8260917882908411,0.030077107022129502,1947,109.0,34.0,1118.4055492111252
611400,321,56,139,5,2,175,0.8142537882066396,0.029220125316430017,1948,125.0,37.0,1344.8379046059135
611500,329,47,148,5,2,174,0.8027667894922542,0.028969954804026227,1948,124.0,41.0,1309.7954231738097
611600,342,51,154,5,1,182,0.803727916140059,0.028829568826878697,1949,120.0,34.0,1310.9200629518598
611700,334,54,158,6,1,169,0.8107110828920835,0.02815895527796339,1949,138.0,43.0,1435.5485970364628
611800,324,48,147,6,2,169,0.8079221075132679,0.02672746992912017,1950,117.0,40.0,1104.6407977038957
611900,330,50,154,7,3,166,0.8052029679779732,0.025165874182288498,1950,95.0,28.0,1065.0752821776775
612000,333,49,156,7,4,166,0.7878140955141482,0.02497744135973932,1951,108.0,29.0,1153.462169747652
612100,336,43,162,3,4,167,0.7834964737128945,0.02467886207456574,1951,119.0,33.0,1228.4083580328167
612200,352,43,175,2,5,170,0.7817542013038803,0.024833532836876435,1951,79.0,24.0,785.6156469819359
612300,340,41,168,3,3,166,0.7879218572509773,0.025423256999224035,1952,72.0,27.0,634.6250663674733
612400,349,51,180,2,6,161,0.7875223489017658,0.025105957621521353,1952,90.0,23.0,977.6595161920548
612500,363,37,183,3,6,171,0.7903791470987047,0.025279595949878553,1952,93.0,27.0,924.963180008321
612600,348,39,183,2,5,158,0.796451526726307,0.02550335194053786,1952,129.0,34.0,1487.937477159331
612700,339,53,172,1,4,162,0.7971599502304382,0.026802702519315852,1952,84.0,31.0,786.374190989505
612800,346,48,171,2,3,170,0.8027781039942367,0.02756987957602158,1953,102.0,34.0,903.043597716106
612900,342,49,162,1,1,178,0.8041010599643199,0.02652739739203787,1954,133.0,42.0,1266.8818035707122
613000,328,46,142,3,6,177,0.8159883038266349,0.026300386961972455,1954,113.0,31.0,1094.8724647411545
613100,325,45,154,0,2,169,0.80608576093141,0.02534903664436456,1955,106.0,34.0,1013.3811027126501
613200,326,39,159,1,2,164,0.8080639808202043,0.02508970892351869,1955,95.0,33.0,957.3143565659402
613300,324,49,159,3,1,161,0.8034831828273858,0.02485947988771017,1955,89.0,29.0,827.1237328773584
613400,328,46,156,5,3,164,0.8113131441492047,0.02615592543751321,1956,93.0,27.0,917.7878026886515
613500,311,50,140,7,5,159,0.8168367733590427,0.026709079690881193,1957,113.0,43.0,1012.1065173972645
613600,313,43,149,7,5,152,0.8182613532322269,0.026839164946008895,1957,161.0,42.0,1840.6057806621598
613700,322,53,150,3,5,164,0.8127480034251385,0.02715615622523418,1958,138.0,41.0,1342.3615048772444
613800,327,56,155,2,3,167,0.80073643771808,0.025808832360857875,1958,116.0,28.0,1351.2052748227156
613900,332,53,152,4,1,175,0.8070025432146128,0.025939982942952324,1959,77.0,30.0,622.2201785229828
614000,335,56,167,4,3,161,0.8147647166926372,0.026060751592488635,1960,109.0,30.0,1041.4370519433712
614100,330,49,161,6,1,162,0.8159516673523933,0.024716743615505975,1959,92.0,30.0,907.7217245641593
614200,342,41,157,4,0,181,0.8083451266484488,0.024026179563328035,1960,104.0,34.0,1004.2159126078399
614300,332,42,151,4,1,176,0.8141002292145718,0.02307339632960432,1960,76.0,26.0,786.1230484730476
614400,329,46,158,5,2,164,0.8037720933955256,0.022259000480600998,1960,119.0,32.0,1453.096868516624
614500,341,46,172,5,1,163,0.7977691948235981,0.02160942866713747,1960,64.0,26.0,543.5339938954131
614600,355,43,179,4,2,170,0.8046987193351454,0.021830871988848793,1961,36.0,14.0,334.8831058865536
614700,346,46,173,6,1,166,0.808994986621953,0.021190095199832455,1961,67.0,32.0,455.1648412108784
614800,334,42,167,7,1,159,0.823174882752995,0.021611637372804714,1962,110.0,36.0,1046.3073403895553
614900,334,51,166,7,1,160,0.8315953334570013,0.02125033120458394,1963,90.0,30.0,908.5679586954938
615000,345,46,172,4,4,165,0.8369154666101032,0.022100315985022014,1963,113.0,37.0,1312.3103211218026
615100,338,43,157,7,6,168,0.8442190012503852,0.022448293709577107,1964,125.0,43.0,1319.9021091933205
615200,316,52,145,5,7,159,0.8640837486681067,0.023796533387110994,1964,100.0,41.0,986.1008784378765
615300,317,48,138,8,8,163,0.8584551502141935,0.024444692376756866,1964,142.0,44.0,1716.5430198715144
615400,326,47,144,7,4,171,0.8462649135612974,0.02398886980145083,1965,99.0,39.0,1037.296843752242
615500,314,50,132,5,2,175,0.8423644048411423,0.02327299257131421,1966,84.0,29.0,1004.7760798619279
615600,322,48,145,4,2,171,0.8112815098103526,0.022704772716996766,1966,72.0,29.0,667.2974887971201
615700,337,47,162,4,1,170,0.8228437608406268,0.022672391470450633,1967,76.0,25.0,790.609383618011
615800,342,51,165,4,2,171,0.8323119140283267,0.022706026141695094,1966,86.0,27.0,827.9165509332678
615900,365,38,174,5,1,185,0.8224175868403228,0.022097039295772992,1966,121.0,31.0,1468.41527021872
616000,334,52,159,4,2,169,0.8228509354702572,0.022824037969554983,1967,82.0,34.0,818.2987730264159
616100,344,50,163,4,4,173,0.8295408767140138,0.023325442743500346,1967,81.0,27.0,778.7193656311146
616200,337,44,160,5,8,164,0.8238451858802235,0.023083373198587148,1967,134.0,38.0,1504.8176049987405
616300,341,46,165,5,5,166,0.8297252761305854,0.02326329444806618,1968,70.0,24.0,817.814743871826
616400,349,40,155,6,7,181,0.8201401863549016,0.023540646673322906,1969,120.0,34.0,1603.4974783396044
616500,360,42,171,6,7,176,0.8119649443778713,0.023155625581484478,1969,80.0,19.0,1018.0173434502478
616600,362,39,171,6,8,177,0.8168237112559904,0.023066040316938822,1970,97.0,31.0,1031.1901058092978
616700,348,48,173,7,11,157,0.8243472748250708,0.02236275993492455,1970,91.0,38.0,753.9093467416108
616800,351,41,169,7,9,166,0.8230569465165494,0.022468386008981288,1971,81.0,27.0,844.7933430226441
616900,358,45,171,4,9,174,0.8185329961516156,0.021947134128125444,1971,99.0,21.0,998.765677916929
617000,360,46,180,4,8,168,0.8192032468040864,0.021765403763082527,1972,103.0,28.0,1104.2632929044287
617100,353,40,181,4,13,155,0.8303801988640266,0.021649167048161395,1972,125.0,33.0,1343.1165797013307
617200,347,50,177,3,6,161,0.8215096701763186,0.020499694772818298,1973,129.0,38.0,1435.626424800419
617300,358,47,175,4,6,173,0.8198373471972232,0.02000994456806882,1973,93.0,31.0,855.4862207696102
617400,344,44,169,3,6,166,0.8385566538499276,0.020261514675079213,1973,137.0,40.0,1494.9908100720586
617500,329,42,164,3,6,156,0.8516667506835571,0.020462054659844027,1974,137.0,39.0,1799.3191896847995
617600,334,52,168,3,5,158,0.8662013609983737,0.02060306642034609,1974,112.0,33.0,1504.4858660103855
617700,326,42,160,4,7,155,0.8705812372659054,0.020950724393912983,1975,149.0,45.0,2076.397809218507
617800,308,50,143,6,6,153,0.8654866612424743,0.020403671268343773,1975,177.0,55.0,2573.253779332072
617900,307,52,155,8,2,142,0.8654382300410993,0.020252627862061712,1976,127.0,46.0,1753.000852449051
618000,318,48,152,8,4,154,0.8727766720124084,0.021539014214411515,1976,112.0,38.0,1390.1440232771602
618100,295,58,137,6,4,148,0.8913992337313722,0.021490146134867997,1976,186.0,73.0,2339.4149107763983
618200,304,56,132,5,1,166,0.9047586524286172,0.021603977547329758,1977,104.0,39.0,1323.1130297389186
618300,296,58,131,5,0,160,0.890700717180994,0.021435076804096922,1977,152.0,52.0,2097.6805692447506
618400,314,50,128,4,3,179,0.8636665970443496,0.019770331548021877,1977,139.0,46.0,1972.9149824166077
618500,332,55,145,4,2,181,0.8521598732763848,0.0196136877090716,1978,93.0,36.0,1219.039490518372
618600,328,48,153,2,2,171,0.8602594347496753,0.01953043059226237,1978,141.0,48.0,1881.0911746927243
618700,319,49,156,3,1,159,0.8663377233764882,0.019421712001362876,1979,136.0,44.0,1833.5804983223907
618800,318,50,146,1,0,171,0.8765735363083433,0.019543821762200427,1980,98.0,39.0,1114.2713584304647
618900,318,51,148,2,1,167,0.8856622346783316,0.01997102233941547,1980,100.0,46.0,1112.718856837458
619000,323,44,149,4,2,168,0.8786281080033215,0.01871058777406139,1980,134.0,37.0,1981.0623982614102
619100,314,60,137,3,6,168,0.8723177658174248,0.01790558178052748,1981,132.0,54.0,1600.4777889516065
619200,324,52,146,7,5,166,0.8841807361803075,0.018672325265892426,1982,92.0,37.0,1064.3558907091917
619300,305,61,151,5,2,147,0.9118747238958308,0.019370841985234248,1982,175.0,58.0,2405.430527068079
619400,315,52,151,7,2,155,0.8967817726417663,0.01868021800919948,1982,139.0,36.0,2215.7180665264727
619500,314,45,139,7,3,165,0.889643821233776,0.01820427555818768,1982,125.0,55.0,1411.0777407339992
619600,324,45,134,8,1,181,0.8949047550781567,0.01917744319460328,1983,158.0,49.0,2318.035540518995
619700,323,53,136,7,1,179,0.8978423499595681,0.020617852115026834,1984,130.0,57.0,1415.4260474544262
619800,305,52,140,5,1,159,0.8738800927950948,0.020066662044075086,1984,138.0,54.0,1815.9001527161015
619900,309,46,139,5,2,163,0.8694276822416015,0.01943472173783249,1984,137.0,47.0,1843.3916026674344
620000,319,47,135,5,2,177,0.8589589407533813,0.019125928877350092,1984,100.0,37.0,1258.2270022413782
620100,327,53,138,3,2,184,0.8849381590002524,0.020019687315338805,1984,114.0,53.0,1211.4831252746505
620200,306,51,130,7,3,166,0.8762137740393171,0.018760510764383637,1985,142.0,54.0,1662.801871619845
620300,312,57,134,7,3,168,0.8894046834595023,0.019613077550298133,1985,103.0,49.0,1047.2660842364019
620400,301,45,134,6,4,157,0.8769768830708222,0.019896563008529752,1986,180.0,51.0,2687.3707486480444
620500,309,51,126,6,5,172,0.872279151965603,0.02027748942572493,1987,89.0,41.0,912.9198822396188
620600,319,56,142,5,3,169,0.8755262150954842,0.02098507645776267,1987,132.0,52.0,1614.441514457646
620700,312,54,138,3,3,168,0.8740259032224728,0.021161183628598177,1988,136.0,48.0,1807.2877790350556
620800,308,54,147,2,1,158,0.8594148084311622,0.01966563843887901,1988,143.0,47.0,1883.4839726285657
620900,309,51,141,4,2,162,0.871367238609151,0.0201244000730774,1988,139.0,51.0,1581.2677672037726
621000,316,50,138,7,1,170,0.8743509065567943,0.019687035705934365,1988,120.0,39.0,1473.1939690789336
621100,311,51,140,8,1,162,0.8918554588128316,0.020929387553902105,1988,155.0,60.0,1869.9445539781098
621200,301,50,134,8,4,155,0.8990157191225893,0.021632641441988662,1989,177.0,58.0,2319.6708165655277
621300,298,57,137,5,5,151,0.9049704589249103,0.022561573520835543,1989,166.0,56.0,2100.9552157131225
621400,300,55,137,7,1,155,0.9090770739325077,0.02208127206966838,1989,153.0,61.0,1686.174174493132
621500,300,58,130,7,4,159,0.9109981548167359,0.021416752865006713,1989,145.0,47.0,1848.2396794990211
621600,300,56,123,7,2,168,0.9061425410246877,0.0214364787232242,1989,149.0,48.0,1922.276206325673
621700,300,62,133,2,4,161,0.8697900761040673,0.018950476276990775,1989,151.0,49.0,1978.6617070946943
621800,315,47,139,4,1,171,0.8904212546984434,0.02021120503129741,1990,161.0,56.0,2094.0952572490205
621900,299,61,132,5,1,161,0.906834234955286,0.02128812570010622,1990,157.0,58.0,1773.4268196364321
622000,304,66,128,5,4,167,0.9140881976260143,0.02148794694186688,1990,158.0,55.0,1803.426476983652
622100,320,55,125,9,10,176,0.9269852478218776,0.02214355447327999,1991,202.0,63.0,2364.7557056923633
622200,303,53,128,9,6,160,0.9194759413382759,0.020835686431037236,1991,190.0,59.0,2621.9718015194235
622300,296,54,116,6,6,168,0.9333173810499413,0.021688512203492227,1992,170.0,64.0,2091.9249157134927
622400,293,63,127,4,7,155,0.8995782234776255,0.01970491118135883,1992,162.0,51.0,2121.8685950366416
622500,304,62,129,2,4,169,0.8791370437569281,0.018683660701271074,1993,200.0,47.0,3005.1833135909083
622600,309,62,114,4,6,185,0.9058324555216563,0.02001278755568843,1993,160.0,59.0,1876.1799367064486
622700,324,52,128,7,5,184,0.8875226431391207,0.019565369052749856,1992,171.0,48.0,2426.6056249162107
622800,331,49,138,9,9,175,0.8841156118948851,0.018819369078755095,1993,152.0,50.0,1946.613413793722
622900,320,55,154,6,8,152,0.8743910544756016,0.01811292575376811,1993,110.0,46.0,1241.422996125319
623000,350,54,169,11,6,164,0.8467979632273932,0.016655087004668716,1994,115.0,35.0,1554.9873553966033
623100,352,50,175,10,7,160,0.848146527079871,0.01639218155359887,1995,77.0,24.0,810.5381642898557
623200,351,43,166,10,6,169,0.8323906308763103,0.01620672692063435,1995,102.0,43.0,1022.0947129285843
623300,369,51,181,8,7,173,0.827380538361068,0.01619036058599756,1996,131.0,30.0,1976.2308246091377
623400,376,49,185,10,7,174,0.8154542292385818,0.015244574966490955,1996,94.0,36.0,759.6081285006496
623500,373,42,183,7,9,174,0.8228497682074424,0.015344888136038966,1996,118.0,43.0,1188.8044535757888
623600,351,40,171,6,5,169,0.8289288763095656,0.01583877848064795,1997,95.0,35.0,1029.424155977645
623700,366,42,176,7,5,178,0.8377433232146553,0.015967917601567853,1997,94.0,38.0,718.2768280100618
623800,373,40,176,8,8,181,0.8418383121130297,0.015600372213645589,1998,93.0,33.0,992.1971861773321
623900,345,50,149,14,7,175,0.871850783337769,0.018052107902798754,1998,174.0,64.0,1721.2485353042132
624000,324,58,150,15,8,151,0.8864450737823183,0.017872663928192818,1998,176.0,63.0,1943.0290466301303
624100,324,48,143,10,10,161,0.8833774974361557,0.0178835828793886,1999,138.0,50.0,1620.4900561152676
624200,312,61,137,7,7,161,0.896170965850855,0.018246776316377968,2000,139.0,47.0,1723.218236360668
624300,311,51,131,7,7,166,0.9029965249024836,0.018805166239234488,2000,180.0,56.0,2197.7933679232397
624400,310,64,127,7,6,170,0.8856835275532738,0.018747518034756674,1999,161.0,58.0,1963.5422893685138
624500,317,52,127,9,6,175,0.8820831954040437,0.01899792959764375,2000,152.0,48.0,1950.2028436332062
624600,327,52,136,9,9,173,0.8694738879253515,0.01884558910186131,2000,157.0,53.0,1869.2508081592543
624700,316,47,123,7,11,175,0.8711237191602652,0.01830432487013867,2001,162.0,53.0,2084.1925756823202
624800,318,45,127,6,10,175,0.8755530328729008,0.018271721070418363,2001,143.0,50.0,1779.852952284572
624900,307,62,128,7,7,165,0.9154268470103416,0.02015106689680952,2002,146.0,70.0,1492.7764017717668
625000,306,51,123,5,5,173,0.8823694761182865,0.019304880394495336,2002,216.0,63.0,3092.6512990816136
625100,302,52,132,6,4,160,0.8721941303451372,0.01917777039253646,2003,179.0,52.0,2340.7875909947825
625200,303,57,134,5,5,159,0.8725847443252558,0.018329941255601858,2004,198.0,56.0,2734.9884937157963
625300,315,57,139,3,3,170,0.8425002773396496,0.016921710300211078,2004,202.0,52.0,3088.1067566748743
625400,330,50,148,3,2,177,0.831889090973886,0.017110045002252633,2005,134.0,35.0,1936.800355261007
625500,351,48,155,3,5,188,0.8245163982107638,0.01725151299570804,2005,127.0,37.0,1689.6017771937948
625600,325,50,153,3,1,168,0.8287750501436612,0.017569723987762666,2006,116.0,48.0,1209.6329567998318
625700,323,47,149,2,1,171,0.8352956833953143,0.017931791210669235,2006,137.0,53.0,1705.1807137973626
625800,319,52,154,2,2,161,0.8205521960163978,0.017553108828611032,2007,134.0,52.0,1602.0250240296125
625900,326,45,150,4,1,171,0.8237988739603461,0.01822234770356351,2007,93.0,44.0,855.2618204782926
626000,342,55,160,3,4,175,0.8390013507330624,0.01910515677725649,2008,93.0,41.0,912.3465252315765
626100,330,57,152,3,2,173,0.8562530179562842,0.01903778393204096,2008,156.0,65.0,1653.1271035827476
626200,326,58,148,5,3,170,0.8815461820314173,0.019357080095671796,2009,154.0,56.0,1884.6496958225332
626300,309,59,130,4,3,172,0.8825429325096733,0.018647784566606887,2009,168.0,67.0,1863.533365925599
626400,307,59,123,4,2,178,0.8833494893219089,0.019171668281692266,2009,182.0,59.0,2438.1601616669245
626500,300,63,123,4,2,171,0.8578195421310871,0.01937965809840111,2010,203.0,60.0,2640.288065792085
626600,311,51,122,3,1,185,0.8498184402922856,0.020010104802779583,2010,140.0,47.0,1625.5642882008287
626700,305,59,124,6,2,173,0.8760579480085823,0.021617853572049973,2011,154.0,54.0,1766.6955429318982
626800,296,55,122,6,1,167,0.8758126097944475,0.02169927538237856,2011,158.0,56.0,1897.8812556671614
626900,314,52,127,7,3,177,0.8734786074688908,0.021181254508003164,2012,175.0,58.0,2104.2039578891154
627000,286,58,124,5,3,154,0.8693864609384717,0.02086974790043826,2012,196.0,62.0,2478.5114905094415
627100,294,56,119,2,1,172,0.8581273170914053,0.021061839615834316,2012,166.0,60.0,1997.5149907196458
627200,295,54,128,4,2,161,0.8452674730503908,0.020282908455538512,2013,123.0,41.0,1548.3519721764442
627300,298,58,115,4,2,177,0.8504024294912772,0.020263116011561513,2013,180.0,56.0,2273.227310085109
627400,300,57,125,5,3,167,0.8459437655752559,0.01924627787458739,2013,161.0,51.0,1879.65333878495
627500,305,46,124,2,3,176,0.8424639407201076,0.0189357870107164,2014,150.0,49.0,1772.4560512180553
627600,307,60,125,5,5,172,0.8580956784458521,0.01946983467101318,2014,156.0,51.0,1800.4296355251856
627700,304,51,137,7,3,157,0.8395738724587984,0.01852431640685005,2014,151.0,42.0,1930.507180640655
627800,299,47,130,3,1,165,0.8415678337344922,0.01770131274921328,2015,141.0,53.0,1625.608478379567
627900,316,49,138,4,4,170,0.8485370373086601,0.018033130382295166,2015,147.0,43.0,1783.6730848730228
628000,307,46,129,4,4,170,0.8468093856480825,0.01826321416408806,2016,140.0,49.0,1659.188141699707
628100,316,48,143,4,2,167,0.8403601430240158,0.01801982112930172,2017,114.0,37.0,1418.357358578222
628200,298,53,141,4,4,149,0.8741948774423427,0.019269474394175,2015,130.0,53.0,1441.1747465998549
628300,294,56,132,5,4,153,0.882993456911793,0.020934913438690198,2016,142.0,48.0,1779.8006147619121
628400,294,61,132,7,1,154,0.8496815798033929,0.02025736471498313,2016,141.0,46.0,1685.5923309851462
628500,304,50,131,7,2,164,0.8588550306820938,0.021530133005293266,2017,128.0,51.0,1307.9980943524288
628600,308,55,123,7,3,175,0.8721959144979485,0.02290028260713,2018,173.0,53.0,2082.2289558941884
628700,297,50,121,9,3,164,0.8681592015496803,0.023682844684012525,2018,152.0,49.0,1785.156144487556
628800,288,56,123,5,3,157,0.8553163772883988,0.0243426343621501,2018,153.0,54.0,1844.3593199528968
628900,309,49,126,4,2,177,0.8344709352925592,0.023367611216548782,2018,127.0,36.0,1689.6952016598402
629000,311,48,133,4,2,172,0.8491495797005838,0.025025148349204336,2019,106.0,45.0,1139.614785825176
629100,313,57,135,4,1,173,0.8559806975710774,0.025583658756217483,2019,136.0,46.0,1571.4099952109136
629200,303,57,137,4,2,160,0.8533725611391073,0.0253747543119962,2020,141.0,54.0,1598.379157723578
629300,313,56,136,4,2,171,0.825865897741759,0.025056518189314553,2021,108.0,35.0,1277.761618193827
629400,335,49,147,3,2,183,0.833236029513162,0.024885223199007694,2021,119.0,32.0,1632.5634416017376
629500,322,47,145,4,3,170,0.8092761937424989,0.024730455046916556,2021,107.0,39.0,1262.3056983018737
629600,342,43,160,2,2,178,0.8083990269656224,0.025012359267889313,2021,61.0,24.0,614.3383447929402
629700,344,47,160,5,3,176,0.8253204415248446,0.026134386244484477,2022,62.0,30.0,504.6655484560982
629800,331,50,161,4,2,164,0.8228490404322008,0.025415721824899484,2022,127.0,40.0,1562.0139469732767
629900,333,44,155,5,1,172,0.8386956029079689,0.026118018904748196,2022,105.0,41.0,1086.8625473223801
630000,317,43,150,3,1,163,0.8296129513985298,0.025785865877651123,2022,85.0,31.0,969.4401141020275
630100,304,59,150,2,0,152,0.83063738006581,0.026021526810859775,2023,113.0,42.0,1273.1351298332472
630200,317,52,159,4,0,154,0.8322534409765457,0.025932325326329903,2024,106.0,28.0,1411.9634895032216
630300,319,57,157,5,0,157,0.8421943566277144,0.027481998644077354,2024,97.0,37.0,1024.997938493233
630400,312,53,144,3,1,164,0.8539795476163251,0.02739903391492547,2024,101.0,43.0,1109.4273143111418
630500,316,46,152,3,4,157,0.8392011844723224,0.027574720080161826,2024,120.0,39.0,1462.247925503921
630600,319,44,148,4,2,165,0.8502710344286302,0.027621255263533626,2024,55.0,23.0,606.3163062896671
630700,320,50,156,0,4,160,0.8210743244209414,0.025567845219959185,2025,101.0,36.0,1127.3686146004134
630800,329,50,162,2,0,165,0.8373807631566303,0.025668601766360252,2026,86.0,33.0,964.965567264562
630900,340,38,171,1,0,168,0.827556175262566,0.024728243364133835,2026,98.0,30.0,1323.3992183339863
631000,340,46,165,2,1,172,0.83437723300869,0.024238835264723597,2026,81.0,36.0,865.3017522767939
631100,323,48,167,2,0,154,0.8428323511276189,0.024616805241186302,2027,77.0,35.0,803.7726799483995
631200,311,52,152,5,0,154,0.8460977185122348,0.023649706502536984,2028,93.0,38.0,1001.5001552841362
631300,324,50,150,6,0,168,0.8481157747545365,0.023293253121616626,2028,103.0,40.0,1161.2221792854168
631400,335,44,158,3,4,170,0.8483284394738599,0.023924928320553138,2029,63.0,28.0,680.6314139316698
631500,332,46,166,4,0,162,0.8429385102915836,0.022947968045176077,2029,96.0,37.0,1104.2607946601454
631600,334,43,165,4,2,163,0.8452427481123209,0.02221811170941355,2029,111.0,41.0,1290.9237530243265
631700,325,46,159,5,0,161,0.8388788800836913,0.021594629273909923,2030,141.0,46.0,1784.8654727874111
631800,331,40,160,7,2,162,0.8480091515218325,0.0216492469747205,2031,90.0,31.0,1115.9339432902775
631900,327,43,153,5,1,168,0.8508267347072693,0.020952666353146084,2031,112.0,51.0,1074.007166895379
632000,321,48,146,7,2,166,0.8621939104895612,0.021168325578550924,2032,106.0,40.0,1156.111334848984
632100,305,46,134,3,6,162,0.8762492282872159,0.021419380817083618,2032,160.0,62.0,1783.97420182248
632200,298,50,127,3,3,165,0.8789734872849261,0.02111942744424669,2033,180.0,65.0,2080.770936815111
632300,294,50,117,6,3,168,0.9079391427951715,0.02135194951705764,2033,182.0,65.0,2134.009915851239
632400,303,49,115,4,3,181,0.8680444741170577,0.02166815155836069,2034,172.0,51.0,2238.9138995758003
632500,310,51,131,4,3,172,0.8422843800021224,0.022132162501970528,2034,146.0,41.0,1951.1280324874433
632600,318,47,138,1,5,174,0.8419451357310628,0.02268627594957748,2035,176.0,48.0,2201.121891717564
632700,324,40,149,3,5,167,0.8450058758244341,0.02347805135386516,2036,101.0,35.0,1053.5718709590674
632800,322,54,148,2,4,168,0.8399062502386393,0.02482370261519029,2036,140.0,45.0,1589.4060948884653
632900,323,46,147,3,4,169,0.8398913494355472,0.024465589649861407,2037,107.0,40.0,1082.770953297369
633000,319,48,150,2,5,162,0.8418325013787537,0.02512917607870704,2037,162.0,49.0,1930.2650842905744
633100,296,55,135,3,4,154,0.8611193505692694,0.02594121083718733,2038,195.0,54.0,2362.4072288991583
633200,301,61,128,4,2,167,0.8345555009699355,0.024757629668100384,2039,139.0,39.0,1651.8149627335779
633300,314,46,137,2,0,175,0.8081027544818951,0.024372054349806372,2039,113.0,37.0,1308.6875792920673
633400,329,49,147,3,2,177,0.8264775459143758,0.02452349573592375,2040,78.0,29.0,756.3795947824759
633500,337,52,164,1,0,172,0.8225203477134201,0.024178201678121035,2040,88.0,32.0,917.5471304226892
633600,350,42,176,2,0,172,0.826552730878649,0.024811549163088416,2041,89.0,31.0,872.2307213810672
633700,336,50,170,4,1,161,0.831170544501573,0.024592880791936132,2042,117.0,36.0,1321.1018631089103
633800,324,55,166,8,0,150,0.8284824050447992,0.02443942813666539,2042,106.0,44.0,1031.3419636708418
633900,322,50,165,5,0,152,0.8336782117082773,0.024428173367801675,2043,123.0,40.0,1414.4121839144127
634000,329,46,157,4,1,167,0.8272960132886639,0.02475489622710708,2043,117.0,41.0,1262.5505148431403
634100,334,45,167,3,1,163,0.8175562579535005,0.024507569870736,2044,64.0,25.0,632.4827307101473
634200,323,53,163,4,1,155,0.8213841910705837,0.02467112777323108,2045,109.0,38.0,1166.8939734050384
634300,324,54,168,3,2,151,0.8268871775527697,0.025693765050987295,2045,67.0,24.0,752.3685391858892
634400,336,46,164,2,1,169,0.818594977104428,0.02597648080408216,2046,90.0,36.0,963.486059006843
634500,327,47,161,2,2,162,0.8323453240949041,0.026603538584910588,2046,108.0,41.0,1232.3812159795805
634600,320,42,163,3,2,152,0.845140815518225,0.027636032346180412,2047,127.0,53.0,1227.6484091573125
634700,293,45,143,3,1,146,0.8624347324499501,0.02883678821023311,2044,173.0,59.0,2070.3899107625243
634800,310,54,142,1,1,166,0.8467845745921588,0.02780124515574705,2045,127.0,42.0,1596.2031943065256
634900,305,58,141,2,1,161,0.8589222320918659,0.026755891916688528,2045,148.0,46.0,1849.7899653078932
635000,323,47,143,5,2,173,0.8527759562315952,0.026424370802844314,2045,86.0,37.0,905.8908463923068
635100,331,43,152,5,3,171,0.848499936771098,0.025633006375444564,2045,143.0,47.0,1724.8963503508953
635200,320,43,150,2,3,165,0.8290206116088719,0.026563033590719022,2045,163.0,50.0,2105.1565901822732
635300,312,53,148,2,2,160,0.8283697693937976,0.026497650312887044,2046,123.0,45.0,1295.808396702171
635400,316,48,147,4,3,162,0.836141850951907,0.025802866837986774,2047,132.0,43.0,1620.9232549895264
635500,303,45,142,4,1,156,0.8373869935224473,0.02463320084455054,2047,103.0,37.0,1132.879827156744
635600,307,46,146,5,1,155,0.8382624425223913,0.0244214992309993,2047,80.0,33.0,832.1044217038185
635700,304,51,150,2,1,151,0.8406350219941413,0.02283054064623704,2048,146.0,48.0,1785.1283198046476
635800,307,49,144,2,1,160,0.8335410104328432,0.022693315514274774,2049,112.0,39.0,1422.2987244526753
635900,302,55,133,3,0,166,0.8780613563561784,0.023689317036082416,2049,202.0,69.0,2550.3240223885905
636000,291,46,123,6,1,161,0.8747176230266768,0.02410871881439323,2050,231.0,70.0,2952.693215462124
636100,291,44,120,4,0,167,0.8690337879908973,0.02435529213749166,2050,148.0,47.0,1888.572786532963
636200,301,51,124,4,2,171,0.8606283105109693,0.024512105850236297,2050,143.0,46.0,1870.932190671616
636300,300,46,132,4,3,161,0.8452363329413415,0.02484975401813065,2051,163.0,49.0,2129.425162900049
636400,315,38,143,4,2,166,0.8234551530523463,0.02478231861942161,2050,100.0,30.0,1224.7378138350423
636500,304,49,140,4,2,158,0.8290694982300227,0.023874972007906635,2050,128.0,39.0,1608.9202590892576
636600,306,46,139,3,3,161,0.836341904802963,0.023093195181660843,2051,120.0,41.0,1485.2866005784701
636700,321,45,149,2,6,164,0.822347264241757,0.022764886874466306,2052,99.0,26.0,1339.7842694216874
636800,338,48,163,3,5,167,0.8149011432691967,0.022103469845021716,2052,80.0,24.0,1007.5860069863224
636900,314,54,153,4,4,153,0.8431211566453813,0.022288210915738613,2053,81.0,31.0,877.5762368192832
637000,323,50,156,1,4,162,0.8253985501506477,0.020933616231797177,2054,112.0,30.0,1705.3016791048487
637100,324,46,161,3,4,156,0.8182285026122063,0.02097420220698593,2054,65.0,24.0,749.2341971419704
637200,319,57,150,1,3,165,0.842614153763438,0.02115946406184466,2055,100.0,40.0,1138.7715793148527
637300,321,42,153,1,2,165,0.8189384721914674,0.0219833971547675,2055,71.0,23.0,983.9869581873135
637400,330,44,154,0,2,174,0.8219813017194917,0.022301194360574993,2056,56.0,26.0,572.375908165903
637500,330,55,168,0,4,158,0.8304022557048765,0.02235319863207548,2057,67.0,21.0,880.9008598190949
637600,317,42,164,3,2,148,0.8266593968386292,0.022470135643515958,2057,72.0,29.0,862.2979415479608
637700,321,46,160,5,1,155,0.8305025887250952,0.021743181771609284,2058,82.0,27.0,1064.921418748427
637800,314,61,147,5,2,160,0.8448829944805276,0.021718443074578066,2058,89.0,32.0,1127.767803589627
637900,330,46,144,4,2,180,0.846327857491705,0.02229806013891224,2057,57.0,24.0,613.4726896175912
638000,323,46,155,7,0,161,0.8346481982646343,0.02251255295149859,2058,73.0,29.0,907.3092231543612
638100,328,44,146,9,1,172,0.8475912896064816,0.021668615819527733,2059,61.0,26.0,725.230949625059
638200,335,45,163,8,2,162,0.8523940467182597,0.021855676658141976,2059,67.0,31.0,755.0865103675625
638300,325,50,161,5,2,157,0.8619126165119948,0.021516707408008102,2059,87.0,28.0,1235.2784691340696
638400,332,43,165,5,1,161,0.8572241986421028,0.020982903826756518,2060,99.0,26.0,1620.6166665230844
638500,313,48,154,5,4,150,0.8385970243571783,0.021713274322952374,2060,105.0,38.0,1357.227548085234
638600,341,45,156,3,3,179,0.838746341824507,0.02120355446697406,2061,44.0,19.0,514.6536499162456
638700,332,43,161,4,2,165,0.8456174474487446,0.02000870787662757,2062,82.0,32.0,968.6914909754286
638800,303,58,146,3,1,153,0.8578971090986343,0.018563349422700735,2062,98.0,44.0,1132.9687627943372
638900,303,52,147,5,2,149,0.8837547160176834,0.018843108982521162,2063,100.0,42.0,1169.1010203931526
639000,285,49,131,8,3,143,0.9080389168881714,0.01877209285858048,2063,187.0,61.0,2653.320204305437
639100,291,58,118,5,2,166,0.8982246049825124,0.01750289406629585,2064,113.0,42.0,1457.9937513779014
639200,297,50,124,3,3,167,0.8829251702046259,0.017872745679592916,2065,155.0,49.0,2246.651051841666
639300,294,49,119,5,2,168,0.8755900025484387,0.016952501734056342,2065,118.0,51.0,1368.610523183333
639400,283,56,120,4,1,158,0.8961183106824299,0.01538105107379514,2064,128.0,49.0,1561.5489126423834
639500,284,54,111,5,1,167,0.9014963192278256,0.01596306885046683,2064,103.0,45.0,1156.206442749126
639600,299,47,115,6,2,176,0.9118082455077487,0.015630011661856458,2064,196.0,55.0,2966.2963026803377
639700,284,45,116,8,2,158,0.904638589834882,0.015896430755934866,2064,145.0,53.0,1870.2529790023607
639800,270,68,108,6,1,155,0.9167320223548495,0.01617072387316557,2064,152.0,53.0,2077.7222080262404
639900,279,58,124,6,3,146,0.890265265922559,0.015978979710084055,2065,180.0,41.0,2955.944563521935
640000,287,55,124,6,1,156,0.8708738070075766,0.01703442095308455,2065,161.0,49.0,2270.9899809597846
640100,292,57,122,2,3,165,0.8739685232488914,0.017967137166090545,2066,84.0,37.0,921.7285988217377
640200,299,55,125,2,2,170,0.8946645314341766,0.01772828950421748,2066,128.0,49.0,1633.87745612979
640300,299,51,131,2,3,163,0.8716073249975013,0.016893908719890074,2066,133.0,47.0,1889.8891776014798
640400,298,46,130,1,3,164,0.8588700945910955,0.017047896083882602,2066,131.0,42.0,1857.16233788681
640500,281,58,136,5,3,137,0.8887491803705342,0.016912777985881464,2067,149.0,45.0,2339.5969724519973
640600,288,55,131,6,2,149,0.883112641479337,0.017416619251742246,2067,96.0,39.0,1185.2925627589123
640700,278,46,135,5,1,137,0.8770590730879009,0.01712811745487534,2067,134.0,49.0,1818.8936067902607
640800,289,54,133,3,1,152,0.8752238410065466,0.01692148654027754,2068,136.0,42.0,2020.284306594036
640900,291,58,133,3,1,154,0.8851888921182702,0.016737016711500824,2068,92.0,32.0,1214.2721994354965
641000,291,56,118,2,1,170,0.8839421025740279,0.0165466543585869,2069,92.0,42.0,974.2445121538335
641100,301,50,126,6,2,167,0.9011582270267837,0.014792436850139144,2069,157.0,50.0,2373.661605736845
641200,305,55,127,5,2,171,0.8850626652108639,0.014340145427376829,2069,135.0,47.0,1960.752674279557
641300,296,46,126,4,3,163,0.9127408245369716,0.014884304313969188,2070,132.0,47.0,1906.3908087651857
641400,305,50,129,7,2,167,0.8894046057408018,0.015288875961953097,2071,153.0,47.0,2464.860008524966
641500,300,48,126,5,4,165,0.8903000533640247,0.01585191844032653,2071,93.0,38.0,1220.2788876901895
641600,291,57,134,5,3,149,0.857035283910474,0.016723692446895314,2072,135.0,35.0,2275.0905655564707
641700,313,49,139,4,3,167,0.8559687985142244,0.017075365669318866,2072,108.0,38.0,1510.1349312648829
641800,320,47,137,6,4,173,0.8609454644612841,0.01705753655240936,2072,73.0,34.0,787.4278995047864
641900,290,55,116,4,3,167,0.8713037173311358,0.018045951287286345,2073,108.0,47.0,1327.111835532592
642000,291,49,135,7,1,148,0.8615492231623618,0.01798110222726529,2074,130.0,43.0,1915.2454807201912
642100,294,48,135,3,1,155,0.8661313973354227,0.01844068501061985,2074,160.0,38.0,2837.2319728310235
642200,304,53,142,2,3,157,0.8460499024482429,0.01710547427727338,2074,97.0,34.0,1488.9549507608706
642300,318,40,140,5,3,170,0.8390818843639914,0.016093035498824425,2074,92.0,31.0,1348.3168415622447
642400,316,49,143,6,2,165,0.8322296647663922,0.015529860800751317,2073,85.0,27.0,1316.4421826299094
642500,325,43,146,5,2,172,0.8544452312539751,0.015159465865500599,2074,93.0,42.0,1140.2087708938946
642600,284,58,144,6,2,132,0.8888890733573831,0.015453543020675293,2074,133.0,52.0,1795.1876407527502
642700,278,54,133,4,1,140,0.8588676974539371,0.016102466394406455,2075,141.0,41.0,2054.6799185212944
642800,289,56,130,5,0,154,0.8849077467641265,0.015454039500786,2076,63.0,27.0,797.1989773591122
642900,282,59,120,4,2,156,0.8862765043668204,0.01548549782932478,2076,97.0,38.0,1292.7227397631912
643000,289,62,124,3,2,160,0.8959838758795602,0.015502985917109002,2077,98.0,38.0,1364.9230394048586
643100,304,62,136,5,3,160,0.8707041185771246,0.015224682416562073,2077,130.0,31.0,2141.1934260065905
643200,302,47,137,3,2,160,0.8515295743223611,0.015055247341476511,2075,135.0,40.0,2105.4487607970623
643300,299,54,143,3,2,151,0.8509506004742626,0.014980358497741127,2076,95.0,35.0,1315.6870787451612
643400,298,59,139,3,1,155,0.8661710670504374,0.015015609307747911,2076,91.0,34.0,1250.7628123531429
643500,305,43,139,5,2,159,0.8598963922739763,0.015306055550751051,2076,149.0,43.0,2329.6370374003345
643600,320,45,150,3,2,165,0.8445472908370132,0.015175590627583729,2077,86.0,23.0,1419.232153412345
643700,333,48,150,2,1,180,0.8430212060441244,0.015576876647494518,2078,80.0,29.0,1113.5506850023976
643800,323,55,157,4,1,161,0.8426116821843119,0.0155997468796669,2078,84.0,36.0,1082.9984669877688
643900,319,49,149,2,2,166,0.8253956500912988,0.015986610519426216,2078,86.0,33.0,1128.8008684463148
644000,316,46,153,3,3,157,0.8520782208094663,0.016164334565987582,2079,109.0,42.0,1401.637429867667
644100,303,48,140,3,0,160,0.8550968042962676,0.016663910254554156,2080,86.0,38.0,963.5955637051338
644200,291,57,134,3,1,153,0.8691869413505039,0.017122216516720242,2078,122.0,49.0,1530.886897828811
644300,295,52,131,3,1,160,0.8860387647913123,0.016274776282925223,2078,109.0,40.0,1392.7621833686999
644400,303,54,124,7,1,171,0.868278507548722,0.016332306700663882,2079,117.0,41.0,1544.7874067168648
644500,297,50,128,5,2,162,0.877781916285798,0.016666665127328867,2080,127.0,55.0,1399.9321817838731
644600,293,49,117,4,3,169,0.9021769007282789,0.016682753322114108,2080,149.0,52.0,1962.6822954243228
644700,296,56,123,4,0,169,0.8759706456446462,0.016184152386756127,2080,131.0,43.0,1756.1591324148892
644800,298,47,114,4,1,179,0.8692056648346554,0.016295899342867994,2080,110.0,43.0,1326.7484344555369
644900,301,46,114,6,0,181,0.8660097935906109,0.015924478310023804,2080,146.0,54.0,1852.4437549462486
645000,296,54,113,8,1,174,0.8913206679959715,0.014348524106212079,2081,96.0,40.0,1064.1999890609068
645100,302,55,116,7,0,179,0.8858788872803852,0.015071742150490054,2082,111.0,43.0,1407.692492724396
645200,304,52,130,8,2,164,0.8701191790229942,0.015033609301964687,2082,116.0,44.0,1517.4146784996499
645300,308,47,123,6,3,176,0.8830591111733933,0.01532023574800553,2083,114.0,45.0,1298.0996948452607
645400,304,47,125,3,2,174,0.8867157393545722,0.015508459129431287,2084,134.0,49.0,1633.3919502317106
645500,303,55,131,2,3,167,0.878611126060966,0.015480473396980226,2084,205.0,49.0,3166.017703560797
645600,296,49,129,2,0,165,0.8444567817553613,0.0161042948506077,2084,125.0,39.0,1704.9049585387165
645700,295,57,123,3,0,169,0.85395356403093,0.016376578209721212,2084,119.0,45.0,1582.1009486794442
645800,309,45,135,4,0,170,0.8409221418629165,0.01624769660812437,2084,129.0,40.0,1894.7190921829006
645900,320,47,142,2,4,172,0.8387735406036306,0.016157326616990597,2085,120.0,46.0,1499.7346117669308
646000,311,47,134,4,1,172,0.8517948507175822,0.015707461376930493,2086,105.0,38.0,1430.1937762054113
646100,311,51,121,4,3,183,0.8587933382211214,0.015023670773508253,2085,79.0,38.0,861.8358591172884
646200,288,50,128,3,1,156,0.8720159201867889,0.01488046988714996,2086,120.0,45.0,1684.565449069766
646300,289,58,126,7,0,156,0.8715742143373987,0.014523767814665158,2086,119.0,49.0,1548.6931997379477
646400,298,53,132,6,0,160,0.8715757544839565,0.014979855692579027,2086,113.0,42.0,1658.8443639889435
646500,291,46,117,7,0,167,0.8796701671162117,0.014786553239477444,2087,128.0,45.0,1807.188182634621
646600,266,53,111,7,0,148,0.9052157566113707,0.01435476553768744,2088,147.0,52.0,2036.0059942956132
646700,274,52,111,6,0,157,0.9258897912579646,0.01549315498426158,2088,147.0,48.0,2050.7339238996356
646800,273,58,116,3,2,152,0.9342074003998987,0.015146137714232892,2089,172.0,61.0,2464.7884756986814
646900,242,60,97,4,2,139,0.9570204373813527,0.01419293656501383,2089,150.0,72.0,1748.1790859875407
647000,246,76,89,7,2,148,0.9995504988820038,0.014170859715342642,2090,160.0,56.0,2299.3685373726184
647100,241,74,80,6,1,154,1.0249684852210779,0.014074940036688284,2091,217.0,75.0,3253.7232026210745
647200,238,62,82,2,2,152,0.9984019545552234,0.014134365564208282,2091,221.0,68.0,3466.0655711175377
647300,249,67,82,2,3,162,0.9538628478174845,0.016270665968892994,2091,194.0,62.0,2942.0706558245006
647400,261,55,90,4,3,164,0.946369756425553,0.017575183625793866,2092,136.0,52.0,1883.6964808053215
647500,274,62,89,5,5,175,0.980398133005225,0.017648118462248757,2093,157.0,56.0,2203.053459367123
647600,278,50,98,4,6,170,0.9475002365510206,0.018146964913282587,2093,192.0,63.0,2801.213263016797
647700,267,59,99,1,3,164,0.9285604974195547,0.018071298752138535,2092,238.0,75.0,3601.6832204694247
647800,275,55,102,1,4,168,0.921008647013889,0.018856233755629555,2093,158.0,58.0,2268.7785215188023
647900,265,62,98,2,5,160,0.9669860539453373,0.01863090909275759,2093,170.0,62.0,2308.092713531259
648000,272,61,104,5,2,161,0.937652143775505,0.019014706634019822,2094,191.0,65.0,2857.1767690353313
648100,276,51,110,2,3,161,0.8897744785932037,0.01999840013333527,2094,165.0,55.0,2468.7911180485253
648200,276,56,102,4,3,167,0.8968086032586335,0.01994884905145334,2094,121.0,49.0,1505.4648098582347
648300,279,53,105,3,4,167,0.9397732427619913,0.019361848149357045,2094,131.0,61.0,1523.5704623937575
648400,284,58,104,2,3,175,0.9404472236896702,0.019977515928245215,2095,195.0,62.0,2932.715124595421
648500,272,62,97,5,4,166,0.9530641840080861,0.02108365508986804,2096,170.0,61.0,2318.0084983522406
648600,264,65,98,4,2,160,0.9586352396751557,0.020936288028563253,2096,178.0,62.0,2454.2440289083893
648700,256,63,96,3,3,154,0.990600649107808,0.021409773435128225,2096,164.0,65.0,2057.1882734065184
648800,251,58,86,8,2,155,0.9449534235997007,0.021984241781073888,2097,221.0,57.0,3579.9112742762045
648900,286,53,93,5,2,186,0.8914855517727845,0.022172430941648138,2097,173.0,52.0,2537.6629504041603
649000,289,54,100,4,3,182,0.9026382148583391,0.022939700130574604,2098,115.0,43.0,1521.9002436028425
649100,310,47,109,4,2,195,0.8814497721186775,0.022864651514560682,2098,149.0,43.0,2233.2536500169026
649200,297,52,124,4,1,168,0.8758849008224284,0.022708473321222333,2099,157.0,53.0,2218.7138905293145
649300,298,43,115,3,1,179,0.8808602130628612,0.02300047606605788,2100,158.0,52.0,2131.3924680156224
649400,280,51,116,4,1,159,0.8997633176277532,0.022904213240534578,2100,105.0,44.0,1192.8962788780543
649500,280,49,116,3,1,160,0.8928570811088077,0.022451115628363723,2100,133.0,51.0,1712.5487061062108
649600,292,53,123,4,4,161,0.8850541682712824,0.02269443323636131,2099,131.0,45.0,1760.189300214192
649700,305,48,112,4,1,188,0.8936778516875417,0.022630278063436204,2100,103.0,46.0,1141.5015761473983
649800,294,52,116,3,1,174,0.9007149118756931,0.022381709776672903,2100,140.0,56.0,1723.321518405864
649900,297,56,120,3,2,172,0.9026290190899573,0.022795635491867035,2101,136.0,44.0,1998.4193225464962
650000,305,59,134,3,1,167,0.8744127979282568,0.02268003442572177,2102,110.0,26.0,1881.0227363034323
650100,305,45,136,3,4,162,0.8735352536685181,0.02271205824310544,2102,134.0,41.0,2032.3857047826084
650200,314,50,143,4,3,164,0.8521061171211449,0.021918897427867113,2103,75.0,34.0,903.6345435355306
650300,316,55,131,5,3,177,0.8658341113948943,0.02072851955624304,2103,110.0,35.0,1682.049439323658
650400,302,53,126,5,1,170,0.852729463746241,0.021301771167796437,2103,151.0,47.0,2349.338112002176
650500,290,51,118,4,2,166,0.895786047512261,0.02113883568574075,2104,101.0,39.0,1313.9399117519558
650600,288,57,125,4,1,158,0.858949729346304,0.020831736357232334,2104,123.0,37.0,1887.8219198094735
650700,290,53,126,5,1,158,0.8677408455944146,0.02116838008506462,2105,96.0,36.0,1334.1519566897125
650800,286,59,115,5,1,165,0.8974107407864963,0.021079229954995827,2105,140.0,49.0,2008.3771502815762
650900,278,60,111,5,2,160,0.8914799979096666,0.02175138812833692,2106,116.0,50.0,1422.3083393395268
651000,283,82,115,4,3,161,0.8916907113949458,0.022351797882570076,2107,129.0,48.0,1822.6004404059192
651100,280,54,120,5,3,152,0.8846178238956284,0.022174705630727848,2107,138.0,45.0,2055.429878390366
651200,290,54,115,5,1,169,0.8915628261918032,0.022027833548225222,2107,145.0,49.0,2104.6305680300043
651300,294,60,117,6,2,169,0.8785006285642091,0.022283518765239842,2108,107.0,43.0,1423.7708526440647
651400,286,50,112,6,1,167,0.8949036150588147,0.022095752690264297,2108,165.0,52.0,2353.7400791734294
651500,290,55,124,4,2,160,0.8878125912599154,0.022077434948084725,2108,105.0,43.0,1237.7943887521492
651600,295,49,122,4,3,166,0.9135411066526427,0.023248727172258062,2109,132.0,52.0,1664.6485652709853
651700,298,53,124,5,1,168,0.8930022343269953,0.02448021717877229,2103,164.0,56.0,2312.150605462397
651800,286,60,119,6,1,160,0.9243691908884424,0.0240309226094917,2104,133.0,51.0,1720.0637327266563
651900,280,59,114,4,1,161,0.9006097330557954,0.024176930544163762,2104,178.0,58.0,2451.142092755763
652000,304,51,126,7,3,168,0.906326206211952,0.022929351099242264,2104,105.0,33.0,1489.5098190711456
652100,296,51,118,7,1,170,0.908349955449751,0.023612979572909726,2105,96.0,43.0,1047.2505062339878
652200,294,50,116,9,1,168,0.9265222729951788,0.0244426730835623,2106,148.0,58.0,1909.8920930445115
652300,286,63,127,8,1,150,0.9081549494042649,0.024688697752306678,2106,137.0,49.0,1872.5700958335958
652400,295,59,123,11,0,161,0.8922400695863559,0.024946155269110676,2106,96.0,31.0,1368.3360642343573
652500,300,53,127,10,1,162,0.8687143598955807,0.02562639777780193,2106,126.0,43.0,1755.3730129620553
652600,307,52,126,9,2,170,0.8796379895348384,0.025701240167491146,2106,92.0,35.0,1239.113258993449
652700,318,53,145,7,1,165,0.8629319460238479,0.026171694778738142,2107,76.0,26.0,1088.9624167476068
652800,318,51,154,6,1,157,0.8576501877379783,0.02627835169406894,2108,109.0,43.0,1468.7952031880789
652900,329,59,158,4,0,167,0.8384263899223107,0.025837431491806964,2108,87.0,30.0,1228.570692086291
653000,322,49,152,5,1,164,0.8537937825331893,0.0260650221644788,2109,94.0,40.0,1202.9770222351015
653100,308,45,139,7,1,161,0.8482807354332443,0.026688661849849558,2110,84.0,36.0,1026.8324672415272
653200,315,55,143,5,1,166,0.8657114873649221,0.02684937415337889,2110,76.0,38.0,829.7781267254082
653300,323,46,141,5,2,175,0.8511759302085473,0.027424658431174326,2111,102.0,36.0,1456.0714595494824
653400,321,55,138,6,3,174,0.8571456070819565,0.026556416245643477,2111,90.0,40.0,1038.7545417842284
653500,314,53,138,7,4,165,0.8577456121844907,0.026664938019394353,2112,92.0,37.0,1110.4806822334403
653600,327,46,145,10,2,170,0.8637523276646604,0.0274475708361889,2113,106.0,34.0,1483.9558406685721
653700,309,49,131,11,1,166,0.8768766202796189,0.026314162052522776,2113,103.0,47.0,1158.0850427847988
653800,288,61,126,7,1,154,0.8683253404755517,0.025803902240062584,2114,132.0,50.0,1741.8947996282768
653900,289,58,119,8,0,162,0.8796251184565453,0.025440969427829186,2114,167.0,55.0,2286.054910080318
654000,303,49,122,8,2,171,0.8899138346041862,0.02515046743477581,2115,111.0,42.0,1421.5624847657064
654100,307,47,123,6,4,174,0.8866109095053847,0.02471092101885289,2115,131.0,45.0,1771.1078909611426
654200,298,48,132,5,2,159,0.8525027204817603,0.024112730684787614,2115,138.0,50.0,1838.9232270142131
654300,304,55,129,4,1,170,0.8604805536470025,0.02419185454966996,2116,95.0,35.0,1231.6107296490582
654400,311,55,132,5,1,173,0.8831445991045467,0.024126211455777053,2117,107.0,44.0,1214.7845858969945
654500,304,57,126,6,1,171,0.8849651622039021,0.023771648232856973,2117,134.0,48.0,1676.6070600693167
654600,295,54,121,9,2,163,0.9166205176457409,0.022411665047990446,2118,152.0,59.0,1828.1958793096235
654700,282,65,123,9,2,148,0.911992829525393,0.021956888988510375,2118,140.0,54.0,1726.201830758046
654800,280,58,122,8,1,149,0.9134423235454779,0.02189447001986521,2119,162.0,55.0,2060.2393126501356
654900,261,59,116,7,2,136,0.9116243339673066,0.022734170463409826,2120,206.0,72.0,2724.165162181787
655000,272,61,114,5,2,151,0.8667782810110319,0.02367183814610932,2120,127.0,35.0,1966.773744749694
655100,279,59,109,5,0,165,0.8939556643069864,0.023928566142388103,2120,110.0,47.0,1215.4478110878765
655200,290,55,114,5,2,169,0.8881331765444308,0.02471674718947569,2121,166.0,46.0,2294.2809078386135
655300,297,52,119,3,1,174,0.878640066609923,0.026075085068836597,2121,124.0,46.0,1555.3963238301792
655400,293,46,119,6,1,167,0.8998395524261324,0.026942670794485892,2122,110.0,46.0,1250.6549443985298
655500,278,57,110,6,1,161,0.9134072686230268,0.027204851688994315,2123,158.0,58.0,1917.5207947911235
655600,283,52,111,7,2,163,0.9046598171026018,0.02759587424814803,2123,152.0,56.0,1798.7609484811098
655700,264,54,107,10,2,145,0.9348451637536049,0.026355259806335653,2123,163.0,60.0,1960.2475261897284
655800,264,66,98,9,1,156,0.9204365603221477,0.02666242918574749,2124,151.0,59.0,1824.96325096439
655900,267,69,102,8,0,157,0.9133509488444249,0.026292251403955677,2124,155.0,55.0,1947.846229369662
656000,278,61,96,7,1,174,0.9292546664925075,0.02587398929200325,2125,175.0,60.0,2155.795962275473
656100,268,63,93,5,4,166,0.934737740354038,0.02714813932731406,2125,139.0,58.0,1514.1083938482313
656200,260,64,91,5,3,161,0.8968965566717734,0.02829737462844394,2125,201.0,52.0,3007.997384333352
656300,289,53,106,2,3,178,0.8746553097138273,0.028745458095601428,2125,95.0,37.0,1168.8483479729953
656400,300,46,114,2,3,181,0.8757457938891077,0.029020953516821213,2126,140.0,47.0,1858.3807485650414
656500,301,55,117,1,3,180,0.8612662333701256,0.02912965003303297,2127,194.0,53.0,2807.9211984552685
656600,311,50,136,2,1,172,0.8431421206062414,0.028903611998343112,2127,132.0,51.0,1599.3535010979567
656700,319,44,149,3,0,167,0.8420206057088185,0.028839185687965816,2127,76.0,29.0,934.8690597255627
656800,323,45,153,3,0,167,0.8270317983758535,0.030362439886051334,2128,111.0,43.0,1274.3736631054483
656900,331,40,159,6,0,166,0.8349678327614755,0.029694015405464267,2128,110.0,37.0,1358.363194055229
657000,329,46,155,3,2,169,0.8322813699389612,0.029613159084705323,2129,128.0,40.0,1692.3795140246596
657100,305,53,149,4,3,149,0.8268111064760022,0.02858754954656829,2129,119.0,38.0,1545.9630574832436
657200,318,41,151,4,4,159,0.8175505730232198,0.02926413399697215,2130,77.0,30.0,824.269867602211
657300,326,52,158,2,1,165,0.8044545380617646,0.028933134720901966,2130,82.0,26.0,942.4059810174674
657400,334,46,158,0,2,174,0.8064695848405652,0.028301747376125133,2131,74.0,25.0,867.9747719041535
657500,313,55,152,2,1,158,0.8077455549819379,0.02797651933534166,2132,73.0,25.0,830.0651955706749
657600,317,46,154,2,2,159,0.8134326172471934,0.02797827713588043,2132,89.0,32.0,1019.1545455628454
657700,321,50,159,2,2,158,0.7997098468692185,0.028432606305777038,2133,84.0,33.0,877.8411797676039
657800,319,50,162,2,0,155,0.8071799235285991,0.02836294681614619,2134,106.0,37.0,1286.1520315966384
657900,323,45,154,1,1,167,0.8023196678621022,0.029128584116695184,2134,123.0,37.0,1467.8425584248987
658000,331,47,161,0,1,169,0.8112372988630585,0.02885493337240199,2134,74.0,27.0,893.8179054385292
658100,328,46,164,3,2,159,0.829921518502216,0.029363097879792126,2135,52.0,26.0,487.74426508270363
658200,335,40,168,3,1,163,0.8235667370144887,0.030194648342830113,2136,70.0,28.0,830.4810767378417
658300,318,53,163,2,0,153,0.8242454696577998,0.030805794546301446,2136,88.0,36.0,1077.324570215213
658400,316,42,148,2,1,165,0.840397213380285,0.03032582630358501,2137,95.0,38.0,1052.768466866076
658500,319,55,152,3,1,163,0.8233016223654674,0.03145921528362531,2138,80.0,28.0,1040.191124859739
658600,320,48,142,4,1,173,0.8269905930353456,0.031449966065929605,2138,100.0,30.0,1188.4160969681411
658700,329,42,160,4,2,163,0.8290954759006584,0.03150687379061289,2139,81.0,30.0,950.6443636426578
658800,323,51,161,4,1,157,0.8219915758727296,0.03234408523858994,2139,90.0,32.0,1094.2746936878564
658900,322,50,157,3,0,162,0.825982755300725,0.03332899766087855,2139,64.0,28.0,668.8232539060635
659000,313,44,156,5,0,152,0.8414419013203632,0.032465654925049894,2140,69.0,32.0,718.9694527277543
659100,314,50,149,2,1,162,0.836126035514513,0.03247305053280046,2140,106.0,38.0,1371.4610394798535
659200,319,56,144,1,2,172,0.8455901462461938,0.03219162683294517,2141,70.0,29.0,807.0085040237677
659300,305,52,142,2,1,160,0.8487562850761516,0.031928171381528085,2142,104.0,34.0,1436.951361653396
659400,319,55,148,3,1,167,0.8251770826173553,0.03177815489633302,2142,73.0,20.0,1154.3183793264573
659500,327,53,158,2,5,162,0.8389072625569519,0.03149244428801949,2142,93.0,23.0,1390.1630455405407
659600,330,50,157,1,2,170,0.8254854070412783,0.03083343229184596,2143,63.0,25.0,706.7606864014939
659700,333,51,168,2,2,161,0.8082815680056157,0.029910040635894728,2143,50.0,20.0,597.9543876683424
659800,341,48,168,4,2,167,0.8157000653518344,0.029783398912452616,2144,57.0,25.0,598.5359668954973
659900,346,45,179,5,0,162,0.8056038332290243,0.02945695768384543,2144,77.0,26.0,1002.9995029214294
660000,331,52,171,4,1,155,0.8277927653095436,0.02858985693922174,2145,92.0,31.0,1237.4898581599462
660100,317,48,171,6,1,139,0.8117421434137531,0.028683800935426045,2145,91.0,25.0,1271.7089187512845
660200,339,50,185,3,1,150,0.8079165050487331,0.02915228148471178,2146,44.0,18.0,507.0486875235929
660300,344,45,177,2,0,165,0.7969652329110901,0.030078462198244824,2146,96.0,30.0,1288.3975191481452
660400,331,41,165,2,0,164,0.7912465604091224,0.03111253273475264,2142,67.0,21.0,890.7260891588235
660500,332,46,178,0,1,153,0.7888138176471945,0.03141473623973483,2142,54.0,20.0,674.8018333584273
660600,329,44,174,0,1,154,0.7971847236237515,0.031521829908440005,2143,55.0,21.0,640.5791096920688
660700,320,52,173,0,0,147,0.7921855500129455,0.03253467202846168,2143,56.0,22.0,695.7361108311329
660800,322,58,177,0,0,145,0.7966272103639788,0.03316284181934275,2144,58.0,25.0,673.981630179397
660900,335,41,176,1,1,157,0.8050688619649219,0.03195062049303705,2144,58.0,20.0,789.3149191380469
661000,332,50,165,3,0,164,0.8087614803824024,0.031587788411567896,2145,46.0,22.0,463.50267908220223
661100,328,52,158,3,0,167,0.827466309511774,0.030416736010582663,2145,81.0,33.0,928.7548563807588
661200,321,46,164,3,0,154,0.8273895748836666,0.02994616777838978,2145,97.0,39.0,1207.1614969102839
661300,319,49,150,1,0,168,0.8431279153500995,0.03019158520935774,2145,106.0,40.0,1378.1054538557426
661400,301,52,139,3,1,158,0.8546636094131546,0.030440259072104275,2145,72.0,32.0,803.3962887320897
661500,301,47,136,5,1,159,0.8572829524810249,0.030074578543114624,2146,130.0,38.0,2014.3719060901635
661600,292,51,128,3,3,158,0.8522969764622113,0.029647161157944146,2146,90.0,42.0,985.2050422780288
661700,301,60,129,2,1,169,0.8464739097079609,0.029430792698738262,2146,83.0,31.0,1162.0161435792145
661800,305,49,139,4,0,162,0.8467888197668728,0.02944004151598891,2146,100.0,42.0,1330.780179908022
661900,317,43,145,3,1,168,0.8746272126500396,0.030008758038613557,2146,81.0,36.0,967.1567779210288
662000,306,57,140,5,2,159,0.9121104502938282,0.03073411124849573,2147,112.0,46.0,1452.8011290749225
662100,292,59,130,1,1,160,0.8950264806143581,0.031628497967192554,2147,184.0,55.0,2876.4135873084706
662200,291,61,119,3,2,167,0.8946266704164403,0.032070955522580345,2148,194.0,56.0,3012.1425523042885
662300,297,56,120,3,1,173,0.8960165721001687,0.032076879859891355,2149,137.0,44.0,2040.781069879324
662400,301,56,132,1,2,166,0.8727744006363649,0.032475450526400294,2149,136.0,48.0,1898.7820598905348
662500,300,54,134,1,1,164,0.8713819835501041,0.0328217234712104,2150,133.0,45.0,1863.3958833988297
662600,294,53,128,1,1,164,0.8798821415021406,0.033608219118721826,2150,153.0,57.0,2189.9600498640357
662700,309,48,133,2,2,172,0.8696728031199499,0.03371940820781263,2151,119.0,33.0,1820.7005742778792
662800,304,48,134,4,0,166,0.8775072080947476,0.03390688144352471,2151,122.0,46.0,1670.1301099198733
662900,300,63,135,3,1,161,0.8857252831143957,0.03421576841154551,2151,131.0,50.0,1835.6662187278612
663000,288,58,118,2,2,166,0.8836965010886079,0.0351950232971093,2152,111.0,51.0,1293.3030597554366
663100,293,51,118,2,2,171,0.8888885434314128,0.03527107658707266,2152,127.0,41.0,1956.5830434559703
663200,285,55,122,1,2,160,0.9019110795175383,0.03435215335866517,2153,114.0,46.0,1488.9415258043427
663300,280,53,113,4,1,162,0.8858220879004753,0.034994432569659395,2153,142.0,48.0,2193.8064527598062
663400,290,66,124,2,1,163,0.8610736796723678,0.0346385962111802,2153,95.0,35.0,1397.0819261530148
663500,307,52,123,2,1,181,0.8522106379867694,0.03447087929366477,2154,101.0,39.0,1331.8453126067695
663600,301,52,128,2,1,170,0.8679634650253285,0.03341408378636153,2155,92.0,40.0,1210.1548165458753
663700,293,56,128,2,3,160,0.8776171849648362,0.03361211730477349,2155,140.0,52.0,1967.4931841463874
663800,291,55,122,3,4,162,0.8779851854877184,0.03412076273528447,2156,134.0,44.0,2072.3947649921274
663900,282,51,120,2,2,158,0.8682151989042179,0.0342062016566363,2157,94.0,42.0,1167.8281146096444
664000,292,50,123,2,2,165,0.8377265351775722,0.03499285587415497,2155,138.0,37.0,2236.8760414438225
664100,296,57,128,3,1,164,0.8474267028814124,0.03524021471445807,2156,86.0,37.0,1098.2304408580424
664200,303,56,125,3,4,171,0.8595184945536128,0.036137484229176245,2156,110.0,42.0,1524.9029156393508
664300,304,54,127,2,1,174,0.843197301019493,0.035987143901209585,2157,110.0,48.0,1328.9902195878105
664400,316,50,126,2,2,186,0.8614586622925234,0.035402098542877874,2157,70.0,29.0,904.3898648953558
664500,293,52,130,4,1,158,0.8623945451829129,0.035533579156365576,2158,117.0,51.0,1484.345651345492
664600,297,59,129,1,2,165,0.8469890325407251,0.0367604889964325,2158,160.0,47.0,2421.2946883522422
664700,298,58,128,3,1,166,0.8652040635958901,0.0359826244683725,2159,90.0,38.0,1076.9302599733421
664800,294,55,125,3,3,163,0.8759479664093145,0.035951437278961405,2159,121.0,46.0,1557.5246688586003
664900,300,59,135,6,1,158,0.851915907986888,0.03520141352051189,2159,130.0,41.0,1869.7944448365788
665000,291,54,112,7,1,171,0.8791410711927683,0.03535697449315597,2160,116.0,50.0,1381.3783005537366
665100,284,43,106,5,1,172,0.8930273805507934,0.03474674798699635,2160,147.0,52.0,2136.252375585439
665200,296,56,126,4,2,164,0.8539452432890084,0.035338484780678615,2161,138.0,37.0,2238.8687592775914
665300,306,49,134,3,3,166,0.8490891620942401,0.0357124324701908,2161,109.0,30.0,1635.5289553212615
665400,321,47,146,3,4,168,0.8353726092287287,0.03596802934840419,2161,124.0,30.0,2090.383233147951
665500,322,48,149,6,4,163,0.8457293989040119,0.03502424773258725,2161,50.0,24.0,505.12728812349326
665600,342,51,176,4,1,161,0.8278948362073719,0.03440491998521586,2162,86.0,33.0,1151.6640801873384
665700,314,44,159,7,0,148,0.8454977157570116,0.03418348064235127,2162,52.0,28.0,482.11545982007533
665800,325,55,156,7,1,161,0.8622840855522318,0.034169509812923875,2162,65.0,28.0,849.9113851721645
665900,313,55,153,8,0,152,0.8431562846502513,0.03395512887043673,2162,79.0,36.0,969.4474999583222
666000,299,55,144,6,0,149,0.8440283964106403,0.03414295054233328,2163,58.0,26.0,694.2848834030972
666100,328,44,160,6,0,162,0.8473405875258243,0.03416869136511637,2163,54.0,25.0,587.9762062831289
666200,326,42,160,7,0,159,0.8549281485939553,0.033584741793289886,2164,85.0,36.0,1025.5753048437155
666300,292,54,142,5,1,144,0.8521338715610732,0.033085882915269024,2164,119.0,46.0,1619.4878025253722
666400,289,65,139,2,2,146,0.8829459317574578,0.03279187136135899,2164,99.0,46.0,1183.959874410223
666500,279,54,133,3,1,142,0.8884518502992858,0.031555031831310115,2165,146.0,50.0,2170.048698876416
666600,293,54,127,5,1,160,0.852310351182942,0.03252421264490123,2166,95.0,34.0,1321.2485937715046
666700,307,43,125,4,2,176,0.8638203661927677,0.03275910035277084,2166,95.0,39.0,1151.4409526899806
666800,288,59,113,5,0,170,0.8854048808243012,0.03341066524475393,2167,122.0,51.0,1428.706605665349
666900,299,53,126,3,0,170,0.8649691025982763,0.03442246399638852,2167,132.0,46.0,1770.6117609871942
667000,318,47,142,4,1,171,0.8683962653152302,0.03443419209149624,2168,100.0,35.0,1226.2023221894642
667100,305,42,133,3,2,167,0.8619870502122683,0.03370447378979845,2169,150.0,47.0,2168.5416599856317
667200,296,50,146,4,2,144,0.8738070313432871,0.034344047344913003,2169,105.0,36.0,1414.6418960412157
667300,293,59,141,5,0,147,0.8741409670278525,0.034584217066999504,2170,116.0,49.0,1258.4213501263207
667400,301,53,144,5,0,152,0.8584050910026473,0.033949831457717974,2170,96.0,32.0,1195.261680893236
667500,311,45,127,4,2,178,0.8629274318538962,0.033427869101697455,2170,95.0,41.0,1083.7424722847059
667600,313,49,131,3,2,177,0.8655897579700965,0.03508579270725822,2171,104.0,40.0,1234.0104415202434
667700,313,46,129,2,1,181,0.8414035548619471,0.03549427498003146,2171,121.0,37.0,1715.5687850610725
667800,305,51,129,2,0,174,0.8509766844445528,0.03468642548676081,2172,125.0,47.0,1627.1719497358847
667900,298,50,128,4,0,166,0.8529580322960352,0.03405518284896715,2173,122.0,48.0,1496.497192370451
668000,298,52,133,3,0,162,0.8516509050840614,0.032845592036745475,2173,129.0,42.0,1744.9379049214804
668100,293,58,137,4,0,152,0.8378555862027683,0.03290442391453018,2174,130.0,43.0,1718.095847027966
668200,301,52,131,2,1,167,0.8201042659104654,0.03281495427213372,2174,80.0,36.0,846.4350938741436
668300,318,44,139,1,0,178,0.8420190740013412,0.03230565608012787,2174,87.0,32.0,981.6667589855053
668400,314,58,140,2,0,172,0.8187375861145073,0.03355420304740824,2174,97.0,41.0,1152.8748644948066
668500,321,43,141,4,0,176,0.823765733750701,0.03234702143080503,2175,83.0,30.0,993.4692045360835
668600,316,52,143,3,1,169,0.8354461825363148,0.03234055680659567,2176,88.0,37.0,1041.8434630596005
668700,325,44,153,5,0,167,0.8215750300481929,0.03194723683850624,2176,126.0,33.0,1827.8928526803738
668800,317,51,158,3,0,156,0.819686163971484,0.03190768222842638,2177,84.0,34.0,980.5187273929818
668900,307,54,139,2,1,165,0.8229770608128549,0.03300488278798629,2177,97.0,35.0,1231.4288363441588
669000,317,46,149,2,0,166,0.8194732463541886,0.03315619856004606,2174,70.0,31.0,765.3545041150572
669100,302,52,137,3,1,161,0.8395616946365594,0.03256356355178553,2175,110.0,43.0,1285.9962382233898
669200,289,57,135,3,1,150,0.8511785675286614,0.03134870949588592,2175,182.0,61.0,2164.4949923563363
669300,293,62,134,4,2,153,0.8590911954491574,0.03165380635183955,2176,99.0,44.0,986.7759026427094
669400,297,47,132,4,1,160,0.8615308994416095,0.03157994189772826,2176,111.0,41.0,1240.7120816040735
669500,289,57,125,8,0,156,0.873158916596338,0.03191970689277144,2177,115.0,51.0,1122.171246177842
669600,282,61,110,6,1,165,0.8706843729416962,0.03228669478586842,2177,163.0,50.0,1797.6961232745598
669700,277,66,96,7,3,171,0.880804532139666,0.031159681171180183,2178,156.0,48.0,2161.51526582019
669800,274,56,105,5,3,161,0.8784671855032964,0.03158131241793544,2179,200.0,59.0,2572.580393263981
669900,295,54,113,4,4,174,0.8574680944948739,0.032834460587748825,2179,92.0,35.0,1023.7174196431383
670000,296,49,121,6,2,167,0.8618563110945022,0.034901421501644915,2180,115.0,48.0,1308.8875629201427
670100,304,48,134,5,3,162,0.8644627040285656,0.035865714018377924,2180,97.0,40.0,1075.808481139096
670200,298,61,128,6,2,162,0.8723174173853017,0.03678328315519284,2181,130.0,54.0,1458.5940809554277
670300,294,54,128,8,1,157,0.8832246266932674,0.03659086190416634,2181,100.0,40.0,1226.766242038269
670400,297,62,127,8,0,162,0.872562822596573,0.037431209949963316,2182,94.0,39.0,1109.0603617266088
670500,298,49,121,8,1,168,0.8591513456385719,0.03895630643850589,2182,109.0,40.0,1414.8986132434748
670600,296,53,134,5,1,156,0.8508061761633045,0.03883400465289056,2182,98.0,38.0,1239.0877132258797
670700,310,47,139,4,0,167,0.8463199572167622,0.039847081993148716,2182,124.0,36.0,1866.3555403772125
670800,310,55,144,1,0,165,0.8408527558901474,0.04037803099821351,2183,106.0,41.0,1251.9252289042859
670900,314,50,152,2,2,158,0.8211081628274445,0.03933514265831935,2182,124.0,34.0,1823.1928313822975
671000,326,48,153,0,3,170,0.8269271479934519,0.03790624496786053,2183,107.0,32.0,1398.7463889261642
671100,307,49,146,3,1,157,0.8339003857509535,0.03765003730299126,2183,114.0,43.0,1277.3995954822508
671200,301,58,128,3,2,168,0.8724275377893272,0.038719187599149656,2184,112.0,48.0,1123.0576941300048
671300,302,54,129,2,1,170,0.8495943965077714,0.04013304320036104,2185,158.0,49.0,2078.03214453096
671400,294,50,133,3,0,158,0.8360593088817772,0.03982715931969272,2185,113.0,51.0,1173.934384722015
671500,291,53,125,5,0,161,0.8588634745273765,0.039679998919497944,2186,104.0,51.0,981.4374790337607
671600,307,59,134,4,0,169,0.8591630850566361,0.03923372477462923,2186,128.0,53.0,1369.148819701344
671700,274,51,122,6,1,145,0.8822435630810235,0.03944760499508917,2187,163.0,60.0,2003.8769483058913
671800,276,63,104,5,1,166,0.8851989478582032,0.03985543959171153,2188,192.0,56.0,2746.440326591314
671900,267,61,100,5,1,161,0.8902822939032501,0.040544166471173454,2188,194.0,64.0,2610.5587573671
672000,273,65,97,2,2,172,0.8577689051640596,0.04135394741525412,2187,114.0,38.0,1471.9612485812327
672100,288,61,99,4,1,184,0.8781612607543754,0.041324542057485175,2188,107.0,44.0,1219.152143853823
672200,294,50,107,3,2,182,0.8744763296675168,0.041239032439518125,2189,176.0,60.0,2247.302948545852
672300,288,51,116,3,4,165,0.8839311805134775,0.04014168768660753,2189,130.0,53.0,1542.1889529642472
672400,292,63,125,4,2,161,0.8981175951404041,0.03907928659792372,2189,187.0,54.0,2540.19967558288
672500,286,67,132,4,3,147,0.8926524561165278,0.03901095817578715,2189,146.0,49.0,1843.0074482288237
672600,282,59,119,4,2,157,0.8923877534140054,0.04000075189800003,2190,166.0,52.0,2115.939011564863
672700,282,66,116,5,4,157,0.8948922650592854,0.03949490464296154,2190,158.0,55.0,1833.405505663152
672800,284,59,113,6,0,165,0.8736843277904561,0.040606960666158376,2190,141.0,54.0,1677.1503808752427
672900,274,58,116,4,1,153,0.8754786727370735,0.039831773197328536,2190,161.0,59.0,1990.2863798728438
673000,285,61,113,4,0,168,0.8659964756016479,0.04199905090387202,2191,108.0,43.0,1326.2514323822102
673100,291,64,112,4,1,174,0.865565076945671,0.04169971819415349,2191,125.0,45.0,1494.938165725348
673200,288,61,110,2,3,173,0.8666208006679058,0.04242056209998379,2192,176.0,48.0,2484.877897363579
673300,284,64,103,3,1,177,0.8789031558209681,0.04111013037887484,2193,129.0,54.0,1235.1303878099127
673400,283,59,102,2,2,177,0.8692664224633428,0.04029324057888094,2193,180.0,62.0,2321.599967047907
673500,294,55,113,2,1,178,0.865210101087942,0.03822684404275264,2193,158.0,55.0,1843.180748528866
673600,291,66,114,1,2,174,0.8624654957544332,0.03903163630260402,2194,93.0,37.0,1003.6124517324187
673700,285,57,116,1,3,165,0.8416238849499431,0.03888635585630977,2194,108.0,45.0,1077.111410687509
673800,302,52,127,4,2,169,0.8657166709961372,0.03974259118214905,2195,98.0,33.0,1094.674517091991
673900,296,58,128,4,2,162,0.8430357505304411,0.04038583791787576,2195,139.0,43.0,1728.8898022342062
674000,309,53,132,4,3,170,0.8333212081140327,0.03979199602338626,2195,85.0,30.0,933.3544448856579
674100,303,62,130,3,2,168,0.8236141521559741,0.03988644741289177,2196,63.0,24.0,717.755442951016
674200,308,47,133,1,4,170,0.8259079921340928,0.04003850782987278,2196,98.0,34.0,1101.508905027601
674300,300,60,141,2,4,153,0.8279474922611809,0.039714356019962364,2197,100.0,33.0,1269.5071514265169
674400,289,55,118,2,4,165,0.8612217671466174,0.03944112147061615,2198,124.0,44.0,1288.4401093024114
674500,287,55,135,3,1,148,0.8328382524824494,0.03962660480356018,2198,131.0,37.0,1612.4037228486823
674600,304,54,140,2,0,162,0.8227897883974927,0.04158412073123461,2199,119.0,34.0,1513.863002106113
674700,312,49,142,2,3,165,0.8259404490904958,0.041559942854147165,2199,101.0,38.0,1115.1021368980948
674800,305,49,147,0,1,157,0.8316904186492203,0.04374388882172859,2199,153.0,46.0,1736.5558654419622
674900,306,51,142,1,3,160,0.8364185568677662,0.043737528901881616,2200,108.0,35.0,1289.1574912852716
675000,294,54,128,4,2,160,0.8498988953889581,0.04372594893155666,2200,165.0,54.0,1822.3439339277975
675100,287,52,133,3,3,148,0.8274293180617778,0.04361320814236873,2201,102.0,32.0,1219.3936221678634
675200,299,58,136,2,0,161,0.828745192103047,0.044150262489995644,2202,133.0,46.0,1495.3075511166962
675300,299,56,134,1,0,164,0.8217255343526858,0.04361079257194517,2202,141.0,37.0,1798.486673220589
675400,308,56,140,1,0,167,0.8190111946471657,0.042870915619762834,2202,87.0,35.0,893.3740998400082
675500,328,44,148,2,0,178,0.8167071490204498,0.04230369876829243,2202,77.0,24.0,885.2569323313421
675600,313,49,152,3,0,158,0.8156703446056075,0.04234983035917723,2202,121.0,45.0,1475.1788240097785
675700,314,51,149,2,1,162,0.8216709668859249,0.043075405560232316,2202,106.0,30.0,1283.0001734694135
675800,316,54,151,2,1,162,0.8306351343481728,0.04317033340838353,2203,104.0,39.0,1214.9298211782732
675900,325,59,157,1,0,167,0.8213622365331334,0.0440561026619736,2204,86.0,28.0,1055.4052904508592
676000,311,60,145,3,0,163,0.8168072877912915,0.04387398983470576,2204,88.0,27.0,1044.757183967336
676100,322,40,161,5,0,156,0.8133144374461474,0.043857931057226435,2205,65.0,25.0,680.506494035398
676200,323,50,165,3,0,155,0.8060140481069987,0.04406276571857431,2206,44.0,22.0,339.5529751074167
676300,331,43,163,3,2,163,0.8050615806298412,0.04384328279755516,2206,35.0,20.0,248.95380492386633
676400,332,52,171,6,1,154,0.8235302974424996,0.04358345043482497,2207,53.0,22.0,480.448259778404
676500,329,55,163,4,1,161,0.8100206768717294,0.04407315980522012,2207,90.0,34.0,930.138279055433
676600,324,45,159,2,0,163,0.8044449536639819,0.04425036391543715,2207,82.0,29.0,857.9817771631301
676700,333,49,164,1,2,166,0.8054087430966348,0.04504487342347724,2207,81.0,32.0,681.8472986038903
676800,331,45,172,3,2,154,0.8074867737906009,0.04541955797726029,2207,62.0,19.0,743.4507612853192
676900,323,53,158,4,2,159,0.8073969585415944,0.04372108173119238,2208,60.0,23.0,590.984561172071
677000,316,55,147,3,1,165,0.8182653047738986,0.04465858177185251,2209,82.0,38.0,728.3047759155825
677100,312,49,153,3,1,155,0.8084167108913041,0.0442930944830526,2209,81.0,27.0,920.6596312303237
677200,303,54,142,3,1,157,0.8218422713164786,0.04442696827640241,2210,106.0,42.0,1060.7226494675217
677300,311,44,143,1,2,165,0.8231211116201902,0.04493312998652799,2210,95.0,39.0,1053.5364272802044
677400,314,44,143,1,1,169,0.8282414378094647,0.045219328861448235,2211,126.0,38.0,1437.069403963728
677500,298,53,137,2,2,157,0.8325843857611339,0.04485282958785083,2212,114.0,42.0,1093.2922846981762
677600,290,62,131,4,1,154,0.8513725309179959,0.04529999750749115,2210,118.0,42.0,1240.453622854744
677700,282,54,122,2,3,155,0.8388382152904208,0.04607336290605165,2210,159.0,52.0,1907.2323256876246
677800,302,48,123,4,1,174,0.8190259410604841,0.046524156537990184,2210,110.0,35.0,1201.4634780635613
677900,307,51,126,2,2,177,0.8153654436342865,0.0447028022649998,2210,141.0,37.0,1591.2113194804037
678000,304,52,124,4,2,174,0.8302714004383074,0.04280752276284927,2210,127.0,42.0,1297.986010788517
678100,301,56,128,1,1,171,0.8125975349026809,0.04243374536982419,2208,142.0,44.0,1539.841713718136
678200,294,63,134,0,2,158,0.8016285882745243,0.041762724121842974,2209,85.0,30.0,809.9240120698385
678300,304,56,137,1,2,164,0.7943309348369926,0.04094309887670122,2209,126.0,34.0,1399.764216542408
678400,308,55,145,0,4,159,0.8067832296349264,0.038738123683448006,2210,112.0,34.0,1154.7107328829454
678500,296,63,137,3,2,154,0.8115039888404748,0.036974216417165494,2210,111.0,42.0,1013.1607124093671
678600,302,52,127,3,4,168,0.8027932853931303,0.03572112932107369,2211,122.0,41.0,1287.0275094888707
678700,309,51,138,1,4,166,0.7948773748501023,0.03566818765592295,2212,101.0,29.0,1080.3261272085006
678800,316,51,128,2,3,183,0.8000920347465507,0.03529403857704146,2212,83.0,31.0,736.4773016802883
678900,325,49,152,0,1,172,0.7873847655891653,0.03418054324188879,2212,93.0,30.0,889.6974748615982
679000,318,40,159,3,1,155,0.8008272983841734,0.0343835118093469,2213,100.0,36.0,1006.5445708467677
679100,323,54,157,4,1,161,0.8108786124975645,0.035081604098037955,2213,94.0,36.0,958.8528344630844
679200,324,45,156,2,2,164,0.8046363029739683,0.03497464775359318,2213,94.0,31.0,1008.1462027227452
679300,309,46,145,2,1,161,0.8074360252229523,0.03622153692426363,2214,121.0,45.0,1356.7516072653511
679400,308,59,148,3,1,156,0.797545276078108,0.03756505096814264,2215,117.0,34.0,1402.8468275936984
679500,289,48,133,5,0,151,0.8167873801560874,0.03818660123578808,2215,126.0,45.0,1411.4665209443174
679600,295,52,131,4,4,156,0.8207040785745618,0.038528038752271065,2216,114.0,40.0,1291.7290311687323
679700,290,64,122,1,2,165,0.8188654147279726,0.03790408345690108,2216,118.0,41.0,1356.7345833617326
679800,289,55,127,1,2,159,0.8151989251841127,0.03689429373038608,2216,138.0,50.0,1548.5617538068868
679900,301,59,128,1,0,172,0.8099725935158802,0.036915522409634825,2216,77.0,26.0,833.5759951569507
680000,310,55,131,0,1,178,0.8192132811734907,0.036797902520801354,2217,91.0,33.0,965.3661719004616
680100,317,51,136,4,2,175,0.8324744700636537,0.03591954987598959,2218,115.0,36.0,1331.556429213193
680200,306,57,151,3,0,152,0.8258569629605241,0.03616964069616458,2218,88.0,31.0,987.7529348687234
680300,298,56,136,3,1,158,0.8458704413185031,0.03666982113169566,2219,92.0,35.0,1160.0159799649907
680400,310,53,149,4,2,155,0.8262584022575387,0.03562074544180387,2219,123.0,38.0,1728.4624110961709
680500,319,54,153,1,1,164,0.8111089643940346,0.03346759812028301,2220,74.0,22.0,990.5981989444902
680600,332,56,158,5,0,169,0.8215756653136442,0.034159063128287294,2220,83.0,30.0,952.010419818594
680700,310,50,145,3,1,161,0.8274471545072891,0.03438084850758909,2221,133.0,50.0,1546.7134932445101
680800,305,56,146,3,1,155,0.8183164108611584,0.034125226943498434,2221,126.0,41.0,1719.3738632859877
680900,297,58,139,2,0,156,0.8140472268446395,0.03269184457780962,2222,118.0,37.0,1323.4176262930798
681000,318,52,150,1,0,167,0.8060809158817418,0.03297399962268815,2223,72.0,25.0,836.474968157899
681100,331,55,161,1,1,168,0.7943631909255011,0.033297986591802754,2223,70.0,24.0,901.2799597421864
681200,332,50,142,3,0,187,0.8138077902471561,0.032531368223744514,2224,77.0,32.0,841.9336007435027
681300,331,47,151,5,1,174,0.819476092335993,0.03199147765783992,2225,74.0,33.0,725.9715864410068
681400,323,55,157,7,1,158,0.8181622038631946,0.030639682996330124,2225,91.0,27.0,1272.3976623567833
681500,310,52,159,4,0,147,0.7931424152023068,0.02948852620823394,2226,100.0,35.0,1284.43183938362
681600,310,39,162,3,0,145,0.8013348657101033,0.029210163662024988,2226,73.0,28.0,815.8059176873347
681700,321,48,153,2,0,166,0.8030069974040954,0.029952758985368318,2225,92.0,37.0,999.2281275407222
681800,319,50,146,1,0,172,0.8007386808397081,0.028998020923031435,2225,105.0,33.0,1388.6324672481126
681900,336,45,152,2,0,182,0.8113555869907694,0.029277444290343107,2226,64.0,24.0,726.1123952465582
682000,328,48,160,1,0,167,0.796885217832753,0.02837481553724933,2227,86.0,35.0,941.2941733728082
682100,324,57,159,1,1,163,0.7972021553246722,0.027899982200557432,2227,69.0,25.0,807.3834354185519
682200,321,55,161,2,0,158,0.7891985948995662,0.027945161095614405,2228,100.0,32.0,1322.1268876732051
682300,324,45,164,0,1,159,0.7861105080468962,0.027311976894565423,2229,68.0,26.0,752.0783020512433
682400,332,46,153,2,0,177,0.7916186261256708,0.027901640348063268,2229,74.0,27.0,813.9951343385786
682500,329,47,146,1,0,182,0.7939951692637465,0.027731106763163996,2230,81.0,35.0,778.7562128727374
682600,324,54,148,1,1,174,0.8051136991141686,0.028955512768376577,2230,63.0,24.0,687.4272911728146
682700,318,49,149,1,2,166,0.8147265096273489,0.02772453790712054,2231,78.0,30.0,916.1966094870418
682800,313,64,147,2,2,162,0.8166225590973467,0.028130765522190963,2231,111.0,28.0,1495.9019689782124
682900,323,53,154,4,1,164,0.8106377440669826,0.028488098507698137,2231,59.0,28.0,615.6719006820475
683000,334,43,160,3,1,170,0.8092800085768606,0.029427102003233525,2231,55.0,25.0,534.7979084000527
683100,335,45,166,3,0,166,0.8151642433711078,0.02994214042131572,2231,73.0,31.0,936.2060739452677
683200,318,49,160,3,1,154,0.8105609557806652,0.030406560640758872,2231,60.0,20.0,807.968591496194
683300,315,50,160,5,0,150,0.8165789016823104,0.0309989664430524,2231,59.0,25.0,761.2793907642051
683400,321,55,162,4,0,155,0.8129094415066477,0.03143697486819859,2232,74.0,20.0,1160.0189901003969
683500,320,51,157,3,0,160,0.8024552782453982,0.030973083730333965,2232,63.0,23.0,829.7200380215097
683600,330,45,154,4,0,172,0.8069463250019806,0.031358959769824224,2233,43.0,17.0,561.8249613425531
683700,326,49,162,4,1,159,0.818280245490899,0.031618371230761444,2233,45.0,24.0,466.90135929283406
683800,338,52,170,2,0,166,0.8084114800653499,0.031384159097877895,2233,35.0,15.0,394.19931511222484
683900,336,52,170,3,0,163,0.8106312979396189,0.0321556950933669,2233,38.0,22.0,347.5218599462416
684000,333,56,159,5,0,169,0.8184916214263,0.033074637759075674,2234,62.0,28.0,668.8197397740361
684100,312,47,155,3,0,154,0.7993178945820016,0.0342865775758211,2234,89.0,27.0,1301.7024174885198
684200,334,44,157,3,0,174,0.8112736920949731,0.03510252712103613,2235,68.0,28.0,710.2344377646197
684300,332,50,170,2,2,158,0.8141189398770907,0.03582581362476634,2235,59.0,25.0,645.4824031522292
684400,320,44,156,3,1,160,0.823430412883128,0.03429692926671279,2235,74.0,24.0,1066.7191446179447
684500,315,53,157,4,1,153,0.8316419582514447,0.034003490694751067,2236,66.0,35.0,672.2127405046255
684600,318,49,151,6,1,160,0.8315616816408703,0.03443258321137194,2237,95.0,42.0,1131.4175193215874
684700,325,54,153,7,0,165,0.8288679836370977,0.03557040260479303,2237,75.0,36.0,808.206847530271
684800,299,53,137,5,0,157,0.8509861723244563,0.03652334651499524,2237,95.0,46.0,1062.6666944766675
684900,291,56,134,5,1,151,0.8336007296097723,0.03596467819479278,2238,105.0,35.0,1497.147716906491
685000,306,59,145,5,2,154,0.8316699954991191,0.034723089537205466,2238,73.0,30.0,958.2514562475685
685100,306,53,139,5,1,161,0.8588632294158817,0.036832044183259846,2239,75.0,35.0,924.0220234720955
685200,315,53,145,3,0,167,0.8560878753968283,0.03727416766951605,2240,111.0,41.0,1613.0235259625624
685300,300,59,138,2,0,160,0.8633633115236775,0.03719394759985207,2240,134.0,55.0,1768.1775414662875
685400,290,69,126,1,0,163,0.8787902873713079,0.03706277552694214,2241,124.0,48.0,1756.2861222321178
685500,298,53,131,4,0,163,0.8793989413518348,0.037069073886926054,2241,130.0,42.0,1940.5185695413215
685600,295,63,125,3,1,166,0.860899394012671,0.037567175523275584,2241,141.0,47.0,2064.0232143200155
685700,300,56,121,3,0,176,0.8515729531620237,0.03618274994073431,2242,76.0,26.0,1069.4252942587452
685800,313,45,125,3,0,185,0.8404006565528426,0.03612713637973732,2242,125.0,43.0,1811.6524468447783
685900,318,55,138,7,2,171,0.8486915240638407,0.03534801043440197,2242,56.0,24.0,728.7299411809685
686000,319,51,131,5,3,180,0.8410207504737581,0.03539836268786714,2242,105.0,39.0,1447.9613225826972
686100,323,42,144,7,0,172,0.8431305384792046,0.03574766399157977,2243,90.0,40.0,1119.0627386571068
686200,314,60,130,1,0,183,0.8349095723305099,0.03611412252398458,2244,114.0,38.0,1651.6156294986658
686300,320,44,138,1,1,180,0.8157376216668659,0.03632016789426864,2244,109.0,41.0,1526.4834034745793
686400,289,56,127,1,0,161,0.8265260441530868,0.038478630194860454,2245,98.0,46.0,1166.9548017552854
686500,308,56,133,1,0,174,0.8357496424015197,0.03789580720701054,2245,129.0,37.0,1942.4763912431363
686600,315,46,147,2,1,165,0.8257267046702033,0.037143876442850644,2246,87.0,36.0,1143.122007411177
686700,328,61,158,1,2,167,0.8254187660834497,0.03640824191827696,2247,59.0,22.0,807.8654850788582
686800,326,49,169,3,2,152,0.8222025613051677,0.033946239718697924,2247,93.0,29.0,1388.6059956057254
686900,341,56,176,4,0,161,0.8168475766372528,0.03310960029797305,2247,83.0,28.0,1261.595736420947
687000,329,51,166,4,0,159,0.8077327660484904,0.03243655503820173,2247,54.0,22.0,648.3948081178969
687100,333,47,165,3,1,164,0.8045859533038057,0.03168778183527821,2248,49.0,27.0,516.371817014065
687200,335,48,166,3,1,165,0.8022999339599896,0.032415658249027014,2249,36.0,18.0,398.9875286900659
687300,336,42,166,3,1,166,0.8162692153412672,0.03168955539164087,2249,43.0,21.0,517.7678007566861
687400,349,43,178,4,1,166,0.8095384705001915,0.030565909886775523,2250,40.0,19.0,477.83726422036756
687500,352,39,191,4,0,157,0.8115015897050829,0.03041514004611415,2250,26.0,19.0,144.98974523991922
687600,338,52,180,4,0,154,0.8083270499076131,0.029563542682263615,2251,64.0,24.0,912.3642078966823
687700,336,53,176,3,0,157,0.8009997290177114,0.027986307538072037,2251,66.0,21.0,958.4510035163613
687800,323,53,167,2,0,154,0.7972282755281578,0.02680777862937689,2252,41.0,21.0,461.08408753505984
687900,345,43,175,2,0,168,0.7984380976369196,0.026150850796929397,2253,19.0,12.0,171.5
688000,348,44,175,3,0,170,0.7909621191139221,0.0255036992948303,2253,33.0,17.0,364.73517040666854
688100,345,48,179,2,0,164,0.7876244038189272,0.02512666877677068,2253,28.0,17.0,258.9219673707362
688200,354,44,184,1,0,169,0.797457465625154,0.024805266117512072,2253,16.0,9.0,111.9357057546808
688300,351,43,189,1,1,160,0.793372038597302,0.023610757344099183,2253,31.0,8.0,498.05743726433155
688400,355,45,189,3,0,163,0.787895878517207,0.02292025747558693,2254,29.0,13.0,351.391677547991
688500,356,39,185,2,0,169,0.7801593025322904,0.02286621043945412,2254,35.0,13.0,483.5047054134431
688600,349,47,186,2,1,160,0.7843106092553073,0.022697895212958726,2255,15.0,9.0,129.62973412367745
688700,345,50,186,2,0,157,0.7902701870337359,0.02328293059957868,2255,16.0,10.0,116.83216234088057
688800,347,52,194,4,1,148,0.7949399302824752,0.024630758788318816,2255,18.0,10.0,171.6373887001693
688900,338,48,185,5,0,148,0.7944959139511865,0.024140968639741574,2255,51.0,27.0,531.990601237432
689000,335,47,178,5,0,152,0.7947148628235505,0.025192311614366917,2255,36.0,14.0,487.1972574819457
689100,353,46,187,2,1,163,0.7907189741366356,0.025265942568261195,2255,39.0,15.0,542.9854563421665
689200,350,41,185,1,0,164,0.7873406511121186,0.024625908672725617,2254,52.0,17.0,810.1624368009174
689300,353,64,189,0,0,164,0.7935623251564503,0.026653117227334606,2255,16.0,11.0,96.47885976164258
689400,342,50,184,1,0,157,0.7968268844202124,0.02714209304609719,2255,46.0,22.0,548.0555465468724
689500,327,50,162,1,0,164,0.8124398006087208,0.027288652021836977,2256,44.0,17.0,577.1172528859265
689600,328,48,165,1,0,162,0.8126343863666226,0.02667822629097245,2256,57.0,24.0,675.3596766101979
689700,320,50,159,0,0,161,0.821131942166758,0.027189126255230643,2257,73.0,32.0,838.5548330400823
689800,314,57,156,0,0,158,0.8302719658293873,0.027397112098372624,2258,61.0,27.0,712.3705356061815
689900,334,42,166,3,0,165,0.8192621627704476,0.02573039020353351,2258,52.0,23.0,594.8863193184853
690000,345,47,167,2,0,176,0.8088661958007637,0.024794975391455223,2259,64.0,25.0,854.8456465340255
690100,353,47,172,2,0,179,0.8077479358197722,0.024473164718452883,2259,51.0,19.0,666.6828880140549
690200,331,48,169,1,0,161,0.7966648484439184,0.02358105199661186,2260,53.0,23.0,595.742315427894
690300,334,47,167,2,0,165,0.8142428253376263,0.023741647315368243,2261,54.0,25.0,582.4251401210735
690400,342,44,170,0,1,171,0.7864275602687257,0.023392782956648803,2261,77.0,15.0,1365.2840830265525
690500,344,50,168,0,1,175,0.795866185318155,0.024275482764689053,2256,44.0,18.0,489.99531875612524
690600,353,47,183,1,1,168,0.7934862328418181,0.02412459049918547,2256,55.0,19.0,698.3184850407288
690700,352,42,183,1,0,168,0.7907518207401882,0.023366096691350136,2256,32.0,15.0,280.49054829284785
690800,349,42,183,2,0,164,0.7878811676799308,0.0235638923342272,2257,56.0,17.0,797.4378722773407
690900,333,40,169,2,0,162,0.7857249128784685,0.023199853936273423,2258,55.0,19.0,729.0876532057466
691000,349,37,174,2,0,173,0.7800976731549034,0.02278970225733018,2258,31.0,13.0,358.07436054979536
691100,332,45,170,1,0,161,0.777284408997923,0.022634955290152102,2259,46.0,20.0,477.21112770490447
691200,345,50,182,2,1,160,0.7775401824578334,0.022835763426646213,2259,18.0,9.0,164.425869635014
691300,350,46,190,0,2,158,0.7748574233606278,0.023015871020349615,2259,35.0,17.0,326.2085092718847
691400,361,43,199,2,1,159,0.7779200688647646,0.024100997305885854,2260,23.0,11.0,236.56328747077052
691500,343,47,179,3,0,161,0.7777074532629035,0.024484638042286188,2261,34.0,21.0,258.2091197958006
691600,357,44,186,4,0,167,0.7850097863668306,0.024675233278345324,2261,27.0,14.0,226.05232677527752
691700,329,35,172,3,1,153,0.7928280989330959,0.024483131891874118,2262,58.0,26.0,620.0469006134424
691800,338,44,173,3,0,162,0.7889565455632159,0.02390540940096171,2262,38.0,23.0,297.87612622969255
691900,345,35,180,4,0,161,0.7926606602094499,0.024230584464563748,2263,40.0,21.0,347.04766784015163
692000,338,50,180,5,1,152,0.7962473151928786,0.023281781078079013,2263,39.0,18.0,409.77966905996556
692100,340,43,176,5,1,158,0.7926923415539009,0.023046714155185517,2264,64.0,24.0,813.9939488111856
692200,343,39,174,2,1,166,0.7795152151369569,0.021809842448969538,2264,59.0,25.0,606.1075021187078
692300,339,43,163,3,0,173,0.7813560425457828,0.02222664588920928,2265,36.0,18.0,301.24070277836313
692400,345,46,178,4,0,163,0.7817990277671408,0.022762116163059672,2266,18.0,12.0,98.57750461737426
692500,344,45,184,3,0,157,0.7712757853565526,0.023184570433734657,2266,27.0,13.0,264.1675813994149
692600,341,46,191,2,0,148,0.7731348439376379,0.022711000245974028,2267,30.0,9.0,385.97040863978134
692700,340,45,185,1,0,154,0.7672279263362899,0.021978910545765767,2267,25.0,9.0,289.11475091828805
692800,348,42,184,1,0,163,0.7631025993212471,0.020529793586314786,2267,33.0,9.0,451.51325644580066
692900,367,35,191,1,2,173,0.7620459379067621,0.021580368105467915,2266,18.0,5.0,257.6418593481042
693000,360,38,188,4,1,167,0.7615884540869745,0.02228921390384846,2266,9.0,7.0,39.03589515514704
693100,365,46,185,1,2,177,0.7518861476495021,0.02258422608609901,2266,11.0,7.0,66.76447239653768
693200,367,32,187,1,2,177,0.7527934013946148,0.02243563223738085,2266,16.0,8.0,130.42153589292403
693300,354,45,189,2,0,163,0.7533156692219894,0.021745836303928207,2263,8.0,3.0,86.53081919718603
693400,347,50,185,2,0,160,0.7536714598637796,0.021509578207912796,2263,4.0,3.0,14.588676370775321
693500,351,44,194,1,1,155,0.7525396986339299,0.020549337424185896,2263,6.0,3.0,54.16791998266086
693600,374,51,212,0,0,162,0.7447226757415031,0.020265743801648455,2261,7.0,3.0,81.9901931762602
693700,360,42,206,0,0,154,0.7512700412530364,0.019719316406887444,2262,3.0,2.0,19.352217920005355
693800,357,49,202,1,0,154,0.754759403716265,0.01969466067679258,2262,5.0,1.0,55.864677007146895
693900,372,36,207,1,0,164,0.756391171747535,0.019765588928491194,2262,3.0,3.0,0.0
694000,358,43,204,1,0,153,0.7554195852224548,0.020050986846267396,2262,13.0,4.0,186.1061790023431
694100,356,51,206,1,0,149,0.7551182201927954,0.01978779149056243,2262,9.0,4.0,103.7555362402437
694200,354,46,202,0,0,152,0.7579671420525208,0.0209504935301172,2262,11.0,3.0,132.82704514963228
694300,359,36,194,0,0,165,0.7631692506986939,0.020419791348167456,2263,21.0,8.0,266.10135549520896
694400,364,41,192,1,0,171,0.7619523581946536,0.021472164245793294,2263,10.0,3.0,151.06073301261807
694500,361,42,194,0,0,167,0.7569336209191084,0.02130346523047348,2264,33.0,8.0,529.9493995912151
694600,357,43,195,0,0,162,0.7635099752007507,0.021579842207908193,2265,15.0,5.0,215.57578641891592
694700,347,42,183,0,0,164,0.7544979554306065,0.021035310623235232,2265,26.0,8.0,379.97214635994106
694800,348,46,188,0,0,160,0.7495497614331206,0.02073814680174426,2265,9.0,2.0,155.37045070864934
694900,355,41,189,0,0,166,0.7599768980160757,0.02156239741695083,2266,6.0,2.0,76.51464212724599
695000,348,41,183,0,0,165,0.7603793201871929,0.02131033714056815,2266,14.0,7.0,151.18192456997346
695100,341,48,176,0,0,165,0.7619117381652186,0.020745960690855283,2267,29.0,11.0,405.5545789471809
695200,342,39,175,0,0,167,0.7668168079803633,0.02085065553697704,2268,7.0,6.0,24.5
695300,353,39,183,0,0,170,0.7632521289500525,0.021281049185140885,2268,12.0,7.0,111.09005202488015
695400,358,45,186,0,0,172,0.7634019293164349,0.020758568927575344,2269,27.0,14.0,302.14905624283585
695500,348,45,184,0,0,164,0.7744461763196957,0.02158294669176528,2270,18.0,10.0,185.60997094487834
695600,359,37,186,0,0,173,0.7729111394971803,0.021604961309787864,2270,21.0,8.0,304.36116237556115
695700,347,45,177,0,0,170,0.768708192129946,0.022195277899706115,2271,34.0,7.0,625.6538295573406
695800,355,49,187,0,0,168,0.7708800067220274,0.021581027772830882,2271,7.0,4.0,73.5
695900,359,46,202,0,0,157,0.7689391516811548,0.020540111017334807,2271,23.0,8.0,344.38406678497535
696000,363,41,198,1,0,164,0.7735786708348612,0.019313809051374194,2272,13.0,4.0,202.47868232922252
696100,346,45,186,1,0,159,0.767384963327316,0.019908037882916358,2272,7.0,3.0,78.69549758040135
696200,350,42,199,1,0,150,0.7729223978501428,0.02089291136762553,2273,10.0,4.0,103.09314825827725
696300,349,48,197,1,1,150,0.7685469821773306,0.020618189990723814,2274,13.0,3.0,229.3572114751318
696400,364,50,201,1,0,162,0.7702094570436493,0.020441106274305596,2271,9.0,2.0,153.8523791920618
696500,370,38,193,0,0,177,0.7656187871433924,0.02103377972908373,2271,7.0,3.0,96.03691349011935
696600,366,41,187,0,0,179,0.7698727193786509,0.021314363899516086,2272,3.0,1.0,48.01845674505967
696700,372,43,199,0,0,173,0.7647671117767143,0.02155447918527042,2272,7.0,2.0,86.80759532798069
696800,358,35,194,0,0,164,0.7678187537472431,0.021397672752506033,2273,28.0,8.0,450.5297985893139
696900,349,42,203,0,0,146,0.7705331338167544,0.020684677616153065,2273,1.0,0.0,7.277941412341123
697000,348,40,196,0,0,152,0.769505410552461,0.020927339867125628,2274,6.0,3.0,73.5
697100,361,46,212,0,0,149,0.7712987448982819,0.020690506151246284,2275,6.0,2.0,98.0
697200,360,48,206,0,0,154,0.7712366625826784,0.020311737212549294,2275,1.0,1.0,0.0
697300,359,40,210,0,0,149,0.7675212749053804,0.0207147326690652,2276,7.0,4.0,56.51726099261958
697400,367,44,214,0,0,153,0.7710488841831051,0.021327419209707016,2277,1.0,1.0,0.0
697500,358,44,210,0,0,148,0.7682754505576557,0.021011134724120542,2277,13.0,2.0,245.46518472734215
697600,355,44,200,0,0,155,0.7669560139775224,0.021913433453244254,2277,2.0,1.0,22.900724181693143
697700,356,40,196,0,0,160,0.7693318483257674,0.022646133962026103,2278,8.0,4.0,89.92351774616131
697800,354,48,196,1,0,157,0.7675805248815512,0.022331595992002885,2278,2.0,2.0,0.0
697900,359,43,197,1,0,161,0.7659630572027777,0.021370308366321502,2278,1.0,0.0,7.228237148142932
698000,359,42,196,0,1,162,0.7653241069642702,0.021136916259193863,2278,12.0,4.0,138.8650642651393
698100,362,40,198,0,1,163,0.7648592159264225,0.020836325358124887,2279,8.0,3.0,87.22
698200,363,37,199,0,2,162,0.7629852104526798,0.020098722310944325,2279,8.0,4.0,76.25874310246178
698300,360,53,199,0,2,159,0.7671180027532601,0.019706453551426285,2280,7.0,3.0,91.60353694341524
698400,371,39,209,1,0,161,0.7706036706801846,0.01892187301223111,2280,5.0,3.0,44.122069382775024
698500,358,40,198,1,0,159,0.7682953102124863,0.01815703391289686,2280,7.0,3.0,74.8531935942495
698600,357,41,195,1,0,161,0.7674523488673068,0.018103904790498962,2281,15.0,5.0,231.52793877061848
698700,358,48,204,2,0,152,0.7658549597906223,0.018066196707317392,2282,13.0,6.0,154.48692719457856
698800,344,44,197,2,0,145,0.7645277257157203,0.017188599787125364,2282,8.0,5.0,36.40235279471462
698900,355,46,199,2,0,154,0.7644325633336783,0.01751178371526276,2282,3.0,2.0,22.061034691387512
699000,356,44,198,3,0,155,0.7697128792385942,0.016958838896864097,2283,5.0,5.0,0.0
699100,361,39,190,3,0,168,0.7753173448334566,0.01643086745629861,2283,9.0,8.0,22.978789840319127
699200,357,41,191,2,0,164,0.7671863271434128,0.01534119693578228,2283,13.0,5.0,167.2068828674123
699300,355,48,192,2,0,161,0.7742788548881457,0.01434621680817397,2284,12.0,6.0,121.50026840609934
699400,355,47,193,2,0,160,0.7705119509105496,0.014295375246495117,2285,14.0,5.0,206.95111940045447
699500,354,48,196,2,0,156,0.7743786610329239,0.014659825864560024,2285,22.0,12.0,217.9464887504886
699600,358,43,199,2,1,156,0.7781891988867718,0.01584243006349247,2286,23.0,9.0,307.60201137489327
699700,348,36,199,1,0,148,0.7661881828850551,0.01595387980655325,2286,9.0,6.0,56.72314059949839
699800,342,40,185,1,0,156,0.7699634345894002,0.016380210562654277,2287,20.0,9.0,244.79486324300223
699900,350,41,190,2,0,158,0.769509586824629,0.016095276383215215,2287,9.0,7.0,29.38541454254314
700000,350,43,196,2,0,152,0.7819266152598725,0.015741247542879176,2288,20.0,7.0,296.24670109757284
700100,354,40,198,2,0,154,0.7770391764188662,0.015578110929380181,2289,23.0,12.0,248.0794820947273
700200,341,40,190,1,0,150,0.7732725616172462,0.014941597608044789,2289,12.0,8.0,81.207926099439
700300,348,54,194,2,0,152,0.7802119117522854,0.015603797773698512,2290,12.0,7.0,112.01696399457862
700400,351,40,191,2,0,158,0.7831939158908182,0.016202316986253115,2291,20.0,9.0,230.792200589933
700500,348,42,181,2,0,165,0.7830965136734066,0.016842515862350516,2291,13.0,10.0,52.402213111076264
700600,339,42,171,3,0,165,0.788074442163743,0.017571901296655548,2291,21.0,11.0,203.78186370914196
700700,341,54,168,4,0,169,0.7886960864799651,0.017307389723957747,2292,25.0,16.0,200.86798243654567
700800,350,49,178,3,0,169,0.7812286345379205,0.017740204047768934,2292,36.0,11.0,570.063693954944
700900,348,45,181,4,0,163,0.789843175495535,0.018894040222316978,2293,11.0,8.0,60.588161670099176
701000,328,49,173,3,0,152,0.7862776690775587,0.018678383616725268,2293,49.0,14.0,704.1760261312085
701100,351,45,178,2,1,170,0.7851971529410232,0.01857671069219446,2294,17.0,9.0,136.6930815104242
701200,344,49,174,3,0,167,0.7957503238140513,0.01972019199264792,2294,30.0,19.0,225.57543965153758
701300,350,45,180,2,0,168,0.794643389131904,0.019281687078814468,2294,33.0,18.0,299.56213732983764
701400,341,38,176,2,0,163,0.7925342416143937,0.019388390330090863,2294,29.0,17.0,239.45636503736685
701500,336,46,171,2,0,163,0.804400928805615,0.019965632977653646,2295,46.0,24.0,450.06164197858834
701600,341,44,168,5,0,168,0.802119625527507,0.02078794082812424,2295,31.0,19.0,254.29872713719902
701700,329,55,166,2,0,161,0.8182348065129045,0.0219633314051274,2296,61.0,32.0,597.7247338161079
701800,332,40,162,3,0,167,0.8196202459894013,0.02200376543748481,2297,81.0,27.0,1128.4712122848641
701900,322,48,166,3,0,153,0.825748121264886,0.022817733300354665,2297,74.0,32.0,865.938715633879
702000,315,52,158,5,0,152,0.8277779440623618,0.023476613713830783,2297,47.0,27.0,401.69550138976103
702100,307,44,153,3,0,151,0.8366453912698888,0.023292549342445176,2298,75.0,39.0,743.4280249627653
702200,321,43,153,3,0,165,0.8198900121158533,0.02345143255898367,2298,58.0,29.0,624.2431676442237
702300,324,43,151,2,1,170,0.8168542650723588,0.02387419040459038,2299,72.0,27.0,1009.1757248134289
702400,340,50,161,2,1,176,0.8004011596955254,0.024111110103000766,2299,45.0,18.0,561.5550792366902
702500,354,45,172,2,0,180,0.780285544759457,0.02320865548421685,2300,24.0,10.0,307.79776130516177
702600,351,39,184,2,0,165,0.7977220595661615,0.024397918874158275,2301,45.0,18.0,549.1353064118742
702700,346,45,170,0,0,176,0.7835206712496458,0.02380096732654769,2301,42.0,15.0,543.4567757545719
702800,352,43,184,0,0,168,0.7801528268115345,0.023313922761241678,2302,22.0,9.0,266.1215537779623
702900,350,45,183,1,1,165,0.7824397859292661,0.024167695665460617,2303,22.0,11.0,218.8300962736476
703000,354,51,191,2,1,160,0.774275497192123,0.023757467997547153,2303,11.0,6.0,105.24973455204794
703100,352,42,193,2,1,156,0.7796291519992044,0.024339267902377296,2304,28.0,14.0,261.12340876155577
703200,355,44,173,4,1,177,0.7840353722952633,0.02415404132246007,2304,17.0,12.0,85.02579472602514
703300,345,52,173,2,1,169,0.7843690928259042,0.024373303980374048,2303,23.0,16.0,125.6805984893833
703400,331,45,166,3,0,162,0.7807944765118919,0.02414588679920318,2303,19.0,12.0,121.7417471614599
703500,343,50,187,3,0,153,0.7895144265349481,0.0247951987857135,2298,31.0,15.0,278.4312587943691
703600,340,52,180,1,0,159,0.784216445370712,0.02562311559667973,2298,74.0,32.0,778.6757613092678
703700,333,46,172,0,0,161,0.7991431121590042,0.026481011550938065,2299,28.0,14.0,260.48482784421066
703800,338,40,175,1,0,162,0.8012527932766861,0.026298656674051877,2300,47.0,20.0,538.5059290847068
703900,326,61,166,0,0,160,0.8145876347545956,0.02636488074351878,2300,65.0,27.0,717.2202670829678
704000,331,51,169,1,0,161,0.8036946190515347,0.026189277557148685,2301,43.0,22.0,392.7324653201875
704100,344,49,178,2,0,164,0.8045490288921145,0.02654319006141,2301,36.0,16.0,387.6710762110884
704200,356,43,181,3,0,172,0.8083430911901508,0.027066423077573957,2301,38.0,18.0,384.6180075219809
704300,337,48,175,5,0,157,0.8180141458582119,0.027273659397558644,2301,41.0,15.0,476.07056135193864
704400,342,44,185,4,1,152,0.8167137726994991,0.027508788220116483,2301,18.0,9.0,157.02961623143554
704500,345,47,185,6,1,153,0.8142352127066327,0.027184910163359558,2301,29.0,13.0,317.44269164132
704600,359,51,189,4,2,164,0.8154398004165702,0.027713863462681454,2302,38.0,13.0,498.8597091300297
704700,347,50,188,2,1,156,0.8040230072312535,0.027711457013167518,2302,22.0,11.0,228.19176582661288
704800,344,53,188,2,0,154,0.8004039127415232,0.027677961140743414,2303,27.0,14.0,255.35654433694228
704900,337,47,177,1,1,158,0.8008424447338048,0.02724032205723812,2304,38.0,15.0,440.2132098592282
705000,349,40,175,1,0,173,0.7993330635657033,0.026817715134155727,2304,25.0,12.0,257.7998079704731
705100,351,46,187,2,0,162,0.8103435084233964,0.027530033696470068,2305,23.0,10.0,261.5752304545011
705200,333,57,172,3,1,157,0.8243250503635904,0.0269666649410617,2305,58.0,32.0,568.865817627358
705300,337,47,167,2,0,168,0.8152525117700173,0.025549203196136138,2305,44.0,20.0,520.2724496987868
705400,337,49,166,1,0,170,0.8212220116821567,0.026070008930725988,2306,61.0,27.0,735.9083046031993
705500,338,44,177,0,0,161,0.8166379611979966,0.0257662605698649,2307,39.0,15.0,525.7325013587388
705600,329,46,168,1,0,160,0.8287219030018088,0.02663657198092632,2307,53.0,23.0,639.788621576324
705700,315,52,166,4,2,143,0.8420258170563405,0.027548510045151277,2307,77.0,38.0,838.0264626993153
705800,307,45,155,4,1,147,0.8468189635808879,0.027990214061760287,2307,80.0,37.0,1004.3056502162594
705900,319,56,149,4,1,165,0.8468201822889578,0.026899835137007184,2307,85.0,33.0,1137.8925209617184
706000,320,57,147,5,0,168,0.8516703626841882,0.026462734425835806,2307,63.0,31.0,675.1227093083278
706100,313,52,140,4,1,168,0.8492710409260176,0.026458733774225633,2308,65.0,34.0,629.4091293302157
706200,320,47,145,5,1,169,0.8534986253293966,0.02637262294827531,2309,74.0,29.0,1002.824611008407
706300,310,51,137,3,0,170,0.8396223640367619,0.025042213390183206,2309,69.0,35.0,702.9998093289186
706400,304,56,127,2,0,175,0.8352196617609611,0.025313845640307787,2310,77.0,39.0,822.7147494017423
706500,313,45,143,2,0,168,0.8502160816364857,0.02549004703083055,2311,74.0,30.0,967.2237253536346
706600,325,39,147,3,0,175,0.8416299989090557,0.024948174420862685,2311,74.0,34.0,857.4901164033923
706700,310,54,139,4,0,167,0.8400757311051433,0.025368879309113624,2312,90.0,42.0,1066.511255932384
706800,320,50,148,3,0,169,0.8492401362294046,0.025192150553542382,2312,79.0,35.0,970.8767356081067
706900,314,52,147,1,0,166,0.8257976418401687,0.02448306188512446,2313,111.0,40.0,1576.9909607500517
707000,329,49,152,1,0,176,0.8309120068136954,0.024544773435695548,2313,35.0,16.0,430.8536240824004
707100,328,52,152,2,0,174,0.8340471620773153,0.025005033206349274,2313,50.0,25.0,551.5108561754607
707200,325,48,155,2,0,168,0.8601466797154675,0.02546934671971585,2314,59.0,27.0,695.1644268755313
707300,317,51,164,3,0,150,0.8349761556019699,0.02529244762197441,2314,104.0,35.0,1510.09196775862
707400,325,52,172,5,0,148,0.8326686041039704,0.025712648886960482,2315,56.0,27.0,592.1059217475361
707500,337,52,153,5,0,179,0.8317601968949186,0.026195747971846647,2316,40.0,22.0,405.41746989085607
707600,334,48,157,7,0,170,0.8281938305345475,0.026025852626127208,2315,50.0,26.0,503.80563768048455
707700,321,57,150,8,1,162,0.8343897938201323,0.026064836623641115,2315,73.0,41.0,718.5514458849767
707800,323,50,152,6,2,163,0.835286620742696,0.0262081327548646,2315,46.0,21.0,516.6564033052091
707900,312,48,145,5,0,162,0.8316120746136776,0.025494087912125894,2315,98.0,42.0,1161.6268984520611
708000,308,57,144,3,0,161,0.8182903792326934,0.025508067521970632,2316,44.0,20.0,496.3434277465669
708100,321,62,151,4,0,166,0.8224304686753465,0.02598049014550995,2316,39.0,24.0,302.7573735841616
708200,327,49,148,5,0,174,0.8275549527049672,0.026627960114979598,2317,82.0,33.0,1031.9470610052683
708300,333,45,139,3,0,191,0.8313719034120352,0.026872230069140513,2318,42.0,27.0,278.93040318481275
708400,325,49,149,4,0,172,0.8274103768240643,0.02692271340543474,2318,73.0,36.0,728.0054251454671
708500,317,49,152,4,1,160,0.8503617379880974,0.026858179844637405,2319,80.0,37.0,923.5741301562247
708600,321,56,146,2,1,172,0.8476344516941314,0.026413067752927663,2319,79.0,29.0,1067.1313753410996
708700,322,45,153,3,1,165,0.8543129164865219,0.02681403770786984,2319,65.0,28.0,779.4292584820221
708800,310,47,136,5,1,168,0.8574206704169443,0.028148450648520645,2318,54.0,30.0,489.18437648407934
708900,313,44,138,7,1,167,0.8704789668826054,0.028876375847188048,2318,83.0,37.0,996.9409247686467
709000,289,63,120,4,5,160,0.8567614647585406,0.028755171211671475,2318,152.0,55.0,2168.0880006772272
709100,296,52,125,3,1,167,0.868887950701047,0.02785258450645562,2319,117.0,48.0,1490.1623837182012
709200,295,49,126,2,1,166,0.8506242944606173,0.027469125428566995,2319,121.0,47.0,1552.220665242933
709300,307,48,123,2,1,181,0.8448639708156511,0.027190090202715022,2320,89.0,32.0,1258.5699218819948
709400,326,41,139,2,1,184,0.830067784908252,0.02636984113527777,2321,47.0,23.0,492.54479507450475
709500,327,52,148,3,1,175,0.8362061881973096,0.0262129452031983,2321,46.0,27.0,402.45868444396893
709600,336,53,157,2,1,176,0.8193632141898739,0.02588577352006736,2322,66.0,28.0,850.6406842288312
709700,349,47,170,2,0,177,0.8100644583544503,0.025280277919822233,2321,59.0,19.0,904.9873803505902
709800,356,49,179,2,0,175,0.8103945924393922,0.02544778272022424,2322,18.0,10.0,183.38023179615396
709900,361,42,195,3,0,163,0.8156343524731541,0.025814995393088982,2322,31.0,16.0,334.96464932765286
710000,347,41,193,4,0,150,0.8192492118249629,0.0264729544558639,2323,39.0,18.0,462.4550185299025
710100,335,51,180,3,1,151,0.8058159031803155,0.025474808013148307,2323,34.0,20.0,324.0088138714775
710200,336,48,164,4,1,167,0.8070399011134464,0.025998194222135125,2323,43.0,19.0,534.0027744240062
710300,331,44,169,3,0,159,0.8149714960332928,0.026931127027813122,2323,42.0,20.0,518.6124941281146
710400,333,48,177,2,0,154,0.8080975544373233,0.026660525618308527,2324,53.0,23.0,707.4584564119349
710500,342,49,173,0,0,169,0.8043327422521944,0.02637603753998723,2324,33.0,18.0,345.7285378247475
710600,337,42,169,2,0,166,0.8092656916799624,0.026648076483278143,2325,33.0,15.0,407.2029002761321
710700,342,42,170,3,0,169,0.8078134705438946,0.027075959925485255,2325,49.0,21.0,589.9444531936897
710800,326,50,175,2,0,149,0.8068985303522763,0.026879897090430944,2322,62.0,25.0,887.4497304180811
710900,340,44,175,3,0,162,0.79800767899994,0.027231700485112472,2322,60.0,15.0,999.8666666619409
711000,343,48,172,4,0,167,0.7980741203239203,0.02683145152079752,2323,35.0,16.0,423.9559922795108
711100,346,47,182,4,0,160,0.7929711056656922,0.02658320436141114,2323,14.0,7.0,132.37031344271705
711200,337,47,181,4,1,151,0.7978980526368344,0.026597668427454046,2323,35.0,18.0,413.15349686955443
711300,359,40,194,6,0,159,0.797311107926328,0.026983941815514997,2324,32.0,14.0,397.4185790040938
711400,345,48,182,5,0,158,0.8027367086570851,0.027500053524553793,2324,15.0,13.0,26.564420616246537
711500,338,38,180,2,0,156,0.7878227317996381,0.02690073496686047,2325,18.0,10.0,185.75413723290268
711600,350,47,193,4,0,153,0.7906330572889672,0.0264543531601512,2326,4.0,3.0,19.704420616246537
711700,356,41,186,4,0,166,0.7979833301430368,0.02580510831638655,2326,20.0,15.0,113.38943087069951
711800,346,33,180,3,0,163,0.7963473445296255,0.02592496978669174,2327,34.0,20.0,293.55926815522497
711900,328,52,167,2,0,159,0.7965092400790039,0.026431229851583853,2328,44.0,17.0,553.7828713521442
712000,326,55,165,2,1,158,0.8017788112874601,0.026795626305155185,2328,37.0,18.0,362.70218155201565
712100,342,38,170,3,1,168,0.8046833945755408,0.02775797885555259,2328,20.0,14.0,129.50085538800326
712200,352,38,171,1,0,180,0.7954140104240416,0.02848602596881379,2329,33.0,17.0,346.16274432135833
712300,347,41,175,1,0,171,0.7927381683209833,0.02850259782922811,2329,32.0,18.0,307.47900625374837
712400,343,44,184,0,0,159,0.8095758545226023,0.028235832977677622,2330,64.0,22.0,967.3654561553066
712500,338,44,192,1,0,145,0.8024338970833936,0.028056766761385292,2330,40.0,15.0,519.2376765120731
712600,338,48,187,1,0,150,0.7985565916530875,0.027370462072095533,2330,36.0,15.0,431.8306960401159
712700,341,42,187,2,0,152,0.8039585517590051,0.027003622707676395,2331,31.0,14.0,311.0823625627045
712800,341,41,177,2,1,161,0.8108727118555623,0.027164100559014557,2330,25.0,12.0,280.0535006983554
712900,344,42,184,4,0,156,0.8090479842533438,0.027522911793884455,2330,36.0,19.0,359.4900303839996
713000,355,42,192,4,1,158,0.8061372093996311,0.02695182151789805,2331,16.0,12.0,82.38775991459806
713100,352,47,197,3,0,152,0.8014399520921232,0.026564199989505485,2330,28.0,13.0,296.990877535681
713200,346,45,189,5,0,152,0.7984335515369163,0.026907664228005727,2330,14.0,6.0,151.3089739155437
713300,338,49,194,2,0,142,0.7891228726079287,0.02733980284639106,2331,38.0,18.0,417.3166936019191
713400,336,44,192,2,0,142,0.7828596719529207,0.028491877152556955,2331,35.0,17.0,351.5603081432314
713500,344,41,194,2,0,148,0.7943938080479382,0.02896838222843729,2332,29.0,15.0,309.4698098191898
713600,333,47,184,1,0,148,0.8069043667416949,0.0298798322241423,2333,26.0,14.0,228.82813944680908
713700,339,43,180,0,0,159,0.7973478369162463,0.03065101985866905,2333,28.0,17.0,205.81458086886045
713800,342,45,185,2,0,155,0.8086840381708063,0.03159538807335966,2334,43.0,27.0,317.61835473965243
713900,342,49,179,3,0,160,0.8075691311863946,0.031901148010330886,2335,39.0,18.0,466.523451297873
714000,334,48,174,3,0,157,0.7965997729027459,0.031723216985236405,2335,37.0,15.0,461.4039914853861
714100,326,45,174,4,0,148,0.8120553126958033,0.032185314604544504,2336,50.0,26.0,510.2885441108655
714200,338,42,170,4,1,163,0.8088702730471339,0.032119680709974535,2337,26.0,13.0,259.8165587024721
714300,333,50,165,4,1,163,0.8139418117504296,0.03208251507485464,2337,41.0,18.0,438.2291539711049
714400,339,45,173,4,0,162,0.803192096687475,0.03139283152358621,2338,32.0,15.0,390.2290141015523
714500,358,47,188,3,0,167,0.7961405016056103,0.03166202250132569,2339,19.0,9.0,240.62027121098308
714600,353,48,182,1,0,170,0.7870322656175678,0.03146740724836954,2339,15.0,9.0,123.70545297206412
714700,349,43,177,3,0,169,0.7890507367423266,0.03165381789992442,2340,22.0,14.0,145.78017474786395
714800,359,37,195,3,0,161,0.7856861718182807,0.0310725514646002,2341,25.0,13.0,211.5104201103082
714900,342,53,189,2,0,151,0.7938425885205073,0.030367665002637604,2341,28.0,16.0,235.68870233900643
715000,335,50,188,3,0,144,0.8101670583484721,0.031559547097647744,2342,34.0,22.0,210.48741447162627
715100,329,53,176,3,2,148,0.801900105999102,0.03082441843191398,2342,34.0,12.0,499.76153331611124
715200,338,48,171,4,1,162,0.8021051039926765,0.030766953032953022,2342,25.0,16.0,182.2332809875368
715300,338,39,173,5,2,158,0.8020143167378228,0.03115716723113548,2342,29.0,9.0,409.9978508488151
715400,338,44,175,4,1,158,0.821254404054354,0.03222588022701961,2342,53.0,26.0,548.8001841691542
715500,337,50,181,3,1,152,0.8056824939850947,0.03241460290793417,2342,23.0,12.0,232.64375859669866
715600,335,49,177,3,0,155,0.8109945079065809,0.03294186734905989,2339,44.0,19.0,527.3439523725721
715700,338,44,171,3,0,164,0.81626938891386,0.03218100622691907,2340,47.0,22.0,546.2083874997186
715800,348,49,168,3,0,177,0.823225158307455,0.031513718332675925,2340,51.0,21.0,574.2441842110204
715900,339,46,162,2,0,175,0.825294902119564,0.030452520449787465,2341,34.0,18.0,355.1581188064446
716000,331,48,158,3,0,170,0.8206948328444008,0.030061475434840054,2341,50.0,25.0,419.7106764321094
716100,317,51,164,6,1,146,0.8219952891182841,0.029325446524183747,2341,39.0,24.0,274.36552458539296
716200,327,48,161,5,0,161,0.8230887033900626,0.02841810616124667,2342,50.0,25.0,476.29677693205014
716300,331,44,165,5,0,161,0.8225990175549942,0.029412335835029585,2342,31.0,18.0,273.40956970391244
716400,341,37,169,2,0,170,0.815910125172148,0.02790949367180253,2343,62.0,24.0,790.7580102770246
716500,337,47,172,3,0,162,0.8239732586964849,0.02859720107271079,2344,58.0,20.0,788.9092439331706
716600,349,46,180,3,0,166,0.8122947802858745,0.02755114967841842,2344,31.0,14.0,346.5001587183364
716700,341,43,184,5,0,152,0.8069149070650025,0.026266648184769575,2344,35.0,20.0,304.4727361606735
716800,348,46,179,4,0,165,0.8014958865451932,0.026367017004604216,2345,22.0,14.0,166.14105153372714
716900,348,51,176,4,0,168,0.8052729170287289,0.025978317170960365,2345,36.0,20.0,345.7670276123568
717000,345,53,176,3,0,166,0.8096387797803899,0.0263387928101832,2345,36.0,18.0,365.32983379767364
717100,337,47,167,3,0,167,0.7994232874348626,0.026188859446709248,2345,22.0,11.0,215.5615667914575
717200,343,47,177,1,0,165,0.7994798192151943,0.02586978204277414,2345,45.0,16.0,590.5066416171518
717300,335,45,176,2,1,156,0.7976708288881759,0.025466534435780088,2345,51.0,18.0,702.3374974134431
717400,339,43,170,3,0,166,0.804201257727644,0.025614114883246827,2345,59.0,27.0,663.011439633035
717500,329,48,179,2,0,148,0.7823163528266593,0.024712558474182907,2344,36.0,12.0,524.2945194227846
717600,339,44,168,1,0,170,0.7727598483880792,0.02475730565551201,2345,33.0,12.0,450.8593539340393
717700,348,41,184,0,0,164,0.7700479482911216,0.024048649774774496,2345,8.0,6.0,44.37143057622656
717800,353,45,181,1,0,171,0.7759187698408841,0.02460517218832565,2346,17.0,9.0,154.24749473309092
717900,347,39,188,3,0,156,0.7817775273740513,0.02384678301571368,2347,33.0,17.0,324.1733131985438
718000,346,48,187,1,0,158,0.783856961644035,0.02345664886259968,2347,42.0,20.0,463.4367663888394
718100,358,48,200,1,0,157,0.7816218635869381,0.023147070953833254,2346,19.0,9.0,191.33508615962188
718200,337,49,177,0,1,159,0.7830662937953873,0.02292345959232134,2346,30.0,11.0,417.8430821480594
718300,361,35,182,1,1,177,0.7806943659232471,0.02307804244553884,2347,20.0,9.0,193.96897325716034
718400,361,48,191,3,1,166,0.7790449992971965,0.022626048093995852,2348,18.0,9.0,142.85662294841157
718500,360,39,199,2,1,158,0.7669238484703862,0.02237647768446439,2348,5.0,3.0,31.282968613527338
718600,353,40,202,2,0,149,0.7631102150460323,0.021040820280750046,2348,6.0,5.0,7.116345077572719
718700,361,40,208,3,0,150,0.7632059310348894,0.02115377584306259,2348,10.0,4.0,84.71274438669377
718800,357,49,202,2,0,153,0.768156088227688,0.020479665681923744,2346,12.0,6.0,103.7992039152945
718900,352,45,197,2,0,153,0.7680634090339804,0.01987078783344582,2346,25.0,13.0,224.9580252507031
719000,349,39,195,2,0,152,0.7665532898188433,0.018973150948668742,2346,18.0,5.0,231.43572598551498
719100,351,44,204,2,0,145,0.7670390586642684,0.01814478775656354,2347,16.0,5.0,207.50465353461595
719200,356,48,207,2,0,147,0.7709780222194076,0.016818352388790776,2346,36.0,11.0,476.41463451238286
719300,364,51,206,1,0,157,0.7662150135265546,0.016079920903531317,2347,12.0,4.0,135.73646325952373
719400,364,43,201,0,0,163,0.768001982261471,0.01617423802289923,2347,15.0,6.0,172.89669654865938
719500,360,47,195,1,1,163,0.7699401204472929,0.015957916763253085,2348,11.0,8.0,59.043813202331805
719600,352,39,194,1,1,156,0.768377299538307,0.01572403114101597,2348,2.0,2.0,0.0
719700,358,50,202,1,1,154,0.7667870028696436,0.015548619718894648,2348,9.0,4.0,82.64307037821784
719800,355,50,201,2,1,151,0.7667265605333099,0.014888623657181452,2348,1.0,1.0,0.0
719900,361,44,202,0,1,158,0.7678540589593599,0.014709193790984757,2349,12.0,6.0,98.63789889756067
720000,357,45,197,1,0,159,0.7659992853419901,0.014584625098494683,2349,4.0,2.0,25.271814216618765
720100,359,39,196,1,0,162,0.7688735162767084,0.01417518393602883,2350,8.0,4.0,72.04672169390204
720200,349,44,201,2,0,146,0.769235585873697,0.01427894794594986,2350,2.0,2.0,0.0
720300,355,39,206,1,0,148,0.7678916124504738,0.014104056879894682,2350,4.0,2.0,35.23176303814201
720400,358,46,210,1,0,147,0.7621158280953931,0.01410250839239715,2350,5.0,2.0,32.07135937545242
720500,358,35,210,1,0,147,0.7642168846042697,0.01421202685453565,2351,7.0,5.0,25.405605120380997
720600,363,42,211,1,0,151,0.7630924823560575,0.014311465281204354,2351,10.0,3.0,103.47132719613566
720700,367,38,203,1,0,163,0.7682889023193724,0.013493457521271566,2352,11.0,5.0,98.25742650904667
720800,344,47,203,1,0,140,0.7682513090095879,0.013000345549060722,2352,10.0,5.0,81.86544834275072
720900,354,39,207,1,0,146,0.7715020724573022,0.013421219839257996,2353,9.0,4.0,83.25458462816283
721000,362,34,208,2,0,152,0.7709394778142177,0.013911963107531669,2353,9.0,3.0,75.32554435839647
721100,356,49,209,2,0,145,0.7727833956712019,0.013961196489773349,2353,11.0,4.0,114.68618525234295
721200,361,40,200,0,0,161,0.7665689100365105,0.013474333218113652,2353,10.0,6.0,72.55512081176143
721300,371,45,209,1,0,161,0.771731645308577,0.013379673735778143,2354,5.0,3.0,35.147697536837015
721400,359,38,201,0,1,157,0.7703034704886937,0.012879838306653995,2354,8.0,3.0,87.64301004583996
721500,363,44,218,1,0,144,0.7747945766450952,0.013038534366125041,2354,5.0,2.0,43.43638618274802
721600,352,41,195,3,0,154,0.7785521031465499,0.013160718367185,2355,14.0,5.0,148.33371104666472
721700,347,45,188,1,1,157,0.7739276448630324,0.012951962156119875,2355,13.0,3.0,151.53743422010825
721800,357,36,193,0,1,163,0.772321564850428,0.012682802823637011,2356,5.0,2.0,47.917246822123346
721900,353,39,199,1,0,153,0.7796452506698172,0.012805162555900355,2357,8.0,4.0,54.007293092064856
722000,356,37,205,0,0,151,0.7809240173021798,0.013297735412192774,2357,14.0,7.0,124.6800516023245
722100,348,45,199,1,0,148,0.775913698951639,0.012774000539394276,2357,5.0,2.0,34.02629680620639
722200,359,43,205,0,1,153,0.7725629473126647,0.01229738254888297,2357,12.0,3.0,127.36700766445999
722300,352,43,209,0,1,142,0.7757581622231349,0.012770830315230236,2357,6.0,3.0,53.8908207572226
722400,338,41,190,0,0,148,0.7756562652472185,0.012953394580117192,2355,18.0,6.0,209.77858469703673
722500,349,44,200,0,0,149,0.7749124712883387,0.013027537195846525,2356,20.0,9.0,192.84814350451637
722600,344,45,189,0,0,155,0.7771792196276686,0.01380187174006814,2357,10.0,3.0,101.71991108224358
722700,362,49,199,0,0,163,0.7804779906421481,0.013956278962890263,2357,15.0,7.0,142.39350650311792
722800,362,42,199,0,0,163,0.7759065718314403,0.013244203399405336,2357,22.0,5.0,262.2388672823971
722900,357,36,196,0,0,161,0.7816459717303542,0.013659211727961395,2358,11.0,7.0,68.85505949022706
723000,353,47,199,1,0,153,0.7876288966496624,0.013805230640172982,2359,11.0,3.0,110.89762717934688
723100,361,45,207,0,0,154,0.7839110748893742,0.0133157521180598,2359,12.0,4.0,128.79994670429016
723200,353,43,198,1,0,154,0.7785208551751284,0.012927290481510634,2359,9.0,2.0,110.37971551649633
723300,357,41,197,1,0,159,0.7736274846640138,0.013219177742686529,2359,4.0,2.0,24.300349124699572
723400,362,42,205,1,0,156,0.7752896826945114,0.012847121376312299,2359,1.0,0.0,7.947400790524092
723500,358,46,208,1,0,149,0.7761036104214215,0.012843923360527204,2359,2.0,2.0,0.0
723600,362,43,210,1,0,151,0.7752664474649138,0.012517165183999524,2359,4.0,2.0,24.532960397576915
723700,350,41,198,1,0,151,0.7795182744701836,0.012822116484490829,2359,5.0,2.0,41.88733676481945
723800,362,38,212,1,0,149,0.7780397485967937,0.012880471037578865,2359,0.0,0.0,0.0
723900,368,41,212,0,0,156,0.7751917534454329,0.01239231087851093,1355,1.0,0.0,8.556499645253451
724000,349,37,210,0,0,139,0.7777184347010696,0.012036842538363188,1355,0.0,0.0,0.0
724100,351,38,201,0,0,150,0.7781643787725064,0.01186549023981251,1355,1.0,0.0,7.539390568118709
724200,350,33,208,0,0,142,0.7777777541488227,0.011712813053705326,1356,1.0,0.0,6.8599999999999985
724300,364,37,207,0,0,157,0.7768230546625001,0.011941666273760965,1356,1.0,0.0,7.913291154764693
724400,355,49,211,0,0,144,0.7775597128231521,0.01259610222475254,1356,2.0,0.0,14.098617144937428
724500,355,48,204,0,0,151,0.7789359568186536,0.012707824823404448,1357,1.0,0.0,7.70577586785436
724600,364,35,209,0,0,155,0.7779054818902764,0.012961995307622988,1357,1.0,0.0,6.870517189160924
724700,354,43,207,1,0,146,0.7785990930042835,0.01323011079479933,1357,5.0,1.0,29.676176096344278
724800,355,43,201,1,0,153,0.7822514115971597,0.013688814001124112,1358,0.0,0.0,0.0
724900,363,39,206,1,0,156,0.7811131278877492,0.014073474134401725,1358,0.0,0.0,0.0
725000,362,44,199,0,0,163,0.7765209904777676,0.013318746035668808,1358,0.0,0.0,0.0
725100,359,41,198,0,0,161,0.7782156631087246,0.012790264017957704,1358,2.0,0.0,13.719999999999997
725200,353,46,211,0,0,142,0.7801751709665237,0.013134751956472717,1358,2.0,0.0,16.096376308535664
725300,340,36,200,0,0,140,0.7813444622038263,0.013635465993819656,1358,1.0,0.0,10.022127310493131
725400,362,40,209,0,0,153,0.7777412813528018,0.013247227171931376,1358,0.0,0.0,0.0
725500,364,44,218,0,0,146,0.7802900610528716,0.013819198137669506,1358,1.0,0.0,7.214281374365993
725600,353,39,205,0,0,148,0.7800412619078875,0.013267042567040298,1358,3.0,0.0,22.610953124512314
725700,351,43,209,0,0,142,0.7823146977371596,0.013483131505592846,1358,2.0,0.0,15.586532664728548
725800,361,39,207,0,0,154,0.7796961305656316,0.013474505160272272,1358,2.0,0.0,14.45586337220047
725900,362,39,211,0,0,151,0.7806169686521204,0.013617586381537825,1358,8.0,1.0,49.16528047778597
726000,351,42,200,1,0,150,0.7781134876526627,0.013733281514575108,1358,1.0,0.0,6.8599999999999985
726100,343,43,194,1,0,148,0.7804024963530197,0.01373443988332766,1358,2.0,0.0,15.858994817214676
726200,353,37,194,0,2,157,0.7832653176292328,0.013506193628683182,1359,0.0,0.0,0.0
726300,355,37,200,0,0,155,0.7840027683076546,0.013673815426244513,1359,2.0,0.0,14.066677491653694
726400,356,44,196,0,0,160,0.7776134324226043,0.014011137946885788,1359,0.0,0.0,0.0
726500,373,36,207,0,0,166,0.7788677485654101,0.014529910034133673,1359,3.0,0.0,22.42632151081221
726600,356,44,203,0,0,153,0.7824090755068067,0.014557314369553995,1360,0.0,0.0,0.0
726700,365,37,206,0,0,159,0.7816710167741284,0.01447420548677815,1360,3.0,0.0,22.303571758976176
726800,345,53,210,0,0,135,0.7782962298403017,0.0141285080011326,1360,4.0,0.0,29.8611066539133
726900,348,40,204,0,0,144,0.7760368335210817,0.014346116823179777,1360,1.0,0.0,7.151409052582297
727000,364,41,206,0,1,157,0.7738633693653252,0.014452392041974203,1361,1.0,0.0,7.151409052582297
727100,368,44,215,0,0,153,0.7737285534048052,0.014694392172004246,1362,1.0,0.0,7.23011497001902
727200,363,43,206,0,0,157,0.7721433282508582,0.014798773492218222,1362,2.0,0.0,15.478822492463205
727300,341,44,195,0,0,146,0.7781589513393277,0.015477189016100087,1361,2.0,0.0,15.60175369637597
727400,350,41,200,0,0,150,0.7753073528550517,0.01564113885686236,1361,4.0,0.0,29.18137001810681
727500,354,44,210,0,1,143,0.7748831418312497,0.016234977412152924,1362,1.0,0.0,7.288642263215106
727600,355,37,202,0,0,153,0.7775973177672963,0.01574267758540346,1362,0.0,0.0,0.0
727700,350,48,210,0,0,140,0.7782614326844873,0.015763558708388654,1363,2.0,0.0,15.12194165126219
727800,353,42,208,0,0,145,0.7776127319742692,0.015804261957756405,1364,1.0,0.0,7.313759406136384
727900,352,45,217,0,0,135,0.7778794691402999,0.01551839193764163,1364,3.0,0.0,21.064067946684553
728000,362,40,214,0,0,148,0.7798517097958946,0.01568529367788207,1364,1.0,0.0,7.869549143796131
728100,364,45,216,0,1,147,0.779738577238132,0.015739795425634064,1364,5.0,0.0,35.3481201865019
728200,367,46,215,0,0,152,0.7794815047954139,0.016161067802634366,1364,3.0,1.0,17.429760758814435
728300,366,44,212,0,0,154,0.7764488279562333,0.015717396330639066,1364,2.0,0.0,14.277699464273175
728400,358,43,206,0,1,151,0.7757221871664556,0.015241953370225965,1364,5.0,1.0,31.718716351069396
728500,359,45,209,0,0,150,0.7766905753606089,0.014642815380252751,1364,2.0,0.0,15.470733151307893
728600,345,46,204,0,0,141,0.7783150545154637,0.014022901647801452,1363,1.0,0.0,6.8599999999999985
728700,353,43,197,0,0,156,0.7786069202604293,0.014177583704420725,1363,1.0,0.0,7.472595221036464
728800,352,42,201,0,0,151,0.7753433524866856,0.014058584483053048,1362,4.0,0.0,30.413742980170205
728900,365,41,200,0,0,165,0.7766145824340758,0.014214824087749734,1362,0.0,0.0,0.0
729000,370,42,212,0,0,158,0.7745956395209367,0.014504452597310659,1362,2.0,1.0,7.2137580537962585
729100,361,41,199,0,0,162,0.7715511433296146,0.01496201922142335,1362,3.0,0.0,24.129001286054972
729200,349,56,195,0,0,154,0.7715390214000298,0.015084328355107346,1362,1.0,0.0,7.664779409343459
729300,366,35,212,0,0,154,0.7696963738599507,0.015195691208422622,1362,2.0,0.0,16.673681456410215
729400,351,39,209,0,0,142,0.7694059920951557,0.015105794870122658,1362,5.0,0.0,37.94282960607668
729500,351,41,219,0,0,132,0.7714769570892434,0.015308020709226643,1363,1.0,0.0,7.380143314656145
729600,364,41,221,0,0,143,0.7745371272388872,0.016074313743347262,1363,3.0,1.0,15.305661074131972
729700,365,41,216,0,0,149,0.777411562309466,0.015971113597171332,1364,9.0,1.0,61.32640150063285
729800,361,40,202,0,0,159,0.7775812566586363,0.016690007779968846,1364,2.0,0.0,17.13200096959888
729900,352,40,209,1,1,141,0.7780801633024393,0.016742486022136235,1365,6.0,1.0,36.72781308010667
730000,352,42,204,2,0,146,0.7777188867657885,0.017131452166846153,1365,8.0,2.0,46.611656487789375
730100,350,46,208,2,0,140,0.774231177869661,0.017099361705881652,1365,2.0,0.0,15.820716790684621
730200,355,41,206,1,0,148,0.7747239458898615,0.017361076886836208,1364,0.0,0.0,0.0
730300,353,45,212,1,0,140,0.7773057877054319,0.017507713776840794,1364,4.0,1.0,20.579999999999995
730400,362,40,214,0,0,148,0.7800422153494688,0.018624931372682722,1365,1.0,0.0,8.34844297138018
730500,349,44,202,0,0,147,0.777765538679543,0.018748585492760778,1365,4.0,0.0,30.56544771384237
730600,353,40,202,0,0,151,0.7765595371665043,0.019200417992808517,1365,3.0,1.0,18.16979428758448
730700,361,45,211,0,1,149,0.7771115840265076,0.01903005994936053,1365,3.0,0.0,22.900425752632756
730800,363,43,204,1,0,158,0.7763162442212393,0.018798571648949543,1366,8.0,2.0,46.124473909514926
730900,357,42,202,1,0,154,0.7721002201221648,0.018485106801123915,1366,3.0,1.0,14.2526251173692
731000,358,48,197,1,0,160,0.7774073914307689,0.01816425533292771,1367,2.0,0.0,15.909035632832328
731100,357,38,201,1,1,154,0.7808107444424304,0.017562298419430678,1367,1.0,0.0,8.335285823068533
731200,358,33,194,1,0,163,0.7814847691013698,0.017421614431717525,1367,0.0,0.0,0.0
731300,353,42,206,0,0,147,0.7839527081471643,0.016734217306326453,1368,0.0,0.0,0.0
731400,346,41,206,0,0,140,0.7838128707096568,0.01649369356151399,1368,2.0,0.0,15.667584293980216
731500,354,39,213,0,0,141,0.7823603590545716,0.015773453885578992,1368,3.0,0.0,23.79173733372358
731600,366,41,215,0,0,151,0.7788690851472453,0.015578166482646547,1369,1.0,0.0,6.914540538788121
731700,356,45,206,0,0,150,0.7756491697927292,0.015543782901463554,1370,0.0,0.0,0.0
731800,364,40,214,0,0,150,0.7747318343921551,0.016208437659067453,1370,0.0,0.0,0.0
731900,352,39,211,0,0,141,0.7724078771285171,0.01586659053320613,1371,2.0,0.0,16.595594366837428
732000,358,45,204,0,0,154,0.7703743812378548,0.0161579915752889,1371,2.0,0.0,14.703037398052238
732100,363,40,205,0,0,158,0.7663476415717246,0.01618963711366654,1372,0.0,0.0,0.0
732200,360,44,202,0,1,157,0.7661858689001699,0.016232302196399356,1372,0.0,0.0,0.0
732300,354,45,208,0,1,145,0.7640241673989837,0.01569691329908855,1372,0.0,0.0,0.0
732400,377,39,219,0,0,158,0.7631167056157404,0.016376864974676813,1373,2.0,1.0,7.791503860160724
732500,360,36,201,0,0,159,0.7616225202506526,0.016150352078832073,1373,0.0,0.0,0.0
732600,358,42,205,0,0,153,0.7603568093067365,0.016288563762870776,1373,2.0,1.0,7.464055728306635
732700,359,44,218,0,0,141,0.7601310138456606,0.01647416950433321,1374,2.0,0.0,13.919420290881916
732800,368,41,211,0,0,157,0.7576144501326051,0.01683050690493575,1374,2.0,1.0,6.8599999999999985
732900,358,38,206,1,0,151,0.7576023680696953,0.016220611410723566,1375,0.0,0.0,0.0
733000,352,39,193,1,0,158,0.7570248460880024,0.016203445667840023,1375,1.0,0.0,7.246123766037584
733100,362,46,211,1,0,150,0.7561763808621477,0.016743247830235536,1376,1.0,0.0,6.8599999999999985
733200,360,43,203,0,0,157,0.7552063668328125,0.016280589548137422,1376,4.0,1.0,22.286877333230798
733300,362,40,203,0,0,159,0.7523592242357244,0.016438838150489864,1375,3.0,0.0,24.006647314821066
733400,369,40,204,0,0,165,0.7493557485134867,0.016458099368292383,1375,0.0,0.0,0.0
733500,375,39,210,0,0,165,0.7513578653921753,0.01651049510326922,1375,1.0,0.0,7.560318125391627
733600,358,40,203,0,0,155,0.7510807378651165,0.016104003304074875,1375,1.0,0.0,8.784710133308696
733700,351,46,210,0,0,141,0.7510200910410958,0.016473159147616823,1373,1.0,0.0,6.984962329971172
733800,356,42,200,0,0,156,0.7538629658078979,0.016162076564936463,1373,4.0,1.0,21.496343970449715
733900,366,41,204,0,0,162,0.7558661761056205,0.015974029987242004,1374,1.0,0.0,7.807391497024193
734000,364,53,206,1,0,157,0.7538667191801135,0.015681936972687185,1374,1.0,0.0,6.8599999999999985
734100,374,41,209,0,0,165,0.7519213643486866,0.016156418591114313,1375,1.0,0.0,8.070842916060437
734200,356,45,195,0,0,161,0.7536304403225098,0.016280026829535634,1375,1.0,0.0,6.8599999999999985
734300,362,42,202,0,1,159,0.7509108509143874,0.016225228474862446,1374,1.0,0.0,8.112179840161566
734400,369,37,214,0,0,155,0.7520386064404186,0.016826221121541824,1375,1.0,0.0,7.05001271968595
734500,358,42,208,0,0,150,0.7526778590454398,0.016420509929351186,1375,0.0,0.0,0.0
734600,364,50,211,0,0,153,0.754482818422806,0.017097990352465404,1375,2.0,0.0,13.719999999999997
734700,354,43,208,0,0,146,0.7563407584479773,0.01750388392785243,1375,3.0,0.0,25.913259861927976
734800,368,47,206,0,0,162,0.7546768862889266,0.017695745101496223,1375,1.0,0.0,7.027826569217848
734900,371,37,208,0,0,163,0.753431667797988,0.018033147295125444,1375,1.0,0.0,8.917698539837629
735000,358,35,210,0,0,148,0.7533938425544177,0.017800218942098347,1375,1.0,0.0,7.788224466587209
735100,347,44,207,0,0,140,0.7554637453181303,0.01716151415355536,1375,1.0,0.0,6.8599999999999985
735200,361,37,208,0,0,153,0.7554305725683081,0.016768765294981284,1376,0.0,0.0,0.0
735300,363,38,213,0,0,150,0.7575662788677777,0.016659231149960336,1376,0.0,0.0,0.0
735400,372,39,215,0,0,157,0.7562861221519926,0.016491624960821665,1376,3.0,0.0,22.76856539451068
735500,374,47,222,0,0,152,0.7563051799854272,0.016805023535469536,1376,1.0,0.0,7.1694065002482255
735600,361,41,213,0,0,148,0.7577578281369047,0.016616047197283757,1377,2.0,1.0,7.7356616343046785
735700,351,40,204,1,0,146,0.7557362793187967,0.017203980541226526,1377,2.0,0.0,14.595661634304676
735800,362,43,210,0,0,152,0.7578993451060022,0.017369412995927147,1377,0.0,0.0,0.0
735900,373,39,203,0,0,170,0.7571007806998123,0.017018366157129306,1378,0.0,0.0,0.0
736000,349,48,192,0,1,156,0.7588095921753261,0.016695545136902953,1379,1.0,0.0,7.224331277672786
736100,358,47,197,0,0,161,0.7589023083883968,0.016422950864265883,1379,1.0,0.0,7.713597504819876
736200,341,44,187,0,0,154,0.7591201840244652,0.016611479087263264,1380,1.0,0.0,6.978678469884838
736300,360,42,191,0,0,169,0.7583187541261247,0.017047505615498264,1380,2.0,0.0,13.719999999999997
736400,370,42,201,0,0,169,0.762193051022041,0.01719602178484937,1380,0.0,0.0,0.0
736500,371,48,203,0,1,167,0.7642435247060666,0.017063548111131793,1379,1.0,0.0,6.8599999999999985
736600,369,34,215,0,0,154,0.7677102579295527,0.017184622840420626,1380,0.0,0.0,0.0
736700,356,38,204,0,0,152,0.7696068355741115,0.017296724046661154,1380,0.0,0.0,0.0
736800,365,48,210,0,0,155,0.767016459481622,0.017459132639978992,1380,0.0,0.0,0.0
736900,356,38,205,0,0,151,0.7687863896486344,0.017628408389199116,1378,1.0,0.0,7.268044823721415
737000,348,38,190,0,0,158,0.7700215686670514,0.017170186717941474,1378,1.0,0.0,8.598264183034367
737100,362,38,199,0,0,163,0.7663971360073669,0.017235223375373487,1378,0.0,0.0,0.0
737200,365,36,200,0,0,165,0.765184959474777,0.01704903021310916,1379,0.0,0.0,0.0
737300,359,48,203,0,0,156,0.7683676376348055,0.016767208854547157,1379,0.0,0.0,0.0
737400,364,45,220,0,0,144,0.7700818583824931,0.016744559020265525,1379,1.0,0.0,7.03578493936923
737500,355,40,215,0,0,140,0.7685272375951694,0.01659602805927559,1379,1.0,0.0,11.013273095999448
737600,360,47,209,0,0,151,0.7685145788932961,0.016464224477762832,1379,1.0,0.0,7.15043702203338
737700,363,36,211,0,0,152,0.7663097708442591,0.01666029723460052,1380,0.0,0.0,0.0
737800,370,38,217,0,0,153,0.7642411901112447,0.01624683286822002,1380,0.0,0.0,0.0
737900,358,39,209,0,0,149,0.7627524222504363,0.015848549944853005,1380,0.0,0.0,0.0
738000,356,40,199,0,0,157,0.7568813688250757,0.015325895171044192,1380,0.0,0.0,0.0
738100,359,40,198,0,0,161,0.753114854604362,0.015048087949688375,1381,0.0,0.0,0.0
738200,350,44,200,0,0,150,0.7515802612945601,0.015039185877952893,1381,2.0,0.0,15.163737537080227
738300,358,36,202,0,0,156,0.7482369333576845,0.015631702534383653,1381,1.0,0.0,7.581639033200405
738400,362,46,213,0,0,149,0.7492545326204295,0.01592357813076578,1382,0.0,0.0,0.0
738500,383,41,204,0,2,177,0.7570171441711834,0.015930833710396962,1382,1.0,0.0,9.18422932122023
738600,362,45,210,0,0,152,0.7598524196587112,0.015913232912929117,1382,0.0,0.0,0.0
738700,359,44,200,0,0,159,0.7568852630951896,0.015688931059961622,1383,0.0,0.0,0.0
738800,358,37,211,0,0,147,0.7622903588084056,0.015523342413647879,1383,0.0,0.0,0.0
738900,362,39,204,0,1,157,0.7635881993366471,0.015577129462944084,1384,2.0,0.0,15.68876507478217
739000,367,43,208,0,0,159,0.7663866318549621,0.015756445400338378,1384,0.0,0.0,0.0
739100,359,47,212,0,0,147,0.7656004166057058,0.016138381585796405,1385,0.0,0.0,0.0
739200,349,46,203,0,0,146,0.7675502146864801,0.016388376111107952,1385,2.0,0.0,16.146964515070273
739300,358,51,214,0,0,144,0.7676510817600257,0.01586390387591159,1385,0.0,0.0,0.0
739400,358,44,206,0,0,152,0.7619663216316245,0.016133414927587443,1386,1.0,0.0,10.155293180004815
739500,349,36,204,0,0,145,0.7634597900078456,0.015983105624124635,1386,1.0,0.0,8.174286073817434
739600,362,40,201,0,0,161,0.7611270668966909,0.016120587697206427,1387,1.0,0.0,6.903544125409771
739700,364,36,202,0,0,162,0.7622808072419741,0.016625574877889363,1387,0.0,0.0,0.0
739800,363,50,203,0,0,160,0.7622468344806658,0.017300094322701468,1386,2.0,0.0,14.804063861881275
739900,358,41,204,0,0,154,0.7604334462296085,0.017445821079445267,1387,0.0,0.0,0.0
740000,360,45,208,0,0,152,0.7572002208881069,0.01684011908428958,1387,0.0,0.0,0.0
740100,367,49,210,0,0,157,0.7572993172564126,0.01714085831923611,1387,1.0,0.0,6.8599999999999985
740200,365,47,208,0,0,157,0.7577169922933967,0.01803137603718989,1387,2.0,0.0,15.388439273741765
740300,356,39,208,0,0,148,0.7561231446141837,0.0179423319273553,1387,2.0,0.0,18.43105218427254
740400,365,39,209,0,0,156,0.7551596601595498,0.018378155788467052,1387,2.0,0.0,14.261471452190591
740500,359,43,214,0,1,144,0.7528028900165552,0.018612416236347136,1387,1.0,0.0,6.8599999999999985
740600,362,41,209,0,0,153,0.7524067240178591,0.01864583374584597,1387,1.0,0.0,7.511674325769214
740700,371,49,221,0,0,150,0.751063202716698,0.019137280475058086,1388,0.0,0.0,0.0
740800,364,40,213,0,0,151,0.7513583903585198,0.019331610811161182,1388,1.0,0.0,6.8599999999999985
740900,359,45,205,0,0,154,0.7481411359989657,0.019128835775918333,1389,2.0,0.0,14.670320493090706
741000,356,41,212,0,0,144,0.7502396422095806,0.01914993273033756,1389,1.0,0.0,6.863650815267609
741100,359,47,212,0,0,147,0.7531743470538265,0.019671794083810996,1389,2.0,0.0,14.089662418316436
741200,347,38,212,0,0,135,0.7556395720187467,0.01930473301741758,1389,0.0,0.0,0.0
741300,364,44,209,0,1,154,0.7552617183924422,0.018644140434630637,1389,2.0,0.0,16.874673222883892
741400,365,45,207,0,0,158,0.7544617773322694,0.018737669650715362,1389,0.0,0.0,0.0
741500,363,41,205,0,0,158,0.753558050552187,0.019127407066811996,1389,0.0,0.0,0.0
741600,361,48,203,0,0,158,0.7514288357323745,0.019869284482129337,1389,0.0,0.0,0.0
741700,369,35,210,0,0,159,0.754369201177271,0.020559931981289636,1389,2.0,1.0,7.647980734137338
741800,366,46,207,0,0,159,0.755411845426037,0.02073722687081903,1389,1.0,0.0,7.683593389634509
741900,367,47,210,0,0,157,0.755687251908654,0.020886339820296192,1389,0.0,0.0,0.0
742000,367,36,208,0,0,159,0.7578698358840008,0.02108154547271331,1389,3.0,0.0,25.750163197318663
742100,353,38,192,0,0,161,0.7612255442195023,0.021358424319387063,1390,1.0,1.0,0.0
742200,360,46,206,0,0,154,0.7605913975334608,0.021494179923196324,1390,0.0,0.0,0.0
742300,354,46,197,0,1,156,0.7603500336064086,0.02154101195357114,1390,2.0,0.0,13.780525083539633
742400,365,45,209,0,0,156,0.759981789626016,0.02206203675926247,1390,0.0,0.0,0.0
742500,365,42,214,0,0,151,0.7595570908314287,0.021621611295382197,1390,1.0,1.0,0.0
742600,372,41,219,0,1,152,0.7587354320280975,0.02143913192723706,1391,1.0,0.0,7.748977528385591
742700,366,39,214,0,0,152,0.7570906440498169,0.021664398009211824,1391,1.0,1.0,0.0
742800,359,43,200,0,0,159,0.7593509847402053,0.021413013291728757,1391,2.0,0.0,14.966097652633177
742900,359,42,205,0,0,154,0.7568648243251328,0.02152181446138997,1392,2.0,0.0,13.983595792923158
743000,370,40,206,1,0,163,0.7561350202463448,0.021958820563416515,1392,0.0,0.0,0.0
743100,377,50,211,1,0,165,0.7533223513445767,0.0228698730841246,1392,0.0,0.0,0.0
743200,364,34,207,1,0,156,0.7523565412721818,0.022482035420830895,1392,0.0,0.0,0.0
743300,353,45,209,0,0,144,0.7544139980678753,0.02229504276966639,1392,0.0,0.0,0.0
743400,349,34,203,0,0,146,0.7570492108987248,0.02168830643000529,1392,0.0,0.0,0.0
743500,359,49,202,0,0,157,0.7591381202250386,0.021317414879147806,1392,0.0,0.0,0.0
743600,366,48,204,0,0,162,0.7608426004910271,0.021438070825067376,1392,0.0,0.0,0.0
743700,360,52,203,0,0,157,0.7602654213161049,0.021896948659207393,1392,1.0,0.0,7.423485985703464
743800,360,45,202,0,0,158,0.7589472538053013,0.021813618312509105,1393,2.0,0.0,16.778211962283592
743900,351,46,192,0,0,159,0.7571320798440634,0.02197771350605235,1393,3.0,1.0,16.823327561324522
744000,356,39,193,0,0,163,0.7574695624758498,0.022161451709223567,1392,0.0,0.0,0.0
744100,364,42,195,0,0,169,0.7565374894847084,0.0229035803262817,1392,1.0,0.0,6.886593951968549
744200,363,41,196,1,0,166,0.7591297643955107,0.02309183936719813,1393,0.0,0.0,0.0
744300,361,43,206,0,0,155,0.760533003200219,0.0229885536732809,1393,0.0,0.0,0.0
744400,366,40,216,0,0,150,0.76090265850936,0.022743682540679253,1394,0.0,0.0,0.0
744500,376,44,215,0,0,161,0.7636908076970922,0.023026569555334987,1394,3.0,0.0,23.907344194303626
744600,366,40,208,0,0,158,0.7613976362474141,0.022621109704455532,1395,2.0,0.0,15.898753004788151
744700,364,41,202,0,0,162,0.7612143251628107,0.022592726875849026,1395,1.0,0.0,6.8599999999999985
744800,363,44,211,0,0,152,0.7602593879094813,0.02272987196188657,1394,0.0,0.0,0.0
744900,358,50,210,0,0,148,0.7601656124310644,0.022169853071937678,1395,3.0,0.0,21.971386556006998
745000,359,42,206,0,0,153,0.7595866226028044,0.02211875349297202,1395,3.0,1.0,14.265083386927163
745100,354,52,202,0,0,152,0.7595617935781978,0.021608500620494357,1396,1.0,0.0,6.8599999999999985
745200,368,40,206,0,0,162,0.7578805969615795,0.02159258366241438,1396,1.0,0.0,6.8599999999999985
745300,358,46,212,0,1,145,0.7561284572386614,0.02085598198699955,1396,1.0,0.0,7.972577349554117
745400,356,35,199,0,0,157,0.756604770309366,0.02088263586286335,1395,2.0,0.0,16.70922536774419
745500,369,44,212,0,0,157,0.7566217640564781,0.020590899403222646,1395,0.0,0.0,0.0
745600,360,51,210,0,0,150,0.755985377588116,0.02059011569152127,1395,2.0,0.0,13.96004765159724
745700,369,39,211,0,0,158,0.7549076961330854,0.020351506945306165,1396,1.0,0.0,7.44615328998966
745800,367,41,215,0,0,152,0.7534403832659258,0.020484049262751505,1396,0.0,0.0,0.0
745900,361,49,202,0,0,159,0.7566844628185437,0.020246713929482966,1396,0.0,0.0,0.0
746000,350,39,201,0,0,149,0.7592296901994715,0.02106654982687995,1396,2.0,0.0,16.561274107420743
746100,366,46,206,0,0,160,0.7594029574882043,0.02093372261190526,1397,1.0,0.0,8.067961131639015
746200,370,44,218,0,0,152,0.7584640455812292,0.021830167038668226,1397,1.0,0.0,9.731263614606124
746300,363,42,216,0,0,147,0.7602820460158665,0.021856540138137516,1398,2.0,0.0,16.641787017899237
746400,365,42,213,0,0,152,0.7616885461962305,0.022253426607914198,1398,4.0,0.0,35.764359440473946
746500,363,38,212,0,0,151,0.7616240516077987,0.022238894024059805,1398,1.0,0.0,6.8599999999999985
746600,364,37,205,0,0,159,0.7626849963419893,0.02217793364633776,1398,0.0,0.0,0.0
746700,363,42,206,0,1,156,0.7648262320855573,0.02267119353572791,1399,0.0,0.0,0.0
746800,352,43,207,0,0,145,0.7655370898454741,0.02305871603173073,1400,1.0,0.0,6.8599999999999985
746900,365,43,217,0,0,148,0.7628498703309722,0.022847453786677362,1400,1.0,0.0,7.249120982345137
747000,341,50,201,0,0,140,0.7632386679755593,0.02307694533971143,1400,1.0,0.0,6.8599999999999985
747100,358,39,201,0,0,157,0.7613411177312307,0.02248591900142119,1401,1.0,0.0,7.790831845136609
747200,361,38,204,0,1,156,0.7644854125215961,0.022112138626383213,1401,2.0,0.0,13.800859244193703
747300,374,38,205,0,0,169,0.7654551906251362,0.022046911253863377,1402,3.0,0.0,22.466678069934424
747400,356,44,210,0,0,146,0.7655983514043054,0.021763218071985654,1403,1.0,0.0,6.8599999999999985
747500,359,44,213,0,0,146,0.7635560091507041,0.02219831066164428,1403,1.0,0.0,8.660998309062153
747600,365,42,221,0,0,144,0.7615101914286043,0.02249855939408684,1403,1.0,0.0,7.659383715410699
747700,373,50,216,0,0,157,0.7607524976254961,0.02289911233527452,1403,1.0,0.0,7.317701960859426
747800,363,44,213,0,0,150,0.7614552927557733,0.023103267931809425,1401,2.0,0.0,14.833165562929404
747900,362,45,208,0,0,154,0.7674829808974117,0.023427600145309754,1401,1.0,0.0,7.444764240011084
748000,366,46,211,0,0,155,0.7637097027825624,0.02307588462090293,1402,3.0,0.0,20.961578520322703
748100,358,49,204,0,0,154,0.7645795117253362,0.022093111894972962,1402,2.0,0.0,14.272407204684177
748200,357,49,202,0,0,155,0.761278833931873,0.021599059297882438,1402,2.0,0.0,15.94087699997241
748300,339,46,200,0,0,139,0.7566545852816126,0.02127531714131874,1402,0.0,0.0,0.0
748400,363,41,205,0,0,158,0.7583087188844222,0.021359374465433054,1402,1.0,0.0,6.8599999999999985
748500,370,47,206,0,0,164,0.7593271130757252,0.022541535430524857,1402,3.0,0.0,21.78560947065247
748600,368,35,201,0,0,167,0.7609849153167412,0.023190502370766978,1402,2.0,0.0,14.19485113683072
748700,351,53,201,0,0,150,0.7618140188891063,0.02344359830439999,1402,0.0,0.0,0.0
748800,354,43,207,0,0,147,0.7616200413115479,0.02375529256006242,1403,0.0,0.0,0.0
748900,362,38,220,0,0,142,0.7658935233172667,0.023671992597714266,1403,0.0,0.0,0.0
749000,365,37,218,0,0,147,0.7691841902437346,0.022934120951405682,1404,2.0,0.0,13.966436654703903
749100,363,43,212,0,0,151,0.7690315236191292,0.02159104212768602,1404,2.0,0.0,15.161715690203767
749200,373,39,212,0,0,161,0.7656884608815773,0.020477884622099832,1404,1.0,0.0,7.391693884183033
749300,357,42,203,0,0,154,0.7634122260347385,0.02079778419225336,1404,0.0,0.0,0.0
749400,363,46,206,0,0,157,0.7674319304807776,0.021476103121238908,1405,3.0,0.0,20.874148005197725
749500,358,42,213,0,0,145,0.7684714350478378,0.021599073326406034,1405,1.0,0.0,7.330259079677674
749600,370,41,215,0,0,155,0.7663045233527573,0.020839002587763836,1405,1.0,0.0,7.80679034537754
749700,370,40,210,0,0,160,0.7647568142286791,0.02107881045440496,1405,2.0,0.0,14.191377167592275
749800,345,42,195,0,0,150,0.7584110513846393,0.020452440506767654,1405,0.0,0.0,0.0
749900,352,41,202,0,0,150,0.7602323521513156,0.02039113352566207,1405,1.0,0.0,6.8599999999999985
750000,358,41,208,0,0,150,0.7607612402837456,0.019690156403720783,1406,2.0,0.0,15.237246576575089
750100,364,41,211,0,0,153,0.7621488491357142,0.01938141793907064,1406,1.0,0.0,7.4472556328393145
750200,351,45,201,0,0,150,0.7632009561288284,0.018441693067357018,1406,0.0,0.0,0.0
750300,362,37,205,0,0,157,0.7635266785626061,0.017872749016263588,1406,0.0,0.0,0.0
750400,367,42,218,0,0,149,0.7658673454432761,0.018445388746244486,1407,0.0,0.0,0.0
750500,356,40,214,0,1,141,0.7681972448706246,0.018242428269880043,1407,1.0,0.0,8.18281532363184
750600,371,44,217,0,0,154,0.7653201664541559,0.017252944875236004,1407,1.0,0.0,6.8599999999999985
750700,360,40,215,0,0,145,0.7656132941210432,0.01670980023625525,1408,0.0,0.0,0.0
750800,361,41,196,0,0,165,0.768349160666262,0.016717135412785508,1409,1.0,0.0,7.382480401009331
750900,368,38,211,0,0,157,0.7665835884377886,0.016608481143025516,1409,1.0,0.0,7.872998533598543
751000,369,49,204,0,0,165,0.7670414096702955,0.016910411692029725,1410,2.0,0.0,15.243718788547628
751100,361,41,206,0,0,155,0.766500717324606,0.01698055268791236,1410,0.0,0.0,0.0
751200,348,48,197,0,1,150,0.7668300975152451,0.016770067376014847,1410,2.0,0.0,15.822672726333332
751300,356,40,200,0,0,156,0.7628664032704343,0.016847263067042397,1410,1.0,0.0,6.96020063902325
751400,354,42,191,0,0,163,0.7597141489219179,0.016196842629459154,1410,2.0,0.0,14.412119400739893
751500,369,41,210,0,0,159,0.7614828824454235,0.01631278883766331,1411,1.0,0.0,6.8599999999999985
751600,358,49,203,0,0,155,0.7611679185003722,0.0160307973388792,1411,0.0,0.0,0.0
751700,365,46,211,0,0,154,0.7644893411690645,0.01598602870038247,1411,0.0,0.0,0.0
751800,354,48,208,0,0,146,0.7620348707896069,0.016143343985378873,1400,0.0,0.0,0.0
751900,356,39,208,0,0,148,0.7659943386015111,0.01590495116847411,1401,0.0,0.0,0.0
752000,367,43,214,0,0,153,0.7641427374593079,0.0157396455441736,1401,1.0,0.0,6.8599999999999985
752100,363,39,206,0,0,157,0.7632828720849539,0.016006391780651857,1400,0.0,0.0,0.0
752200,374,49,212,0,0,162,0.759653646385202,0.01586655692331395,1401,1.0,0.0,7.347268997579289
752300,372,44,203,0,0,169,0.7561938199552414,0.015237155438658148,1401,0.0,0.0,0.0
752400,356,53,202,0,0,154,0.7580023005866692,0.015135174797982905,1402,1.0,0.0,7.683112345301922
752500,362,47,207,0,0,155,0.7568923133009698,0.015191593329058919,1402,1.0,0.0,8.518985958676087
752600,363,41,206,0,0,157,0.755317145131301,0.015307133790036209,1402,1.0,0.0,7.089533599793542
752700,359,39,196,0,0,163,0.7564300658119141,0.015169468243451844,1402,1.0,0.0,7.108893517067618
752800,373,38,205,0,0,168,0.7540692003576948,0.015121208695536636,1402,2.0,0.0,17.28316983253948
752900,347,47,197,0,0,150,0.7554716726048791,0.015023267622459454,1402,0.0,0.0,0.0
753000,347,45,198,0,0,149,0.7537468117530038,0.015019580321955753,1402,0.0,0.0,0.0
753100,357,43,213,0,0,144,0.7554507274295984,0.01449333300157007,1402,1.0,0.0,10.390280977093417
753200,371,45,216,0,0,155,0.7554543561151046,0.014892780036636345,1402,0.0,0.0,0.0
753300,362,46,214,0,0,148,0.7558346986090616,0.015307516559192099,1402,2.0,0.0,15.057507059033618
753400,364,46,212,0,0,152,0.7557696428808356,0.015073263795367789,1402,0.0,0.0,0.0
753500,365,39,212,0,0,153,0.7516709323604106,0.014488196069391928,1402,0.0,0.0,0.0
753600,368,42,206,0,0,162,0.752890182436028,0.013965569079735085,1402,0.0,0.0,0.0
753700,361,38,208,0,0,153,0.7521523842388754,0.014209526159716393,1403,2.0,0.0,13.84779669894662
753800,365,47,212,0,0,153,0.7514442698816695,0.014646607966011119,1403,4.0,0.0,28.52304442473725
753900,359,39,189,0,0,170,0.7516710906097811,0.014484925267052638,1403,0.0,0.0,0.0
754000,361,45,188,0,0,173,0.7497919955591892,0.014666163248186108,1404,2.0,0.0,14.079711140001253
754100,358,45,193,0,0,165,0.7487128979729674,0.014308907846689244,1404,0.0,0.0,0.0
754200,362,48,208,0,0,154,0.7495292812188902,0.01426213769163752,1404,0.0,0.0,0.0
754300,377,37,223,0,0,154,0.7489543392436859,0.014521204836755347,1404,4.0,0.0,28.598785521156554
754400,361,47,205,0,0,156,0.7506989919053028,0.014198774611153627,1404,2.0,0.0,14.90511037735525
754500,362,40,203,0,0,159,0.7511706225453874,0.014297062365038946,1404,3.0,0.0,21.88820248288513
754600,352,46,203,0,0,149,0.7511121822984284,0.014187272670426566,1404,1.0,0.0,7.506877403075321
754700,368,47,200,0,0,168,0.748799100573381,0.014517945913737014,1404,0.0,0.0,0.0
754800,362,50,206,0,0,156,0.7497338567763652,0.014433948989732949,1404,0.0,0.0,0.0
754900,366,38,209,0,0,157,0.748064396078196,0.014590130303213088,1405,0.0,0.0,0.0
755000,361,44,217,0,0,144,0.7489766737055265,0.01455755615569134,1405,0.0,0.0,0.0
755100,376,37,215,0,0,161,0.7506436214432364,0.014936961884539968,1405,1.0,0.0,7.164536992194532
755200,365,48,204,0,0,161,0.7506060415939773,0.014583464719619165,1405,2.0,0.0,14.869424368877722
755300,358,46,201,0,0,157,0.7524059662112534,0.014737778105326586,1405,2.0,0.0,13.909833336130054
755400,355,48,206,0,0,149,0.751728277525835,0.01477915644330972,1405,2.0,0.0,15.336087934473007
755500,365,44,206,0,0,159,0.7532268610890631,0.014695423454546082,1406,1.0,1.0,0.0
755600,357,48,206,0,0,151,0.7538165571154829,0.01447013397628063,1406,1.0,0.0,6.8599999999999985
755700,368,38,217,1,0,150,0.7565462143143771,0.01441636568918429,1406,1.0,0.0,7.514667733884475
755800,367,40,205,1,0,161,0.7557327147653967,0.014703422507048146,1407,1.0,0.0,7.641616240145518
755900,361,46,195,1,0,165,0.7567858919199808,0.015170511893147387,1407,2.0,0.0,15.196501421309073
756000,359,40,193,1,0,165,0.7542285608476307,0.015724690463726713,1407,1.0,0.0,8.217374676427484
756100,372,39,210,0,0,162,0.7493086398411881,0.015769328379242536,1407,0.0,0.0,0.0
756200,367,43,207,0,0,160,0.7474439973859669,0.01597654776415711,1408,0.0,0.0,0.0
756300,359,39,194,0,0,165,0.7440623965760219,0.016669969933862463,1408,1.0,0.0,6.981280510722497
756400,373,38,200,0,0,173,0.7456971136519271,0.016954911316764368,1409,0.0,0.0,0.0
756500,359,43,190,0,0,169,0.7486278053091866,0.017735425178516718,1409,3.0,0.0,21.566913969121547
756600,358,42,192,0,0,166,0.7522351500558068,0.018019700775950654,1409,0.0,0.0,0.0
756700,368,38,215,0,0,153,0.7519329729217398,0.017696370631503734,1409,1.0,0.0,7.071647600769867
756800,366,41,220,0,0,146,0.7557379136216069,0.01797018738649171,1409,0.0,0.0,0.0
756900,371,40,219,0,0,152,0.7581385567827055,0.017853630426881838,1409,0.0,0.0,0.0
757000,359,43,214,0,0,145,0.7593956041713793,0.017844601952930698,1409,2.0,0.0,14.803485896283036
757100,355,45,196,0,0,159,0.7611740470816649,0.017783097925455658,1409,3.0,0.0,20.84963191459741
757200,354,45,204,0,0,150,0.7605902549111612,0.017806665116943128,1410,0.0,0.0,0.0
757300,360,37,197,0,0,163,0.7594085665546151,0.017820075361227816,1410,0.0,0.0,0.0
757400,373,31,212,0,1,160,0.7588072322285356,0.01764269870287608,1411,1.0,0.0,6.8599999999999985
757500,361,43,209,0,0,152,0.7592565612672705,0.01803945706760819,1412,1.0,0.0,7.546370079136278
757600,367,45,211,0,0,156,0.760789649130868,0.01769673898569957,1412,0.0,0.0,0.0
757700,365,41,203,0,0,162,0.7595850824226533,0.017381086691834212,1412,2.0,1.0,7.736402644962987
757800,362,33,196,0,0,166,0.7603574124275045,0.017754424791241778,1412,0.0,0.0,0.0
757900,357,46,199,0,0,158,0.7644411260614635,0.017446736543215848,1412,1.0,0.0,7.534498258574633
758000,353,41,194,1,0,158,0.7687796411957056,0.01774398669273388,1412,0.0,0.0,0.0
758100,351,46,193,1,0,157,0.768247882552724,0.017536357776829825,1412,3.0,0.0,24.66691010785854
758200,357,44,201,1,0,155,0.7654738408982762,0.017723106938209072,1413,2.0,0.0,13.719999999999997
758300,368,37,206,0,0,162,0.7625329343581058,0.01792187193373942,1413,1.0,0.0,7.453677145154974
758400,371,46,217,0,0,154,0.7606484800565386,0.017642265737471848,1414,1.0,0.0,7.323663331723749
758500,359,47,202,0,0,157,0.7633290051380416,0.01702546501689247,1414,1.0,0.0,7.688250813390819
758600,369,38,221,0,0,148,0.7651206846340542,0.017088163133879467,1414,2.0,0.0,13.719999999999997
758700,364,48,211,0,1,152,0.7656088603550343,0.01734944207371886,1414,1.0,0.0,7.287889859704048
758800,353,43,202,0,0,151,0.7666277863676385,0.01746898985188721,1414,0.0,0.0,0.0
758900,340,40,191,0,0,149,0.766827894589356,0.018108126389413923,1415,1.0,1.0,0.0
759000,362,42,201,0,0,161,0.7670035822296086,0.017979810678737645,1415,0.0,0.0,0.0
759100,367,54,195,0,0,172,0.7669292898496698,0.01726716524056307,1416,2.0,0.0,14.273974988614288
759200,368,42,207,0,0,161,0.7682433208263868,0.016646826559117603,1416,0.0,0.0,0.0
759300,352,42,200,0,0,152,0.7654749016921346,0.016263851096795415,1416,1.0,0.0,7.3484487090213015
759400,367,46,207,0,0,160,0.765018844574366,0.016771225543930086,1416,1.0,0.0,8.445681223044827
759500,371,43,208,1,0,162,0.7675191079723134,0.01673238562312014,1416,3.0,1.0,16.24532987387491
759600,349,51,198,0,0,151,0.7704048597724157,0.016773819099448483,1417,0.0,0.0,0.0
759700,350,44,202,0,0,148,0.7728313719348203,0.01666763538132903,1417,1.0,0.0,6.949934145006118
759800,362,44,222,0,0,140,0.7727188775854348,0.016656638981227656,1417,1.0,0.0,8.386944708324258
759900,359,38,205,0,0,154,0.7726331961871922,0.016885762762264875,1417,0.0,0.0,0.0
760000,360,42,214,0,0,146,0.7756405244181318,0.01707153931992691,1417,0.0,0.0,0.0
760100,361,40,204,0,0,157,0.7730421000486958,0.017586209504203795,1417,1.0,0.0,6.8599999999999985
760200,358,45,211,0,1,146,0.7731319411885822,0.017286103241003534,1417,2.0,0.0,15.782985484387513
760300,357,46,210,0,0,147,0.7717149912809522,0.017688909093480316,1417,1.0,0.0,6.8599999999999985
760400,349,35,206,0,0,143,0.7731910617432807,0.01809097626642477,1417,2.0,1.0,9.16401077544832
760500,353,44,197,0,0,156,0.7774087417757187,0.019014541275340326,1417,2.0,0.0,16.419867519924324
760600,352,40,195,0,0,157,0.7761150145784654,0.018747590628080166,1418,1.0,0.0,6.995949909210506
760700,365,39,197,1,0,167,0.7712054461883271,0.01871654459844618,1418,1.0,0.0,7.969297082896269
760800,364,45,201,1,1,161,0.7695986481820628,0.019058389554046064,1418,1.0,0.0,6.8599999999999985
760900,361,40,205,1,0,155,0.768406507803795,0.019254762266510187,1418,0.0,0.0,0.0
761000,354,42,218,1,0,135,0.7695067324770588,0.018817270525735577,1418,3.0,2.0,8.915769415601005
761100,355,44,213,2,0,140,0.7701433638430124,0.019107276517948486,1418,1.0,0.0,7.995282653647285
761200,356,44,214,0,0,142,0.7709312473679419,0.018911587789104935,1418,2.0,0.0,13.961250517405805
761300,356,46,207,0,0,149,0.7688831030420115,0.019024840357380852,1418,1.0,0.0,7.824337139408737
761400,363,43,219,0,1,143,0.769097154290654,0.018758706634233714,1418,2.0,1.0,7.480804570620849
761500,360,43,216,0,0,144,0.7682994938376775,0.018648496705238327,1419,0.0,0.0,0.0
761600,358,46,214,0,0,144,0.7651694942904218,0.01817841696600428,1419,0.0,0.0,0.0
761700,359,49,214,0,1,144,0.7617072714161593,0.018636503573776754,1419,2.0,1.0,6.8599999999999985
761800,359,52,210,0,0,149,0.7636881664694197,0.018442347959178193,1419,1.0,0.0,7.234376414315112
761900,362,43,209,0,0,153,0.7620433466066658,0.018276479196622102,1419,1.0,0.0,7.505852153371579
762000,380,41,221,0,0,159,0.7631580329665807,0.018184717762797682,1419,0.0,0.0,0.0
762100,367,46,211,0,0,156,0.7631606554494341,0.01764657861013861,1420,4.0,1.0,22.87892999232139
762200,350,38,205,1,0,144,0.7645962779604747,0.017154686710216503,1420,1.0,0.0,6.8599999999999985
762300,352,46,199,2,0,151,0.7605396310957153,0.017076542561587853,1420,3.0,1.0,15.589237299140901
762400,367,42,215,2,0,150,0.7606329863963663,0.01662516168557202,1420,1.0,0.0,6.8599999999999985
762500,374,40,215,1,0,158,0.7591670710976759,0.016132366031324723,1420,0.0,0.0,0.0
762600,358,45,209,0,0,149,0.7600995248201313,0.01596055047130634,1420,0.0,0.0,0.0
762700,353,38,203,0,0,150,0.7620799079080055,0.015825324266243862,1420,3.0,0.0,22.039815700908576
762800,353,39,210,1,0,142,0.7652419365625289,0.016796183354921265,1420,2.0,1.0,7.443268200788746
762900,377,41,207,0,0,170,0.763113044599821,0.016948583964998272,1420,2.0,0.0,13.76315586356987
763000,368,44,208,0,0,160,0.7613157534979405,0.01671030834603825,1420,2.0,0.0,16.787255891289398
763100,360,41,208,0,0,152,0.7602145996071497,0.01670829187387448,1420,2.0,0.0,13.750890100013118
763200,352,43,203,0,0,149,0.7559681779628415,0.01594836822045216,1421,3.0,1.0,15.005413070306734
763300,358,48,216,0,0,142,0.7606131012951197,0.015832956150154925,1421,3.0,0.0,20.70764318480715
763400,356,44,200,0,1,155,0.7645360239981059,0.015867749456110948,1421,3.0,0.0,26.86478676932626
763500,362,43,202,1,1,158,0.7683492970985745,0.015862842008286714,1420,0.0,0.0,0.0
763600,342,41,192,0,0,150,0.7683432713668724,0.01592638033361045,1420,3.0,1.0,14.543944284268667
763700,347,42,198,1,1,147,0.768301391565493,0.01634072216477685,1421,1.0,0.0,7.1165234825767945
763800,359,45,206,0,0,153,0.7676637446253611,0.01676703600462455,1421,3.0,1.0,14.051930485761261
763900,362,40,212,0,0,150,0.7683657630366005,0.017309026639854102,1422,0.0,0.0,0.0
764000,359,41,209,0,0,150,0.7670168648054455,0.016845948498050486,1422,2.0,0.0,14.279240493410732
764100,361,40,214,0,0,147,0.7624136462121305,0.01695243760173412,1422,0.0,0.0,0.0
764200,347,45,206,0,0,141,0.7653415874702032,0.016872981435891735,1422,1.0,0.0,7.549609874215737
764300,358,40,201,0,0,157,0.7679165754053952,0.01691623745908412,1422,4.0,0.0,30.636365425895608
764400,366,42,204,0,0,162,0.769550886720475,0.017239136114842107,1422,2.0,0.0,14.470998888049802
764500,368,41,207,0,0,161,0.7696805762654509,0.01734676903739993,1422,4.0,0.0,31.887534522664723
764600,360,40,219,0,0,141,0.7706591476206095,0.01759277854281838,1422,2.0,0.0,15.053986026214012
764700,358,47,219,0,0,139,0.7676960451989655,0.01777498990054101,1422,0.0,0.0,0.0
764800,364,41,208,0,1,155,0.7657599555111196,0.018286815619825824,1422,1.0,0.0,6.8599999999999985
764900,359,49,201,0,0,158,0.7673185767853358,0.019083157991871862,1422,2.0,0.0,14.105101331023679
765000,354,46,201,0,0,153,0.7685662256624315,0.01903416313606367,1422,0.0,0.0,0.0
765100,362,36,210,0,0,152,0.7689055202475368,0.01890358712478713,1422,0.0,0.0,0.0
765200,366,41,219,0,0,147,0.76700413441505,0.01960759533802473,1422,1.0,0.0,6.8599999999999985
765300,361,43,221,0,0,140,0.7660766642401433,0.019767814539440886,1422,2.0,0.0,14.063898841784212
765400,355,41,217,0,0,138,0.7656318331833201,0.019726634641091364,1422,0.0,0.0,0.0
765500,361,38,209,0,0,152,0.7663923750089643,0.019741166508370087,1422,0.0,0.0,0.0
765600,365,39,208,0,0,157,0.7649758237927953,0.019959129156430565,1423,1.0,0.0,6.861360294576477
765700,360,41,203,0,0,157,0.7639712439735217,0.0200141757019595,1423,1.0,0.0,7.0520836372452775
765800,356,45,201,0,0,155,0.7638519752225242,0.020147246498618297,1424,4.0,0.0,31.074493321762006
765900,359,40,205,0,0,154,0.7632752144255769,0.019981028225380806,1424,3.0,1.0,13.719999999999997
766000,363,47,215,0,0,148,0.7630239288026115,0.020090810539074157,1423,1.0,0.0,9.563727836585713
766100,370,40,222,0,0,148,0.7606392196587173,0.020278526436306996,1421,1.0,0.0,7.889927545059371
766200,367,44,222,0,0,145,0.7597174771866666,0.020871379748001434,1421,2.0,0.0,14.398909899912201
766300,360,46,217,0,0,143,0.7587199552807489,0.02029367370035182,1421,3.0,0.0,21.157900233452537
766400,362,37,212,0,0,150,0.7593345941538241,0.020659643124556093,1421,1.0,0.0,7.70350949878629
766500,367,45,205,0,0,162,0.758317703795776,0.020270187883583802,1419,1.0,0.0,6.8599999999999985
766600,361,38,200,0,0,161,0.7595445447786483,0.020457802412293443,1418,2.0,0.0,16.75234830764403
766700,349,52,200,0,0,149,0.7606033243699976,0.020939083891687794,1418,3.0,1.0,13.932665177864614
766800,360,43,197,0,0,163,0.7597118070768888,0.020290520728293897,1418,3.0,1.0,15.415519216603773
766900,353,38,198,0,0,155,0.757750192835964,0.01982344816693903,1418,2.0,0.0,15.047514840817659
767000,360,41,202,0,0,158,0.7581939563752498,0.01868243095151116,1418,1.0,0.0,6.875134424638049
767100,377,42,217,0,1,159,0.759302208951396,0.018343353189480827,1418,0.0,0.0,0.0
767200,363,41,219,0,0,144,0.756593177882758,0.018237274366433825,1418,0.0,0.0,0.0
767300,366,41,215,0,0,151,0.755824484530204,0.01800417985802742,1418,1.0,0.0,8.789530362379793
767400,372,37,227,0,0,145,0.7556433344836551,0.017981844612277784,1419,5.0,1.0,33.068908173093384
767500,359,44,218,0,0,141,0.7551604778660737,0.01823145467194566,1419,0.0,0.0,0.0
767600,351,40,207,1,0,143,0.7542554637289597,0.01835400864522157,1420,4.0,1.0,20.959959252336596
767700,360,44,211,1,0,148,0.7540883585659881,0.018241048399717796,1420,1.0,0.0,7.930682652939083
767800,355,46,204,1,0,150,0.7531747168427771,0.0174553817421921,1420,1.0,0.0,7.002302612720774
767900,365,41,210,0,0,155,0.7544273110731373,0.01682062613742159,1420,3.0,0.0,23.04505270291563
768000,360,40,203,0,0,157,0.751843997537549,0.017281950811263158,1420,2.0,0.0,13.860917599350326
768100,370,44,208,0,0,162,0.7518089135089594,0.01699345004726059,1420,0.0,0.0,0.0
768200,372,38,212,0,0,160,0.7539788531256412,0.017186901098285846,1420,0.0,0.0,0.0
768300,372,38,211,0,0,161,0.7534186267704989,0.017270530877079884,1421,0.0,0.0,0.0
768400,358,44,210,0,0,148,0.7530879849561137,0.0171883597443153,1421,2.0,1.0,7.299786194434204
768500,356,41,201,0,0,155,0.7521778546872403,0.017349597325735336,1421,2.0,0.0,16.866374811216893
768600,354,38,201,0,0,153,0.7527475300664201,0.0176919098130959,1421,2.0,0.0,13.996093806320648
768700,352,36,196,0,0,156,0.7527187559256417,0.0171516832789553,1421,2.0,0.0,15.086320011289803
768800,356,42,205,0,0,151,0.7526997332451354,0.016556723273973478,1421,3.0,0.0,22.82508086361156
768900,367,43,213,0,0,154,0.7527437120646961,0.015935844371796768,1422,1.0,0.0,7.264907095308935
769000,363,40,214,0,0,149,0.751423280085452,0.015496465056659525,1422,1.0,0.0,6.870514439630394
769100,378,41,218,0,0,160,0.75265950514684,0.01578515223013418,1422,1.0,0.0,6.8599999999999985
769200,369,42,225,0,0,144,0.7525055151293232,0.016144446855831187,1423,0.0,0.0,0.0
769300,356,39,215,0,1,140,0.753481372834356,0.016103310151723248,1423,3.0,0.0,23.797983592311546
769400,364,35,220,0,0,144,0.7531635160351422,0.01657181001253034,1423,2.0,1.0,8.140215081240305
769500,363,39,214,1,1,147,0.7565975199708512,0.017161836253138475,1423,2.0,0.0,17.395172817114393
769600,361,48,207,1,0,153,0.7555922869444702,0.018113674497760635,1424,3.0,0.0,21.78456800606068
769700,363,40,209,1,0,153,0.753469277269258,0.01741759919608769,1424,3.0,0.0,21.857051095944918
769800,361,35,215,1,0,145,0.7528352801220591,0.018201109038592855,1424,2.0,1.0,6.995449126477297
769900,343,47,207,0,0,136,0.7502396019349546,0.019239833764968187,1425,3.0,1.0,13.719999999999997
770000,360,41,206,1,0,153,0.754545978366128,0.019595298766205065,1426,2.0,1.0,7.259854481493705
770100,369,37,207,2,0,160,0.7548767774346548,0.019618199627554483,1426,3.0,0.0,22.123785504279976
770200,366,40,197,2,0,167,0.7569128961914791,0.020269319345302003,1427,0.0,0.0,0.0
770300,375,37,198,0,0,177,0.7597896069406898,0.020363438978967693,1428,2.0,0.0,13.924611692401117
770400,360,37,198,0,0,162,0.7622879698507629,0.020498749407042036,1428,2.0,0.0,15.259155457840713
770500,351,45,188,0,0,163,0.7579211805184457,0.02079722006876216,1428,2.0,1.0,6.8599999999999985
770600,361,45,208,0,0,153,0.7622507876094047,0.019963580643519746,1428,4.0,0.0,31.082660137442367
770700,355,43,201,0,0,154,0.7629653300123583,0.019938947112239067,1428,4.0,1.0,23.522959401199067
770800,357,40,209,1,0,147,0.7606954332809228,0.019665259379642,1429,3.0,0.0,22.641152646420384
770900,372,38,210,0,1,161,0.7643550091942963,0.019533724658901807,1429,2.0,0.0,14.954496424847981
771000,366,36,215,0,0,151,0.7664483488012195,0.019156268882597267,1429,1.0,0.0,7.0711987716894775
771100,358,43,212,1,0,145,0.764226802270628,0.018861686601655464,1429,2.0,1.0,6.8599999999999985
771200,353,41,215,1,0,137,0.765234253996201,0.01886141621743206,1430,3.0,0.0,25.20825772793949
771300,368,43,226,0,0,142,0.764095546920046,0.01877489252522299,1430,4.0,0.0,31.79195067944424
771400,370,39,217,0,0,153,0.7604722867546728,0.01917320487058984,1430,5.0,0.0,38.86524512687541
771500,356,39,209,0,2,145,0.7577833181887359,0.019983400555698194,1430,0.0,0.0,0.0
771600,364,47,208,0,0,156,0.758063722048529,0.02003149109809655,1429,1.0,0.0,7.440019520390971
771700,378,39,213,0,0,165,0.7557529173100714,0.020705213603882205,1430,3.0,0.0,22.249155745099728
771800,362,39,201,0,0,161,0.7563124041146101,0.020550643284813857,1430,3.0,1.0,13.77125148338113
771900,352,41,198,0,0,154,0.7585365782233509,0.0215043812207557,1430,5.0,2.0,25.261556093387334
772000,369,41,209,0,0,160,0.7592007699406138,0.020870489039361947,1430,3.0,0.0,21.66554320703553
772100,363,46,212,0,0,151,0.7584297688359205,0.02087463024687697,1430,5.0,1.0,28.283364605802795
772200,353,40,214,1,1,137,0.7602944125409137,0.0213770620202818,1430,2.0,0.0,14.469287517932457
772300,357,39,215,0,0,142,0.760240674025555,0.0215979547378354,1431,2.0,0.0,15.28149717788397
772400,355,40,203,1,0,151,0.7594954812990184,0.02216695997553197,1431,8.0,1.0,51.28191828102504
772500,361,34,193,0,0,168,0.760768654620169,0.022899046470808006,1432,2.0,0.0,16.107782103573005
772600,359,41,194,1,0,164,0.7634790464115356,0.02277412671497426,1432,2.0,0.0,15.850109321414745
772700,362,44,202,1,2,157,0.7636648624368073,0.022549579900677005,1432,1.0,0.0,7.141875470954287
772800,358,39,207,1,1,149,0.762252684089486,0.02316599346158263,1430,3.0,1.0,15.314162407639383
772900,352,47,206,0,1,145,0.7634372357187676,0.023027412707746567,1430,2.0,0.0,15.760679332294405
773000,355,38,201,0,2,152,0.7628324566003327,0.02331064082660003,1430,2.0,0.0,16.23241356678393
773100,361,46,206,0,1,154,0.7604314227861966,0.023917632492151907,1431,4.0,0.0,28.280770900311843
773200,352,42,198,0,0,154,0.7576385344462289,0.02456696642473283,1431,2.0,0.0,14.2352005938168
773300,360,36,196,0,0,164,0.760911107495636,0.0247185527573473,1431,3.0,1.0,14.405016017253306
773400,358,43,198,0,0,160,0.76161080034896,0.024309592780510154,1432,3.0,0.0,21.585826034934783
773500,369,38,210,0,0,159,0.7617350965632167,0.024011825201702697,1432,3.0,1.0,14.604369742912569
773600,374,40,219,0,0,155,0.761834194256879,0.023981479317767136,1433,0.0,0.0,0.0
773700,365,39,207,1,0,157,0.7628610053725334,0.023543064396989277,1433,2.0,0.0,13.719999999999997
773800,353,47,203,1,0,149,0.7622066800606899,0.02270161000100182,1434,2.0,0.0,15.363793779396866
773900,344,41,195,1,0,148,0.7618183029022947,0.022558360747831716,1434,2.0,0.0,15.386119746533254
774000,363,35,206,1,0,156,0.7590016033198878,0.02165443017025725,1434,4.0,0.0,31.029187357883814
774100,366,49,216,0,0,150,0.7611300663133113,0.022074556156329785,1434,0.0,0.0,0.0
774200,366,43,214,0,0,152,0.7619860335674162,0.02214360160079363,1434,0.0,0.0,0.0
774300,367,42,218,0,0,149,0.763335937942534,0.02134922411283319,1434,2.0,0.0,13.719999999999997
774400,364,43,218,0,0,146,0.7628812177491239,0.02165691866812103,1434,3.0,0.0,20.851955391406538
774500,365,47,213,0,1,151,0.7626582719010642,0.021602610041337424,1434,9.0,2.0,52.00242531343267
774600,353,39,209,1,1,142,0.7617710710149116,0.021599377973998034,1435,2.0,0.0,13.888696916935249
774700,353,39,199,2,1,151,0.7648105607049983,0.022116798736180627,1435,4.0,0.0,29.787191177200967
774800,369,36,220,1,0,148,0.7636605891070265,0.02256492547989264,1435,2.0,0.0,14.937430160814596
774900,364,40,216,1,1,146,0.7624680715818003,0.022236665849938882,1435,1.0,0.0,6.89724406878956
775000,363,43,219,0,0,144,0.7636842230528352,0.023510578316296233,1435,2.0,0.0,15.623789277338037
775100,363,43,212,0,0,151,0.7614091481166305,0.02407079837956392,1434,1.0,0.0,6.8599999999999985
775200,354,37,200,0,0,154,0.7612763066897246,0.0240005631089233,1434,6.0,2.0,30.83071473276926
775300,342,39,201,0,0,141,0.7639503454678872,0.024093471241915777,1434,7.0,0.0,54.76367920388795
775400,365,47,213,1,0,151,0.7635108259359117,0.02391173701680323,1434,0.0,0.0,0.0
775500,361,39,212,1,2,146,0.7663033513510424,0.023542478438729274,1434,0.0,0.0,0.0
775600,357,43,207,1,2,147,0.7668303530569318,0.024245918288379877,1435,0.0,0.0,0.0
775700,352,40,207,1,1,143,0.7649572747962895,0.023448281278284,1435,4.0,0.0,29.237362416434355
775800,364,40,216,1,0,147,0.763793763201753,0.02303297584782217,1435,0.0,0.0,0.0
775900,365,46,218,1,0,146,0.7665508017194774,0.023319250914507136,1435,3.0,0.0,24.227899226836755
776000,355,37,215,0,0,140,0.7660855536302555,0.023815975177701842,1436,0.0,0.0,0.0
776100,360,40,219,0,0,141,0.7637374699511923,0.023555932174111168,1436,0.0,0.0,0.0
776200,373,39,225,1,0,147,0.7588771481547285,0.022966496776777878,1436,6.0,1.0,36.75076137985005
776300,353,37,205,1,0,147,0.7603332062411922,0.022341106926425335,1435,3.0,0.0,23.935573174100533
776400,355,39,204,1,0,150,0.7598495897506843,0.022327217634328173,1435,0.0,0.0,0.0
776500,374,39,219,1,0,154,0.7602793917454986,0.02230806980108866,1435,1.0,0.0,6.927696363574008
776600,379,37,216,0,1,162,0.7594425262303327,0.02293723735115528,1435,3.0,0.0,22.996233146756936
776700,360,41,203,1,0,156,0.7574415525799234,0.024401246984955906,1436,3.0,1.0,16.43241681119462
776800,360,42,207,1,0,152,0.7621827464107452,0.02539387856100857,1436,1.0,0.0,7.182039189859733
776900,357,36,207,1,0,149,0.7600928244547384,0.025782733706744117,1436,3.0,0.0,24.34827190942501
777000,356,47,210,0,0,146,0.7633412890099038,0.025412592569748732,1436,0.0,0.0,0.0
777100,350,41,208,0,0,142,0.7605146992846338,0.02564855583989162,1437,3.0,0.0,24.188500512606048
777200,355,34,206,0,0,149,0.7613789331103948,0.02493722112821802,1437,3.0,0.0,21.628834301810095
777300,364,36,203,0,0,161,0.7598367152270495,0.024815888383400576,1437,2.0,0.0,14.47132938268409
777400,358,44,208,0,0,150,0.759866356913623,0.02438855295345749,1437,0.0,0.0,0.0
777500,347,42,203,0,0,144,0.7578366165420427,0.023677447220131168,1437,3.0,0.0,23.042137857218457
777600,367,36,207,0,0,160,0.7589317477717076,0.024190440601210814,1438,1.0,0.0,8.172865382489553
777700,367,42,207,0,0,160,0.754651044165316,0.025027729485521788,1438,1.0,0.0,7.732079351336602
777800,357,43,208,0,0,149,0.7545748181843963,0.025412566993254112,1439,3.0,0.0,21.62166434741033
777900,358,43,217,0,0,141,0.7535640321113359,0.026461347467615557,1439,2.0,0.0,13.719999999999997
778000,359,37,216,0,0,143,0.7546650168821486,0.02491417634728284,1439,0.0,0.0,0.0
778100,369,43,205,0,0,164,0.7552041887139583,0.024870176537828206,1439,3.0,0.0,22.10517421425189
778200,370,36,200,0,0,170,0.7581983369089186,0.024382123101408328,1439,2.0,1.0,6.8599999999999985
778300,352,51,199,0,0,153,0.7569248922537064,0.02343174899009144,1439,1.0,0.0,6.8599999999999985
778400,356,40,206,0,0,150,0.7606272774141963,0.023242985320563264,1439,1.0,1.0,0.0
778500,361,39,219,0,0,142,0.7619528912184205,0.022950010591743755,1439,2.0,0.0,14.11120266266595
778600,360,33,206,0,1,153,0.7647520365721653,0.02325163979693902,1439,2.0,2.0,0.0
778700,361,40,216,0,0,145,0.7655544498454516,0.02344963509188067,1439,1.0,1.0,0.0
778800,361,45,207,1,0,153,0.7664647378294602,0.024134091482972186,1439,1.0,0.0,7.828033181913276
778900,363,44,203,1,0,159,0.7658658355199564,0.024618673059147927,1439,4.0,2.0,15.39309701258318
779000,370,43,214,2,0,154,0.7649948145933292,0.024473220534878173,1439,0.0,0.0,0.0
779100,359,42,209,2,0,148,0.7661448177047541,0.02455757727618736,1440,0.0,0.0,0.0
779200,369,37,218,1,0,150,0.762773552870735,0.02510853158626456,1440,3.0,0.0,21.670323299030976
779300,362,47,214,0,0,148,0.7616979627897668,0.02568199685268326,1440,2.0,1.0,7.091526806391798
779400,368,45,206,1,0,161,0.7590586496873715,0.025936314934471672,1440,3.0,0.0,21.78174772754274
779500,364,41,213,1,0,150,0.753762547258962,0.025406203158197214,1440,1.0,0.0,6.91717987511275
779600,356,38,207,1,0,148,0.7519641278651382,0.025492858364816098,1440,4.0,1.0,22.527512501499046
779700,346,37,210,1,0,135,0.7530549059026466,0.025431921409931682,1440,4.0,0.0,28.082689097904716
779800,366,35,213,0,0,153,0.7542947980954217,0.025573895419269042,1440,2.0,0.0,18.20217558627414
779900,366,44,219,0,0,147,0.7516398137275621,0.02577558147999321,1440,2.0,1.0,8.024923563502597
780000,364,41,213,0,1,150,0.7513104313751898,0.02580163830631196,1440,4.0,0.0,29.533495648325225
780100,367,32,217,0,1,149,0.7529139894223136,0.02616564692806434,1441,1.0,0.0,7.43175106129714
780200,361,45,212,0,1,148,0.7541345524767551,0.025827174914615905,1441,1.0,0.0,7.6160815212182795
780300,369,32,207,0,0,162,0.7529320721657947,0.025658399048987784,1441,3.0,0.0,21.896285588102476
780400,358,43,199,0,0,159,0.751905498465023,0.02591964594299206,1440,0.0,0.0,0.0
780500,363,40,206,0,0,157,0.751020172393977,0.02509031642012778,1441,0.0,0.0,0.0
780600,362,45,209,0,0,153,0.7497533231351009,0.02489879685071866,1441,1.0,0.0,7.280025362694025
780700,365,40,208,0,0,157,0.7497248072861206,0.02389412260135128,1442,0.0,0.0,0.0
780800,376,41,216,0,0,160,0.7450327434694658,0.02315660685256008,1442,0.0,0.0,0.0
780900,364,38,217,0,0,147,0.7460174333851826,0.023042422230062375,1442,2.0,0.0,13.919139423088868
781000,367,39,210,0,0,157,0.7457659012964847,0.022960604709367206,1442,1.0,0.0,7.272486856389941
781100,366,40,216,0,0,150,0.7477850675128884,0.022342441928892554,1442,3.0,0.0,22.82090799285927
781200,355,36,212,0,0,143,0.7472391770701206,0.022431716261003366,1442,0.0,0.0,0.0
781300,368,46,216,0,0,152,0.745879412570824,0.02234768521511795,1442,4.0,0.0,28.38529885101454
781400,364,40,215,0,1,148,0.7473622755148002,0.021759386031834232,1442,5.0,0.0,36.22662923002198
781500,360,42,204,0,0,156,0.7484208433532968,0.020359235259393118,1442,2.0,0.0,14.199612909108264
781600,364,33,217,0,0,147,0.7485911507633494,0.021340748420075134,1442,5.0,0.0,37.43079661005416
781700,380,39,218,0,1,161,0.750329633682658,0.0216668553061335,1442,2.0,0.0,13.719999999999997
781800,356,42,198,0,1,157,0.7505364429046079,0.02122982201380188,1440,1.0,0.0,6.8599999999999985
781900,357,44,205,0,0,152,0.749203482141885,0.02087165142767386,1441,3.0,0.0,22.931686300615
782000,358,46,218,0,0,140,0.7503704783525621,0.021194647301922675,1441,4.0,0.0,27.704415112107093
782100,360,46,211,0,0,149,0.748181704423098,0.020356468360672522,1440,5.0,0.0,38.140454043673344
782200,377,40,223,0,0,154,0.7491422049925085,0.02003311034717788,1440,1.0,0.0,6.8599999999999985
782300,360,47,209,0,0,151,0.747492873303837,0.01952136464931225,1440,0.0,0.0,0.0
782400,360,47,210,0,0,150,0.7445306636426996,0.018056629179311293,1441,4.0,0.0,28.770293043157096
782500,363,39,219,0,0,144,0.7427360209520908,0.017281402574139893,1442,5.0,0.0,35.26628085772384
782600,364,41,212,0,0,152,0.74504685350784,0.016964368438301927,1442,5.0,0.0,36.995553289124274
782700,370,39,209,0,0,161,0.7455755364356375,0.017261155922489817,1442,2.0,0.0,14.107679146027412
782800,372,44,216,0,0,156,0.7454885184385327,0.017703688849797672,1442,5.0,0.0,39.455742640396025
782900,362,45,207,0,0,155,0.746302622643653,0.017230390211986423,1442,4.0,0.0,29.437063086619254
783000,363,41,208,0,2,153,0.7446114977569991,0.017091686152708774,1442,1.0,0.0,7.77311722074396
783100,363,39,211,0,0,152,0.7459813601677198,0.016552215253113605,1442,1.0,0.0,6.976200051461205
783200,358,37,203,0,0,155,0.747168658224736,0.016755609199226137,1443,5.0,0.0,36.833540481484555
783300,352,41,203,0,0,149,0.7462018571627728,0.016399323457397738,1443,2.0,0.0,14.366251262413744
783400,355,41,198,0,1,156,0.7473213947251987,0.015703813893896038,1443,5.0,1.0,29.386129911036928
783500,363,45,197,0,0,166,0.74765810268864,0.015608410678416168,1443,0.0,0.0,0.0
783600,379,41,205,0,1,173,0.7496987709719486,0.014788278467785732,1442,2.0,0.0,15.157824135920091
783700,376,41,207,0,0,169,0.7499062090130328,0.014332110167850248,1442,2.0,0.0,13.850313690390688
783800,357,49,196,0,0,161,0.7511325949585409,0.014644233612812977,1442,6.0,0.0,45.34478957921718
783900,352,42,200,0,0,152,0.7512249657328031,0.014331837874510357,1443,2.0,0.0,16.43008313398831
784000,362,38,205,1,0,156,0.7518543103859923,0.014663164971399118,1443,4.0,2.0,14.390684603020151
784100,364,35,201,1,1,161,0.7537885984507491,0.013904133272798649,1444,6.0,0.0,44.42993868495181
784200,356,44,189,1,1,165,0.753387573719827,0.014247988043033151,1444,6.0,1.0,38.63768041414915
784300,355,48,192,0,1,162,0.7508813227184375,0.01448601562083633,1444,2.0,0.0,13.719999999999997
784400,368,39,201,0,0,167,0.7521312364214122,0.015201770478952893,1444,3.0,0.0,21.37738331774388
784500,366,36,197,0,1,168,0.754583181323634,0.01569944151245936,1444,2.0,1.0,7.226984968860634
784600,357,33,188,1,1,167,0.7536052901659793,0.01577408423704908,1445,3.0,0.0,22.691028528941978
784700,357,42,209,1,1,146,0.7549355827952342,0.01573949911888282,1445,4.0,0.0,29.577856057191923
784800,364,42,221,0,0,143,0.7562445637944262,0.01533101826811996,1446,3.0,0.0,21.757421408970853
784900,354,44,213,0,0,141,0.7579402065557023,0.014607219273252332,1446,5.0,0.0,40.32672417312663
785000,353,45,208,0,0,145,0.7595348964657546,0.01303026031067282,1446,0.0,0.0,0.0
785100,358,42,210,0,0,148,0.7609121723502514,0.013201526600971921,1446,1.0,0.0,7.780860886138459
785200,356,42,205,0,0,151,0.7590194054762,0.013458609476961718,1447,1.0,0.0,7.717253839359741
785300,354,41,203,0,0,151,0.7593375891790048,0.0136631507008277,1447,2.0,0.0,14.035920402657112
785400,361,34,204,0,0,157,0.7603974539418074,0.01365051077158254,1448,5.0,0.0,34.55151405907822
785500,362,42,203,0,1,158,0.7615765303142631,0.01382218008944982,1448,5.0,0.0,35.674894127873415
785600,375,32,214,0,0,161,0.7642359030626835,0.013713511038907543,1449,6.0,0.0,45.188705578287646
785700,350,45,210,0,0,140,0.7697049314274104,0.014418994659376473,1449,4.0,0.0,32.07242041269856
785800,347,39,198,0,0,149,0.7727962933199932,0.015150079873214154,1449,6.0,1.0,39.75358693105491
785900,357,40,201,0,1,155,0.7698837412410534,0.014381263339291316,1450,3.0,0.0,25.024021154400828
786000,355,35,200,0,1,154,0.7684453955087869,0.013681817123897924,1450,7.0,1.0,42.810821848828134
786100,367,44,206,1,0,160,0.7683517104337535,0.01367485429687044,1451,5.0,0.0,34.64303451083017
786200,362,39,207,1,1,153,0.7684798530382883,0.013716505673844448,1451,1.0,0.0,8.254617749848881
786300,367,43,215,0,1,151,0.7661289345908198,0.014270871257950313,1451,4.0,0.0,28.32709953519012
786400,352,37,216,0,0,136,0.762576627647777,0.015116035815066082,1451,4.0,0.0,29.338563241888597
786500,352,42,214,0,0,138,0.7592218521412611,0.01506464287937388,1451,4.0,1.0,23.273957487254602
786600,353,46,206,0,0,147,0.7574606114729274,0.01590206442542425,1451,4.0,0.0,27.991144510537552
786700,360,44,209,0,0,151,0.7573596444498479,0.016824708996391526,1452,5.0,0.0,39.67057812106944
786800,369,37,208,1,0,160,0.7580196139994533,0.017245998147356265,1452,1.0,0.0,7.352035722768783
786900,354,40,204,1,1,148,0.7606241316522463,0.018234250482626686,1452,1.0,0.0,6.8599999999999985
787000,355,43,202,1,2,150,0.7606486248620348,0.018371660344026604,1452,3.0,0.0,22.836746728376127
787100,353,39,205,2,1,145,0.7602448010770315,0.018526674853891256,1452,7.0,2.0,37.55049254189458
787200,350,38,200,1,0,149,0.7567675175571756,0.018929425607716394,1453,3.0,0.0,22.57945405112415
787300,362,42,200,0,0,162,0.7539529330796703,0.018149867269443027,1453,1.0,0.0,6.8599999999999985
787400,369,43,203,0,0,166,0.7553259707412485,0.018588086026936936,1453,4.0,0.0,30.622646336017105
787500,363,41,209,0,0,154,0.7556251582084302,0.018598514187913764,1453,4.0,1.0,24.260417757622605
787600,359,46,212,0,1,146,0.7549313562180212,0.018313522168214757,1454,5.0,0.0,36.84916804159001
787700,353,44,204,0,0,149,0.7559802682486698,0.017691682111524377,1454,2.0,0.0,15.378700451997576
787800,355,36,208,0,0,147,0.75795661305877,0.01800577104047141,1454,4.0,0.0,29.43176693450752
787900,370,40,204,0,1,165,0.7526917024043808,0.01781208422906868,1455,4.0,1.0,21.14934796651574
788000,362,40,211,0,0,151,0.7527986915615977,0.018513450967363988,1455,1.0,0.0,6.8599999999999985
788100,363,38,206,0,0,157,0.7516908033557956,0.01799817396765603,1455,4.0,0.0,30.500981774885982
788200,357,37,198,1,0,158,0.7497325844965441,0.017905241038026265,1455,2.0,0.0,13.980293156924313
788300,358,39,204,1,0,153,0.7476998308845342,0.01799309888077228,1454,2.0,0.0,13.87403834212217
788400,356,39,212,0,1,143,0.7477811913368824,0.01781229655070652,1454,4.0,1.0,22.15736043354081
788500,370,44,204,0,0,166,0.7488696217805719,0.017488394961248786,1452,3.0,0.0,21.276191563128947
788600,359,40,192,0,0,167,0.7474898244270286,0.017645167092158905,1452,0.0,0.0,0.0
788700,355,42,189,0,0,166,0.7461163772418097,0.017749079118421832,1453,3.0,0.0,23.320770539756566
788800,362,41,205,0,0,157,0.7463746845897754,0.01762687767132636,1453,4.0,0.0,28.493347792174895
788900,376,33,219,0,0,157,0.7472716784639384,0.01760704704690397,1453,4.0,1.0,21.236359945237023
789000,364,37,207,0,0,157,0.7485624435678128,0.017485401657187438,1454,1.0,0.0,6.8599999999999985
789100,363,41,203,0,0,160,0.7487218841980526,0.01761144535720748,1454,6.0,0.0,44.45146177716542
789200,360,42,213,0,0,147,0.7506879270855964,0.018008611021110888,1454,1.0,0.0,8.10017453980508
789300,367,41,213,0,0,154,0.7482412072401157,0.017605692681908657,1455,3.0,0.0,21.57719977288965
789400,347,39,207,0,0,140,0.7499027273411915,0.016856553391857043,1455,3.0,0.0,21.62283679284464
789500,362,42,198,0,0,164,0.7501876718277577,0.016367745106981874,1455,4.0,0.0,29.555421884067798
789600,367,45,211,0,1,155,0.7490510841686344,0.01667802185779974,1455,2.0,0.0,15.875789767561749
789700,353,41,203,1,0,149,0.7470245720755687,0.016571108279726625,1455,4.0,1.0,22.843604849130074
789800,362,37,200,1,0,161,0.7485706180873899,0.01709897041620212,1456,2.0,0.0,15.203884744917906
789900,363,38,210,0,0,153,0.7488958788105811,0.017221473277507334,1456,1.0,0.0,6.8599999999999985
790000,366,37,208,0,0,158,0.749081114764484,0.01705492914589877,1456,8.0,1.0,50.9319405981936
790100,364,43,210,0,0,154,0.7468849877079585,0.01745025316402622,1457,1.0,0.0,6.86342122882421
790200,358,36,202,1,0,155,0.7448476685615493,0.017562049485646908,1457,2.0,0.0,15.239341585827503
790300,365,39,209,0,0,156,0.7449468497143436,0.01823185747379217,1457,1.0,0.0,6.8599999999999985
790400,362,46,203,0,0,159,0.745581144301221,0.019130024237490984,1457,2.0,0.0,16.12435356725757
790500,366,40,195,0,0,171,0.7446173312547048,0.018879387672211,1458,5.0,0.0,36.67149145038857
790600,366,40,200,0,0,166,0.7442743118445874,0.019243342728277883,1458,1.0,1.0,0.0
790700,367,39,209,0,0,158,0.7478420778358303,0.019996484860069823,1457,1.0,0.0,7.327672294883283
790800,358,37,203,0,0,155,0.7493597440518541,0.02007217726760776,1458,1.0,0.0,7.7776521364108016
790900,358,36,201,0,0,157,0.7497762711085908,0.019981631027168763,1458,4.0,0.0,28.987546523024207
791000,362,40,203,0,0,159,0.7512541724847612,0.02005842481844137,1459,1.0,0.0,6.8599999999999985
791100,363,47,213,0,0,150,0.7508533224304905,0.02034775584695479,1459,5.0,0.0,35.44754839552339
791200,372,49,213,0,0,159,0.7488634668417884,0.02073670195938324,1459,5.0,1.0,27.775283902249676
791300,350,41,207,0,0,143,0.7471328351013441,0.02044226273408382,1459,3.0,0.0,21.865690584734605
791400,350,50,205,0,0,145,0.7482654929246692,0.020095965399139135,1459,4.0,0.0,29.166631293961803
791500,360,47,214,0,0,146,0.749740931546839,0.019707717060243518,1460,2.0,0.0,13.976405663319387
791600,355,44,201,0,0,154,0.7501808977105527,0.02024720125824523,1460,2.0,0.0,14.619133760821338
791700,361,40,201,0,0,160,0.7530096256040835,0.020826715868754148,1460,4.0,0.0,30.102982952154697
791800,371,34,201,0,1,169,0.7532484289291828,0.02030061035696955,1460,4.0,0.0,27.907411971933684
791900,363,44,193,1,0,169,0.7508781873634789,0.020216372694567056,1461,6.0,2.0,27.761225616855782
792000,360,45,202,0,0,158,0.751001833782242,0.02035434897258453,1461,2.0,0.0,13.878847200269878
792100,362,40,204,0,0,158,0.7529480879525354,0.020472038487877826,1461,4.0,0.0,28.259196592488777
792200,366,47,218,0,1,147,0.7565413692504963,0.02063199402023947,1461,2.0,0.0,14.061139444565255
792300,345,45,196,0,0,149,0.7568845577800771,0.020580016625555093,1462,3.0,2.0,7.050266048798345
792400,352,38,198,0,0,154,0.7577295119158207,0.019644916956162006,1463,5.0,0.0,40.16691092308575
792500,357,41,203,2,0,152,0.7558079145583322,0.019183533427475426,1463,4.0,1.0,23.45314951257611
792600,369,40,204,1,0,164,0.7566818940752724,0.018533028733898567,1463,3.0,1.0,19.699071072862328
792700,364,38,203,1,1,159,0.7569049975180321,0.01849382522487449,1463,4.0,0.0,29.012314167302463
792800,368,44,209,0,0,159,0.7567889225153516,0.018181561939883562,1463,4.0,0.0,29.595856874507035
792900,354,37,201,0,0,153,0.7581322227977191,0.01806821681556416,1463,2.0,0.0,14.640163675981617
793000,354,45,204,0,0,150,0.7622444990892214,0.018049823625236078,1463,4.0,0.0,29.07564342294708
793100,364,44,199,0,0,165,0.7640423953992909,0.01854084650777386,1463,4.0,0.0,30.9157253515774
793200,354,41,197,0,0,157,0.7650458389588407,0.019018067978687252,1463,4.0,0.0,29.792747612543593
793300,346,40,203,0,0,143,0.7688771991109549,0.01868448291996659,1464,4.0,0.0,31.913782664026954
793400,357,38,222,0,1,134,0.7709744769136253,0.018471627050036663,1464,0.0,0.0,0.0
793500,357,36,206,0,1,150,0.7683551643439156,0.01809625916993107,1465,1.0,0.0,7.555857575453596
793600,359,39,204,0,0,155,0.767184524195533,0.018223975915560322,1465,10.0,0.0,74.90660349391688
793700,362,41,198,0,0,164,0.7673644420107637,0.018524085384162937,1464,3.0,0.0,24.31186080039319
793800,372,36,202,0,0,170,0.765899180959843,0.019163810578722986,1465,2.0,0.0,14.278349269938737
793900,356,49,199,0,2,155,0.7643142096053602,0.01948644611173538,1465,2.0,0.0,14.790860170263745
794000,344,38,196,0,0,148,0.7648520351294329,0.01781263963754472,1465,1.0,0.0,7.9466157330984375
794100,364,45,207,0,0,157,0.7633604268659255,0.01750843302426964,1465,2.0,0.0,14.503209432852078
794200,359,41,209,0,0,150,0.7635752814166819,0.017531441528448644,1465,2.0,0.0,16.43403180767785
794300,372,39,212,0,0,160,0.7627470275543166,0.016903104189052005,1465,2.0,0.0,15.43095042110534
794400,369,41,226,0,0,143,0.7639054953701212,0.017089655813873172,1465,4.0,0.0,28.73868578407368
794500,359,36,209,0,0,150,0.7632178981617145,0.01745888988359457,1466,2.0,0.0,14.451888038137255
794600,344,47,204,0,0,140,0.7588935337513962,0.017771049067752908,1466,1.0,0.0,9.709191924811748
794700,365,39,210,0,0,155,0.7585267123537774,0.017612460897080642,1466,0.0,0.0,0.0
794800,349,37,189,0,0,160,0.7598761136330717,0.017224031459049296,1467,3.0,0.0,23.756956625810727
794900,359,40,192,0,0,167,0.7581335038826404,0.017449109077169785,1467,2.0,0.0,15.812816839829363
795000,361,38,207,0,0,154,0.7558530312383115,0.01726809590627463,1468,6.0,0.0,48.87282876875754
795100,353,40,200,0,1,152,0.7543315153119565,0.0168041466524385,1468,2.0,0.0,14.591325201635811
795200,364,34,213,0,0,151,0.7557554001587894,0.01659745836331598,1468,3.0,0.0,21.410491075977454
795300,368,34,223,0,0,145,0.7555766774790181,0.016191036117900987,1468,4.0,0.0,30.990509378479725
795400,360,36,207,0,0,153,0.7561676372413921,0.016554354186442494,1468,1.0,0.0,9.491718016208821
795500,369,46,220,0,0,149,0.755024595664863,0.016282779756165017,1469,1.0,0.0,6.8599999999999985
795600,359,45,218,0,0,141,0.7545564825033161,0.01616138907769056,1469,2.0,0.0,15.262405100083772
795700,359,41,212,0,0,147,0.7564757892118243,0.01745079443015516,1470,1.0,0.0,7.0087274841450755
795800,363,36,216,0,0,147,0.7547936382735397,0.017549369331242525,1470,2.0,0.0,13.719999999999997
795900,376,35,215,0,0,161,0.7549587812751228,0.01778745155045129,1470,1.0,0.0,7.179809944438708
796000,358,39,207,0,0,151,0.7591526834733213,0.018188103768558436,1469,4.0,0.0,28.424665592174396
796100,355,38,211,0,0,144,0.7602607151277893,0.018872304285073364,1469,1.0,0.0,7.8493139163868815
796200,351,43,205,0,0,146,0.7606769857214913,0.018431748400130357,1469,0.0,0.0,0.0
796300,354,47,212,0,0,142,0.7616529120139566,0.018641078363998562,1469,1.0,0.0,6.8599999999999985
796400,365,41,219,0,0,146,0.7636130719767169,0.018397591209466903,1470,2.0,1.0,7.937274913084721
796500,374,37,227,0,0,147,0.7649311819923892,0.01780375966820601,1470,3.0,0.0,23.907158615655156
796600,365,41,213,0,0,152,0.7644934893633085,0.017734683697020307,1470,1.0,0.0,6.8599999999999985
796700,353,41,202,0,0,151,0.767115418242023,0.018210408148947997,1470,1.0,0.0,8.596810655346905
796800,366,34,209,0,0,157,0.7660600826411135,0.018949447480224643,1470,3.0,0.0,23.122374871711912
796900,361,43,213,0,1,147,0.7683520689542833,0.01853302198994415,1470,2.0,0.0,15.31533873801826
797000,353,39,207,0,0,146,0.7662312936657787,0.018470505605147063,1471,3.0,0.0,22.4744623640456
797100,357,43,213,0,0,144,0.7658989329982426,0.019046177761058453,1471,1.0,0.0,7.530463235231493
797200,346,38,209,0,0,137,0.7630945687665649,0.017337305135103044,1471,0.0,0.0,0.0
797300,359,40,210,0,0,149,0.7595987823127333,0.018026411354274203,1471,3.0,0.0,22.81088866860898
797400,367,40,216,0,0,151,0.7569165065652245,0.017539489650536998,1472,2.0,0.0,13.719999999999997
797500,373,46,209,0,0,164,0.7579896685326407,0.016623627551297523,1472,2.0,0.0,13.719999999999997
797600,362,44,202,0,1,159,0.7572374683572389,0.017149210851869618,1472,1.0,0.0,6.8599999999999985
797700,366,42,201,0,0,165,0.7556887596810206,0.017146059784386464,1472,2.0,0.0,16.065233511092043
797800,361,41,205,0,1,155,0.7565182635780752,0.016233320231880583,1472,1.0,0.0,7.775128801724183
797900,359,36,201,0,0,158,0.7586037312745407,0.015925186857039263,1473,1.0,0.0,6.8599999999999985
798000,367,44,206,0,1,160,0.761274838799415,0.015463402216721185,1473,1.0,0.0,8.46518417530209
798100,356,44,210,0,0,146,0.761461296164325,0.015936066693933052,1471,2.0,0.0,13.808852568486582
798200,355,37,201,0,1,153,0.7599590348132459,0.015444921517707544,1471,6.0,0.0,43.50135469654405
798300,361,36,205,0,0,156,0.7634719494233205,0.014656989197711743,1472,6.0,0.0,47.78253250027904
798400,355,37,206,0,1,148,0.7595141610741853,0.014915977792820358,1472,4.0,0.0,32.79472551425913
798500,360,34,212,0,0,148,0.7608542258985126,0.015052234530893363,1472,1.0,0.0,9.009304386652358
798600,361,46,212,0,1,148,0.7608143968047639,0.014696496789032227,1472,3.0,0.0,22.868334707518994
798700,363,39,211,0,1,151,0.7597190798305888,0.0148885124965048,1473,4.0,0.0,29.161352424661636
798800,369,45,210,0,2,157,0.7591726485715342,0.015050377409674544,1473,1.0,0.0,6.896240469171289
798900,367,39,220,0,1,146,0.7618537506801325,0.01494391455119104,1473,3.0,0.0,21.637123271252634
799000,368,41,214,0,0,154,0.7577250772342706,0.0141945601003081,1473,2.0,0.0,14.708945811968775
799100,368,36,201,0,0,167,0.7543627689118269,0.014319310489208809,1473,1.0,0.0,6.8599999999999985
799200,354,41,195,0,0,159,0.7533817598103584,0.01478670085952962,1474,5.0,1.0,27.88436172641231
799300,365,35,203,0,0,162,0.7543897107972629,0.014554242371991453,1474,2.0,0.0,14.639727932879445
799400,352,44,209,0,0,143,0.7553903228504623,0.01561205038999522,1475,1.0,0.0,8.803991353648929
799500,365,36,217,1,0,147,0.7548492998475592,0.01593264461985918,1475,5.0,0.0,36.00836896776807
799600,366,39,226,1,0,139,0.7526296850551514,0.01539647515562897,1476,1.0,0.0,7.898911514097076
799700,356,45,209,1,0,146,0.753398991954667,0.0158336637063929,1475,2.0,0.0,15.23872097047268
799800,361,35,204,1,0,156,0.754325364534515,0.015822872255409414,1476,0.0,0.0,0.0
799900,361,42,209,0,0,152,0.7542611965883408,0.016081355485737546,1476,2.0,0.0,15.068700984928114
800000,352,47,204,0,1,147,0.7564732326205477,0.016889025733888275,1477,0.0,0.0,0.0
800100,365,33,214,0,0,151,0.7571702353604581,0.01668462929048704,1477,0.0,0.0,0.0
800200,371,39,224,0,0,147,0.7557889732219033,0.016105515140467604,1477,5.0,0.0,34.67739312954932
800300,366,42,226,0,0,140,0.7549989278057332,0.016287472222338787,1478,2.0,0.0,15.691530034432699
800400,367,35,225,0,0,142,0.7553883621413129,0.016792446425823632,1478,1.0,0.0,7.94299172394286
800500,361,32,210,0,1,150,0.7549174782079351,0.016852863051346152,1477,2.0,0.0,14.387485997938484
800600,374,49,209,0,1,164,0.7543562854635738,0.016588144273287236,1477,0.0,0.0,0.0
800700,365,39,214,0,1,150,0.7553402079422389,0.01690717115589808,1478,5.0,1.0,29.479691289817964
800800,359,37,206,0,0,153,0.7575391961572173,0.017154449210664793,1478,0.0,0.0,0.0
800900,351,39,208,0,1,142,0.7598144810072939,0.017423741970203348,1478,1.0,0.0,6.8599999999999985
801000,368,32,209,0,1,158,0.7605654312971042,0.01747668266530795,1479,1.0,0.0,7.406885555687004
801100,367,37,212,0,0,155,0.7590521855240776,0.016968133206075247,1479,3.0,0.0,21.830804387530414
801200,362,45,209,0,1,152,0.7620715633406965,0.01703218363028685,1479,3.0,0.0,22.213203859296467
801300,364,38,212,0,0,152,0.7650632540964681,0.017076674114795295,1480,0.0,0.0,0.0
801400,357,42,209,0,0,148,0.7688928672758268,0.017300780125257053,1480,4.0,0.0,28.001141614509944
801500,349,46,200,0,1,148,0.76754426515211,0.017229099230020768,1480,3.0,0.0,21.997024460408404
801600,352,42,208,0,0,144,0.767027174829881,0.017314947557244578,1480,2.0,0.0,14.760059783675464
801700,351,43,217,0,0,134,0.7675618582289595,0.017873906026341122,1481,0.0,0.0,0.0
801800,368,43,222,0,1,145,0.7680484657149719,0.017964310072572053,1482,2.0,0.0,14.878907259159922
801900,379,37,226,0,0,153,0.7668741510243942,0.018452304749096746,1482,1.0,0.0,6.976005260069948
802000,364,39,215,0,0,149,0.7677392949389602,0.01819189485607015,1482,2.0,0.0,14.873557400512583
802100,361,36,222,0,0,139,0.7694500677528799,0.017651551114117366,1482,5.0,0.0,35.40295984489768
802200,364,51,228,0,0,136,0.7681466102972438,0.01697438315444859,1482,4.0,1.0,22.69872884310144
802300,358,40,214,0,0,144,0.7655726924141896,0.016658972192112122,1482,1.0,0.0,7.191727120764118
802400,361,43,212,0,0,149,0.7669245435099188,0.017265179833267436,1482,4.0,0.0,29.276071037868157
802500,358,47,207,0,0,151,0.7692331004116568,0.017608559347240645,1482,2.0,0.0,14.564563318999184
802600,356,41,203,0,0,153,0.7680032560510155,0.017464791807202864,1483,0.0,0.0,0.0
802700,359,40,204,0,0,155,0.7681115704130199,0.01682916562767456,1483,0.0,0.0,0.0
802800,365,33,209,0,0,156,0.766872235846923,0.01639733059084857,1484,1.0,0.0,7.019203667450896
802900,361,43,211,0,0,150,0.767501859554889,0.01681259143473295,1485,1.0,0.0,8.035969640050014
803000,359,39,210,0,0,149,0.7692431127673316,0.017042717358117066,1485,0.0,0.0,0.0
803100,363,34,213,0,1,149,0.7700508941655685,0.017714071575234042,1485,1.0,0.0,7.182942729002456
803200,354,49,220,0,0,134,0.7695634393651556,0.017889459399603205,1485,0.0,0.0,0.0
803300,368,32,222,0,0,146,0.7680516716766531,0.018052607189374563,1484,1.0,0.0,6.8599999999999985
803400,364,41,225,0,0,139,0.7683963689773665,0.018026638702120356,1484,2.0,0.0,14.047657818371345
803500,364,37,219,0,0,145,0.768775901888572,0.018029293700655674,1484,2.0,0.0,13.937907169200194
803600,362,40,219,0,0,143,0.766080626777678,0.018556400251513876,1484,2.0,0.0,15.95650597198186
803700,359,39,218,0,0,141,0.7651529986820781,0.01899803501764123,1484,1.0,0.0,7.141871840798678
803800,357,39,212,0,0,145,0.7646220941769412,0.01844768873025272,1484,0.0,0.0,0.0
803900,368,42,221,0,1,146,0.7604707405621685,0.01808642617720123,1485,0.0,0.0,0.0
804000,358,39,217,0,0,141,0.757564101976967,0.017875429870730927,1485,0.0,0.0,0.0
804100,373,39,229,0,0,144,0.7583630070283375,0.017608023725263648,1486,2.0,0.0,15.306474025830571
804200,364,39,224,0,0,140,0.7595608728930775,0.017800448491061438,1487,2.0,0.0,13.937907169200194
804300,357,39,218,0,0,139,0.7569106093045272,0.018144137635660678,1487,0.0,0.0,0.0
804400,373,38,230,0,0,143,0.756297856646468,0.018034325920372136,1488,2.0,0.0,14.207420635589788
804500,377,39,221,0,0,156,0.7550030071973779,0.0180694140738844,1488,3.0,0.0,21.14266363031257
804600,360,38,199,0,0,161,0.7569783742673584,0.017531053350585874,1488,1.0,0.0,6.8599999999999985
804700,361,42,204,1,0,156,0.7566098840589006,0.017735522138377587,1489,3.0,1.0,13.9036792617534
804800,351,45,207,0,0,144,0.7559044315747098,0.017710180948903597,1489,2.0,0.0,15.883756976377333
804900,362,37,204,0,0,158,0.7551016061370759,0.01779445637028349,1489,1.0,0.0,7.215925906913455
805000,369,41,211,0,1,157,0.7539775853628045,0.018068254104741784,1489,0.0,0.0,0.0
805100,373,42,216,0,0,157,0.7578539625404042,0.018082317303068928,1489,1.0,0.0,7.679672272883363
805200,365,38,226,0,0,139,0.7585962187332838,0.017533234037475354,1490,3.0,0.0,21.58054442485333
805300,357,44,217,0,0,140,0.7587661782087359,0.017037905644393662,1490,1.0,0.0,7.176282739392485
805400,361,46,212,0,0,149,0.7611548612458395,0.016680595287811815,1490,1.0,0.0,7.767488464145537
805500,366,39,211,0,0,155,0.7601389768138971,0.01665206046435175,1491,5.0,1.0,29.366963149336716
805600,374,39,212,0,0,162,0.761693680455251,0.01700120003171248,1491,0.0,0.0,0.0
805700,366,44,202,1,0,163,0.7646988994916551,0.018074833055260614,1491,1.0,0.0,8.176749196961417
805800,358,42,212,0,0,146,0.7645240011305859,0.017837304321119397,1491,0.0,0.0,0.0
805900,364,33,218,0,0,146,0.7643997158235759,0.017119356532706395,1491,3.0,0.0,22.079167371484743
806000,358,40,203,0,0,155,0.7619685914769958,0.01622094011071788,1492,1.0,0.0,6.88617014665485
806100,365,47,201,0,0,164,0.762804996998287,0.01574810202974384,1492,0.0,0.0,0.0
806200,363,35,201,0,0,162,0.7635618955788739,0.01636241335774011,1493,2.0,0.0,14.852767159573723
806300,346,36,200,0,0,146,0.7608985604912715,0.01685958952236239,1493,0.0,0.0,0.0
806400,349,37,197,0,0,152,0.7633502124249191,0.017022671363253587,1493,1.0,0.0,8.055296686758686
806500,363,47,202,0,0,161,0.7646846593004666,0.01730035387221871,1493,1.0,0.0,7.658963332968402
806600,362,42,207,0,0,155,0.7642050067108046,0.017264223813178405,1493,2.0,0.0,13.719999999999997
806700,358,31,209,0,0,149,0.7634438684123659,0.017024565359502187,1493,2.0,0.0,15.078832106809141
806800,367,37,219,0,0,148,0.7632537295099547,0.01790473835141649,1493,2.0,0.0,14.7671531050173
806900,369,36,221,0,0,148,0.7619845436155878,0.018086574913329066,1494,3.0,0.0,24.097874647310288
807000,365,43,214,0,0,151,0.7586088344138968,0.018659579931533415,1494,1.0,0.0,8.455772101104474
807100,360,39,206,0,0,154,0.7620036177506357,0.01866834938267173,1495,1.0,0.0,6.8599999999999985
807200,357,41,203,0,0,154,0.7642015179992423,0.019379667710088845,1495,0.0,0.0,0.0
807300,371,37,204,0,0,167,0.7654534690754149,0.018925884667245502,1495,1.0,0.0,6.8599999999999985
807400,364,40,206,0,0,158,0.767073583563504,0.01895293954328239,1495,0.0,0.0,0.0
807500,359,37,205,0,0,154,0.7692038499902207,0.01849858468616654,1495,1.0,0.0,6.8599999999999985
807600,366,41,208,0,0,158,0.7685561480735413,0.018645661267785166,1495,7.0,1.0,48.178975023247
807700,375,32,209,0,0,166,0.7672630348575715,0.01846555750487526,1494,2.0,0.0,14.824163517622477
807800,365,39,198,0,0,167,0.7660261103488833,0.019101263648810575,1494,3.0,0.0,22.569183335558268
807900,352,40,202,1,0,149,0.7681159776447543,0.019019762157538235,1494,2.0,0.0,15.45369690934208
808000,357,32,211,1,0,145,0.7683153738958599,0.019079807862987457,1494,1.0,0.0,6.891196010261706
808100,351,41,201,1,0,149,0.7655023485152348,0.019003213158197887,1495,0.0,0.0,0.0
808200,356,42,195,1,0,160,0.7682004537584116,0.019666912563326405,1495,1.0,0.0,7.253245310609771
808300,365,35,205,0,0,160,0.7670332253981879,0.019518497965671604,1496,0.0,0.0,0.0
808400,367,47,210,0,0,157,0.7643548691673946,0.019775642192024583,1496,0.0,0.0,0.0
808500,361,39,210,0,0,151,0.7649927116509612,0.019821160037944978,1496,3.0,0.0,22.346664809944713
808600,361,41,217,0,0,144,0.7689806423967586,0.02011480998256663,1496,1.0,0.0,6.8599999999999985
808700,362,37,219,0,0,143,0.7640964068482977,0.019897063307389905,1496,2.0,0.0,13.931200727240157
808800,369,39,215,0,0,154,0.7628894600328618,0.019959214090096895,1495,1.0,0.0,7.818117285122646
808900,356,47,206,0,0,150,0.7617676170269156,0.019761908967522997,1495,2.0,0.0,13.843130492263228
809000,362,43,200,0,0,162,0.7613039732349834,0.019494157092873082,1495,2.0,0.0,13.885064492756703
809100,367,36,210,0,0,157,0.7606088958055065,0.01935958736122697,1495,0.0,0.0,0.0
809200,362,41,205,0,1,156,0.7591246172555998,0.020355347529516073,1495,0.0,0.0,0.0
809300,349,43,209,0,0,140,0.7621989975740677,0.02070828032453835,1495,1.0,0.0,7.491128703827887
809400,352,48,209,0,0,143,0.760487981152239,0.020373512272421946,1496,0.0,0.0,0.0
809500,355,39,213,0,0,142,0.7627777861834832,0.020277120731990374,1496,0.0,0.0,0.0
809600,354,37,203,0,0,151,0.7655502187049931,0.021077044055478448,1496,0.0,0.0,0.0
809700,366,34,207,0,0,159,0.7651032890758408,0.020774651212344186,1496,0.0,0.0,0.0
809800,373,32,207,0,0,166,0.7635356519021897,0.020653074099845608,1496,5.0,0.0,36.72802090202101
809900,344,42,197,0,1,146,0.764858867092719,0.019900596751684062,1497,5.0,0.0,40.04402515468831
810000,359,36,201,0,1,157,0.7630877264468057,0.019294069617445436,1497,1.0,0.0,7.064245181776511
810100,369,40,218,0,1,150,0.7632688676059856,0.019541984543062725,1497,3.0,0.0,22.53813489345812
810200,378,31,212,0,2,164,0.7646841659501956,0.019407022592287795,1497,0.0,0.0,0.0
810300,365,43,220,0,0,145,0.7654324519673003,0.01912590835155149,1497,2.0,0.0,14.031094957838384
810400,363,34,220,0,0,143,0.7626902935272253,0.020210977639832838,1497,1.0,0.0,7.461634979015909
810500,362,49,216,0,0,146,0.7688858053484819,0.020533068569518247,1498,0.0,0.0,0.0
810600,356,40,206,0,0,150,0.768679675327218,0.02117238664955651,1498,0.0,0.0,0.0
810700,349,42,200,0,0,149,0.7692532776906593,0.019759202383641396,1499,3.0,0.0,23.460889275080298
810800,357,41,208,1,0,148,0.7676099078146744,0.020435295417967292,1499,3.0,1.0,16.45795914418714
810900,364,42,207,1,0,156,0.7692577916122094,0.020384180099375128,1499,0.0,0.0,0.0
811000,361,45,206,1,1,153,0.7699539484102119,0.020777169901491,1499,2.0,0.0,16.237913414283113
811100,367,38,215,1,0,151,0.7699047845248456,0.021549145974770718,1499,1.0,0.0,8.123656287929666
811200,366,37,223,0,0,143,0.7712325450727149,0.021182131494930513,1500,1.0,0.0,6.8599999999999985
811300,352,44,204,0,1,147,0.7723395442516968,0.02061084598460938,1500,1.0,0.0,7.476826184968652
811400,357,42,210,0,0,147,0.7719637450868424,0.020962062978056688,1500,1.0,0.0,6.9359340059110774
811500,350,41,190,0,0,160,0.772880730450085,0.019751650266696785,1501,3.0,2.0,7.262754691753249
811600,365,39,204,1,0,160,0.7740190111170941,0.01977013815166577,1501,3.0,0.0,25.18035061208609
811700,362,44,211,1,0,150,0.772419273874065,0.019083418916767743,1501,3.0,0.0,21.746287969283834
811800,365,38,216,2,0,147,0.7712869764191388,0.017874236191519326,1502,0.0,0.0,0.0
811900,364,42,214,0,0,150,0.7706810533218285,0.018567428603095727,1502,2.0,0.0,16.010231447656636
812000,364,37,206,0,1,157,0.7704152535906318,0.017888983327372474,1502,3.0,0.0,21.619221837841387
812100,363,41,210,0,0,153,0.7731746620494399,0.017669754264232663,1502,1.0,0.0,6.8599999999999985
812200,357,43,211,0,0,146,0.7756560326364902,0.018196370500251757,1502,2.0,0.0,14.298565041054005
812300,364,47,206,0,0,158,0.7696127815319238,0.018471049079988106,1502,2.0,0.0,14.595558012635342
812400,358,38,213,0,0,145,0.7656185064977886,0.019054543807671166,1502,1.0,0.0,6.989243760884705
812500,363,44,217,0,1,145,0.7642033061811181,0.01895360589530094,1501,1.0,0.0,8.071691193408238
812600,366,47,215,0,0,151,0.7634967222826089,0.018328368541662587,1501,2.0,1.0,8.019213412515136
812700,364,45,216,0,0,148,0.7658577674106846,0.01757825962890363,1501,2.0,0.0,14.10976410158769
812800,361,51,216,0,0,145,0.7646347514485601,0.018183654005588922,1502,0.0,0.0,0.0
812900,356,38,205,0,0,151,0.7665682367240104,0.01908500729622047,1502,3.0,0.0,21.17249467156934
813000,361,40,207,0,0,154,0.7654351717046798,0.02010271546777572,1503,4.0,0.0,29.317424461468953
813100,354,43,204,0,0,150,0.7644903949034368,0.019987495035790677,1503,1.0,0.0,6.91620372646247
813200,356,40,212,0,0,144,0.7646405574881537,0.02017741321656177,1503,2.0,0.0,14.705690583742879
813300,364,43,214,0,0,150,0.7659715251475072,0.02073354002230643,1503,2.0,0.0,16.065831679795792
813400,364,37,208,0,1,155,0.7651444254647306,0.021091403452511513,1504,2.0,0.0,13.719999999999997
813500,365,38,208,0,0,157,0.7633610513042612,0.02120033679479286,1504,3.0,0.0,22.140571605442737
813600,362,41,218,0,0,144,0.7620512177871404,0.020672764576636325,1504,1.0,0.0,7.434923075507801
813700,370,43,222,0,0,148,0.7644502651833249,0.021265265902081613,1505,1.0,0.0,7.4177355557003795
813800,367,41,218,0,0,149,0.7642097486722048,0.02151526791044625,1505,1.0,0.0,6.8599999999999985
813900,359,41,211,0,0,148,0.7626965763026191,0.021444692107449047,1505,2.0,0.0,15.449832933447283
814000,360,42,213,0,0,147,0.7635141425767996,0.0213871210863774,1505,1.0,0.0,7.36545234934405
814100,358,37,214,0,0,144,0.7617839506837355,0.020944735849891757,1505,1.0,0.0,7.134548497719773
814200,368,38,224,0,0,144,0.7616500331223478,0.020587749976310698,1506,0.0,0.0,0.0
814300,359,40,222,0,0,137,0.7629474508758897,0.020375706331003832,1507,2.0,0.0,13.824165634967667
814400,354,32,210,0,0,144,0.7634825659451815,0.02065100113028044,1507,4.0,0.0,27.609069283643883
814500,353,46,207,0,0,146,0.7619972963618421,0.02084560225881852,1507,1.0,0.0,7.491988309072523
814600,360,38,215,0,0,145,0.7599329906391233,0.020724153867064034,1507,2.0,0.0,13.853595735072943
814700,367,37,219,0,1,147,0.7611746594365384,0.021272611144296464,1507,4.0,0.0,29.46785987929671
814800,363,39,223,0,0,140,0.7602891824688396,0.020478544860075262,1508,1.0,0.0,6.9863731973065155
814900,374,38,216,0,0,158,0.7570946673087514,0.02030402205932335,1508,1.0,0.0,7.896715299995604
815000,375,30,215,0,0,160,0.7562633909385368,0.02023902232291999,1509,1.0,0.0,8.34377011139707
815100,353,35,196,0,0,157,0.7555659734538697,0.020528643896057765,1510,1.0,1.0,0.0
815200,363,38,219,1,0,143,0.7563745900284891,0.019528950586505237,1510,0.0,0.0,0.0
815300,355,35,218,0,0,137,0.7568476900393188,0.01931006908484233,1510,2.0,0.0,13.719999999999997
815400,362,40,224,0,0,138,0.7568723262338856,0.019006049035146234,1510,0.0,0.0,0.0
815500,371,37,213,0,0,158,0.7571021709122869,0.019202918564541035,1511,1.0,0.0,7.520628990659792
815600,371,43,212,0,1,158,0.756738309676014,0.018765013245450938,1511,2.0,0.0,15.56653563663156
815700,365,33,213,0,0,152,0.756682322706029,0.018243754960361295,1511,1.0,0.0,7.78435902688154
815800,356,40,218,0,0,138,0.7566962521306528,0.017790180636051773,1512,4.0,0.0,28.407706610260618
815900,354,35,214,0,0,140,0.7544358831059744,0.017895274331086165,1512,4.0,0.0,30.524444271051355
816000,356,39,202,0,0,154,0.7547192343369609,0.019089834328748626,1511,0.0,0.0,0.0
816100,376,33,214,0,0,162,0.7547484477039702,0.019392018735548636,1510,0.0,0.0,0.0
816200,370,43,210,0,0,160,0.7531064332954269,0.0203967192695934,1511,3.0,0.0,21.309778859152914
816300,359,37,207,0,0,152,0.7523324746374114,0.020055378484240084,1511,5.0,1.0,27.939141426991526
816400,361,37,203,0,0,158,0.7526927140061712,0.020122055922480817,1511,3.0,0.0,20.579999999999995
816500,363,37,204,0,0,159,0.7510331570321166,0.01982783450914035,1511,0.0,0.0,0.0
816600,367,41,204,0,1,162,0.7483487430496003,0.019738504243933187,1511,0.0,0.0,0.0
816700,362,42,206,0,0,156,0.7493988270368938,0.02003274877105483,1511,1.0,0.0,7.11805593732203
816800,379,36,215,0,0,164,0.7502819863230084,0.01938711997209378,1511,2.0,0.0,14.509652972240524
816900,389,38,230,0,0,159,0.748743967828387,0.019133535616190186,1511,4.0,0.0,28.642240471923497
817000,358,41,203,0,0,155,0.7461308240374849,0.019598588315725255,1511,2.0,0.0,16.01084564225868
817100,363,42,216,0,0,147,0.7456457329452817,0.01887499928631522,1512,1.0,0.0,8.159851104011144
817200,356,46,212,0,1,143,0.745900947929445,0.018945507306169618,1512,1.0,0.0,7.192715918763898
817300,364,45,211,0,0,153,0.7449254077800834,0.018156133644085644,1511,1.0,0.0,7.565013882970887
817400,373,39,216,0,0,157,0.743638588225191,0.01873257816090416,1511,2.0,0.0,14.75760474620147
817500,359,53,217,0,0,142,0.7462470552199058,0.01920033409598073,1511,0.0,0.0,0.0
817600,364,44,210,0,0,154,0.747660843920809,0.019777065388375335,1509,1.0,0.0,6.8599999999999985
817700,362,39,208,0,0,154,0.7480502492122301,0.019687464269375638,1509,1.0,0.0,6.8599999999999985
817800,373,36,207,0,0,166,0.7510620364482842,0.019606707699982007,1510,2.0,0.0,15.134722829504902
817900,380,35,213,0,0,167,0.7512566867160935,0.019691425479319354,1510,0.0,0.0,0.0
818000,375,43,210,0,0,165,0.7486133883379507,0.019933181934430663,1510,1.0,1.0,0.0
818100,370,41,207,0,0,163,0.7492196879426738,0.019967311932753626,1510,1.0,0.0,7.564018256631433
818200,353,47,193,1,0,159,0.7470462315813925,0.019753284580378914,1510,3.0,0.0,26.04711118147543
818300,357,38,203,1,0,153,0.7498291093254787,0.0196035406528113,1511,1.0,0.0,6.8599999999999985
818400,356,37,212,1,0,143,0.7537499025731532,0.019774279520881167,1511,0.0,0.0,0.0
818500,360,40,199,0,1,160,0.7547742202386221,0.020182014198401852,1512,1.0,0.0,7.252055524134638
818600,354,41,210,0,0,144,0.7541334517554592,0.01986889822412521,1512,1.0,0.0,6.8599999999999985
818700,356,43,208,0,0,148,0.7523105841002256,0.019675332435967214,1513,0.0,0.0,0.0
818800,375,44,232,0,0,143,0.7528138171376735,0.01995564923573958,1513,4.0,0.0,30.61142608717753
818900,382,39,227,0,0,155,0.753726578140684,0.02037797628849591,1512,2.0,0.0,14.47322376557602
819000,358,37,210,0,0,148,0.750681171078114,0.01963470269901368,1512,1.0,0.0,7.052993448259029
819100,360,42,211,0,1,148,0.7523306058456656,0.019630370568071133,1512,2.0,1.0,6.8599999999999985
819200,371,39,214,0,0,157,0.7555718542488445,0.01975385170570025,1512,0.0,0.0,0.0
819300,369,36,205,0,0,164,0.7569293353593045,0.02038556149061169,1512,0.0,0.0,0.0
819400,376,39,211,0,0,165,0.7558713284479339,0.020428915734562538,1512,5.0,0.0,36.14397912482107
819500,349,42,201,0,0,148,0.7520739300231758,0.02116991342620406,1512,4.0,0.0,28.152520407002946
819600,352,45,200,1,0,151,0.7470593238417031,0.021496939943403345,1512,2.0,1.0,7.1869039416878095
819700,377,35,215,0,1,161,0.744003103277251,0.02211722589705849,1512,4.0,0.0,28.125820078177437
819800,374,46,214,0,1,159,0.7423588871674015,0.022164588082383942,1513,1.0,0.0,7.265531415914013
819900,358,46,212,0,0,146,0.7439377043011296,0.022064017051446744,1513,1.0,0.0,9.393318293343937
820000,365,32,213,0,1,151,0.7469435797146158,0.02219000130677466,1513,6.0,0.0,43.218815106068824
820100,369,37,213,0,0,156,0.7472226242592538,0.022334821918393224,1513,3.0,0.0,22.12873528124032
820200,364,32,211,0,0,153,0.7464126935977256,0.022725562864178157,1514,1.0,0.0,6.899323820105126
820300,371,41,212,0,1,158,0.7460589982278956,0.022543275386001833,1514,0.0,0.0,0.0
820400,379,41,214,0,0,165,0.7443665278144366,0.022333198169987144,1514,3.0,1.0,13.719999999999997
820500,359,37,204,0,0,155,0.7441561026859679,0.02245328544213972,1514,1.0,0.0,7.137383112757267
820600,364,37,206,0,0,158,0.7437308583781596,0.02234399558192515,1515,0.0,0.0,0.0
820700,354,42,209,0,0,145,0.7449671667865099,0.022152030222710423,1515,3.0,0.0,21.893885008201742
820800,372,38,223,0,0,149,0.7447016343244836,0.022137466689290605,1515,2.0,0.0,13.719999999999997
820900,355,41,215,0,0,140,0.7449079294950374,0.022198823251561115,1515,1.0,1.0,0.0
821000,361,41,202,0,0,159,0.7470115284940633,0.021647240746297387,1515,5.0,1.0,28.20635355352764
821100,377,35,213,0,0,164,0.746264316900961,0.021820282455026114,1516,1.0,0.0,8.13283437056192
821200,363,34,205,0,0,158,0.7463008618747702,0.021670444542760348,1516,5.0,1.0,28.678175156871518
821300,353,39,205,1,0,147,0.7440528977254899,0.022005566839016683,1516,2.0,0.0,14.402861775151063
821400,359,45,204,0,0,155,0.746141301904956,0.022069909189997135,1517,0.0,0.0,0.0
821500,376,44,207,0,0,169,0.7454396257014951,0.022147184145329096,1517,1.0,0.0,6.8599999999999985
821600,366,39,204,0,0,162,0.7466672486802303,0.022205179839862164,1517,1.0,0.0,8.33855445267112
821700,369,37,209,0,0,160,0.7486768187882148,0.022506959480103828,1517,2.0,1.0,7.09540762011925
821800,366,38,215,0,0,151,0.7472066596402108,0.022508872080184796,1518,1.0,0.0,6.8599999999999985
821900,375,41,218,0,0,157,0.7458495974099042,0.02234697156557158,1518,1.0,0.0,6.8599999999999985
822000,368,39,217,1,0,150,0.7471889932828534,0.022741520748267838,1518,1.0,0.0,7.267288076970735
822100,360,37,211,1,0,148,0.7490973546852611,0.023080993559788814,1518,2.0,0.0,15.94059693775337
822200,354,42,215,0,0,139,0.7482890088746069,0.02243543016985475,1518,2.0,0.0,14.446520171732024
822300,358,44,203,0,0,155,0.7499971770076582,0.022826669197153798,1518,3.0,0.0,22.348054547833584
822400,376,44,215,0,1,160,0.7516708510391498,0.022727048584272443,1518,3.0,0.0,21.979725163379946
822500,370,40,210,0,0,160,0.7537647907986689,0.02338821081465796,1518,1.0,0.0,7.004303848829329
822600,360,39,202,0,0,158,0.7505289475004339,0.02344044312587418,1518,4.0,0.0,32.11243889875123
822700,367,44,208,0,0,159,0.7501104542225056,0.02376165170350315,1518,0.0,0.0,0.0
822800,358,40,208,0,0,150,0.7524950483523191,0.02382976516905434,1518,0.0,0.0,0.0
822900,355,42,201,0,0,154,0.7521090235935013,0.024061405810363774,1518,1.0,0.0,7.5336159804018905
823000,354,42,214,0,0,140,0.7541723599366297,0.024046661264188054,1517,4.0,0.0,31.624240324106438
823100,374,37,216,0,0,158,0.7555407778722516,0.024369725330685554,1518,1.0,0.0,6.8599999999999985
823200,372,48,221,0,0,151,0.756198006643714,0.024451201943612916,1518,1.0,0.0,7.303622768722049
823300,375,36,211,0,0,164,0.7537710096410356,0.023543798226410385,1518,1.0,0.0,7.589876711847034
823400,357,37,217,0,0,140,0.7549593566354096,0.023823762868470953,1519,0.0,0.0,0.0
823500,361,43,212,0,0,149,0.7549169626794768,0.024496030059239993,1519,1.0,0.0,7.022460710281183
823600,370,42,214,0,0,156,0.7520352086132128,0.02521405988166258,1519,2.0,0.0,14.33789084019301
823700,353,48,202,0,0,151,0.7530496887345182,0.025434221788609143,1519,2.0,0.0,14.112762611590131
823800,375,35,208,0,0,167,0.7524177016224418,0.025593189490269556,1520,4.0,0.0,28.20246950220005
823900,368,39,216,0,0,152,0.751957685325091,0.02622579230198097,1520,1.0,0.0,8.188905848413388
824000,356,38,205,0,0,151,0.7514568457036224,0.026222950535644114,1521,4.0,0.0,28.817597423793302
824100,365,36,215,0,1,149,0.752400997068278,0.025994189574815092,1521,1.0,0.0,7.303475843454702
824200,363,39,215,0,0,148,0.7509502069221022,0.02612890175940069,1521,0.0,0.0,0.0
824300,379,38,216,0,2,161,0.7507797293554546,0.02608749096496264,1522,1.0,0.0,7.160305424303161
824400,363,41,205,0,1,157,0.7486188944350062,0.02619134890880319,1522,1.0,0.0,8.333476125665916
824500,371,37,207,0,1,163,0.7474573204975082,0.02649599215437944,1522,1.0,0.0,7.373851227390061
824600,359,41,203,0,0,156,0.7456230251391868,0.027024564204013602,1522,2.0,0.0,14.00053703152534
824700,358,48,200,0,0,158,0.7462125024254256,0.02750028403078793,1521,4.0,0.0,28.137850994309442
824800,364,50,218,0,0,146,0.7456090960089004,0.02838992728687561,1522,0.0,0.0,0.0
824900,365,38,209,0,1,155,0.743339658097087,0.02944563851215847,1522,2.0,0.0,14.604625261632588
825000,366,42,206,0,0,160,0.7429213883340828,0.0303798288716305,1522,1.0,0.0,6.927691329287433
825100,362,36,205,0,0,157,0.7421096117174579,0.030665350522750205,1522,0.0,0.0,0.0
825200,363,38,201,0,0,162,0.7411046620549183,0.031289120987639404,1522,5.0,0.0,38.151078312010824
825300,376,36,211,0,1,164,0.7397608250991172,0.030986939025523946,1522,6.0,0.0,42.05296621573391
825400,369,40,214,0,0,155,0.7396234453953758,0.030855336352351416,1522,2.0,0.0,14.105610249745151
825500,367,39,211,0,0,156,0.7428087556441502,0.030597410913396683,1522,0.0,0.0,0.0
825600,374,32,214,0,0,160,0.7462452997595688,0.030386368034526344,1522,1.0,0.0,8.409886602092575
825700,362,39,206,0,0,156,0.7480806388075661,0.030361862921020374,1522,1.0,0.0,7.879001304570416
825800,359,41,203,0,0,156,0.7507190970029601,0.03125043579176735,1522,0.0,0.0,0.0
825900,359,42,205,0,0,154,0.7514423017344151,0.03171031839981025,1523,2.0,0.0,14.106751053837323
826000,362,40,201,0,0,161,0.7518962179467238,0.032038955347873335,1523,0.0,0.0,0.0
826100,377,39,203,0,0,174,0.7519574682063629,0.033038656462526204,1523,3.0,1.0,14.14504371285781
826200,375,33,218,0,0,157,0.7527986337114732,0.032053762617912845,1524,1.0,0.0,7.086682690291045
826300,350,42,211,0,0,139,0.7519361855000554,0.03188046275097067,1524,3.0,0.0,21.135808775420713
826400,364,41,213,0,0,151,0.7509805730993749,0.032656388802971545,1525,3.0,0.0,21.579171671541026
826500,360,37,204,0,0,156,0.7518321831351433,0.033591626001344216,1525,3.0,0.0,23.662797613294654
826600,363,48,207,0,0,156,0.7497020333925264,0.03378090567251518,1526,1.0,0.0,6.8599999999999985
826700,360,43,209,0,0,151,0.750185052571723,0.03343723026739683,1526,1.0,0.0,6.8599999999999985
826800,376,29,207,0,0,169,0.7491489595081161,0.03402884857523424,1527,4.0,0.0,28.65272166000429
826900,370,41,215,0,0,155,0.7501054244130375,0.033799103756174564,1527,2.0,0.0,15.422986335864408
827000,361,43,197,0,0,164,0.7510016487750403,0.033988092366298066,1526,2.0,0.0,14.693273969668986
827100,355,46,202,0,0,153,0.7508947298605809,0.03423329732273111,1527,2.0,0.0,15.708932408757153
827200,358,39,204,0,0,154,0.7537506661435409,0.034421256528208315,1527,2.0,0.0,14.669980427027298
827300,362,43,204,0,0,158,0.7530965634108752,0.035108778010146335,1528,3.0,1.0,14.54860054018081
827400,370,41,207,0,0,163,0.7534036632796343,0.03544514520503454,1528,0.0,0.0,0.0
827500,361,44,199,0,0,162,0.7541376519732409,0.03544559780350488,1528,1.0,0.0,7.784644238506689
827600,373,38,217,0,0,156,0.7531189743724779,0.035720631415102684,1529,3.0,0.0,21.53709730064925
827700,364,43,211,0,0,153,0.7573504609284676,0.03532918145346641,1529,3.0,0.0,21.2449776250935
827800,367,37,210,0,0,157,0.7572914293738007,0.036447604755884475,1529,2.0,0.0,14.111195321367326
827900,361,43,208,0,0,153,0.7588462063048779,0.03741082108911597,1529,6.0,1.0,35.307841608271644
828000,360,45,202,0,0,158,0.7571887012106261,0.038041779313706225,1529,6.0,0.0,45.306618880018156
828100,369,34,211,0,1,157,0.754585811522913,0.03805179235261551,1529,5.0,1.0,28.479307104726765
828200,373,45,208,1,2,162,0.754523148785855,0.03839135025989017,1529,2.0,0.0,14.90180470627569
828300,364,42,194,0,0,170,0.7549377435930754,0.038306409806963086,1529,3.0,0.0,21.183085878153264
828400,361,47,194,1,0,166,0.7542197163397985,0.037784823242775205,1529,1.0,0.0,6.8599999999999985
828500,366,38,192,0,0,174,0.7556678966073901,0.03755130917293525,1530,7.0,0.0,49.173031910332966
828600,360,45,198,0,0,162,0.7542536264041909,0.0375963557342204,1530,2.0,0.0,14.922740115690257
828700,358,41,196,0,0,162,0.7534065821580966,0.03767110533936725,1531,0.0,0.0,0.0
828800,362,45,200,0,0,162,0.7524484680083408,0.03787061391029894,1531,1.0,0.0,8.19756779016438
828900,360,39,194,0,0,166,0.751314316666363,0.03788379404542086,1530,3.0,0.0,22.511135714809747
829000,368,41,200,0,0,168,0.7522738450206615,0.038947457660594084,1531,3.0,0.0,22.192065345488736
829100,365,39,204,0,0,161,0.75248207737014,0.03971427577348373,1531,2.0,0.0,14.3573592871386
829200,361,39,208,0,0,153,0.7541590536976907,0.04018299622989409,1532,5.0,1.0,32.09122577063398
829300,372,43,219,0,0,153,0.754040246509822,0.040903833427229405,1532,1.0,0.0,6.8599999999999985
829400,363,40,207,0,0,156,0.7534656928543597,0.04076947682661199,1532,2.0,0.0,15.081792718487307
829500,353,48,208,0,0,145,0.7544122585525047,0.040062798264987896,1532,2.0,0.0,15.468487898989773
829600,357,41,212,0,0,145,0.7527025676073219,0.04057526312967719,1532,1.0,0.0,6.8599999999999985
829700,353,44,199,0,1,153,0.7535891051076088,0.04122470678839235,1533,3.0,0.0,23.238232666695552
829800,354,40,198,0,0,156,0.7555930215937667,0.04193984122153284,1533,4.0,0.0,29.054325648143216
829900,370,38,211,0,0,159,0.7538979826140075,0.041834846393071105,1534,3.0,0.0,23.584823706664032
830000,371,41,210,0,1,160,0.7562656336140207,0.0418839702487715,1534,2.0,0.0,15.684881063466193
830100,370,35,227,0,1,142,0.7581497061160749,0.04221221613515354,1534,0.0,0.0,0.0
830200,353,37,222,0,0,131,0.7582561000526029,0.041562867090106766,1533,1.0,0.0,6.8599999999999985
830300,360,37,213,0,0,147,0.757006742638266,0.04140523088153676,1534,3.0,0.0,21.04569591469906
830400,356,45,209,0,0,147,0.7583662332534857,0.040964160503231775,1535,2.0,0.0,15.158312607573082
830500,364,43,212,0,0,152,0.7588668218106721,0.04083473567624144,1535,0.0,0.0,0.0
830600,375,38,212,0,0,163,0.7618279757652014,0.04092751769406876,1535,3.0,0.0,21.073092837855256
830700,365,42,214,0,1,150,0.7596532275766029,0.04100548789696084,1536,1.0,0.0,6.9637656614776295
830800,355,34,212,0,0,143,0.7616088891785626,0.0414136864277,1536,1.0,0.0,8.404310778911398
830900,371,36,232,0,0,139,0.7585715434766266,0.04142360668776868,1536,5.0,0.0,36.43156436652356
831000,360,45,216,0,0,144,0.7615059142443688,0.04159633946151747,1537,6.0,0.0,41.98606303208588
831100,365,41,221,0,1,143,0.759607362684028,0.04126975614352909,1537,3.0,0.0,22.410678098689406
831200,364,44,212,0,3,149,0.7604088400033632,0.041970597202438634,1537,1.0,0.0,7.678996330216755
831300,359,43,211,0,1,147,0.7627621533429265,0.041516072273471184,1537,6.0,0.0,46.11340678449793
831400,360,37,203,0,0,157,0.7665884600281265,0.0415004037596087,1537,4.0,1.0,22.946761077341705
831500,364,33,209,0,0,155,0.7651139030918721,0.041106957940736294,1537,4.0,0.0,29.672922917493608
831600,363,37,202,0,1,160,0.7619505256410697,0.040972171205966405,1537,3.0,1.0,13.719999999999997
831700,356,44,201,1,0,154,0.7643598365902637,0.04094099206830625,1537,1.0,0.0,6.860939863686913
831800,351,46,199,0,0,152,0.7648915374221386,0.04149629260416945,1537,0.0,0.0,0.0
831900,366,45,214,0,0,152,0.7673213337270091,0.041817468104179654,1538,0.0,0.0,0.0
832000,373,39,220,0,0,153,0.7662850365710824,0.042425707456519045,1538,1.0,0.0,6.8599999999999985
832100,358,40,204,1,0,153,0.7656120685438479,0.0425587475118841,1538,8.0,2.0,48.644911416465476
832200,365,35,210,1,1,153,0.7641213805971341,0.042214432722404716,1539,0.0,0.0,0.0
832300,370,41,206,1,0,163,0.7614269071849874,0.042449235633563925,1539,0.0,0.0,0.0
832400,353,34,191,0,0,162,0.7606605440596049,0.04275370346080639,1539,1.0,0.0,7.728642119997801
832500,367,46,202,0,0,165,0.7587892989282216,0.04293200705874576,1539,1.0,0.0,6.8599999999999985
832600,363,48,208,0,0,155,0.7573690533780114,0.04320116571439063,1539,0.0,0.0,0.0
832700,369,39,207,0,0,162,0.7614312891563219,0.04381645877875813,1540,2.0,0.0,14.665479402516166
832800,369,38,224,0,0,145,0.7610822798771887,0.04441944029343342,1540,4.0,0.0,32.1186647614755
832900,347,42,214,0,0,133,0.7585310803178477,0.044717816421994204,1539,2.0,0.0,15.490430331159391
833000,351,44,211,0,0,140,0.7586107967255216,0.04464761247224351,1539,5.0,0.0,38.48516778700626
833100,349,47,208,0,0,141,0.7624503951705265,0.04464359778630815,1539,3.0,0.0,22.158731828310806
833200,362,39,206,0,0,156,0.7629616378662543,0.04423025230765741,1540,4.0,0.0,29.609472809710503
833300,372,38,213,0,0,159,0.7629173504926952,0.045132995642118014,1540,4.0,0.0,28.891675121644887
833400,364,42,207,0,0,157,0.7614891367847582,0.04453297217650708,1541,2.0,0.0,14.83635731094888
833500,361,39,206,0,0,155,0.7605749170720357,0.044506697199707616,1541,3.0,0.0,22.273608727140306
833600,369,37,215,0,0,154,0.7596790180163289,0.04455987090077665,1541,0.0,0.0,0.0
833700,357,42,206,0,0,151,0.7581369388867251,0.04450844261582128,1541,0.0,0.0,0.0
833800,356,40,208,0,0,148,0.7581986431202917,0.04465753198348485,1540,5.0,0.0,39.62186476468266
833900,358,47,200,0,0,158,0.7582677452663474,0.04427475784791716,1540,1.0,0.0,9.271936366655076
834000,359,39,188,0,0,171,0.7558882236282303,0.044202147015823694,1540,1.0,0.0,8.105288526262997
834100,363,36,198,0,1,164,0.7547053975191877,0.04422940423198003,1540,1.0,0.0,6.8599999999999985
834200,364,40,206,0,0,158,0.7536217924360692,0.04481432595735415,1540,1.0,0.0,7.624365432602108
834300,372,41,228,0,0,144,0.7532270146669604,0.04530689568376512,1540,1.0,0.0,7.229176504832807
834400,367,42,221,0,0,146,0.7541982210923631,0.045110631541030545,1541,3.0,0.0,24.73082207880108
834500,359,45,209,0,0,150,0.7534949134248944,0.044804035193073605,1541,2.0,1.0,6.8599999999999985
834600,359,38,214,0,0,145,0.7515990988529816,0.04508130592775902,1541,2.0,0.0,14.389312497365847
834700,360,38,208,0,1,151,0.7532435948839866,0.04625771556404477,1541,1.0,0.0,7.350849764251888
834800,364,40,214,0,0,150,0.751920021180258,0.046040458057497714,1541,4.0,0.0,28.18056740968902
834900,367,40,215,0,0,152,0.7521161738893273,0.046351601513323966,1541,3.0,0.0,22.810726195893306
835000,364,46,214,0,0,150,0.7496723238337395,0.04697012859731932,1541,1.0,0.0,7.921062006166962
835100,369,40,211,0,0,158,0.7511986346308922,0.0470597841841737,1542,4.0,0.0,29.828471251116873
835200,370,35,212,0,0,158,0.7515674934965956,0.047431168325626466,1542,0.0,0.0,0.0
835300,363,43,208,0,0,155,0.7493381768379072,0.0473057074733374,1536,0.0,0.0,0.0
835400,372,34,215,0,0,157,0.7493953236009767,0.04745323768002339,1537,3.0,0.0,22.233272168546904
835500,361,42,216,0,0,145,0.7508288391683927,0.04745382996947276,1537,0.0,0.0,0.0
835600,361,43,207,0,0,154,0.7525091465881288,0.04768042629660535,1537,5.0,0.0,35.16802669167455
835700,359,41,215,0,1,143,0.7526316157659602,0.0467994365653975,1537,5.0,0.0,37.36610219995215
835800,364,44,225,0,0,139,0.7534731195943848,0.046756896509139834,1537,0.0,0.0,0.0
835900,373,37,224,0,1,148,0.755541746906448,0.04747261698598495,1538,2.0,0.0,18.213551506375726
836000,367,41,213,0,0,154,0.7543252801569515,0.04823950699950746,1538,8.0,0.0,56.07713598223576
836100,354,39,207,0,0,147,0.7533187110114263,0.04844151912072819,1538,1.0,0.0,6.8599999999999985
836200,358,47,207,0,1,150,0.7546633100771817,0.04828676342415754,1538,4.0,0.0,27.922927940494958
836300,369,38,203,0,1,165,0.7547666991616715,0.04799864748909691,1538,2.0,0.0,14.744239852670207
836400,364,35,202,0,0,162,0.75094359007238,0.04788105751972873,1539,1.0,0.0,7.48788935796393
836500,371,42,202,0,2,167,0.7486872740079372,0.0478117570951786,1539,0.0,0.0,0.0
836600,371,42,217,0,2,152,0.7490998385872263,0.0478096087812267,1539,4.0,0.0,31.96728415145874
836700,365,39,205,0,1,159,0.7480988512842313,0.048120258065692534,1540,3.0,0.0,22.4961531058662
836800,358,44,200,0,0,158,0.7470776747365346,0.04834488274600023,1540,2.0,0.0,14.617190455498658
836900,358,42,187,0,0,171,0.7458824806788084,0.0476624844661012,1540,0.0,0.0,0.0
837000,365,42,196,0,1,168,0.7472390403398328,0.048512915452557474,1541,3.0,0.0,21.40304996420603
837100,362,47,199,0,0,163,0.750587848798749,0.04840982117038573,1541,2.0,0.0,14.46958073663918
837200,364,53,202,0,0,162,0.7535494045373853,0.04897326275157643,1541,3.0,0.0,21.045960265847672
837300,367,50,221,0,0,146,0.7557208978385133,0.04860273806013459,1542,1.0,0.0,6.8599999999999985
837400,351,39,203,0,0,148,0.7540213610018411,0.048416160179982425,1542,1.0,1.0,0.0
837500,360,49,205,0,1,154,0.753476599358223,0.0492541425749986,1543,3.0,0.0,22.700518194155325
837600,368,39,203,0,0,165,0.7538819529327409,0.0493000348461458,1543,1.0,0.0,7.074975465821784
837700,358,48,193,1,0,164,0.7539989493072548,0.04998505360676443,1544,3.0,0.0,21.318623917385533
837800,349,43,188,1,1,159,0.7542777257987441,0.04943821734914407,1544,4.0,0.0,28.7164203206769
837900,354,42,193,0,0,161,0.7595861190470782,0.0482651923016967,1542,2.0,0.0,14.537574535981193
838000,358,40,191,0,0,167,0.7579576629611453,0.048650987918126255,1542,2.0,0.0,14.713901386443219
838100,358,39,199,0,1,158,0.7568132462355845,0.04875073937660863,1542,4.0,0.0,29.901093935075064
838200,353,47,198,0,0,155,0.7547142960639143,0.048361287404638714,1542,4.0,0.0,28.57757320877556
838300,363,41,204,0,1,158,0.7557890271069087,0.04747070224595534,1542,3.0,0.0,22.226102224686883
838400,356,39,193,0,1,162,0.7569900573276125,0.04808416377790548,1543,1.0,0.0,6.981313642550877
838500,360,45,199,0,0,161,0.7564791217416948,0.048327481730884594,1543,2.0,1.0,7.963067374219523
838600,361,43,200,0,0,161,0.754859810082165,0.04844974419340023,1543,0.0,0.0,0.0
838700,367,41,199,0,0,168,0.7577013504023673,0.049005399684894764,1543,3.0,0.0,21.622484045795073
838800,370,41,204,1,0,165,0.759321893995753,0.049577305235542796,1544,1.0,0.0,9.344590914718685
838900,359,43,197,0,0,162,0.75853174443077,0.04918844345847401,1544,4.0,0.0,28.371823133228215
839000,360,45,196,0,0,164,0.7581417871154684,0.0491153912504295,1545,2.0,0.0,14.829885141605875
839100,360,42,194,0,1,165,0.7587040005199909,0.049294791570382995,1545,3.0,0.0,21.774408945474658
839200,364,34,204,0,0,160,0.758039527750828,0.04972131230554019,1544,7.0,2.0,40.41837305391001
839300,350,35,201,0,1,148,0.7603839006593645,0.04987434555689004,1543,2.0,0.0,16.17795975507707
839400,350,50,201,2,0,147,0.7591703477572872,0.05038366594830692,1543,4.0,1.0,21.294728792948106
839500,365,41,213,2,1,149,0.7573143530811066,0.05070703043013328,1544,6.0,1.0,36.083091369559924
839600,367,40,214,1,0,152,0.7577472988231326,0.05017810187900323,1544,5.0,0.0,36.13506819964606
839700,367,41,221,0,0,146,0.7571542534036815,0.049548307701931076,1545,2.0,0.0,14.26562358406219
839800,366,37,220,0,1,145,0.7597841791497861,0.04990936607751435,1545,4.0,0.0,30.615338842265658
839900,360,41,216,0,0,144,0.7643004946824523,0.05032474839626215,1545,4.0,0.0,30.241465738025234
840000,358,38,217,0,0,141,0.7651283769218469,0.04963080738029582,1545,1.0,0.0,7.181274240314952
840100,357,39,221,0,0,136,0.7646874487168751,0.04957654718134222,1545,3.0,0.0,20.6819458987535
840200,353,47,218,0,0,135,0.7658316858436905,0.05025042588112384,1544,1.0,0.0,7.7817548380270125
840300,355,38,207,0,0,148,0.7629849501345397,0.04897552726262419,1545,1.0,0.0,6.8599999999999985
840400,364,47,208,0,0,156,0.7583002398641774,0.049431439838707084,1545,2.0,1.0,8.00772366419276
840500,368,42,215,0,0,153,0.7554643765279142,0.05014655404012496,1545,3.0,0.0,22.421203469716218
840600,366,40,208,0,0,158,0.7546903215092008,0.05063887557241861,1545,0.0,0.0,0.0
840700,361,36,203,0,0,158,0.755377952745511,0.050966726328738964,1545,6.0,0.0,42.14084354102607
840800,367,37,205,0,0,162,0.7539713274859313,0.051571934046386936,1546,2.0,0.0,15.284776178737944
840900,365,42,209,0,0,156,0.7532697104402789,0.052685963512238164,1546,2.0,0.0,14.269060169494953
841000,370,46,203,0,0,167,0.7546020013300271,0.052599854966151785,1546,1.0,0.0,7.144363799654566
841100,359,45,197,0,0,162,0.7555926287983888,0.05387012129663058,1546,3.0,0.0,21.354668421582
841200,352,41,191,0,0,161,0.7549938053256472,0.05342444724200302,1547,4.0,1.0,20.915102007793696
841300,362,44,206,0,1,155,0.7581373996903107,0.05449012192711504,1547,7.0,0.0,50.60661292387704
841400,367,40,218,1,0,148,0.7569381432895438,0.05611704122766657,1547,7.0,0.0,50.144632568435384
841500,356,45,201,0,1,154,0.7571720217400028,0.05645407917363769,1548,4.0,0.0,27.774856070776615
841600,347,36,195,0,1,151,0.7600505114974336,0.05543764177721883,1548,5.0,0.0,36.147909468826036
841700,367,43,200,0,0,167,0.7584468200189675,0.05495633374236214,1548,5.0,0.0,36.68457719323003
841800,376,33,211,0,1,164,0.7612743595132543,0.055293865181375766,1548,1.0,0.0,9.246515039859668
841900,360,41,209,0,0,151,0.7568767727071539,0.05487835488098926,1548,1.0,0.0,6.8599999999999985
842000,349,46,203,0,1,145,0.7553005647357574,0.05543961998448701,1549,3.0,2.0,7.50963095378734
842100,358,38,200,1,0,157,0.7526071183894532,0.056584133953259265,1549,4.0,0.0,33.18878132337837
842200,363,39,196,1,0,166,0.7497450160781917,0.05654322526988795,1549,11.0,0.0,81.6929279730826
842300,371,41,194,1,0,176,0.7511391368262921,0.05702390135676396,1548,1.0,0.0,8.272537938178408
842400,359,41,189,0,1,169,0.75171321007035,0.05701545990099556,1549,2.0,0.0,15.230329789468534
842500,350,44,187,0,0,163,0.7491225297863466,0.05668547558519114,1549,2.0,0.0,14.25622473463605
842600,359,37,208,0,0,151,0.7498062798432933,0.056762853702025745,1549,6.0,1.0,39.709348252756776
842700,365,41,204,1,1,159,0.747822819426556,0.05707732946801717,1549,1.0,0.0,7.062709203658765
842800,361,46,201,1,0,159,0.7479225682650952,0.05681485076635216,1549,5.0,0.0,36.37917889621912
842900,362,46,196,1,0,165,0.7486256493139706,0.05703942293394061,1550,2.0,1.0,7.666612180898769
843000,362,38,197,0,0,165,0.7494805275355131,0.057355639216197574,1550,5.0,0.0,34.83610920976771
843100,377,38,206,1,1,169,0.7496425598745939,0.057863583458341125,1550,7.0,0.0,53.669239745460985
843200,354,43,199,1,0,154,0.7486225740150285,0.05808942323010977,1551,1.0,0.0,7.126502383912094
843300,353,44,201,1,1,150,0.7488225579132515,0.05681022832647916,1551,0.0,0.0,0.0
843400,359,41,202,1,2,154,0.7467038594353261,0.056226062051646084,1551,1.0,0.0,6.8599999999999985
843500,372,42,197,1,1,173,0.7487369090347507,0.05663101774399474,1551,7.0,2.0,38.98161434411982
843600,362,42,196,2,0,164,0.7501214830476548,0.05696928570983769,1551,1.0,0.0,7.009246296937067
843700,366,40,198,0,0,168,0.750392301840845,0.05729080019652655,1551,3.0,0.0,22.67353057248092
843800,362,42,203,0,0,159,0.7497774149949448,0.05710147465001114,1551,2.0,0.0,15.69088349604041
843900,362,40,200,0,0,162,0.7501485504330999,0.055910383734559664,1551,2.0,0.0,15.228597544401293
844000,360,40,205,0,0,155,0.7509301945617336,0.05604665392054127,1552,4.0,0.0,30.271338929430634
844100,361,40,202,0,0,159,0.7517930276288711,0.05548336073682384,1552,2.0,1.0,8.421477955732543
844200,367,36,204,1,0,162,0.7507468409260638,0.055500360652302794,1553,3.0,1.0,13.848653025179374
844300,370,40,202,1,1,166,0.7514899155727358,0.05542385724011302,1553,1.0,1.0,0.0
844400,369,46,198,1,0,170,0.7560438882680478,0.05527460437306609,1553,1.0,0.0,6.9791376352207415
844500,349,36,195,0,0,154,0.7572491708566165,0.055785843515357585,1553,2.0,1.0,7.037132954087128
844600,347,44,208,0,0,139,0.7565529845348858,0.05540563628490051,1553,4.0,0.0,28.060893694262756
844700,371,41,215,0,1,155,0.7552673730099957,0.05498343496548915,1553,4.0,0.0,28.369463217610015
844800,368,41,212,0,0,156,0.7594976612008262,0.05474224631290701,1553,2.0,0.0,14.646317284931747
844900,361,40,202,0,0,159,0.7614855418483965,0.05464427664391798,1553,1.0,0.0,6.8599999999999985
845000,357,45,213,0,1,143,0.7632673394404881,0.05474120547391805,1553,2.0,1.0,9.430990705132931
845100,355,39,206,0,0,149,0.7645097076626775,0.054485851738075484,1554,0.0,0.0,0.0
845200,363,33,208,0,0,155,0.7675804099165441,0.054590397657542776,1554,2.0,0.0,14.054334702285056
845300,356,37,199,0,0,157,0.7686108240534697,0.05533944692664582,1554,2.0,0.0,16.85917068560416
845400,358,48,210,0,0,148,0.7695812142121519,0.05484051391686855,1554,3.0,0.0,25.099840653287924
845500,358,38,217,0,0,141,0.7705632619103366,0.05532398191495771,1554,4.0,0.0,29.555130392262992
845600,350,44,216,0,0,134,0.7704815107764197,0.05580863857329864,1555,2.0,1.0,7.077345132428895
845700,365,39,209,1,0,155,0.7714322003604341,0.056132577202293144,1555,2.0,1.0,6.8599999999999985
845800,372,37,204,1,0,167,0.7737359220334229,0.05544339016773182,1556,1.0,0.0,7.4100456102301715
845900,355,34,190,0,0,165,0.7737025348875792,0.055716849613376994,1556,0.0,0.0,0.0
846000,351,40,198,0,0,153,0.771732306609924,0.05613853458611762,1557,3.0,0.0,24.622329639603777
846100,361,42,213,0,0,148,0.7706251965954892,0.05607072040247417,1557,9.0,1.0,58.35164269972201
846200,362,40,214,0,0,148,0.7691787309298328,0.055893068809834905,1558,3.0,1.0,14.795431713386916
846300,355,46,204,1,2,148,0.7682150864747537,0.0562094264072547,1558,15.0,2.0,98.35615919901595
846400,349,43,210,1,1,137,0.7664432025331376,0.055251079427302896,1558,4.0,1.0,22.398970902509205
846500,366,40,214,1,1,150,0.7672163988500603,0.05449918323480912,1558,5.0,1.0,28.41637973736014
846600,367,40,215,1,0,151,0.7679518853726249,0.05369691938137324,1559,2.0,0.0,14.020496408626137
846700,360,40,213,0,0,147,0.7664455840678133,0.05333569346327977,1560,4.0,0.0,29.95828428035747
846800,361,38,214,0,0,147,0.7671717716315003,0.052593716249329674,1560,1.0,0.0,7.618327517555852
846900,349,37,205,1,0,143,0.7684140294121796,0.05152477215307113,1560,7.0,1.0,44.838566146113685
847000,360,39,208,1,0,151,0.7671208738400643,0.05123826570947264,1560,1.0,0.0,7.523822936977347
847100,359,43,216,0,0,143,0.7648985623383964,0.05262356480516649,1560,5.0,0.0,35.509928068447586
847200,369,36,207,0,0,162,0.7645254953664101,0.052646463655395395,1560,5.0,0.0,37.82374710653443
847300,361,41,207,0,0,154,0.7630511249708237,0.0538075801389358,1560,7.0,1.0,44.331457936671214
847400,359,45,204,0,1,154,0.7642172737260785,0.05546785286271317,1561,9.0,1.0,64.9248998887014
847500,361,47,216,0,2,143,0.7626994681127449,0.0555696032716385,1561,3.0,1.0,15.639219225085837
847600,364,40,218,0,2,144,0.7575646466700257,0.05542035258953623,1561,8.0,1.0,54.40440819208391
847700,358,38,208,0,2,148,0.7579700166947599,0.05616941083314505,1560,22.0,1.0,157.76265914361366
847800,370,37,208,0,2,160,0.757245608864959,0.05714389746129798,1560,5.0,2.0,21.694867367511776
847900,351,47,205,0,2,144,0.7516048588980982,0.058331094834037034,1559,14.0,0.0,105.38325848541186
848000,368,43,203,1,3,161,0.7535521959144468,0.0577903901912082,1559,15.0,3.0,86.23090632421024
848100,362,41,212,1,3,146,0.7550691846212378,0.05839948584341521,1559,5.0,2.0,21.896837788575915
848200,354,49,202,1,2,149,0.75338941197959,0.05812697687542553,1560,14.0,2.0,85.28317486888734
848300,366,43,208,0,2,156,0.7559197283023403,0.05841657131114252,1560,17.0,3.0,100.08501027720041
848400,368,36,206,0,1,161,0.7557160600215547,0.05853401949483295,1560,8.0,1.0,49.894245314990684
848500,356,50,203,1,1,151,0.7550513076205417,0.0589929732901253,1561,4.0,1.0,22.289305756031226
848600,367,35,206,1,0,160,0.7517192481897096,0.05975140521548066,1561,2.0,1.0,6.987567743627336
848700,356,42,206,1,1,148,0.7467142194087297,0.06023383906586199,1561,7.0,2.0,35.11583540627659
848800,357,47,205,3,0,149,0.7463437701461532,0.060090397300541776,1561,2.0,2.0,0.0
848900,370,44,214,4,0,152,0.7429431509685459,0.060190878958384424,1562,3.0,1.0,14.464574814533055
849000,371,43,209,3,0,159,0.7430649568077478,0.06183426388311453,1562,6.0,0.0,45.227865928477065
849100,365,45,214,2,0,149,0.74189624978886,0.062279126712100646,1562,3.0,1.0,14.96793691791742
849200,372,40,220,0,1,151,0.7418984890644003,0.06162359141543237,1562,3.0,0.0,20.707148355378607
849300,379,46,221,1,1,156,0.7387779354385013,0.06213678919141296,1562,1.0,0.0,7.654141959284068
849400,378,42,215,1,1,161,0.7357180507741412,0.06258073764936511,1563,1.0,0.0,7.350160023434542
849500,358,42,207,1,1,149,0.7369378394435353,0.06295048814000667,1563,2.0,0.0,13.719999999999997
849600,364,41,209,1,0,154,0.738553169397218,0.06341457501188384,1563,2.0,0.0,13.90592790513988
849700,357,34,206,0,1,150,0.7404427864584129,0.06273251105690189,1564,2.0,0.0,14.78129246483448
849800,374,35,203,0,0,171,0.7397616156157175,0.06306459121710546,1564,2.0,0.0,13.719999999999997
849900,367,39,204,0,0,163,0.7404237098021905,0.06268809182932922,1564,5.0,1.0,28.11169369230347
850000,367,36,208,0,0,159,0.7398178999693786,0.06295702277418716,1564,10.0,0.0,72.44515872007572
850100,361,38,214,0,3,144,0.7420573621612387,0.06347079217170246,1565,4.0,0.0,30.16085553331058
850200,360,46,207,0,2,151,0.743771085116443,0.06377502067284604,1565,3.0,0.0,21.212043429578706
850300,363,36,206,0,2,155,0.7447446805869866,0.06353833537819867,1565,3.0,0.0,23.509141437734275
850400,365,42,210,0,1,154,0.74737923706071,0.06379454426606466,1565,2.0,0.0,13.719999999999997
850500,363,39,210,0,1,152,0.7474426492702302,0.06403263166066098,1565,11.0,1.0,76.8117112452568
850600,364,36,202,1,1,160,0.7486114469117501,0.06471373947125095,1565,7.0,2.0,38.8806919805211
850700,369,33,207,1,1,160,0.7496932220833351,0.06516510886518352,1565,3.0,0.0,24.42174509288248
850800,369,38,207,1,1,160,0.7445809748195157,0.0661184692809655,1565,4.0,1.0,20.63965648690563
850900,361,42,203,1,0,157,0.7467782343199537,0.0664359989653283,1565,4.0,1.0,23.34382155859877
851000,372,34,205,0,0,167,0.7451083878782296,0.06667878237386499,1566,3.0,0.0,21.702848774283698
851100,365,42,211,2,0,152,0.744583511281384,0.06755853708766793,1566,4.0,2.0,15.489027982490493
851200,357,46,203,2,1,151,0.7459180572155054,0.06761534207502179,1566,3.0,0.0,21.34921118013352
851300,356,42,198,1,1,156,0.7455195546895036,0.06727237617935611,1566,4.0,1.0,22.04398917472606
851400,369,39,206,1,0,162,0.7475808664626601,0.06723680220732564,1566,3.0,1.0,15.1642391869686
851500,374,39,207,0,2,165,0.745505840020456,0.06742848776241357,1566,8.0,1.0,52.421758329100214
851600,369,44,213,0,0,156,0.7443590334991583,0.06739907381285133,1566,4.0,1.0,22.02972895699113
851700,362,35,204,2,1,155,0.7457236154521865,0.06788451380444818,1566,5.0,0.0,36.925143132491705
851800,363,43,207,0,2,154,0.7462413156599714,0.06781193835888831,1566,0.0,0.0,0.0
851900,366,39,200,1,0,165,0.7460307241839759,0.06809915658230806,1566,10.0,2.0,57.51968817315502
852000,376,41,197,1,1,177,0.7465578623768857,0.06808871528036715,1566,6.0,1.0,36.959585999669564
852100,353,52,185,2,1,165,0.7464207350963854,0.06912424972278577,1565,2.0,1.0,8.449755601549658
852200,365,45,194,1,1,169,0.7470118643034961,0.06997262364778117,1565,7.0,0.0,53.789711229339545
852300,361,38,202,1,0,158,0.7494837188457991,0.06959872581232922,1565,3.0,0.0,24.556128746727637
852400,365,49,193,1,1,170,0.7517093531319314,0.07025411109461897,1566,7.0,1.0,46.86088253139846
852500,355,41,205,0,2,148,0.7526454222136837,0.07053247838314354,1566,1.0,0.0,6.906229895736047
852600,343,40,190,0,1,152,0.7514293574422303,0.07079731056835195,1567,4.0,0.0,29.821700711396563
852700,369,37,203,1,1,164,0.7493962693901493,0.07089510249110327,1568,5.0,1.0,32.098458618423365
852800,359,49,199,2,1,157,0.7486165762150083,0.06982874503888611,1568,3.0,1.0,14.126309404027648
852900,374,37,206,0,1,167,0.7496093988446395,0.07012397628060518,1568,7.0,3.0,28.59983047665481
853000,370,40,212,2,0,156,0.7483370721726296,0.0706268902558905,1568,3.0,0.0,22.37935084711239
853100,363,42,197,1,0,165,0.7487417658024332,0.07105193048484654,1568,4.0,1.0,23.651834304716505
853200,363,47,207,2,0,154,0.748039685935421,0.0717146355652271,1569,6.0,1.0,37.81865136002178
853300,356,40,205,1,0,150,0.7459599011526019,0.0717643195743558,1569,1.0,0.0,7.171934983317557
853400,372,41,205,0,0,167,0.7467036490945377,0.07222248488573701,1569,7.0,1.0,41.81584143281717
853500,361,40,209,0,0,152,0.7445642590065801,0.07250710015952483,1570,8.0,1.0,49.92753824309781
853600,359,48,197,1,0,161,0.7461669310478715,0.07228765035635752,1570,4.0,1.0,20.628792985006875
853700,367,41,211,2,1,153,0.7466778448952924,0.07205653819299657,1570,7.0,1.0,42.35129397520108
853800,370,43,212,2,0,156,0.7449188376091023,0.07289841300459068,1571,7.0,0.0,49.15534911509232
853900,372,37,209,1,1,161,0.7464420182740358,0.07305988242552275,1571,4.0,0.0,27.936961348228916
854000,370,39,208,0,2,160,0.7442747958731976,0.07270020693257967,1571,6.0,1.0,36.384891544775336
854100,357,48,210,0,1,146,0.7454623927101799,0.07307488887741112,1570,4.0,0.0,27.883177188233027
854200,357,39,210,0,1,146,0.7447825615109654,0.07359422988383854,1570,5.0,0.0,35.28124033545499
854300,367,44,204,1,1,161,0.7448043293338116,0.07386874441692227,1570,14.0,1.0,92.37399324393229
854400,348,50,194,1,1,152,0.7456979053096721,0.07423709687421726,1570,15.0,0.0,106.62058980485176
854500,355,36,193,1,0,161,0.7465569528343803,0.07499223702492734,1570,7.0,2.0,35.72463319154336
854600,360,41,206,1,1,152,0.7487774014776396,0.07531198467339552,1570,7.0,0.0,49.99411383503205
854700,361,40,196,2,0,163,0.7501907484205838,0.07609246633867763,1569,5.0,1.0,27.903058781669912
854800,368,41,198,1,1,168,0.7494444110354107,0.07581340179677014,1569,4.0,0.0,29.750473301335052
854900,373,45,205,1,2,165,0.7501840592364204,0.07564521067034684,1570,4.0,0.0,29.51866260828094
855000,359,43,207,0,0,152,0.7491341826613417,0.07563305214610216,1570,4.0,0.0,28.223166977162222
855100,365,41,219,0,0,146,0.749873431491283,0.07558746809158016,1570,2.0,0.0,14.157525980574599
855200,355,47,207,0,1,147,0.750745036435383,0.0758316234169732,1571,5.0,1.0,28.61920529412153
855300,353,42,202,0,0,151,0.7483748480761302,0.07610616722393278,1571,2.0,0.0,13.957504014250052
855400,369,46,219,0,0,150,0.7483139054570107,0.07668046254555184,1572,8.0,0.0,59.1257965709096
855500,362,41,205,1,0,156,0.7507649227900678,0.0766951579554286,1572,6.0,0.0,41.86857954397911
855600,362,38,207,1,1,153,0.7492093150472207,0.07679458115304562,1572,3.0,0.0,20.923166796107232
855700,358,39,204,1,2,151,0.7493040114433365,0.0768844347361653,1572,6.0,0.0,42.29186698069101
855800,361,44,210,0,1,150,0.7512157025116447,0.07724197791426132,1573,2.0,0.0,14.860134353684776
855900,363,46,212,0,0,151,0.7516786640627386,0.07778465975391936,1573,4.0,1.0,23.0335096092102
856000,365,45,209,0,1,155,0.7526573527627013,0.07844546162233776,1573,5.0,0.0,37.22782351018711
856100,351,45,199,1,0,151,0.7556174607402725,0.07898024243679898,1573,3.0,1.0,14.372072116394284
856200,366,41,206,0,0,160,0.7562806346804909,0.07905479554964331,1573,5.0,0.0,37.03440276401379
856300,362,43,212,0,1,149,0.7605448444843057,0.07973357610503043,1573,4.0,0.0,30.84298043307195
856400,360,45,205,0,1,154,0.7611530997477022,0.08018073155019804,1573,1.0,0.0,7.385748069575874
856500,360,40,209,0,1,150,0.7591386484881715,0.08029294694509241,1573,6.0,0.0,44.22567321079272
856600,352,47,205,0,0,147,0.7567956506675251,0.08040479525258963,1574,2.0,0.0,13.888733109309952
856700,352,48,207,0,0,145,0.7572857267785182,0.08007098019484257,1574,7.0,2.0,40.633655655002144
856800,360,39,205,0,0,155,0.7595710164965046,0.08080209223256908,1574,6.0,0.0,48.44270331273694
856900,375,44,210,0,0,165,0.756519430049404,0.08049196770765828,1574,1.0,0.0,7.514620424554522
857000,361,40,206,0,0,155,0.7559216500739563,0.08058470737388534,1574,4.0,0.0,29.898354422671105
857100,367,45,203,0,1,163,0.7553315477841359,0.080404714366911,1575,0.0,0.0,0.0
857200,378,33,213,0,1,164,0.7553227422644733,0.08028405138551307,1575,3.0,1.0,14.066132186992977
857300,370,40,207,1,0,162,0.7536563783239548,0.08066116605753698,1575,4.0,0.0,29.372050350123406
857400,359,46,203,1,0,155,0.7516628606602165,0.08147613754644394,1575,5.0,1.0,31.149661044933495
857500,355,40,205,0,0,150,0.7533310066699487,0.08192169729464499,1575,3.0,0.0,21.259306163628267
857600,355,44,211,1,0,143,0.7549301913741792,0.08145983497630821,1575,8.0,3.0,36.767882860561066
857700,358,35,206,1,0,151,0.7514640451406901,0.08161508660481562,1576,5.0,0.0,36.54891959137511
857800,360,47,209,0,0,151,0.7515224725685183,0.0810861326994157,1576,1.0,0.0,10.142246944926002
857900,377,36,221,1,2,153,0.7499918552738967,0.08132380910880582,1576,7.0,0.0,51.74604968501232
858000,363,39,209,0,0,154,0.750879244581897,0.08135049761114393,1576,6.0,1.0,35.37510966939643
858100,360,43,206,0,0,154,0.7539177884260986,0.08087213725252575,1577,5.0,0.0,37.6195760091169
858200,353,39,198,0,0,155,0.7515150910954954,0.08145207350065593,1577,3.0,0.0,20.913985299951925
858300,351,42,198,1,0,152,0.7516013300714628,0.0820423962779224,1577,4.0,0.0,30.501914078121374
858400,356,42,200,1,0,155,0.7493878528748418,0.0820144701734761,1578,4.0,0.0,29.86417555490666
858500,369,36,213,1,0,155,0.7499224580278657,0.08194580355601189,1578,4.0,0.0,30.629109667590058
858600,377,48,220,0,0,157,0.7517543834007445,0.08246988869397076,1578,4.0,0.0,27.93797265285336
858700,371,38,212,0,1,158,0.7509798541865212,0.08234242762071886,1578,7.0,2.0,38.51360221287719
858800,361,35,217,0,0,144,0.7522770815645109,0.08232220300319636,1579,3.0,0.0,23.304509329495865
858900,358,46,206,0,1,151,0.7521118463528674,0.08198988511765101,1579,2.0,0.0,13.83170808747677
859000,361,42,208,1,0,152,0.7506192148910262,0.08173518299963643,1579,3.0,0.0,22.113250410436773
859100,361,43,207,0,0,154,0.7512380299931531,0.08139322676067036,1580,3.0,0.0,24.119324381491253
859200,364,45,209,0,0,155,0.7518054494672097,0.08186119192415024,1580,6.0,1.0,37.42337982383705
859300,356,40,202,0,0,154,0.7555558836761108,0.08187100047772708,1581,9.0,2.0,49.78929209096452
859400,350,39,197,0,1,152,0.7583960057787092,0.0817598666209728,1581,8.0,2.0,44.29312831780563
859500,364,40,204,1,0,159,0.7588441747954843,0.08189228541718163,1581,7.0,1.0,45.30988336201682
859600,375,38,212,2,1,160,0.758886297787358,0.08191055541367456,1581,6.0,0.0,44.66994893761078
859700,368,35,209,1,0,158,0.758163622966925,0.08152373977934832,1582,4.0,1.0,22.468626481421218
859800,359,41,205,0,2,152,0.7577339921589109,0.08157153788346592,1582,9.0,0.0,66.43312558244368
859900,368,42,211,1,0,156,0.7552771024605797,0.08052962168645846,1582,5.0,1.0,28.975855035378043
860000,354,53,205,0,0,149,0.7538896759061435,0.08021838885357369,1582,2.0,0.0,14.620845571406223
860100,358,40,210,1,1,146,0.7580114059904574,0.0798264962796174,1582,4.0,0.0,32.436173886605346
860200,370,42,224,1,1,144,0.7582910137295941,0.07962433058182149,1583,3.0,0.0,21.846904089588133
860300,363,48,216,0,1,146,0.7580454290752738,0.0799606452451997,1583,4.0,0.0,33.43261183779457
860400,356,35,207,0,1,148,0.7609537459694606,0.07956854962090988,1584,4.0,1.0,21.776506095085537
860500,360,41,207,0,1,152,0.7626620399585742,0.0797512006716488,1584,3.0,0.0,21.896325212864046
860600,354,55,205,0,0,149,0.7664740888606786,0.08077493111112315,1584,3.0,0.0,22.858263602716313
860700,351,42,199,1,1,150,0.7646900236355149,0.08022890127299091,1583,1.0,0.0,7.340443086474801
860800,353,44,193,0,0,160,0.7656093903240216,0.08102514503316362,1583,7.0,1.0,44.60956464737277
860900,360,40,199,0,0,161,0.7677659393608876,0.08021455685297263,1584,7.0,1.0,48.63264791768794
861000,357,46,208,0,0,149,0.7648867173346224,0.08092095528558763,1584,8.0,2.0,45.56238293642718
861100,362,46,210,1,0,151,0.7661304083411896,0.08179058873719125,1585,7.0,1.0,42.17869666309278
861200,361,43,211,3,1,146,0.7642895707760392,0.08287899388770567,1585,4.0,1.0,23.098773660995796
861300,369,40,211,4,0,154,0.7623455055466832,0.08260905449668016,1585,4.0,1.0,23.35238853187598
861400,365,39,213,2,2,148,0.7622603293459668,0.08190425937458258,1586,6.0,1.0,35.88294270191447
861500,367,43,208,2,1,156,0.7624948493374902,0.08170261344221875,1586,4.0,1.0,22.546470701557936
861600,366,43,197,1,1,167,0.7636850982229924,0.08153982165431084,1586,3.0,0.0,23.332383545593828
861700,375,45,204,1,2,168,0.760749080517255,0.08193488418158491,1587,2.0,0.0,15.858070719204434
861800,347,35,184,1,2,160,0.7589031595673994,0.082246037184747,1587,2.0,0.0,15.099149533272572
861900,361,42,198,0,0,163,0.7573370430003539,0.0826973235808767,1588,2.0,0.0,16.299774627935523
862000,355,46,200,0,1,154,0.7574889848568767,0.0826457238402038,1588,3.0,1.0,14.732031605165613
862100,376,43,206,0,2,168,0.7569468338373536,0.08226542855956842,1588,2.0,0.0,15.617574255104559
862200,372,46,211,1,1,159,0.7574997206274865,0.08180650227365562,1589,1.0,0.0,7.371210500369755
862300,378,40,217,0,0,161,0.7573208491286797,0.08204022969459279,1590,3.0,2.0,7.527278263954917
862400,364,44,216,0,0,148,0.7577897067830811,0.08146218959039958,1590,4.0,0.0,29.340281105174057
862500,355,38,211,0,0,144,0.7579674385610837,0.08143406326669547,1589,2.0,0.0,15.466516449018048
862600,354,37,204,1,0,149,0.7608191470584268,0.08089790048221156,1589,0.0,0.0,0.0
862700,366,39,203,1,0,162,0.7599934531517071,0.08122086756638698,1590,1.0,0.0,7.884045815333932
862800,365,45,203,0,0,162,0.7602903484905724,0.0814416263851959,1590,0.0,0.0,0.0
862900,351,36,190,0,0,161,0.7588808524938825,0.08110268857806659,1591,1.0,0.0,7.537856343947995
863000,362,40,196,0,0,166,0.7578231871406782,0.08172979949383931,1591,1.0,0.0,7.8974738618770095
863100,348,45,198,0,0,150,0.758074270934214,0.0818024766276458,1591,4.0,1.0,22.004889214628246
863200,359,38,198,0,0,161,0.7611386044223537,0.08144173345609282,1591,1.0,0.0,6.8599999999999985
863300,356,38,204,0,0,152,0.7611969834804115,0.08180300454451297,1591,0.0,0.0,0.0
863400,364,34,198,0,0,166,0.7609218782729489,0.08209556085803803,1592,3.0,0.0,23.248227990424603
863500,364,48,205,0,0,159,0.7613037461901063,0.08187712732834025,1592,3.0,0.0,21.607441593384593
863600,375,34,215,0,0,160,0.760049799931667,0.08167150847248891,1592,1.0,0.0,6.8599999999999985
863700,368,37,226,0,0,142,0.7569768089451765,0.08128831274538909,1592,0.0,0.0,0.0
863800,351,40,198,0,1,152,0.7539233777422294,0.08075823502024522,1592,2.0,0.0,14.108265631679199
863900,358,37,198,0,0,160,0.7538864361656087,0.08034144305392013,1592,1.0,0.0,8.51081905866255
864000,354,46,194,0,1,159,0.7543921373449157,0.08056496093135151,1592,3.0,0.0,22.064291151941525
864100,355,49,204,0,0,151,0.7561814005734562,0.07983624967731867,1593,1.0,0.0,6.8599999999999985
864200,372,41,214,0,0,158,0.7559819357209825,0.08007010971745605,1594,3.0,0.0,23.75227250895729
864300,371,41,222,0,0,149,0.7570158823404457,0.07964501716299113,1594,2.0,1.0,7.848621899288832
864400,371,42,219,0,0,152,0.757192351170232,0.07923079977291574,1593,4.0,0.0,28.216430251778466
864500,358,46,205,1,0,152,0.7571200265043678,0.07879434569477464,1592,1.0,0.0,7.255204658962757
864600,354,42,206,0,0,148,0.7591198836621315,0.07830919893477542,1593,1.0,0.0,7.733566761559742
864700,369,38,216,0,0,153,0.7597908662172499,0.0787529048744294,1593,3.0,0.0,21.95689336189702
864800,360,43,205,0,0,155,0.760228301192435,0.07776264585402681,1593,0.0,0.0,0.0
864900,361,40,202,0,1,158,0.7608078701211205,0.07730298296627773,1593,1.0,0.0,6.8599999999999985
865000,350,39,213,0,0,137,0.7610106384328508,0.07718667178766214,1593,4.0,0.0,32.633363155593244
865100,345,38,197,0,0,148,0.7627358147341117,0.07671370892796131,1593,10.0,2.0,70.10402049743496
865200,366,36,210,0,1,155,0.7627932060062871,0.0765238533840663,1593,7.0,0.0,52.499550064997884
865300,364,42,199,0,1,164,0.7630955517978409,0.07577135834430676,1593,3.0,0.0,20.8598770488952
865400,365,45,199,0,1,165,0.765068953105237,0.0758855781354201,1593,3.0,0.0,21.184329790789175
865500,360,43,205,0,1,154,0.7618137790584737,0.07569993429679488,1592,1.0,0.0,6.8599999999999985
865600,361,38,200,0,1,160,0.759662440728157,0.07588908652831057,1592,3.0,0.0,24.363859194376314
865700,357,41,205,0,1,151,0.7576641907019271,0.07629442650166068,1592,2.0,0.0,13.719999999999997
865800,369,41,207,0,0,162,0.7575274982737102,0.07626239417685363,1591,7.0,0.0,51.58099879747856
865900,361,40,202,0,0,159,0.7548061398805348,0.0761746959430948,1591,4.0,0.0,33.02323047272238
866000,371,40,208,1,0,162,0.7531443466613126,0.0761918156311487,1591,14.0,3.0,89.07857442415597
866100,375,38,214,1,3,157,0.7546982211203904,0.07645850623681157,1592,5.0,0.0,41.161511951447764
866200,370,41,200,0,4,166,0.7521332276005779,0.07686749857520744,1592,5.0,0.0,35.97621730842157
866300,348,49,198,0,2,148,0.7532023610323569,0.0772126210268084,1592,3.0,0.0,23.635509582590593
866400,356,35,185,0,0,171,0.7517911388178142,0.07628798136923977,1592,4.0,0.0,28.197363891522084
866500,362,43,202,0,1,159,0.7517215015980457,0.07637055116964024,1593,5.0,1.0,27.78917286532537
866600,361,42,207,0,2,152,0.7514836568127357,0.07534576966041434,1593,4.0,0.0,28.00566774014003
866700,364,38,215,0,3,146,0.7484608554709032,0.07411066404284547,1592,14.0,4.0,72.6586954951799
866800,363,38,213,0,1,149,0.7494997197101285,0.07377048224461037,1592,5.0,1.0,29.626119083933688
866900,369,43,207,1,1,160,0.7460410814349224,0.07439736451577766,1593,3.0,0.0,21.075699401471084
867000,356,53,211,0,2,143,0.7443905242113688,0.07348129460118699,1593,0.0,0.0,0.0
867100,364,43,206,1,0,157,0.7454976927479269,0.0720274876462377,1593,7.0,2.0,37.87286263570478
867200,369,36,211,2,0,156,0.7474440135763742,0.07148619381168066,1593,2.0,0.0,15.906450885259284
867300,367,34,201,2,0,164,0.7495317939559744,0.07145123932449403,1593,0.0,0.0,0.0
867400,375,42,213,1,0,161,0.7523529888863324,0.07122449316433313,1593,1.0,0.0,7.9111527986968655
867500,373,37,223,1,0,149,0.7513567383058788,0.07068894317603786,1594,2.0,1.0,6.8599999999999985
867600,358,43,210,1,0,147,0.7506212677979817,0.07076212205548447,1594,3.0,0.0,20.631891979355235
867700,363,35,212,0,0,151,0.7541516545166926,0.0706057610093184,1594,4.0,0.0,29.484701231738544
867800,363,40,207,0,0,156,0.7538213633529076,0.06978303223581217,1594,2.0,0.0,15.133591828600363
867900,361,41,209,0,0,152,0.7545699323597602,0.06963880649046912,1594,2.0,0.0,16.5048994235572
868000,366,33,208,0,0,158,0.7543954320104094,0.06979067147803723,1594,1.0,0.0,6.8599999999999985
868100,366,38,206,0,0,160,0.7519167793267197,0.0693168273757437,1594,2.0,0.0,16.678218242027945
868200,355,47,210,0,0,145,0.7492070706503808,0.06795336887682672,1593,0.0,0.0,0.0
868300,377,39,231,0,0,146,0.7498340619672805,0.06778541502561529,1594,1.0,0.0,8.142650216044197
868400,369,40,221,0,0,148,0.7473537567719816,0.06759325685988848,1595,0.0,0.0,0.0
868500,377,35,217,0,0,160,0.7447885535588081,0.06690767964422402,1595,1.0,0.0,6.8599999999999985
868600,358,38,205,0,0,153,0.7470812634861486,0.06726204534272104,1595,2.0,0.0,14.221018917751394
868700,360,40,206,0,1,153,0.7477766266398169,0.06665319886098615,1595,4.0,0.0,28.176354152757437
868800,360,40,209,0,0,151,0.7489378832349344,0.06671294082039199,1594,1.0,0.0,7.351449566804719
868900,369,46,212,0,0,157,0.7497457356048881,0.06700403582501883,1595,0.0,0.0,0.0
869000,367,41,217,0,0,150,0.7483776173092846,0.06804610247848965,1595,1.0,0.0,6.8599999999999985
869100,360,47,210,0,0,150,0.75001366992838,0.06836653018557153,1595,2.0,1.0,6.892097130989713
869200,364,38,206,1,0,157,0.7484424830686044,0.06766867724498916,1596,2.0,0.0,13.719999999999997
869300,358,34,208,0,0,150,0.7446627978382194,0.06729519720871983,1596,1.0,0.0,7.220790885681587
869400,368,41,220,0,0,148,0.7456431819890631,0.06645313372426549,1596,1.0,0.0,7.991557258889154
869500,370,41,216,0,0,154,0.7476169022085483,0.06596030739135586,1597,0.0,0.0,0.0
869600,370,37,204,0,1,165,0.7493974182720214,0.0654654383590296,1597,1.0,0.0,7.991557258889154
869700,361,43,203,0,0,158,0.7481733594757289,0.06517054891155045,1597,1.0,1.0,0.0
869800,357,37,209,0,0,148,0.7463046310398231,0.06511216211840633,1597,3.0,0.0,20.77321055164995
869900,365,40,209,0,0,156,0.7472020177467048,0.06475366191115994,1598,2.0,0.0,15.85780011467562
870000,364,36,214,0,0,150,0.7508312695847208,0.06573229964513434,1598,1.0,0.0,6.8599999999999985
870100,368,46,208,0,1,159,0.7534381381915062,0.06669406489765078,1599,0.0,0.0,0.0
870200,365,41,211,0,0,154,0.7538785075617731,0.06758957339416037,1599,2.0,0.0,14.263581494964605
870300,353,38,205,0,0,148,0.7537110989981481,0.06694154114498946,1598,0.0,0.0,0.0
870400,357,41,210,0,0,147,0.7576133819627491,0.06638003971686042,1597,1.0,0.0,7.016890108486265
870500,355,43,201,0,0,154,0.7599100870020215,0.06623998232214255,1597,1.0,0.0,7.732606757610224
870600,370,38,210,0,0,160,0.7602168514016964,0.0667120077275529,1597,0.0,0.0,0.0
870700,361,37,203,0,0,158,0.7609092417442418,0.06594258144442597,1597,5.0,1.0,29.594551627037102
870800,362,47,206,0,0,156,0.7613094337038836,0.06549776845265474,1598,1.0,0.0,8.06696692704647
870900,355,35,220,0,0,135,0.760042445628851,0.06491390931558741,1598,4.0,0.0,29.627893949286644
871000,363,38,204,1,0,158,0.75782556325653,0.06529502461075404,1598,4.0,0.0,28.16794624657191
871100,369,39,202,1,0,166,0.754922824245808,0.06588815259449464,1598,5.0,1.0,30.0846775948911
871200,366,43,201,0,1,164,0.755743935579798,0.06512798010020307,1599,1.0,0.0,8.45453577264013
871300,357,35,217,0,0,140,0.7568849500932868,0.06516558258289025,1598,1.0,0.0,7.163377015192251
871400,349,38,207,1,0,141,0.7562080168068811,0.0648044691576075,1598,1.0,0.0,7.750173080666674
871500,364,47,226,1,0,137,0.7554971593182328,0.06439034550455291,1599,0.0,0.0,0.0
871600,378,38,227,0,0,151,0.7552199516619232,0.06487907608641251,1600,2.0,0.0,14.899498055617464
871700,384,42,239,0,0,145,0.7559756682511624,0.06537726506667045,1600,0.0,0.0,0.0
871800,368,42,230,0,0,138,0.7566638716736248,0.06474896900655365,1600,4.0,0.0,30.720874145078355
871900,358,38,223,0,0,135,0.7533672430119344,0.0646055927391658,1600,0.0,0.0,0.0
872000,349,35,209,0,0,140,0.7538168187101051,0.06442422968637453,1600,0.0,0.0,0.0
872100,359,40,198,0,1,160,0.7538320130183512,0.06356686903891404,1601,1.0,0.0,7.327073710487888
872200,356,38,195,0,0,161,0.754393582814268,0.0634886292258523,1602,1.0,0.0,8.583735713957832
872300,372,50,208,0,0,164,0.7549859211402234,0.06428513439478852,1602,0.0,0.0,0.0
872400,367,42,218,0,0,149,0.7560466533615356,0.06477446933428739,1602,3.0,0.0,22.171334517220803
872500,365,42,213,0,0,152,0.7537985359875129,0.06484092485810518,1603,1.0,0.0,7.12254352697946
872600,363,42,210,0,0,153,0.7528559128094731,0.0651267066783911,1603,1.0,0.0,6.943076402852541
872700,355,41,204,0,1,150,0.7552579817331889,0.06488228770071777,1603,1.0,0.0,8.278923228302238
872800,346,41,208,0,0,138,0.7573420076496925,0.06526276581557079,1604,0.0,0.0,0.0
872900,366,41,206,0,0,160,0.757290202801576,0.06572615858122369,1604,2.0,0.0,13.719999999999997
873000,362,47,196,0,0,166,0.7565405378847495,0.06471355483960016,1604,2.0,1.0,8.260131537694058
873100,358,40,196,0,0,162,0.7605996701672431,0.06474378018973881,1604,0.0,0.0,0.0
873200,366,37,213,0,0,153,0.762416280598232,0.06538670603332139,1604,3.0,0.0,22.505838309838367
873300,369,40,211,0,0,158,0.759244668890743,0.06523123017616358,1605,1.0,0.0,6.8599999999999985
873400,367,42,215,0,0,152,0.7573129139051581,0.06467261681008582,1605,1.0,1.0,0.0
873500,365,42,216,0,1,148,0.7558594625073538,0.06371198834093111,1605,0.0,0.0,0.0
873600,357,44,211,0,0,146,0.7559597948986635,0.06390315467587918,1605,0.0,0.0,0.0
873700,367,40,210,1,0,156,0.7553966269353989,0.06294194097654468,1605,1.0,0.0,6.8599999999999985
873800,361,40,214,1,0,146,0.75711003981609,0.062210156755607524,1606,0.0,0.0,0.0
873900,367,47,212,0,0,155,0.7592527271936409,0.062351913565817714,1607,2.0,0.0,14.344492914941064
874000,367,43,218,0,0,149,0.755294301513403,0.06194418053863054,1607,1.0,0.0,6.939676707992141
874100,365,48,213,0,0,152,0.7520936675132394,0.0629733399087261,1607,0.0,0.0,0.0
874200,362,34,207,0,0,155,0.7558172742490942,0.06422136543730549,1607,2.0,0.0,15.647338885244078
874300,365,40,202,0,0,163,0.7570696719688291,0.0642944324859371,1606,0.0,0.0,0.0
874400,356,39,202,0,0,154,0.7561955359868748,0.06368001262239778,1607,2.0,0.0,14.953515665575697
874500,352,40,187,0,0,165,0.7558502802612588,0.06354373402475709,1607,2.0,0.0,13.719999999999997
874600,362,45,201,0,0,161,0.7536840432716914,0.0636233187220818,1607,0.0,0.0,0.0
874700,351,50,185,0,0,166,0.753423701926886,0.06336687761658745,1608,2.0,0.0,15.623353769370642
874800,355,44,192,0,0,163,0.7536905180799962,0.06323993640449696,1608,1.0,0.0,7.6055202631202246
874900,366,41,195,0,0,171,0.7517936234026525,0.06279711294974523,1608,0.0,0.0,0.0
875000,369,42,206,0,0,163,0.7512989580638274,0.0624470556923855,1607,0.0,0.0,0.0
875100,367,46,213,0,0,154,0.7498212404420397,0.06179053131740165,1607,0.0,0.0,0.0
875200,376,40,225,0,0,151,0.7481244607437144,0.06158886448213887,1608,2.0,0.0,14.001795059060061
875300,362,36,209,0,0,153,0.7479797353878587,0.061839952283256304,1607,1.0,0.0,7.042890106728585
875400,368,38,215,0,0,153,0.7511789351234965,0.06213886905825163,1608,2.0,0.0,14.854053997884531
875500,366,35,217,0,0,149,0.7507178275733388,0.06200166711450494,1609,0.0,0.0,0.0
875600,373,41,221,0,0,152,0.7492033784773773,0.06198043911536503,1609,0.0,0.0,0.0
875700,373,40,212,0,0,161,0.7485117777219992,0.06121681354845132,1610,0.0,0.0,0.0
875800,350,40,186,0,0,164,0.7494764216533186,0.06044981776838254,1610,0.0,0.0,0.0
875900,354,48,192,0,0,162,0.7491673203960972,0.06027096424406306,1609,3.0,0.0,20.579999999999995
876000,350,45,187,0,0,163,0.7535041332544082,0.060693644871835185,1609,2.0,0.0,15.352504454224036
876100,372,34,193,0,0,179,0.75452620877529,0.061212300398120874,1609,3.0,0.0,21.074219469543472
876200,369,40,204,0,0,165,0.753593895681384,0.06071163691730205,1609,2.0,1.0,7.038580632904521
876300,362,40,198,0,0,164,0.756986878242081,0.06042890476405394,1610,0.0,0.0,0.0
876400,368,34,206,0,1,161,0.7597270850068899,0.05982791887225418,1610,1.0,0.0,8.616378577941388
876500,363,39,203,0,0,160,0.7580300186472259,0.0595366647379923,1610,0.0,0.0,0.0
876600,358,43,202,0,0,156,0.7539823723292812,0.05892459969886744,1611,0.0,0.0,0.0
876700,362,37,202,0,0,160,0.7543018605382652,0.05882367122072738,1612,2.0,0.0,14.556751075949114
876800,366,40,208,0,0,158,0.7569744018248157,0.05858549515124299,1612,0.0,0.0,0.0
876900,369,36,207,0,0,162,0.75731805660574,0.05880351621032824,1612,1.0,0.0,6.8599999999999985
877000,376,36,211,0,0,165,0.7526541200521827,0.05804941537958802,1613,2.0,0.0,14.025838604956366
877100,370,39,210,0,0,160,0.7509301994955924,0.057794730412528965,1613,4.0,1.0,21.70131874405104
877200,358,42,194,0,0,164,0.7515336767155694,0.05890525248798568,1613,0.0,0.0,0.0
877300,352,44,200,0,0,152,0.7543861597540599,0.05995419558053721,1614,0.0,0.0,0.0
877400,351,36,198,1,0,152,0.7551763427577939,0.05961991122824418,1614,4.0,0.0,30.7161642651167
877500,367,41,214,0,0,153,0.7546726386368231,0.05997596529896574,1614,0.0,0.0,0.0
877600,360,46,208,0,0,152,0.7515263750771989,0.059468701815188235,1615,3.0,0.0,20.579999999999995
877700,359,40,195,0,1,163,0.7533781032173756,0.0601196559232754,1616,3.0,0.0,22.496042951099206
877800,369,38,212,0,0,157,0.7544453577885696,0.060313018981771584,1616,1.0,0.0,7.548461975517895
877900,361,41,199,0,1,161,0.7585291079793243,0.06075219935989597,1616,2.0,0.0,14.826492499103619
878000,370,41,217,0,1,152,0.7599494584784283,0.061001519145495585,1617,4.0,0.0,30.582865842232454
878100,365,39,218,0,1,146,0.7597234327186515,0.061239846327920566,1617,0.0,0.0,0.0
878200,369,43,217,0,0,152,0.7574136772462745,0.06094835902164841,1617,0.0,0.0,0.0
878300,362,42,210,0,1,151,0.7562555090800315,0.06096786085003877,1618,0.0,0.0,0.0
878400,366,41,209,0,1,156,0.7572920656278106,0.06139113407120633,1618,1.0,0.0,8.248824361021283
878500,350,42,208,0,0,142,0.7572270144422624,0.06141636759731085,1616,3.0,0.0,22.669228552026794
878600,352,38,199,0,0,153,0.7567839984582185,0.06266233667583156,1616,2.0,0.0,14.492130746829563
878700,359,42,200,0,0,159,0.756103662480433,0.06298448790307466,1616,0.0,0.0,0.0
878800,363,37,204,0,0,159,0.7588720304917909,0.062921075196584,1617,2.0,0.0,15.362274381495572
878900,369,45,203,0,0,166,0.7555225689170346,0.06325899739396294,1617,1.0,0.0,6.8599999999999985
879000,373,42,208,0,0,165,0.7545280518359233,0.06398671217278214,1618,0.0,0.0,0.0
879100,380,42,219,0,0,161,0.7547125691485188,0.06329392540081184,1618,1.0,0.0,6.8599999999999985
879200,358,43,222,0,0,136,0.754696667915042,0.06263417706915411,1618,1.0,0.0,7.470335040686504
879300,368,41,208,0,0,160,0.7578882300203166,0.06259770709669561,1619,1.0,0.0,8.32733478520116
879400,355,38,210,0,0,145,0.7584925905674681,0.06218321107348897,1619,4.0,1.0,22.927357358519203
879500,358,43,201,0,0,157,0.7560923290109218,0.06231021364070353,1620,3.0,0.0,22.022654063749854
879600,378,32,222,0,0,156,0.7571739856741453,0.06297730875355854,1620,1.0,0.0,7.017307358098527
879700,361,38,210,1,0,150,0.7629601468270515,0.06256353575792781,1620,0.0,0.0,0.0
879800,355,38,208,1,0,146,0.7639551344504447,0.061891857327937415,1620,4.0,1.0,20.818094435811215
879900,358,46,219,1,0,138,0.7634375880375079,0.061428405994692285,1620,5.0,0.0,36.726546080142604
880000,363,49,212,0,0,151,0.7661892639728187,0.060147732669153256,1621,1.0,0.0,8.710758986890383
880100,363,38,210,1,0,152,0.7664898738257753,0.05997916714160649,1621,5.0,0.0,36.3038906945265
880200,366,41,204,1,1,160,0.7624307009768075,0.05943484589237343,1621,5.0,0.0,34.76675909450365
880300,355,39,204,0,0,151,0.7606913824555909,0.05871028841729043,1621,2.0,0.0,15.751849377923413
880400,365,40,212,0,0,153,0.7606961042608185,0.05860491132394939,1621,0.0,0.0,0.0
880500,364,36,213,0,0,151,0.7608229587652074,0.05945523932210617,1621,8.0,0.0,56.13422670601493
880600,362,40,209,0,0,153,0.7599105646388834,0.059410937471291524,1621,2.0,0.0,15.371860691599473
880700,358,35,200,0,0,158,0.7584637602229252,0.059391206320966436,1621,0.0,0.0,0.0
880800,355,43,203,0,1,151,0.7565704775299709,0.058899726418163496,1622,0.0,0.0,0.0
880900,375,40,218,0,0,157,0.7568677999261988,0.05938106779810399,1622,0.0,0.0,0.0
881000,362,46,211,0,0,151,0.7575321615667618,0.05924250973369116,1622,0.0,0.0,0.0
881100,364,39,207,0,0,157,0.7548355106654564,0.059590635272810145,1622,0.0,0.0,0.0
881200,376,41,216,0,0,160,0.7533474033153857,0.05857129755450864,1623,3.0,0.0,20.579999999999995
881300,371,36,210,0,0,161,0.7541039903048626,0.059194086456098444,1623,6.0,0.0,44.38069753843149
881400,355,42,196,0,0,159,0.7513371065126767,0.05946030932725865,1623,2.0,0.0,14.529877032003567
881500,356,36,198,0,0,158,0.7510436529531025,0.06044582480789982,1623,1.0,0.0,6.893566761596257
881600,359,41,200,0,0,159,0.7526820623324807,0.06116654639217163,1624,3.0,1.0,14.800556817462859
881700,373,41,214,0,0,159,0.7544836255217391,0.0612042344236559,1624,4.0,0.0,27.75162950018357
881800,362,41,209,0,0,153,0.7568331321821025,0.06005810978310312,1624,0.0,0.0,0.0
881900,355,43,206,0,0,149,0.7538607726504364,0.059878354840441954,1625,0.0,0.0,0.0
882000,353,41,213,0,0,140,0.7521169230218383,0.05955371088158107,1625,1.0,0.0,7.049109549238924
882100,370,48,212,0,0,158,0.7510826267976592,0.0598782961573599,1624,0.0,0.0,0.0
882200,363,46,204,0,0,159,0.7490374978114372,0.059161146786080726,1624,1.0,0.0,6.8599999999999985
882300,367,39,198,0,0,169,0.7472835881137481,0.05881489480310657,1625,0.0,0.0,0.0
882400,368,39,203,0,0,165,0.7478969425085985,0.058793570866981455,1625,2.0,0.0,13.778850243362749
882500,371,43,207,0,0,164,0.7507126913227816,0.058383174192068316,1626,1.0,0.0,7.060011745918908
882600,372,40,210,0,0,162,0.7524532106913722,0.05834376944704812,1626,1.0,0.0,7.481800158036276
882700,368,33,205,0,1,162,0.7510878030847372,0.05731186068481021,1627,0.0,0.0,0.0
882800,367,47,211,0,0,156,0.7485820335758119,0.056999310625967504,1627,2.0,1.0,7.053920276659171
882900,350,46,207,0,0,143,0.747876423841599,0.055898549621183236,1626,0.0,0.0,0.0
883000,365,47,203,0,0,162,0.7463104723905546,0.05697920474232944,1627,1.0,0.0,6.8599999999999985
883100,369,45,204,0,0,165,0.7453231480759356,0.056177241264623895,1627,1.0,0.0,7.5609571666415025
883200,356,44,199,0,0,157,0.7463926324971419,0.05645895743678815,1627,0.0,0.0,0.0
883300,368,43,214,0,0,154,0.7444073801390105,0.05625944129483062,1626,1.0,0.0,7.370674070989945
883400,368,36,211,0,0,157,0.7431981991675548,0.056413216261330994,1626,3.0,0.0,21.783923639776802
883500,371,37,200,0,0,171,0.7439694517569042,0.05726047036512099,1626,4.0,0.0,27.685861073300355
883600,369,48,216,0,0,153,0.7444519497843458,0.05760173975088663,1627,4.0,0.0,27.913805741902884
883700,367,37,204,0,1,162,0.7455464307988492,0.0579915156963068,1627,1.0,0.0,7.43194339127436
883800,351,35,207,0,1,143,0.743705142304505,0.05910993081382123,1627,2.0,0.0,14.618500194601918
883900,366,46,203,0,1,162,0.7442308800853259,0.05821539902357866,1627,1.0,0.0,7.606336240599384
884000,354,41,206,0,0,148,0.7463060003695458,0.05829851171697086,1627,2.0,0.0,15.766817392565187
884100,365,35,199,0,0,166,0.7467017217763127,0.058944361028086575,1627,0.0,0.0,0.0
884200,363,42,202,0,0,161,0.7481583098712224,0.0590620806567306,1627,1.0,0.0,7.4155294031370955
884300,365,38,189,0,0,176,0.7505528193769254,0.058497065178603515,1627,1.0,0.0,8.664280722517123
884400,365,40,199,0,0,166,0.7521470993926725,0.05807538630122133,1627,4.0,0.0,29.327605538670742
884500,362,40,197,0,0,165,0.7516967970645079,0.05768786377222268,1627,2.0,0.0,14.339666192050702
884600,358,44,205,0,0,153,0.7535451996636467,0.05865878601849915,1627,0.0,0.0,0.0
884700,363,40,206,0,0,157,0.7520068730222603,0.060097372254954665,1627,1.0,0.0,7.760858281988291
884800,355,37,195,0,0,160,0.7527897728928414,0.059188332493273856,1628,2.0,0.0,13.988644747567706
884900,361,37,206,0,0,155,0.7533896938258975,0.059133257936129495,1628,1.0,0.0,7.073451948615068
885000,363,40,212,0,0,151,0.7545003785722395,0.05910242891633955,1628,6.0,0.0,45.02468181825403
885100,358,34,212,0,0,146,0.7566003270922786,0.05890866373795072,1628,3.0,0.0,21.465175991749092
885200,369,46,206,0,0,163,0.7555731348290328,0.058354076692111116,1628,1.0,0.0,6.8599999999999985
885300,373,42,203,0,1,169,0.7528203409368078,0.057901746610841846,1629,1.0,0.0,7.304470714710038
885400,363,42,214,0,1,148,0.7533351291497706,0.05908156824788815,1630,0.0,0.0,0.0
885500,356,42,203,0,0,153,0.7526334885799774,0.05858932014465922,1630,3.0,1.0,13.746206360943212
885600,369,39,214,0,0,155,0.7530207885759694,0.0573602708737695,1630,3.0,0.0,22.73573927374484
885700,361,40,213,0,0,148,0.7515527835145019,0.05697382481411301,1630,1.0,0.0,6.876503257039646
885800,368,47,217,1,0,150,0.7519841475748741,0.056971666980551755,1630,0.0,0.0,0.0
885900,366,40,217,0,0,149,0.752475362265663,0.05596975683819251,1630,2.0,0.0,16.280096176866774
886000,365,41,214,0,0,151,0.7529683201155515,0.05697351986082164,1630,0.0,0.0,0.0
886100,360,36,203,0,0,157,0.7533118386224823,0.0578055709977515,1630,2.0,0.0,14.988458153018833
886200,359,47,211,0,1,147,0.751025825675519,0.058465204098772865,1630,5.0,0.0,37.397157888407904
886300,365,39,218,0,0,147,0.7511988571955105,0.05824932830497507,1631,1.0,0.0,7.23966785376574
886400,366,38,217,0,1,148,0.7519439524811594,0.05901952531080684,1631,0.0,0.0,0.0
886500,373,43,210,0,1,162,0.7538411369495855,0.05880818057442084,1631,1.0,0.0,6.8599999999999985
886600,364,47,214,0,0,150,0.7524754285465504,0.05916219731613429,1632,2.0,0.0,14.915597178616732
886700,360,44,202,0,0,158,0.7517056622242293,0.06018628564209857,1632,4.0,0.0,32.653087079950495
886800,353,44,203,0,0,150,0.7521926843330135,0.0595741168927975,1632,2.0,0.0,15.10525805720555
886900,368,44,204,0,0,164,0.7527109487676529,0.05958602428068901,1632,0.0,0.0,0.0
887000,371,40,217,0,1,153,0.7539235999366293,0.05946568280228943,1633,3.0,0.0,20.729997775453896
887100,376,38,213,0,1,162,0.7533388699875693,0.059158678370792236,1633,1.0,0.0,7.763581375541691
887200,360,42,204,0,1,155,0.7520078631760337,0.05921016272548744,1630,2.0,0.0,15.122510613553185
887300,358,44,200,0,0,158,0.7533991563544925,0.05945250792444664,1630,2.0,0.0,15.92237858613105
887400,349,40,197,0,0,152,0.7528476891657359,0.05897500582527892,1630,4.0,0.0,31.85611723240825
887500,352,46,191,0,1,160,0.7508524288699525,0.05945341398642931,1629,0.0,0.0,0.0
887600,362,40,196,0,0,166,0.7507184576104554,0.05880193653706324,1630,0.0,0.0,0.0
887700,364,39,202,0,0,162,0.750682102834341,0.058337005424323414,1630,1.0,0.0,7.458610095666529
887800,363,34,199,0,0,164,0.7503685420889725,0.05790468604298058,1630,1.0,0.0,6.8599999999999985
887900,354,35,203,0,0,151,0.7489452618613125,0.057957951008051845,1630,2.0,0.0,14.084533810771317
888000,370,38,203,0,0,167,0.7492767123026068,0.0572988161288285,1631,1.0,0.0,6.8599999999999985
888100,365,35,207,0,0,158,0.7535890240308792,0.05687889433479086,1631,4.0,1.0,25.108575729005295
888200,370,42,207,0,0,163,0.7559653713052223,0.05703100207963007,1632,1.0,0.0,8.041601712167845
888300,371,42,222,0,0,149,0.7555438089144415,0.057408729832771,1632,2.0,0.0,13.719999999999997
888400,357,41,210,1,1,145,0.7545435456161416,0.05818643025223532,1632,1.0,0.0,6.980428198417444
888500,363,36,206,1,1,155,0.7524003684356873,0.05876996977869245,1632,2.0,0.0,14.780515433202108
888600,356,40,208,1,0,147,0.7512990716440012,0.05921472846571459,1632,2.0,0.0,15.445394195043377
888700,350,39,202,0,0,148,0.7510336434575687,0.058336753281042916,1633,1.0,0.0,6.8599999999999985
888800,373,37,219,0,1,153,0.7507829282875372,0.058248374620054125,1633,1.0,0.0,7.622237228733477
888900,372,43,217,0,1,154,0.748940834577722,0.058283331121721516,1633,1.0,0.0,6.8599999999999985
889000,365,36,214,1,0,150,0.7474986632536248,0.059287921590792596,1633,1.0,1.0,0.0
889100,368,47,214,1,0,153,0.7460887386675733,0.05975589871837573,1633,1.0,0.0,6.8599999999999985
889200,368,45,200,0,0,168,0.7468097525366396,0.059695481314601756,1633,2.0,0.0,14.022847556152994
889300,354,44,192,0,0,162,0.7469292375909671,0.058471606512377754,1633,0.0,0.0,0.0
889400,359,40,200,0,0,159,0.7482152393890116,0.058196969993072833,1632,0.0,0.0,0.0
889500,360,45,214,0,0,146,0.7479093393571691,0.05847987571711336,1632,1.0,0.0,6.8599999999999985
889600,368,37,220,0,0,148,0.7491094212348663,0.05809597631034822,1632,2.0,0.0,14.46037275153795
889700,363,36,215,0,0,148,0.750046933508548,0.05755680695470377,1632,7.0,0.0,53.75018648276731
889800,360,42,208,0,0,152,0.7511510356181904,0.05794690789167411,1633,3.0,0.0,22.863166969344416
889900,373,46,208,0,1,164,0.7510221437740636,0.05754015810306075,1633,3.0,0.0,22.808747788754868
890000,368,33,204,0,2,162,0.7543097112698881,0.056952141542339615,1634,3.0,1.0,13.933750201404452
890100,368,35,198,0,1,169,0.7555805094594996,0.05648536132580626,1634,3.0,0.0,24.280382312267974
890200,363,41,204,0,1,158,0.7560594685602313,0.05677964428066353,1635,4.0,0.0,27.562025225603186
890300,350,41,202,0,0,148,0.7569400458041167,0.05695820890295946,1635,0.0,0.0,0.0
890400,364,45,217,0,0,147,0.7536260224791207,0.056928850091525963,1636,3.0,0.0,20.761018918757824
890500,367,41,220,0,1,146,0.7550139525086683,0.05631623506754309,1636,4.0,0.0,27.69853034383528
890600,359,41,205,0,1,153,0.7554157454825304,0.055727079871338604,1636,1.0,0.0,7.219343721494181
890700,364,44,212,0,0,152,0.7516509937772251,0.05639944194071068,1636,2.0,0.0,13.719999999999997
890800,366,37,211,0,0,155,0.7505532850043102,0.0563430725820174,1636,4.0,0.0,35.493775894680276
890900,360,37,201,0,0,159,0.7497246272619994,0.056523801919714414,1636,2.0,0.0,13.719999999999997
891000,350,48,187,0,0,163,0.7494529789651775,0.055489581933905754,1636,1.0,0.0,7.80561643222371
891100,370,40,200,0,0,170,0.7485170263973464,0.05459805891141669,1636,1.0,0.0,6.8599999999999985
891200,366,42,193,0,0,173,0.7479435554741372,0.05361898625188449,1636,0.0,0.0,0.0
891300,360,49,202,0,0,158,0.7472615665012583,0.0528972604799071,1635,0.0,0.0,0.0
891400,360,40,216,0,0,144,0.7496598920116633,0.052326829255356554,1636,4.0,0.0,28.429800584921857
891500,371,38,228,0,0,143,0.748481409487837,0.05210526147953733,1636,0.0,0.0,0.0
891600,362,44,217,0,0,145,0.7504113792111162,0.05060762948941857,1636,1.0,0.0,7.402704741612951
891700,372,47,208,0,2,162,0.7506384895759867,0.049436181706094734,1636,2.0,0.0,13.719999999999997
891800,365,40,200,0,0,165,0.7500507918462636,0.05000105246068848,1635,4.0,1.0,22.273573315647308
891900,358,32,200,0,0,158,0.7512067541273179,0.049953835936406774,1636,4.0,0.0,28.851873500680487
892000,359,37,205,0,0,154,0.7521460844703973,0.049526942657311536,1636,0.0,0.0,0.0
892100,361,38,210,1,0,150,0.7511636536945109,0.04868487396800281,1636,1.0,0.0,7.809410519782886
892200,365,46,209,0,1,155,0.7521275773245104,0.04853641961002476,1636,4.0,1.0,22.22283046196341
892300,360,45,204,0,0,156,0.7513699804747455,0.0483501811745061,1636,3.0,0.0,23.612016212495085
892400,356,34,204,0,0,152,0.7519768998899155,0.04853084345970098,1637,1.0,0.0,6.8599999999999985
892500,365,44,212,1,0,152,0.7526557820050226,0.048314648671957394,1637,4.0,0.0,28.237968773132014
892600,356,43,200,0,0,156,0.751209332491437,0.047742336695874486,1637,5.0,0.0,38.174968966642595
892700,361,47,203,0,0,158,0.7499392240468776,0.04755191905827029,1637,2.0,0.0,14.29877343333741
892800,369,40,203,0,0,166,0.750246898191451,0.04846532294521496,1637,1.0,0.0,8.064178117025508
892900,366,32,196,0,0,170,0.7488299042810415,0.047969692518677845,1637,2.0,1.0,6.8599999999999985
893000,366,44,199,0,0,167,0.7495918423823333,0.0477897984119754,1637,3.0,1.0,14.666798316112834
893100,360,39,205,0,0,155,0.7517646213272176,0.04873111812129757,1638,0.0,0.0,0.0
893200,361,44,198,1,0,162,0.7533042029322768,0.049408176644380346,1638,2.0,0.0,14.918945737906203
893300,357,35,199,2,0,156,0.7570232059343646,0.049242503618424485,1639,5.0,2.0,22.072200632993844
893400,357,42,198,0,0,159,0.7568887145069704,0.04862881402039,1639,2.0,0.0,14.080057488421552
893500,361,40,198,0,0,163,0.7576384181816884,0.04978838164914156,1639,1.0,0.0,6.890960385345101
893600,371,43,208,1,0,162,0.7593276462368659,0.050588287395466155,1640,1.0,0.0,8.073852009982367
893700,362,41,210,1,1,150,0.7581127758732059,0.05071428256020652,1640,3.0,0.0,21.00208098930326
893800,354,38,205,1,0,148,0.7555684916636858,0.05037945876024672,1640,1.0,0.0,7.337347725797879
893900,363,38,210,1,0,152,0.7553064250729514,0.049346327710326245,1640,0.0,0.0,0.0
894000,369,41,203,1,0,165,0.757513354984088,0.049479593729225745,1640,1.0,0.0,8.550175658730941
894100,370,39,197,1,0,172,0.7611048143407266,0.0479969664001464,1640,1.0,0.0,7.773085610825511
894200,354,36,195,0,0,159,0.7640752103289618,0.04954826601949476,1640,2.0,0.0,14.175488057357668
894300,352,43,192,0,0,160,0.7638201734742693,0.048975996299091544,1640,1.0,0.0,7.790552895464972
894400,355,42,200,0,0,155,0.7606660129597711,0.049151393483169686,1640,3.0,0.0,21.57099875487414
894500,377,36,212,0,0,165,0.7588040086047081,0.04901361699706485,1640,1.0,0.0,6.8599999999999985
894600,366,35,211,0,0,155,0.7569474460835818,0.048834229553316816,1640,1.0,0.0,9.115132918911273
894700,359,36,203,0,0,156,0.7516698721096531,0.0479384537726224,1640,1.0,0.0,6.8599999999999985
894800,354,44,201,0,0,153,0.7501500595401718,0.04858609232149626,1640,1.0,0.0,7.381997710821399
894900,359,43,211,0,0,148,0.7493054218335661,0.04850192541566251,1640,5.0,0.0,39.32188481390554
895000,358,38,203,0,0,155,0.7504648222137292,0.049246149096771184,1640,3.0,0.0,23.38651132822116
895100,379,40,209,0,0,170,0.7496950613348916,0.048357262082359145,1640,2.0,0.0,15.342158246427271
895200,366,42,208,0,1,157,0.749640211200535,0.04838223265721255,1641,2.0,0.0,14.376497526794463
895300,370,42,208,0,1,161,0.752270867202464,0.04947354716514248,1641,0.0,0.0,0.0
895400,365,37,215,0,0,150,0.7526754839058132,0.04978903704711711,1641,0.0,0.0,0.0
895500,361,45,204,0,0,157,0.7539144696369158,0.05085239444055817,1641,0.0,0.0,0.0
895600,358,35,207,0,0,151,0.75350922794776,0.051226340241889504,1642,0.0,0.0,0.0
895700,353,34,196,0,0,157,0.7541200671421354,0.05110349472405593,1642,1.0,0.0,7.691164324935908
895800,360,37,199,0,0,161,0.7509934166651154,0.050703423305000515,1642,0.0,0.0,0.0
895900,357,37,201,0,0,156,0.7513029229849769,0.05123285656657246,1643,4.0,0.0,29.24595475779185
896000,370,40,203,0,1,166,0.748479466569662,0.051249639738489984,1643,0.0,0.0,0.0
896100,367,41,203,0,0,164,0.7470937799997802,0.052251222484877485,1644,1.0,0.0,7.377404804767497
896200,361,35,199,0,0,162,0.7493306218158107,0.05278260010154967,1644,2.0,0.0,14.440386501464763
896300,368,39,210,0,0,158,0.749489521461259,0.05373330839564031,1644,1.0,0.0,6.8599999999999985
896400,357,44,201,0,0,156,0.7478519436009925,0.05395306702223999,1644,5.0,1.0,29.23660081150505
896500,368,38,216,0,0,152,0.7485472523992284,0.05221591166001231,1645,0.0,0.0,0.0
896600,368,40,221,0,0,147,0.7482842988518184,0.05177508569365558,1645,5.0,1.0,30.194204988331567
896700,365,41,210,1,1,153,0.7510938294810771,0.05178033235526069,1645,1.0,0.0,7.14912075512662
896800,368,35,207,1,0,160,0.7520646331483114,0.051581923285289655,1645,3.0,0.0,20.579999999999995
896900,365,41,207,0,0,158,0.7524932464458068,0.05246681284045989,1646,0.0,0.0,0.0
897000,357,42,201,0,0,156,0.7502101095776649,0.05379737517776037,1647,2.0,0.0,15.246198031573462
897100,359,44,197,0,0,162,0.75076466079656,0.0541130097287013,1647,3.0,0.0,21.747652033650667
897200,369,41,206,0,0,163,0.7495144792149306,0.05388182180728716,1648,1.0,0.0,6.8599999999999985
897300,363,40,210,0,1,152,0.7499450869260933,0.053834412387020684,1649,3.0,0.0,22.3186001231897
897400,363,42,211,0,0,152,0.7501031476762914,0.053260430307926446,1649,2.0,0.0,14.235032115352148
897500,369,35,210,0,0,159,0.7495148020460997,0.05404918298297933,1650,4.0,0.0,29.01570210120376
897600,368,43,214,0,0,154,0.752891679696325,0.05368107214274522,1651,4.0,0.0,29.094241798581532
897700,363,41,209,0,0,154,0.7516882927204683,0.0543517919540712,1651,0.0,0.0,0.0
897800,349,41,202,0,1,146,0.7517983058562298,0.05495567192220294,1651,4.0,1.0,22.43888557663642
897900,348,38,200,0,0,148,0.7533926229145859,0.05504407564681182,1651,3.0,0.0,22.70102508632911
898000,378,30,202,0,0,176,0.7531085989005426,0.056454631276292376,1651,4.0,0.0,27.874833266501017
898100,372,39,205,0,0,167,0.7521145871485134,0.05668212188381498,1652,3.0,0.0,24.15339640088728
898200,361,36,190,0,0,171,0.7523390679318969,0.05698941845980533,1652,1.0,0.0,7.4940450985440075
898300,355,47,210,0,1,144,0.7503868606748693,0.05678147742727185,1652,1.0,1.0,0.0
898400,353,41,199,0,0,154,0.750178845849622,0.058040884441869015,1652,3.0,0.0,22.222713874924914
898500,365,43,204,0,0,161,0.750363091659581,0.05836986641173995,1652,2.0,1.0,7.796566523770021
898600,367,39,199,1,0,167,0.7515132989332475,0.05956413228289419,1652,4.0,0.0,28.834239626569786
898700,362,38,198,0,0,164,0.7500715546504644,0.059793806254175984,1652,1.0,0.0,7.646210729441534
898800,356,46,205,0,1,150,0.7499879389299676,0.06083870773614703,1653,2.0,0.0,16.02450518290886
898900,375,40,218,0,1,156,0.7494711124695862,0.0620974857003179,1653,2.0,1.0,7.405435850906546
899000,364,42,202,0,0,162,0.7495570891094657,0.06263604425138196,1653,1.0,0.0,6.8599999999999985
899100,363,38,196,0,0,167,0.7520756748314926,0.06287605382279739,1654,3.0,0.0,22.276698972022984
899200,359,43,199,1,0,159,0.7537799735017752,0.06272135306101771,1654,0.0,0.0,0.0
899300,369,39,195,0,0,174,0.7523252603174402,0.061492720502533585,1654,1.0,0.0,8.358670811385101
899400,366,42,202,0,0,164,0.7520640469111259,0.0611272158874086,1655,1.0,0.0,8.950757288542404
899500,355,38,194,0,0,161,0.7508679440358178,0.061238284371536014,1655,2.0,0.0,13.973455986989297
899600,367,35,215,0,0,152,0.749819655294525,0.06146441288486423,1655,4.0,0.0,31.99882533789783
899700,356,45,202,0,0,154,0.7514457871328732,0.060782191532390874,1655,4.0,1.0,24.669246821904267
899800,367,40,206,0,0,161,0.7500751676946831,0.05967204988964773,1656,3.0,0.0,22.57929713005691
899900,371,43,208,0,1,162,0.7506493076351067,0.05992681488257726,1656,0.0,0.0,0.0
900000,363,40,200,0,1,162,0.7510310718720619,0.060331790931648734,1656,3.0,0.0,21.284328171541254
900100,358,41,204,0,0,154,0.7504412379568243,0.05974073781289995,1656,2.0,0.0,15.409240139080437
900200,356,39,206,0,0,150,0.7507574669712128,0.06015496132715753,1656,1.0,0.0,6.8599999999999985
900300,360,45,204,0,0,156,0.7528948243976373,0.062166480907001415,1657,0.0,0.0,0.0
900400,363,43,197,0,0,166,0.7516067725694704,0.062236025471865165,1657,4.0,1.0,22.14586708496287
900500,367,42,198,0,0,169,0.7497835609087438,0.06154767407763801,1658,0.0,0.0,0.0
900600,380,36,203,0,0,177,0.751831600119823,0.06148653627565684,1658,4.0,0.0,29.209535379571147
900700,373,44,215,2,1,155,0.7497599778335949,0.06205274200453156,1658,4.0,1.0,21.008372618430382
900800,357,49,200,2,0,155,0.7472744617821394,0.06205186526627318,1658,2.0,0.0,14.422261795317372
900900,348,49,203,1,0,144,0.750305811871805,0.06168366228365966,1658,4.0,0.0,27.960440892526222
901000,366,39,210,0,0,156,0.7512898087372888,0.06230060455143836,1658,1.0,0.0,6.863331840764585
901100,363,50,200,0,0,163,0.7535532697438813,0.06199687769786085,1658,2.0,0.0,14.724500758847352
901200,361,35,198,0,0,163,0.7559660050297433,0.06278142990572128,1658,2.0,0.0,14.379392312784736
901300,359,40,199,0,0,160,0.7549704749959355,0.06150344971817246,1658,6.0,0.0,47.14506972384802
901400,362,41,203,0,1,158,0.7556663115251119,0.061448474151557526,1658,5.0,0.0,36.63514311474311
901500,357,45,210,0,0,147,0.7576347882609097,0.06076587573736464,1658,0.0,0.0,0.0
901600,367,40,213,0,0,154,0.7587975214969315,0.0605232956016949,1658,1.0,0.0,7.351763847741316
901700,366,40,225,0,0,141,0.7596199104379747,0.06115407303837618,1659,2.0,0.0,14.516322729345859
901800,364,42,222,0,0,142,0.7590283868618625,0.06146343748151803,1659,2.0,0.0,16.939484351065893
901900,367,40,222,0,0,145,0.7594191062169416,0.06144087314040363,1660,4.0,0.0,28.72856529368212
902000,367,39,210,0,0,157,0.7585949389918996,0.06015440732681193,1660,3.0,0.0,20.84413657476411
902100,355,42,195,0,0,160,0.7587187335215241,0.05988616159746132,1661,2.0,0.0,13.719999999999997
902200,356,45,204,0,0,152,0.7613920758974175,0.05916558482852915,1661,5.0,1.0,29.324488668690496
902300,357,41,200,0,0,157,0.7585170961826576,0.05840962101864653,1661,5.0,1.0,28.55194475618889
902400,362,42,211,1,0,150,0.7574692782818973,0.058172686393526706,1661,0.0,0.0,0.0
902500,371,34,218,2,0,151,0.7564982793079882,0.058319200056814485,1661,5.0,0.0,38.134203623871564
902600,374,38,214,1,1,158,0.7601009566778241,0.058540557076246495,1661,1.0,0.0,7.198565897959296
902700,369,44,218,1,0,150,0.7592558758135514,0.05815342669139605,1661,2.0,0.0,14.617895138730622
902800,361,43,212,1,0,148,0.75847339290859,0.05884049472188512,1662,3.0,1.0,16.33305059529095
902900,362,48,222,0,1,139,0.758054521156046,0.058989778927989824,1662,4.0,0.0,28.803378048293546
903000,346,43,207,0,0,139,0.7563083148768749,0.058914638407242245,1662,5.0,1.0,29.923560488673903
903100,358,39,210,0,0,148,0.7551330478440931,0.05813316461161743,1662,2.0,0.0,14.084333300667113
903200,377,41,218,0,0,159,0.7572916532701824,0.0593887867802136,1662,2.0,1.0,7.561758182810064
903300,358,43,205,1,1,151,0.7559246914973758,0.058730145277916215,1662,1.0,0.0,6.874805097525328
903400,361,44,203,1,0,157,0.756045024590101,0.058459813597013494,1662,8.0,0.0,59.70510026988887
903500,364,42,210,2,0,152,0.7534395188380413,0.057884680465256313,1662,2.0,0.0,13.719999999999997
903600,361,38,210,2,0,149,0.751059379969401,0.05776158358662921,1662,3.0,0.0,21.89569327738116
903700,365,38,211,2,0,152,0.7529481079306176,0.05657031949605341,1660,2.0,0.0,15.757104276061508
903800,366,38,209,1,0,156,0.7556888987164007,0.05707789464179462,1660,0.0,0.0,0.0
903900,363,42,205,0,0,158,0.7549450310026937,0.056536760630788,1660,5.0,0.0,39.19062974175687
904000,350,47,198,0,0,152,0.7541420571508961,0.05694143957878584,1660,5.0,0.0,36.50955608775081
904100,352,39,200,0,0,152,0.7514951689476539,0.05807188189001224,1661,1.0,0.0,6.8599999999999985
904200,361,39,195,0,2,164,0.7506733818002115,0.05850013166766238,1661,7.0,0.0,51.99901408701865
904300,359,41,192,0,1,166,0.7499392553183273,0.05925912172213773,1661,0.0,0.0,0.0
904400,369,45,208,0,0,161,0.7492750984933957,0.05897572568156609,1661,2.0,0.0,15.058764341371699
904500,372,40,202,0,2,168,0.7498960071010299,0.05910108410839838,1661,3.0,0.0,21.57578393260509
904600,365,44,205,0,3,157,0.7498436224023867,0.05947526883553946,1661,1.0,0.0,6.8599999999999985
904700,355,50,201,1,1,152,0.7500375823223399,0.06027903382125316,1661,1.0,1.0,0.0
904800,356,40,210,1,0,145,0.7504805923091836,0.06014332464540964,1661,0.0,0.0,0.0
904900,355,35,199,1,0,155,0.7484236243061309,0.059271973652543906,1661,2.0,0.0,15.219936512972026
905000,365,44,212,1,0,152,0.7475118465274432,0.05888090294117912,1661,1.0,0.0,6.8599999999999985
905100,367,39,218,0,0,149,0.7481795305276079,0.05792550854347179,1661,1.0,0.0,6.8599999999999985
905200,379,38,216,0,0,163,0.7483443492757161,0.05704891371026236,1662,4.0,2.0,14.341633188005591
905300,367,34,204,0,0,163,0.7494379332316765,0.05691328931675804,1662,2.0,0.0,16.066367727535912
905400,363,35,202,0,0,161,0.7514428897879379,0.05760438729141652,1659,0.0,0.0,0.0
905500,357,42,205,1,0,151,0.7493663626284073,0.056820270649354535,1659,6.0,1.0,37.55394595303015
905600,363,44,206,1,1,155,0.7477784021288298,0.0567496083394762,1659,4.0,1.0,22.172156835878447
905700,369,39,202,1,0,166,0.7462841486976735,0.05758715009249183,1659,2.0,0.0,14.760367791737469
905800,359,36,201,1,0,157,0.7472001735082264,0.05669753453733754,1660,6.0,0.0,43.571948468624164
905900,370,33,207,2,0,161,0.7483045429791616,0.056081295029317794,1660,4.0,0.0,28.760912584825885
906000,362,43,211,1,0,150,0.7478572992621297,0.05427957819877756,1660,2.0,0.0,14.661814439960647
906100,368,35,201,1,0,166,0.7486563388971521,0.05278102392565787,1660,0.0,0.0,0.0
906200,360,51,209,1,0,150,0.748167593331131,0.05424589948534256,1660,2.0,0.0,14.803009010416735
906300,357,36,202,0,0,155,0.7507217996606652,0.055620322738169456,1661,3.0,0.0,21.463060395611013
906400,370,34,211,0,0,159,0.750892477274692,0.05453590686577758,1661,6.0,1.0,40.95666106661114
906500,370,41,205,0,1,164,0.7497616248444995,0.0535233740635117,1660,0.0,0.0,0.0
906600,366,41,200,0,0,166,0.7512740471979867,0.05317155269244515,1661,3.0,0.0,22.514975283574756
906700,360,41,199,0,1,160,0.7542158922619772,0.052567033359043704,1661,1.0,0.0,7.284471404124923
906800,360,38,201,0,0,159,0.7518942289993228,0.05217075697271751,1660,3.0,0.0,21.83164982116711
906900,365,40,198,0,1,166,0.751612464233128,0.050786161414876095,1660,1.0,0.0,7.386984994618729
907000,367,41,212,0,0,155,0.7505985744853488,0.05031562555524919,1661,2.0,1.0,6.949445684055754
907100,353,47,197,0,1,155,0.7521784375833024,0.04871431576046517,1661,2.0,0.0,16.896999385016503
907200,364,41,210,0,0,154,0.7529236261070786,0.0470348064168524,1661,3.0,0.0,22.651998876498528
907300,377,41,209,0,0,168,0.7568871594361997,0.047787586586135106,1661,1.0,0.0,7.374562118171602
907400,371,41,216,0,0,155,0.7576076491896915,0.04782136870587586,1661,0.0,0.0,0.0
907500,356,38,216,0,0,140,0.75400555710683,0.04763009062740748,1661,3.0,0.0,21.245754786189124
907600,358,45,214,0,0,144,0.7520015557913445,0.046934392583157306,1661,2.0,0.0,14.66608314051756
907700,363,42,202,0,0,161,0.7559798674064415,0.047971750356949,1661,1.0,0.0,7.88270024168468
907800,370,44,192,0,1,177,0.7572162048237976,0.048586764613028965,1662,0.0,0.0,0.0
907900,365,47,192,0,1,172,0.7575189804971004,0.049906023991297115,1662,2.0,0.0,17.19686063004928
908000,354,37,197,0,0,157,0.7569226431073695,0.050286361346771245,1662,0.0,0.0,0.0
908100,361,42,221,0,0,140,0.7557499423280514,0.04973218195112892,1662,2.0,0.0,14.39113967091014
908200,362,46,222,0,0,140,0.7584893887375991,0.04903993780536932,1662,3.0,0.0,22.293332077820434
908300,363,37,209,0,0,154,0.7581179855247109,0.05039605849699721,1662,2.0,1.0,8.338543941987782
908400,360,41,209,0,0,151,0.7575688099211899,0.05053082154979483,1662,0.0,0.0,0.0
908500,356,42,207,0,0,149,0.7578532307060271,0.050472563981461674,1662,5.0,1.0,27.971272941522493
908600,361,44,210,0,0,151,0.7567925779227617,0.0514669199635098,1662,2.0,0.0,14.754059801873048
908700,369,40,208,0,0,161,0.7546469944734091,0.051075513645911855,1663,1.0,0.0,7.878512445269125
908800,377,43,214,0,2,161,0.7526402355741202,0.051008315523403736,1663,2.0,0.0,14.10143085942479
908900,373,39,214,0,1,158,0.750849291539948,0.051255859436883065,1663,1.0,0.0,7.131129941188322
909000,363,39,215,0,1,147,0.7469162905837682,0.051361101649828655,1664,0.0,0.0,0.0
909100,358,40,214,0,0,144,0.7440693293777964,0.051867341871438766,1664,2.0,0.0,14.502126712930497
909200,368,38,218,0,0,150,0.7481587999196148,0.05168258440452609,1664,3.0,0.0,22.479068791428332
909300,370,34,208,0,0,162,0.7477224796613653,0.05244947331095717,1664,3.0,0.0,22.480409457074927
909400,360,42,194,0,0,166,0.7503812592078422,0.05278605843056248,1663,1.0,0.0,7.638914039241332
909500,357,42,210,0,1,146,0.7553734434951523,0.052882182225050235,1664,1.0,0.0,8.363449724386196
909600,361,47,211,0,0,150,0.7565271350910676,0.05233384259579618,1664,3.0,0.0,23.40352101719901
909700,358,36,209,0,0,149,0.7582796221271648,0.05206367159090129,1665,2.0,0.0,13.727421272478628
909800,361,40,203,0,0,158,0.7612787473246886,0.05304845165595488,1665,2.0,0.0,14.806343796367798
909900,355,37,207,0,0,148,0.7622987026235957,0.05290243997781512,1664,1.0,0.0,6.8599999999999985
910000,368,42,215,0,1,152,0.7610767791318989,0.05215223168681055,1664,2.0,0.0,14.137021689799402
910100,358,45,217,0,0,141,0.7603853600079291,0.05226300502686714,1664,1.0,0.0,6.8599999999999985
910200,358,41,205,0,0,153,0.7599291010992876,0.053062129358137505,1664,1.0,0.0,6.8599999999999985
910300,364,34,209,0,0,155,0.7605285607300165,0.0527730085234042,1665,2.0,0.0,16.62192879691441
910400,368,33,207,0,1,160,0.763295534354031,0.05405290400231091,1665,1.0,0.0,8.02725155089804
910500,361,49,211,0,0,150,0.7639251691199053,0.053417161679034,1665,1.0,1.0,0.0
910600,348,39,201,0,0,147,0.762977462899418,0.05219677914836849,1665,5.0,0.0,37.42238409203129
910700,360,43,201,0,0,159,0.7617499860977326,0.05143903505706528,1665,1.0,0.0,6.8599999999999985
910800,368,42,207,1,0,160,0.7641955291146145,0.05131723216385328,1665,1.0,0.0,7.1380928609558145
910900,355,36,195,0,0,160,0.7642789358704347,0.0516121783385316,1665,2.0,0.0,13.719999999999997
911000,365,42,200,0,1,164,0.7583228966856789,0.050478639887078416,1666,1.0,0.0,7.333994871850763
911100,371,32,215,0,0,156,0.756619425648226,0.05005578070127283,1666,2.0,0.0,16.013022672978114
911200,352,43,216,0,0,136,0.7589133637009624,0.04961175144680036,1667,1.0,0.0,6.8599999999999985
911300,356,54,217,0,0,139,0.756259566461844,0.04998513940735271,1667,3.0,0.0,20.909465624236937
911400,360,43,208,0,0,152,0.7575485242858542,0.04949466318043383,1668,0.0,0.0,0.0
911500,363,36,203,0,0,160,0.7585165959635294,0.049759357215466926,1668,1.0,0.0,7.476138987990769
911600,377,51,220,0,0,157,0.7611445438192931,0.05044605584127958,1668,1.0,0.0,8.411975690185166
911700,368,47,214,0,0,154,0.7594568852375356,0.051701498335063746,1668,3.0,0.0,22.5811737134596
911800,350,49,207,0,0,143,0.7605261707182066,0.05107557239116997,1668,0.0,0.0,0.0
911900,348,39,201,0,0,147,0.7592367741147306,0.05096493258324921,1668,4.0,0.0,29.21486452470476
912000,351,52,203,0,0,148,0.7592838088223158,0.04962439954302901,1668,3.0,0.0,22.66649460267265
912100,353,47,198,0,0,155,0.7600319668845535,0.04872003791163168,1668,7.0,0.0,52.422188084280265
912200,367,42,205,0,1,161,0.762448602790028,0.048500539065230115,1669,0.0,0.0,0.0
912300,370,34,207,0,0,163,0.7613534378643475,0.04747605807701605,1669,2.0,0.0,15.799605044083048
912400,370,45,206,0,1,163,0.7587371484266119,0.047082809304429464,1670,4.0,1.0,23.174400442110947
912500,362,45,206,0,0,156,0.7567903310274158,0.04801864023432969,1670,0.0,0.0,0.0
912600,360,36,206,0,0,154,0.7600592503386474,0.04819413746236157,1671,1.0,0.0,7.3038393257792364
912700,359,39,208,0,1,150,0.7621655801816608,0.04807343710847773,1671,2.0,0.0,13.719999999999997
912800,360,35,208,0,0,152,0.7613223545582274,0.04884828275360781,1671,4.0,0.0,28.970694062639858
912900,354,39,206,0,1,147,0.7624293658355628,0.04891458976454743,1672,1.0,0.0,7.662427292226533
913000,361,42,208,0,0,153,0.7623663217910529,0.048697157532273584,1673,3.0,0.0,21.797072175113144
913100,372,46,211,0,0,161,0.7634279717587273,0.04856420348667847,1673,0.0,0.0,0.0
913200,367,43,213,0,0,154,0.7635986170146492,0.04870956780184399,1673,1.0,0.0,7.404665488026511
913300,353,46,210,0,0,143,0.7625192271436458,0.04996884789541631,1673,1.0,0.0,9.04824735694146
913400,358,42,210,0,0,148,0.7607377526166815,0.051555150131054675,1673,1.0,0.0,6.8599999999999985
913500,364,39,208,1,0,155,0.7586232887230215,0.05149902208620789,1672,2.0,1.0,6.929122738118355
913600,357,43,216,1,0,140,0.7589696509120765,0.05115616735714857,1672,6.0,0.0,44.022543363084594
913700,358,44,202,0,0,156,0.7585446178062109,0.05087945048782658,1673,4.0,0.0,29.42253436333648
913800,362,32,208,0,0,154,0.7605252182361794,0.05180905447216135,1673,1.0,1.0,0.0
913900,372,34,209,0,2,161,0.7613558031376353,0.05301108177138175,1674,2.0,0.0,16.358158078881218
914000,363,37,220,0,0,143,0.7611920742969096,0.054626102865095026,1674,2.0,1.0,9.052025829985052
914100,362,44,214,1,0,147,0.7601812716431599,0.05328896380702448,1674,4.0,1.0,21.47963584572131
914200,361,42,215,0,0,146,0.7614806401925476,0.05257705327840712,1674,2.0,0.0,14.041082112450123
914300,359,44,208,2,0,149,0.7603680379831075,0.052443217513555136,1674,2.0,1.0,7.405865767017314
914400,372,38,214,0,1,157,0.761242466343206,0.05324315012060715,1673,3.0,0.0,21.89384482624017
914500,353,34,208,0,0,145,0.7622909145207756,0.053325788582225676,1674,2.0,0.0,14.020396801393197
914600,354,44,202,1,0,151,0.7627065254316425,0.05254943075708586,1674,1.0,0.0,7.039905982661095
914700,356,40,204,0,0,152,0.7614981371478382,0.052386583756006196,1674,0.0,0.0,0.0
914800,356,50,209,0,0,147,0.7592869565030314,0.0535148065823873,1674,2.0,0.0,15.4395375365664
914900,375,40,218,0,0,157,0.7600475279354775,0.053113313632200156,1675,5.0,0.0,36.136660225545306
915000,357,40,203,0,1,153,0.7645920539919505,0.053742999912384744,1675,3.0,1.0,16.295777984607692
915100,354,49,200,0,1,153,0.7644928134589402,0.05544464068473131,1675,1.0,0.0,6.908990518587334
915200,360,43,210,0,0,150,0.7636251917676579,0.05656111703739215,1676,1.0,0.0,7.462895005886214
915300,371,44,209,1,0,161,0.7621118828594701,0.05717988138133979,1676,2.0,0.0,14.33331161909649
915400,363,51,201,1,0,161,0.7633373697931604,0.05939248986600296,1676,8.0,1.0,58.53781173386713
915500,361,38,203,1,0,157,0.7635397591150299,0.059217764988970606,1676,1.0,0.0,7.3355723090742515
915600,367,44,207,0,0,160,0.7625094595634916,0.0601908064413277,1677,0.0,0.0,0.0
915700,362,47,202,0,2,158,0.7667003993099419,0.06111541342430923,1677,2.0,0.0,15.315632600261905
915800,352,40,198,0,0,154,0.7694336083189274,0.06164471828490863,1678,4.0,0.0,28.062888539571567
915900,360,39,208,0,0,152,0.7707302992307399,0.06199295764436374,1678,0.0,0.0,0.0
916000,362,38,210,0,1,151,0.7684423285132019,0.06103265202836854,1678,2.0,0.0,13.917813906937798
916100,355,47,203,0,0,152,0.7708401886127604,0.06047349927075645,1678,3.0,0.0,24.04541000213895
916200,357,44,205,0,0,152,0.7689053310121418,0.05910860277687608,1679,1.0,0.0,9.108246098453549
916300,359,40,209,0,0,150,0.7716449291357931,0.05902167566200533,1679,1.0,0.0,7.1130422276857335
916400,355,42,207,0,0,148,0.7727439612863483,0.059787397223670664,1680,2.0,0.0,14.47402539821265
916500,372,46,215,0,0,157,0.7699632902057033,0.060268795053223204,1680,2.0,0.0,13.793693511136329
916600,364,39,218,0,0,146,0.7726030221300516,0.06021872986297808,1679,1.0,0.0,7.572260355437059
916700,363,39,214,0,0,149,0.7707752869612784,0.059509694467645376,1679,1.0,0.0,7.476104229309067
916800,360,46,206,0,1,153,0.766584617169682,0.0594138186025087,1679,4.0,2.0,13.973962871484382
916900,365,40,203,0,1,161,0.7673411748804873,0.060364813535825124,1679,0.0,0.0,0.0
917000,358,42,203,0,0,155,0.7671639267589027,0.0596552272824671,1680,1.0,0.0,8.786944717465035
917100,362,46,203,1,0,158,0.7641983647532223,0.058379396012353264,1680,0.0,0.0,0.0
917200,349,42,194,1,0,154,0.7660463599499806,0.05991037725346692,1680,2.0,1.0,7.600565618169285
917300,356,40,195,1,0,160,0.768284242184226,0.0611541909329261,1680,1.0,0.0,7.901098825809551
917400,364,42,198,0,0,166,0.7645319771048185,0.06148738621897496,1681,3.0,0.0,21.31274445611674
917500,364,43,204,1,0,159,0.7629087786965086,0.06179863984371417,1681,0.0,0.0,0.0
917600,364,42,208,0,0,156,0.7643761175296261,0.062019447619987775,1682,0.0,0.0,0.0
917700,367,33,208,0,0,159,0.7671023301473766,0.06232022008423239,1682,0.0,0.0,0.0
917800,367,44,207,0,0,160,0.7644363622013584,0.06182960405374451,1681,2.0,0.0,17.05157364963687
917900,361,50,204,0,0,157,0.7675987238050002,0.06225013470747902,1681,1.0,0.0,6.8599999999999985
918000,352,36,206,0,0,146,0.7691990065464118,0.06308896555806826,1681,1.0,1.0,0.0
918100,358,41,199,0,0,159,0.7672782721165721,0.0630891669342087,1681,1.0,0.0,8.149872628568387
918200,358,38,194,0,0,164,0.7719548256094457,0.06387060282154133,1681,2.0,0.0,16.733899331365393
918300,351,38,195,1,0,155,0.7717449035248264,0.06330726304297489,1681,0.0,0.0,0.0
918400,357,48,209,0,0,148,0.7682568659163599,0.061767492068718725,1682,2.0,0.0,15.030137832685249
918500,369,43,219,0,1,149,0.7665147042091267,0.06163979302396059,1682,0.0,0.0,0.0
918600,362,44,227,0,0,135,0.7676008498934228,0.06119231378223181,1682,0.0,0.0,0.0
918700,363,36,224,0,0,139,0.7655646562041454,0.060900094843548545,1682,0.0,0.0,0.0
918800,358,44,211,0,0,147,0.7666777352082348,0.06099935750856345,1682,3.0,0.0,22.62423569726829
918900,362,36,205,0,0,157,0.7687232832263161,0.061661828534584594,1683,2.0,0.0,14.508667135691626
919000,365,45,200,0,0,165,0.7681177464338295,0.06143681570812975,1683,0.0,0.0,0.0
919100,355,39,205,0,0,150,0.7661657597501452,0.060870074440286255,1683,0.0,0.0,0.0
919200,353,48,199,0,0,154,0.7634457527548797,0.062133675848243114,1683,2.0,0.0,14.621078248212115
919300,352,38,199,0,0,153,0.7636424265280938,0.06283269716330674,1683,1.0,0.0,6.8599999999999985
919400,362,37,205,0,0,157,0.7607816190279281,0.062350345314132014,1684,0.0,0.0,0.0
919500,367,38,207,0,0,160,0.7635815313276193,0.061516400997084,1684,0.0,0.0,0.0
919600,358,44,207,0,0,151,0.7653974075100599,0.06188695159038058,1684,1.0,0.0,6.8599999999999985
919700,362,43,204,0,0,158,0.7617626749683519,0.06150288051534051,1684,1.0,0.0,8.499091972437416
919800,352,44,206,0,0,146,0.7625386037142771,0.06239119806754681,1685,1.0,0.0,7.025754791879519
919900,355,42,201,0,0,154,0.7643908126445246,0.061777921599666746,1685,0.0,0.0,0.0
920000,366,43,209,0,0,157,0.7606395422943628,0.0623924301599301,1685,3.0,0.0,20.579999999999995
920100,380,42,199,0,0,181,0.7606689066558564,0.06452588043664699,1686,3.0,0.0,25.417938386779618
920200,376,44,210,0,0,166,0.7638567312467105,0.06539999946962659,1687,1.0,0.0,6.96158361292443
920300,356,40,203,0,0,153,0.7627540044765173,0.06345199923763309,1687,0.0,0.0,0.0
920400,361,46,211,0,0,150,0.7629287281831031,0.0648878074892377,1687,1.0,0.0,7.647985502417902
920500,354,41,213,0,0,141,0.7623029152377689,0.06568243703721847,1687,1.0,0.0,8.078797854450558
920600,358,42,217,0,0,141,0.7624656438726501,0.06651098849372901,1687,2.0,0.0,15.75812665538465
920700,358,40,216,0,0,142,0.7631123813857894,0.06744898416647657,1687,3.0,0.0,21.38527542529257
920800,372,44,212,0,0,160,0.7620911748133414,0.0661538696722254,1687,4.0,0.0,28.794698026970618
920900,368,41,205,0,1,162,0.7611140650252514,0.06700885391337465,1687,5.0,0.0,35.75055492570192
921000,364,46,203,0,1,160,0.7593216099638751,0.06713384580241358,1687,1.0,0.0,6.9033633870326385
921100,360,43,213,0,2,145,0.7630217520037709,0.06592459563101728,1687,1.0,0.0,7.978926169760393
921200,356,44,205,0,0,151,0.7620395568137159,0.06639552257186268,1687,4.0,0.0,27.59879221644407
921300,355,45,214,0,0,141,0.7615520350316328,0.06764008827010354,1687,1.0,0.0,8.157627371732476
921400,368,42,212,0,0,156,0.7610894092168773,0.06756285771283597,1687,0.0,0.0,0.0
921500,359,46,214,0,0,145,0.7584399332010924,0.06918442008970044,1687,0.0,0.0,0.0
921600,361,41,207,0,0,154,0.759172713706962,0.06888808889084046,1687,3.0,0.0,25.503912340974185
921700,364,37,219,0,0,145,0.7573541245163168,0.06910602910772887,1688,3.0,0.0,23.12657962737287
921800,365,46,218,0,0,147,0.7584981579964548,0.06983470057748682,1688,1.0,0.0,8.077741360777624
921900,360,43,210,0,0,150,0.7621416556800757,0.07039026575078543,1689,2.0,1.0,7.203009823377667
922000,357,42,210,0,0,147,0.7618617311999863,0.07266601042499492,1689,2.0,0.0,15.309310980904133
922100,358,41,209,0,0,149,0.7644719717083047,0.0737206233187483,1690,0.0,0.0,0.0
922200,355,42,210,0,0,145,0.7629175211829764,0.07493592009816456,1690,1.0,0.0,7.237599975952443
922300,351,33,195,0,0,156,0.7595487884595972,0.07535636352110142,1690,0.0,0.0,0.0
922400,354,50,211,0,0,143,0.7614513992535602,0.07380973802850728,1690,2.0,0.0,16.096736567383747
922500,373,42,219,0,0,154,0.7574646858379154,0.07338008315688711,1690,1.0,0.0,6.8599999999999985
922600,368,42,220,0,0,148,0.7570524277301639,0.07437554521095541,1689,0.0,0.0,0.0
922700,364,46,205,0,0,159,0.7569101907955657,0.07309345951403609,1690,2.0,0.0,14.875511690748198
922800,377,38,213,0,0,164,0.7572329273980438,0.07323467297721827,1690,0.0,0.0,0.0
922900,366,37,196,0,0,170,0.7616291650141498,0.07343637480977878,1691,1.0,0.0,7.677292843510025
923000,358,50,198,0,0,160,0.7597254529989634,0.07323810885495506,1691,0.0,0.0,0.0
923100,359,44,199,0,0,160,0.7650375500773265,0.0723045514053758,1691,0.0,0.0,0.0
923200,362,35,203,0,1,158,0.7680071493656511,0.07135680402897811,1691,1.0,0.0,6.994231582754206
923300,359,40,207,0,0,152,0.7654630728862786,0.07201854744618619,1691,0.0,0.0,0.0
923400,362,48,207,0,0,155,0.7657431647007517,0.07207559921813074,1691,2.0,0.0,15.508527969776807
923500,363,44,207,0,0,156,0.7644911285162342,0.07163776547400647,1691,2.0,0.0,14.839289335974025
923600,356,46,210,0,1,145,0.7623037261469291,0.0727528103672679,1690,4.0,0.0,28.552054502319145
923700,360,45,209,1,1,149,0.7608044268978428,0.07437148841109086,1690,3.0,1.0,15.647346333882817
923800,363,39,210,1,0,152,0.7612309545971789,0.07411976217610458,1690,1.0,0.0,6.893783440692094
923900,354,37,203,1,0,150,0.7595754459012318,0.07423632292544385,1691,3.0,0.0,22.200091204106634
924000,366,37,207,1,0,158,0.7583439969780136,0.07431219694614814,1691,0.0,0.0,0.0
924100,366,41,215,1,0,150,0.7589389214065292,0.07547747850542173,1691,0.0,0.0,0.0
924200,358,42,204,0,0,154,0.7565222425808473,0.07714526509281067,1692,0.0,0.0,0.0
924300,365,38,208,0,0,157,0.7589088323374202,0.07743398023204322,1692,0.0,0.0,0.0
924400,359,39,199,0,0,160,0.7574769266919172,0.076680938170229,1692,4.0,0.0,28.914311140209474
924500,357,43,202,0,0,155,0.7543785151320909,0.07823261646407241,1692,2.0,0.0,15.843736340096005
924600,364,36,210,0,0,154,0.7540284806176499,0.07784556865711882,1692,1.0,0.0,6.959272635310836
924700,371,46,206,0,0,165,0.7558962024314752,0.07751982810747392,1692,4.0,0.0,29.06337296336426
924800,369,42,196,0,0,173,0.7511257697374852,0.07716590637340089,1692,2.0,0.0,13.74225254577697
924900,366,41,205,0,0,161,0.7502393505838182,0.076943079889568,1693,1.0,0.0,7.87185613753189
925000,368,37,202,0,0,166,0.7477787329079675,0.07597482448847291,1693,1.0,0.0,7.801785565131386
925100,367,39,214,0,0,153,0.7505037106309405,0.07472455160135824,1692,3.0,0.0,22.925825653617984
925200,363,41,196,0,0,167,0.7495410006890253,0.0748861364787417,1692,1.0,0.0,8.03851212563601
925300,349,47,195,0,0,154,0.7508434410932251,0.07442544992680965,1692,0.0,0.0,0.0
925400,361,46,199,0,1,161,0.7487668072961565,0.07591622709368005,1693,4.0,0.0,31.189921966168452
925500,364,37,204,0,0,160,0.7496059549630876,0.07735489765378299,1693,1.0,0.0,6.8599999999999985
925600,368,43,204,0,0,164,0.7493733725201833,0.07771901583948881,1693,3.0,0.0,22.328275185502306
925700,379,36,212,0,0,167,0.7502140412519333,0.07772237603527894,1694,1.0,0.0,7.277756502797454
925800,368,38,208,0,0,160,0.748168644825973,0.07855069469997326,1694,2.0,0.0,14.402479113620508
925900,361,41,213,0,0,148,0.7504287654197007,0.07859110175324692,1694,0.0,0.0,0.0
926000,370,43,213,0,0,157,0.7465705623445203,0.07861050388057639,1694,1.0,0.0,6.9557319388322885
926100,362,41,203,0,1,158,0.7428201319411256,0.07947014608923898,1694,0.0,0.0,0.0
926200,363,47,197,0,0,166,0.7433558815226652,0.07923821551093754,1695,3.0,0.0,22.21788398651806
926300,366,35,203,0,0,163,0.7454313680683344,0.07943346015606857,1695,0.0,0.0,0.0
926400,347,43,204,0,0,143,0.7482000656528925,0.07915058605200412,1695,1.0,0.0,6.8599999999999985
926500,363,39,212,0,1,150,0.7476352442017131,0.07902064415376919,1695,0.0,0.0,0.0
926600,371,39,221,0,0,150,0.749839828608117,0.07909775600408046,1695,0.0,0.0,0.0
926700,368,39,205,0,1,162,0.746968468775865,0.07814824062175217,1696,0.0,0.0,0.0
926800,372,41,212,0,0,160,0.7456120785627884,0.07800791888454875,1696,1.0,0.0,8.543968603122474
926900,366,42,204,0,0,162,0.7477471436994424,0.07868984573688281,1696,1.0,0.0,7.147035439789902
927000,357,39,200,0,0,157,0.7498236934134187,0.0796291315012002,1697,1.0,0.0,7.165592271616993
927100,361,41,203,0,0,158,0.7520762802365296,0.07931539765987292,1697,0.0,0.0,0.0
927200,369,39,205,0,0,164,0.7531522232093861,0.07853002686771687,1698,0.0,0.0,0.0
927300,379,37,205,0,0,174,0.750544051632419,0.07812775663222381,1698,1.0,0.0,7.745284527573111
927400,358,42,211,0,0,147,0.7486688260725581,0.07756862967558201,1698,1.0,0.0,7.3383902692787
927500,357,52,203,0,0,154,0.7490666248514901,0.07736922930113192,1698,0.0,0.0,0.0
927600,361,47,199,0,0,162,0.749025087871311,0.07625979122478638,1698,0.0,0.0,0.0
927700,365,35,194,0,0,171,0.7487579217257377,0.07697200584422788,1699,2.0,0.0,14.793693099680864
927800,359,46,192,0,0,167,0.751925084932905,0.0776391324358903,1699,6.0,0.0,44.66117572559422
927900,363,39,201,0,1,161,0.7524805718208808,0.07781487305803511,1699,0.0,0.0,0.0
928000,369,31,212,0,0,157,0.7528920437573087,0.07851890585695823,1699,1.0,0.0,7.663410077199993
928100,361,41,207,0,1,153,0.7533653902030728,0.07775169510578653,1700,2.0,0.0,14.901128967653339
928200,349,46,190,0,0,159,0.755959904378191,0.0786271411942355,1700,0.0,0.0,0.0
928300,348,43,190,0,1,157,0.7532217797151062,0.07834604591110937,1700,0.0,0.0,0.0
928400,369,40,200,0,0,169,0.7518666805620061,0.07988968024629861,1701,1.0,0.0,7.109456617147653
928500,378,37,205,0,0,173,0.7529076226082937,0.0802275321355173,1701,1.0,0.0,6.93453139967693
928600,366,45,205,0,0,161,0.7560536308510366,0.07882899549253267,1701,0.0,0.0,0.0
928700,372,38,213,0,0,159,0.7569860137036488,0.07707808067631264,1701,1.0,0.0,6.8599999999999985
928800,365,45,208,0,1,156,0.7584780072058019,0.07833507078271097,1701,0.0,0.0,0.0
928900,346,48,201,0,0,145,0.7593427912606086,0.0807651729873236,1701,1.0,0.0,6.8599999999999985
929000,357,42,204,0,0,153,0.761134652620301,0.08173972350958734,1702,0.0,0.0,0.0
929100,360,38,194,0,0,166,0.7609534549906027,0.0822293313391002,1703,0.0,0.0,0.0
929200,367,42,196,0,0,171,0.7621085079392085,0.08204771584636883,1703,0.0,0.0,0.0
929300,359,35,212,0,0,147,0.7647629619207647,0.08157245290931021,1702,1.0,0.0,6.933064713747358
929400,362,36,215,0,0,147,0.7637440277267606,0.08283919054196362,1703,1.0,0.0,10.174662215179161
929500,358,42,211,0,0,147,0.7672217276480507,0.08352770508197033,1703,0.0,0.0,0.0
929600,355,50,200,0,0,155,0.7652143895772588,0.082782795972073,1703,3.0,1.0,13.759783569715754
929700,356,36,202,0,0,154,0.7629315865452871,0.08176282808508838,1700,2.0,0.0,15.229800117954028
929800,368,41,199,0,0,169,0.7622329539569661,0.0815002477490606,1700,1.0,0.0,7.303079458078449
929900,365,39,207,1,0,157,0.7614221839701174,0.08126856311214832,1700,1.0,0.0,6.8599999999999985
930000,360,41,202,1,0,157,0.7650110681924981,0.08087811111852021,1700,0.0,0.0,0.0
930100,366,38,203,0,0,163,0.7645316144638328,0.08016015037600197,1701,1.0,0.0,7.129991335441297
930200,359,50,203,0,0,156,0.7634669143484571,0.08083084878159395,1701,0.0,0.0,0.0
930300,354,38,200,0,0,154,0.7604876467936826,0.08142234906996647,1701,2.0,0.0,15.794565687689122
930400,352,48,192,0,0,160,0.7587011149719995,0.08156467076140304,1701,0.0,0.0,0.0
930500,351,41,195,0,0,156,0.7571429816691136,0.08161375028358829,1701,0.0,0.0,0.0
930600,351,47,198,0,0,153,0.7510227431265454,0.08066730104620286,1701,2.0,0.0,13.967117762530348
930700,363,45,211,0,0,152,0.7487504256753614,0.08023899543507744,1702,1.0,0.0,7.10730446205994
930800,370,43,209,0,0,161,0.7526197844800445,0.08034830662272226,1702,2.0,0.0,14.877061097813028
930900,370,46,202,0,0,168,0.752347943051322,0.07974653491419445,1703,0.0,0.0,0.0
931000,365,38,208,0,0,157,0.7537687570945056,0.07942463730977871,1703,0.0,0.0,0.0
931100,363,43,206,0,0,157,0.7529437636047512,0.07832086268002744,1703,0.0,0.0,0.0
931200,365,38,211,0,0,154,0.7505357864151533,0.07815886116678201,1704,0.0,0.0,0.0
931300,360,35,205,0,0,155,0.7508759914544905,0.07845238787592636,1704,0.0,0.0,0.0
931400,366,31,209,0,0,157,0.7467771558219088,0.07838978610195371,1704,0.0,0.0,0.0
931500,361,38,214,0,0,147,0.7447455859488391,0.07918787327478288,1703,1.0,0.0,6.8599999999999985
931600,364,43,214,0,0,150,0.741999010008699,0.07965937055646274,1702,1.0,0.0,7.056961891639448
931700,376,43,218,0,0,158,0.7417148057710032,0.07945331487522914,1703,1.0,0.0,6.8599999999999985
931800,362,43,198,0,0,164,0.742557414311976,0.07936273079612177,1703,2.0,0.0,15.10725646323327
931900,358,44,198,0,0,160,0.7416154716908875,0.0785199485024156,1704,2.0,0.0,14.643711921040055
932000,361,44,198,0,0,163,0.7424303295275495,0.07985577925541446,1704,1.0,0.0,7.8020556141519775
932100,369,37,202,0,0,167,0.7427373427079419,0.07931197177701543,1704,2.0,0.0,14.403362963925801
932200,375,42,205,0,0,170,0.740467173932108,0.07835728785944417,1704,1.0,0.0,6.944825733475979
932300,362,42,202,0,0,160,0.7402837781765056,0.07682802420475798,1704,1.0,0.0,7.331783042675538
932400,368,46,202,0,1,165,0.7409803152472875,0.07576767060921429,1705,0.0,0.0,0.0
932500,367,36,208,0,0,159,0.7416912403204636,0.07594094895824997,1705,1.0,0.0,6.938812762505629
932600,376,42,210,0,0,166,0.7427327602917565,0.07437003868591224,1705,1.0,0.0,6.8599999999999985
932700,372,39,213,0,0,159,0.7438845817575673,0.0741930248028515,1705,2.0,0.0,15.201501056713061
932800,351,42,206,0,0,145,0.7440916464772943,0.07350231339699749,1706,1.0,0.0,6.8599999999999985
932900,366,39,213,0,0,153,0.7453992045895604,0.074288481971425,1706,1.0,0.0,7.2930809754817485
933000,355,47,209,0,0,146,0.7456617716332665,0.07511240083751893,1706,2.0,0.0,14.85444265152113
933100,365,47,205,0,0,160,0.7487386172402055,0.07547068131102001,1706,2.0,1.0,6.8599999999999985
933200,357,45,201,0,1,155,0.7488064833240594,0.07602338724521623,1705,1.0,0.0,6.8599999999999985
933300,354,45,200,0,0,154,0.7487511745905407,0.07572880465782329,1705,0.0,0.0,0.0
933400,378,44,214,1,0,163,0.7474172495858323,0.07613177936940735,1705,0.0,0.0,0.0
933500,376,39,224,1,0,151,0.7479074457634509,0.0760538107346623,1705,1.0,0.0,8.065955497546426
933600,348,39,216,0,0,132,0.7495110069546748,0.07648704306703277,1706,0.0,0.0,0.0
933700,362,41,219,0,0,143,0.7529953953130069,0.07633797318373514,1706,1.0,0.0,6.8599999999999985
933800,368,41,214,0,0,154,0.7545099808310699,0.07553803309526773,1707,0.0,0.0,0.0
933900,370,32,217,0,0,153,0.7555790815798602,0.0750660162396128,1707,2.0,0.0,13.719999999999997
934000,378,32,218,0,1,159,0.7531026052475921,0.07491304961783198,1707,3.0,0.0,21.5924057459698
934100,361,38,204,0,0,157,0.7534340829988273,0.07520708478317469,1707,0.0,0.0,0.0
934200,363,40,209,0,0,154,0.7533628154416016,0.07495401516994693,1707,1.0,0.0,7.499757815956807
934300,359,39,213,0,0,146,0.7512257980990332,0.07488080569899325,1707,1.0,1.0,0.0
934400,356,38,198,1,0,157,0.7530499310707786,0.07484907176755014,1707,3.0,1.0,13.963013258604239
934500,366,47,202,0,0,164,0.7525502394548362,0.07463121326118917,1707,4.0,0.0,28.472425088994612
934600,353,37,198,0,0,155,0.7544619135575676,0.07493748827592718,1708,0.0,0.0,0.0
934700,357,39,199,0,0,158,0.7542023841944068,0.07515703028521649,1708,2.0,0.0,14.428108079029949
934800,354,36,197,0,0,157,0.753801081430366,0.0750134837345715,1709,0.0,0.0,0.0
934900,364,38,202,0,0,162,0.7542703304883033,0.07467643841990679,1709,2.0,0.0,15.494301999064291
935000,378,37,215,0,0,163,0.7541044715703134,0.07409368991985134,1709,2.0,0.0,13.962041657817288
935100,363,45,205,0,0,158,0.7536989567805498,0.07391565995675124,1709,2.0,0.0,14.475113807463241
935200,362,43,204,0,0,158,0.7556263373543274,0.07404057543984612,1709,2.0,0.0,16.259840593210562
935300,356,47,211,0,1,144,0.754576549230101,0.07393690605126453,1710,0.0,0.0,0.0
935400,360,32,203,0,0,157,0.7523931486926118,0.07425162880972525,1710,0.0,0.0,0.0
935500,369,40,213,0,1,155,0.755225919995793,0.07449667784287727,1711,1.0,0.0,8.578495776185871
935600,369,36,212,0,1,156,0.7547579315103854,0.0742336274915403,1711,1.0,0.0,7.352209051973101
935700,360,46,212,0,0,148,0.7574760202020283,0.07382172974310909,1711,2.0,0.0,16.431049394152183
935800,365,37,211,0,0,154,0.7557936395914749,0.0735775094386473,1710,0.0,0.0,0.0
935900,358,51,207,0,0,151,0.7553257897157406,0.07375662620587391,1710,1.0,0.0,8.048596214183718
936000,366,39,211,0,0,155,0.7552986069873832,0.07376266935160411,1711,0.0,0.0,0.0
936100,372,35,215,0,0,157,0.754558660957862,0.07404563650291832,1711,1.0,0.0,8.823598754330158
936200,358,43,206,0,0,152,0.7532752040500015,0.0738476803042531,1712,0.0,0.0,0.0
936300,359,40,211,0,0,148,0.7529309733726437,0.07410301103691477,1712,1.0,0.0,6.900750279216327
936400,351,45,215,0,0,136,0.7509472105926474,0.07450855761972978,1712,2.0,0.0,13.719999999999997
936500,376,37,216,0,0,160,0.7525541485578799,0.07476882775898683,1713,1.0,0.0,7.584465763726644
936600,381,38,224,0,0,157,0.7538472120708609,0.07440159319330204,1713,1.0,0.0,7.555258057919938
936700,364,43,219,0,0,145,0.7552275351499069,0.07451889538959222,1712,2.0,0.0,14.566872032089272
936800,373,41,225,0,0,148,0.7553635185307584,0.07440083429558604,1712,0.0,0.0,0.0
936900,355,44,215,0,0,140,0.7563096011040512,0.07500767117998133,1713,0.0,0.0,0.0
937000,371,45,209,0,0,162,0.7560777837347303,0.07401103093661274,1713,0.0,0.0,0.0
937100,357,47,207,0,0,150,0.7553610776111026,0.07455608562677903,1713,4.0,0.0,31.456353384179252
937200,350,47,205,0,0,145,0.7511730611372411,0.07524113503175554,1714,1.0,0.0,7.111590489305212
937300,367,39,216,0,0,151,0.751508946980585,0.07501587723215207,1714,0.0,0.0,0.0
937400,361,45,218,0,1,142,0.750614315065228,0.07417321902410874,1714,1.0,0.0,6.8599999999999985
937500,353,38,206,0,0,147,0.7502766311037509,0.07455962401721343,1715,0.0,0.0,0.0
937600,364,34,209,0,0,155,0.7546571610551888,0.07399971306827996,1715,0.0,0.0,0.0
937700,373,31,212,0,1,160,0.7547458312568928,0.07383781553000802,1715,1.0,0.0,7.790085037979772
937800,376,40,215,0,0,161,0.7518182380434817,0.07442162264480211,1715,1.0,0.0,7.21348569400991
937900,385,29,227,0,0,158,0.7514766930844671,0.07477352819148482,1715,1.0,0.0,6.8599999999999985
938000,348,38,204,0,0,144,0.7526345102125145,0.07495862125082021,1716,0.0,0.0,0.0
938100,352,43,202,0,0,150,0.7538836841769623,0.07550988999299796,1716,1.0,0.0,7.126261313543118
938200,364,39,206,0,0,158,0.7543650194997668,0.07549294927963697,1716,0.0,0.0,0.0
938300,371,47,214,0,0,157,0.7553322559020121,0.07569572155178689,1717,1.0,0.0,6.8599999999999985
938400,363,37,215,0,0,148,0.7521552926141343,0.07511885316370867,1717,0.0,0.0,0.0
938500,355,41,210,0,0,145,0.7518687336030709,0.07553023230122488,1717,0.0,0.0,0.0
938600,376,39,213,0,0,163,0.7530953968529768,0.07562735880729644,1717,0.0,0.0,0.0
938700,359,43,206,0,0,153,0.7545856698950967,0.0756643582894507,1717,0.0,0.0,0.0
938800,365,43,204,0,0,161,0.755661122025989,0.07580408674198796,1717,1.0,0.0,7.094612766123913
938900,367,38,206,0,0,161,0.7545986541537134,0.07565440600689496,1718,1.0,0.0,7.666799359208091
939000,364,40,200,0,0,164,0.7513663367782285,0.07565291996721747,1718,1.0,0.0,6.937009548141801
939100,362,42,204,0,0,158,0.7521234748777114,0.07558570134355923,1719,0.0,0.0,0.0
939200,368,36,212,0,0,156,0.7494925029505167,0.07544578679719972,1719,1.0,0.0,7.28164584060901
939300,363,41,203,0,0,160,0.7513569105198751,0.0752007684180603,1719,0.0,0.0,0.0
939400,357,42,198,0,0,159,0.7515373823413894,0.07607950456837306,1719,2.0,0.0,15.118256102020535
939500,355,45,204,0,0,151,0.7540781955063399,0.07597837867199353,1719,0.0,0.0,0.0
939600,367,43,205,0,0,162,0.7546493332605311,0.0760720919906527,1720,1.0,0.0,7.45082276596877
939700,378,40,214,0,1,163,0.7538925695003962,0.07633745083731923,1720,1.0,0.0,7.341156450905292
939800,361,33,204,0,0,157,0.752990320567183,0.07631875408397286,1720,1.0,1.0,0.0
939900,363,43,211,0,0,152,0.7558426233971745,0.07687154066509352,1721,0.0,0.0,0.0
940000,360,45,215,0,0,145,0.7572919234369025,0.07654702993314161,1721,1.0,0.0,8.023423217044689
940100,365,47,208,0,0,157,0.7557721275655861,0.07642287100796612,1722,0.0,0.0,0.0
940200,363,44,211,0,0,152,0.7581729477286083,0.07607000211908412,1722,3.0,0.0,21.231675072731107
940300,355,47,193,0,0,162,0.7589700627319061,0.07622411409596282,1722,2.0,0.0,13.798204831404604
940400,372,39,209,0,0,163,0.7565598365478017,0.07608142795594017,1722,3.0,0.0,23.716374124397234
940500,359,34,208,0,0,151,0.7543067492996521,0.07617279865956476,1722,0.0,0.0,0.0
940600,371,41,214,0,0,157,0.7504002731575827,0.07657459859086102,1722,0.0,0.0,0.0
940700,369,42,217,0,1,151,0.7504217161579707,0.07628989799793123,1722,0.0,0.0,0.0
940800,370,38,197,0,0,173,0.7498522492873856,0.07588103550643592,1722,0.0,0.0,0.0
940900,356,47,205,0,0,151,0.752594117820587,0.0761054328757587,1723,0.0,0.0,0.0
941000,365,45,211,0,0,154,0.7525548132825428,0.07628980336043722,1723,0.0,0.0,0.0
941100,367,47,213,0,0,154,0.751319941694809,0.07598159275005066,1722,2.0,0.0,13.743931125016942
941200,362,47,207,0,0,155,0.7535715323469924,0.07618918336527523,1723,1.0,0.0,8.01454884879901
941300,356,41,207,0,0,149,0.7548024094574872,0.07623240044556695,1723,1.0,0.0,8.036985160547234
941400,361,42,213,0,0,148,0.7558146487320587,0.07637145131626451,1723,4.0,0.0,28.72200282518499
941500,372,39,220,0,0,152,0.7565921595672526,0.07595319619789898,1722,1.0,0.0,8.167306655993473
941600,366,35,207,0,1,158,0.7544881748494432,0.07568563540578356,1722,0.0,0.0,0.0
941700,362,38,216,0,1,145,0.754592518458652,0.07580475651117013,1722,0.0,0.0,0.0
941800,355,44,211,0,1,143,0.7546292477085966,0.07557997198990206,1723,1.0,0.0,7.33919615252448
941900,360,42,211,0,0,149,0.7542308681791927,0.07468669775561337,1723,3.0,0.0,25.30920036619499
942000,360,39,206,0,0,154,0.7547189243743683,0.07393579821871768,1723,1.0,0.0,6.8599999999999985
942100,359,41,200,0,0,159,0.7544990071268716,0.07396268382112217,1723,1.0,0.0,6.8599999999999985
942200,366,39,205,0,0,161,0.7583001956216411,0.07461690879161001,1723,0.0,0.0,0.0
942300,365,43,208,0,0,157,0.7590807363244065,0.07463010186508705,1723,0.0,0.0,0.0
942400,364,41,213,0,0,151,0.7564978776179289,0.07464127472498482,1724,0.0,0.0,0.0
942500,369,38,209,0,0,160,0.7575205111850155,0.07478227084394003,1724,3.0,0.0,20.951178454507634
942600,369,37,210,0,0,159,0.7581777344887384,0.0739841626294272,1724,0.0,0.0,0.0
942700,359,42,203,0,0,156,0.7560219914297357,0.07372861507969117,1724,0.0,0.0,0.0
942800,350,39,197,0,1,152,0.7569887927980534,0.07339618443787692,1725,3.0,0.0,22.089943838654346
942900,369,42,201,0,0,168,0.755687843234459,0.07317681198896961,1725,0.0,0.0,0.0
943000,362,41,208,0,0,154,0.7572078544496272,0.07304483480539217,1725,0.0,0.0,0.0
943100,366,44,204,0,0,162,0.7539989622095777,0.07413648209991103,1726,3.0,0.0,21.239899960982303
943200,363,35,218,0,0,145,0.7552063605143268,0.07361473649990577,1726,1.0,0.0,7.944921737771426
943300,364,39,201,0,0,163,0.756516715082009,0.07264079476458905,1727,1.0,0.0,8.03132994479714
943400,366,39,215,0,0,151,0.758968075840672,0.0722740153702511,1727,2.0,0.0,15.618712399179051
943500,368,35,204,0,0,164,0.7581098947678163,0.0726266829775614,1727,1.0,0.0,7.438574948066175
943600,357,38,196,0,0,161,0.7568159731876615,0.07238126230347554,1728,0.0,0.0,0.0
943700,354,40,191,0,0,163,0.7578718053950788,0.07173185751527798,1728,1.0,0.0,7.504660237186942
943800,350,43,193,0,0,157,0.7574474410422882,0.07106896570874809,1728,0.0,0.0,0.0
943900,363,50,198,0,0,165,0.7572252920900429,0.07125735771727089,1729,2.0,0.0,16.290362434902697
944000,361,44,202,0,0,159,0.7563090206610532,0.07087110297823505,1729,0.0,0.0,0.0
944100,358,42,204,0,0,154,0.758479735193155,0.07120603738358977,1729,1.0,0.0,7.327881927210225
944200,361,43,209,0,0,152,0.7573504953168945,0.07237577486215008,1729,0.0,0.0,0.0
944300,365,34,197,0,0,168,0.7581142224053258,0.07276407994452476,1729,0.0,0.0,0.0
944400,375,40,202,0,0,173,0.7547946777272982,0.07320107408895538,1729,1.0,0.0,7.528301821219298
944500,365,41,195,0,0,170,0.7496360416804517,0.07352355075699034,1730,1.0,0.0,7.177926439426976
944600,360,45,195,0,0,165,0.7514854026402124,0.0741534969109195,1730,1.0,0.0,6.8599999999999985
944700,370,40,196,0,0,174,0.7478306816429492,0.07367271285717494,1731,1.0,0.0,7.4662665244158015
944800,361,41,195,0,0,166,0.7460585473352257,0.07273259375979747,1731,1.0,1.0,0.0
944900,360,42,192,0,0,168,0.7436406513064721,0.07222642942416546,1732,4.0,0.0,28.278876597890427
945000,357,44,196,0,0,161,0.7426243072753815,0.0725340741512503,1732,0.0,0.0,0.0
945100,371,38,194,1,0,176,0.7393652237063695,0.07262395554111381,1732,1.0,0.0,6.87064099677122
945200,373,41,201,0,1,171,0.7379807956758918,0.0726108281484606,1730,4.0,0.0,28.111527729879917
945300,372,48,204,0,0,168,0.7374639620735235,0.07220724871471726,1731,0.0,0.0,0.0
945400,368,35,214,0,0,154,0.737345710660695,0.07292390497073607,1731,0.0,0.0,0.0
945500,369,36,197,0,1,171,0.7365168476716323,0.07370494977249034,1731,1.0,0.0,7.171208045343008
945600,367,35,201,0,0,166,0.7359788714289153,0.07477651598891923,1731,0.0,0.0,0.0
945700,365,33,198,0,0,167,0.7355173257199425,0.07388398768984775,1731,0.0,0.0,0.0
945800,376,41,209,0,0,167,0.7369167351814673,0.07433532981441376,1731,0.0,0.0,0.0
945900,356,41,198,0,0,158,0.7373456516265945,0.07514286810830906,1731,0.0,0.0,0.0
946000,361,41,206,0,0,155,0.7390873244372274,0.07526548102845361,1731,0.0,0.0,0.0
946100,364,36,207,0,0,157,0.7390455624713156,0.07609330682645768,1731,1.0,0.0,6.8599999999999985
946200,365,46,202,0,0,163,0.7398910987134608,0.07657053267006252,1731,0.0,0.0,0.0
946300,371,34,198,0,0,173,0.7404849968755737,0.07666928383942775,1731,2.0,0.0,13.719999999999997
946400,382,31,208,0,1,173,0.7402142843860834,0.07607941284583207,1731,1.0,0.0,6.8599999999999985
946500,362,40,197,0,0,165,0.7415561444532516,0.0762037233867726,1732,4.0,0.0,29.708648444094894
946600,362,35,201,0,0,161,0.7426780060944081,0.07663252518089042,1732,1.0,0.0,6.920957332454447
946700,361,37,195,0,1,165,0.7444220420253396,0.0759720600217783,1732,0.0,0.0,0.0
946800,360,33,195,0,1,164,0.7481688951708543,0.0759592681067253,1733,0.0,0.0,0.0
946900,374,40,211,0,0,163,0.7488403099207678,0.07652981709845184,1733,0.0,0.0,0.0
947000,369,46,207,0,0,162,0.7500078202474951,0.07687080047860867,1734,2.0,0.0,16.440275494404062
947100,380,42,203,0,0,177,0.7516601524517855,0.07691001616430038,1735,0.0,0.0,0.0
947200,362,42,209,0,0,153,0.749757071957359,0.07735610903032489,1735,3.0,0.0,22.26283152901052
947300,350,37,199,0,1,150,0.7498853733350493,0.07736410432028387,1735,0.0,0.0,0.0
947400,350,43,206,0,0,144,0.7500790978705696,0.07751768173411538,1735,2.0,0.0,17.207398821667596
947500,375,41,210,0,1,164,0.7494017639921294,0.07806310012668398,1735,2.0,0.0,14.605797763257577
947600,361,39,211,0,0,150,0.748717390006932,0.07772511969856785,1735,3.0,0.0,21.992231898916394
947700,372,37,215,0,0,157,0.7494399824108765,0.07730691985263297,1735,0.0,0.0,0.0
947800,366,45,223,0,0,143,0.7507863187171057,0.07702098236045525,1735,2.0,0.0,13.719999999999997
947900,371,47,222,0,0,149,0.7488957559550798,0.07679889837469897,1735,2.0,0.0,13.719999999999997
948000,360,44,209,0,0,151,0.7502040554470909,0.07591099310422612,1736,1.0,0.0,7.253940442053823
948100,360,41,204,0,1,155,0.751354210482039,0.07601134095591154,1736,3.0,0.0,21.650398003052274
948200,357,39,206,0,1,150,0.7484312790710037,0.07603992415568851,1735,0.0,0.0,0.0
948300,371,39,213,0,0,158,0.7477538549567427,0.07615129177114043,1736,3.0,0.0,21.001692614595243
948400,374,37,207,0,0,167,0.7457298915502597,0.07625170012959645,1736,0.0,0.0,0.0
948500,362,37,196,0,0,166,0.7477942102737207,0.07638904591165327,1736,0.0,0.0,0.0
948600,356,44,202,0,1,153,0.7497872533554776,0.07647602783254145,1737,2.0,0.0,13.719999999999997
948700,368,46,209,0,0,159,0.7514158712086025,0.07681431179105848,1737,1.0,0.0,7.656587536018001
948800,380,35,217,0,0,163,0.7509597033474078,0.07609351913814082,1737,0.0,0.0,0.0
948900,367,42,208,0,1,158,0.7511149296056189,0.0761282942819903,1737,2.0,0.0,16.85744967566344
949000,349,41,199,0,1,149,0.7539728184244817,0.0763772737554441,1737,5.0,0.0,38.19593009556754
949100,355,43,203,0,0,152,0.7545463958340315,0.07637694240548029,1737,2.0,1.0,7.829084593732197
949200,365,37,202,0,1,162,0.7569169676934218,0.07582680408911414,1737,0.0,0.0,0.0
949300,360,40,195,0,1,164,0.7586980197206854,0.07564776210242048,1738,3.0,0.0,22.401642417609878
949400,362,38,195,0,1,166,0.7585296102415422,0.07542201858071805,1738,0.0,0.0,0.0
949500,378,38,219,0,1,158,0.761759050856931,0.0754471110799788,1739,0.0,0.0,0.0
949600,358,34,213,0,0,145,0.7617091851434563,0.07450918054454697,1739,0.0,0.0,0.0
949700,355,39,209,0,0,146,0.7604551235956539,0.07384248425975042,1738,0.0,0.0,0.0
949800,363,38,214,0,0,149,0.7594449583845473,0.07365003442737364,1738,1.0,0.0,7.295662141205603
949900,371,37,210,0,0,161,0.757910600707959,0.07371055760384297,1739,2.0,0.0,14.222058032787512
950000,360,41,216,0,0,144,0.7577092665753775,0.07361606742195702,1739,1.0,0.0,7.152403148152686
950100,365,37,213,0,0,152,0.7606274886573932,0.0732310900027691,1739,2.0,0.0,14.458893432971733
950200,359,40,204,0,0,155,0.7656891311474778,0.07366458738336526,1739,1.0,0.0,8.425232040749174
950300,367,37,199,0,0,168,0.7649114438830192,0.07371974096692457,1739,2.0,0.0,16.97561198152662
950400,363,39,206,0,0,157,0.7670815089321853,0.07313369494310819,1739,2.0,1.0,8.538253312805402
950500,355,44,194,1,1,159,0.7673337762681625,0.07277056343378435,1739,3.0,0.0,21.606712312837356
950600,357,38,209,1,0,147,0.767856770150806,0.07376551838455143,1739,0.0,0.0,0.0
950700,361,40,216,0,0,145,0.7653265485322243,0.07414060271220783,1739,1.0,0.0,6.936706746258153
950800,357,39,213,0,1,143,0.7668425823601505,0.07423487660929193,1740,1.0,0.0,8.434066487772741
950900,357,44,200,0,0,157,0.7667836078274058,0.07400641833189278,1740,3.0,0.0,20.722859826784507
951000,355,39,205,0,0,150,0.7687823845150183,0.07383526189880767,1740,0.0,0.0,0.0
951100,363,41,208,0,0,155,0.768085792304743,0.0738067773572618,1740,2.0,0.0,14.537546771318745
951200,361,46,220,0,0,141,0.7687498533082768,0.07373709483085746,1740,1.0,1.0,0.0
951300,361,43,209,0,0,152,0.7730066824873633,0.07368267112671928,1740,2.0,0.0,16.246183230408356
951400,363,34,208,0,1,154,0.7732706987287775,0.07321695811815324,1740,1.0,0.0,8.5853699635715
951500,364,42,200,1,0,163,0.773090180178483,0.07343298290121489,1741,4.0,1.0,22.300386199935115
951600,348,50,196,1,0,151,0.7737350614706624,0.07398568131120888,1741,1.0,0.0,8.34945235319184
951700,362,34,200,0,0,162,0.771909918530168,0.07396327252255043,1741,1.0,0.0,7.607786971411077
951800,371,33,210,1,0,160,0.7721792717862028,0.07352553459236924,1742,2.0,0.0,14.438203238648502
951900,358,45,198,1,0,159,0.7702615635921576,0.07376428334474078,1742,1.0,0.0,7.148582159664757
952000,365,38,215,1,0,149,0.7677749176939225,0.07319623368563169,1742,0.0,0.0,0.0
952100,356,43,200,0,0,156,0.7677043555462472,0.07333278324156543,1742,2.0,0.0,15.319447315377793
952200,363,44,196,0,0,167,0.7668696057270603,0.07301844115490774,1742,2.0,0.0,14.51385399142514
952300,355,48,194,0,0,161,0.76917342733362,0.07307524234605126,1743,2.0,0.0,15.767475024242732
952400,359,37,205,0,0,154,0.7697846006599758,0.0728451684227469,1743,1.0,0.0,6.8599999999999985
952500,354,42,203,0,0,151,0.7699359315849306,0.0738521339899494,1743,2.0,0.0,14.394749242350093
952600,352,45,206,0,0,146,0.7664945342057741,0.07365011975365211,1744,1.0,0.0,6.8599999999999985
952700,362,42,209,0,0,153,0.7682677806929588,0.07367067892148366,1744,2.0,0.0,13.719999999999997
952800,359,44,198,0,1,160,0.772709150837172,0.07342156986043193,1744,0.0,0.0,0.0
952900,360,41,211,0,0,149,0.7732306912718945,0.07247487516944279,1744,2.0,0.0,15.427295214446847
953000,363,33,209,0,1,153,0.7751344705041039,0.07231258129497516,1741,0.0,0.0,0.0
953100,365,37,216,0,1,148,0.7715902250743447,0.07184848482684404,1741,2.0,0.0,14.643916429790838
953200,360,44,211,0,0,149,0.7709271180079571,0.0716993002165138,1742,2.0,0.0,14.914449171251105
953300,351,44,207,0,0,144,0.7720893621706534,0.07181099455140996,1742,3.0,0.0,21.20508485445493
953400,354,42,208,0,0,146,0.7691001155545975,0.07041521777049146,1741,3.0,0.0,27.56538579846126
953500,359,46,204,0,1,154,0.7646961698558503,0.06933261408891422,1741,0.0,0.0,0.0
953600,359,42,207,0,0,152,0.7662674949995765,0.06911202182583849,1741,1.0,0.0,6.8599999999999985
953700,359,42,202,0,0,157,0.7674489622828873,0.06870780607567263,1742,4.0,0.0,31.29103563508862
953800,361,45,203,0,0,158,0.7658052688383912,0.06858255179432261,1742,1.0,0.0,7.089845264180008
953900,365,41,204,0,0,161,0.767883582772596,0.06839391394292874,1742,3.0,1.0,16.132841150209327
954000,368,37,208,0,1,159,0.7639573622637797,0.06895564970199726,1742,1.0,0.0,6.8599999999999985
954100,361,42,214,0,0,147,0.7621365856309099,0.06917818143720134,1743,1.0,0.0,7.418028797378998
954200,361,43,204,1,0,156,0.7630436079867263,0.06934868337862338,1743,0.0,0.0,0.0
954300,372,33,210,0,0,162,0.7608969782458054,0.06893541420169257,1743,3.0,0.0,21.835862700041943
954400,378,36,210,0,0,168,0.7605240393097998,0.06900952790443146,1743,2.0,0.0,15.478299447607084
954500,353,43,212,0,0,141,0.7595978788121711,0.06893895970498336,1743,0.0,0.0,0.0
954600,351,45,213,0,0,138,0.7593399003660682,0.06919583683931142,1742,0.0,0.0,0.0
954700,372,35,228,0,1,143,0.7594256331367677,0.06967117706903284,1742,2.0,0.0,15.979057676460311
954800,373,39,232,0,0,141,0.7606544595791658,0.07004371426478502,1742,3.0,0.0,22.540022355395966
954900,361,39,224,0,0,137,0.7595177661114437,0.07109769341275413,1742,0.0,0.0,0.0
955000,361,45,216,0,0,145,0.7603051446580277,0.07150184493292092,1742,2.0,0.0,14.427993688289767
955100,369,28,216,0,1,152,0.7590838893801649,0.07139172005062301,1742,2.0,0.0,14.479064258733617
955200,366,42,215,0,0,151,0.7611755301559444,0.07222483538786839,1742,1.0,0.0,6.8799899175761325
955300,352,43,213,0,0,139,0.7618706422148803,0.07181131030641619,1742,0.0,0.0,0.0
955400,363,44,211,0,1,151,0.762913485365076,0.07249835278917276,1742,0.0,0.0,0.0
955500,362,46,218,0,0,144,0.7629579637228637,0.07324914433219752,1743,1.0,0.0,6.8599999999999985
955600,366,48,223,0,0,143,0.7641829939402572,0.07304315804431932,1743,1.0,0.0,7.491981843046143
955700,366,37,223,0,0,143,0.7667070559042691,0.0737296513698419,1744,2.0,0.0,14.943406888596664
955800,352,37,210,0,1,141,0.7653293909465003,0.07364182909785008,1744,0.0,0.0,0.0
955900,357,49,206,0,0,151,0.761892226576027,0.07417093748596258,1745,2.0,0.0,16.14437378967077
956000,367,38,213,0,0,154,0.7593255212344449,0.07368214109630371,1745,0.0,0.0,0.0
956100,378,42,217,0,0,161,0.7599203323043476,0.07318638423834924,1745,0.0,0.0,0.0
956200,367,43,209,0,0,158,0.7580687706512286,0.0728889130017185,1745,1.0,0.0,6.8599999999999985
956300,360,41,202,0,0,158,0.7559605545903246,0.07305409871178942,1746,1.0,1.0,0.0
956400,363,42,197,0,0,166,0.7560350059519972,0.07301710637480824,1746,1.0,0.0,6.8599999999999985
956500,362,48,202,1,0,159,0.7566525412984036,0.07304552410589106,1747,0.0,0.0,0.0
956600,365,38,210,1,0,154,0.7570974339199986,0.07226521109492065,1747,1.0,0.0,6.8599999999999985
956700,362,44,208,0,1,153,0.759008045668486,0.0729829343951431,1747,1.0,0.0,6.900854957109224
956800,364,45,210,0,0,154,0.7595876351253467,0.0729594385921205,1747,0.0,0.0,0.0
956900,362,37,210,0,0,152,0.7596567627867806,0.07216890175692646,1747,1.0,0.0,7.138247118987457
957000,370,44,212,0,0,158,0.7613765807894357,0.07113114838203105,1748,2.0,0.0,13.78863807737238
957100,356,33,200,0,0,156,0.7584100416882266,0.0707343853328215,1748,0.0,0.0,0.0
957200,360,44,195,0,0,165,0.7598013817490399,0.06951748466485219,1748,0.0,0.0,0.0
957300,371,31,215,0,0,156,0.7614711132964083,0.06820348144720464,1748,2.0,0.0,13.89735447835406
957400,364,34,201,0,0,163,0.7608957830549997,0.06777554716523009,1749,0.0,0.0,0.0
957500,352,40,201,0,0,151,0.7612306155146489,0.06817191865911361,1749,1.0,0.0,7.514236426939217
957600,354,40,212,0,0,142,0.7607634931936382,0.06797719379293696,1748,3.0,0.0,21.654020391588993
957700,347,41,202,0,0,145,0.7593333818881517,0.06725093676787681,1748,2.0,0.0,15.65179339934967
957800,369,36,208,0,0,161,0.7630288035813895,0.06724726245349963,1749,2.0,0.0,15.682883272794264
957900,372,35,212,0,0,160,0.7631135834288536,0.0671793176046874,1749,2.0,0.0,13.986791069243411
958000,368,32,212,0,0,156,0.7624660143461375,0.06807769497251333,1749,1.0,0.0,7.297694087089182
958100,362,35,211,0,0,151,0.7633967733001233,0.06854932911673853,1749,0.0,0.0,0.0
958200,358,37,212,0,1,145,0.7637750857137642,0.06953163015505971,1749,2.0,0.0,13.719999999999997
958300,357,45,203,0,0,154,0.7630755730998442,0.06926885151501462,1749,0.0,0.0,0.0
958400,379,43,218,0,0,161,0.762489100003872,0.06947885033096672,1749,0.0,0.0,0.0
958500,360,45,203,0,0,157,0.7618062465543641,0.06933643120302703,1749,2.0,0.0,14.273327003265113
958600,362,45,204,0,0,158,0.7632582765675404,0.06963317544819474,1750,0.0,0.0,0.0
958700,363,47,216,0,0,147,0.7627152263882048,0.0702747792941527,1750,0.0,0.0,0.0
958800,366,42,207,0,1,158,0.760936681850016,0.07025450329625564,1750,0.0,0.0,0.0
958900,356,39,210,0,0,146,0.7599413732050913,0.07058826374804562,1750,1.0,1.0,0.0
959000,363,41,208,0,0,155,0.7599776311012059,0.07048118361724515,1750,2.0,0.0,14.13712318507081
959100,362,33,208,0,0,154,0.7546903811057925,0.07225982474012477,1751,1.0,0.0,6.8599999999999985
959200,354,46,201,0,0,153,0.7556027199144817,0.07280072420106808,1751,1.0,0.0,8.27648581022287
959300,358,33,203,0,1,154,0.757004635216584,0.07221877297949719,1752,0.0,0.0,0.0
959400,373,40,206,0,0,167,0.7598037175424863,0.07230928891378151,1752,0.0,0.0,0.0
959500,362,40,199,0,0,163,0.7603676332489161,0.0725238996754931,1752,2.0,0.0,14.186428894300928
959600,365,35,200,0,0,165,0.7593454767991616,0.07348346456558195,1753,0.0,0.0,0.0
959700,378,42,216,0,0,162,0.7605507306901219,0.07388942847835993,1753,0.0,0.0,0.0
959800,375,38,201,0,1,173,0.7595939429449402,0.07456244371018377,1753,4.0,0.0,28.920794263475077
959900,349,47,209,0,0,140,0.7577357952120447,0.0746654472916628,1753,2.0,0.0,14.493628039051941
960000,355,39,210,0,0,145,0.7586061346650599,0.07498968382961305,1754,0.0,0.0,0.0
960100,368,41,221,0,0,147,0.7569005129611888,0.07439744214067973,1754,1.0,0.0,8.64951167518598
960200,369,33,215,0,0,154,0.7587930700163026,0.07464841451216239,1754,2.0,0.0,14.455333058114068
960300,352,34,207,0,0,145,0.7610050036123848,0.07378899611486114,1754,1.0,0.0,6.8599999999999985
960400,356,34,204,0,0,152,0.7622689112092705,0.07386505371728062,1755,0.0,0.0,0.0
960500,357,36,204,0,0,153,0.7627752513749805,0.07342753125169893,1755,5.0,0.0,35.20781743914613
960600,366,43,201,0,0,165,0.76243041628845,0.07250099429632553,1755,0.0,0.0,0.0
960700,366,42,207,0,0,159,0.7606620233018688,0.07177199032445328,1756,3.0,0.0,22.694836704161407
960800,362,43,207,0,1,154,0.7614654854098455,0.07249792452629951,1756,3.0,1.0,19.24877762989083
960900,360,43,214,0,0,146,0.7627620769641144,0.07309375411887485,1757,0.0,0.0,0.0
961000,363,33,217,0,0,146,0.760181571557118,0.07302832958146789,1757,2.0,0.0,13.719999999999997
961100,355,44,195,1,0,159,0.7612685170264929,0.07337975289902428,1758,3.0,0.0,21.603062025283176
961200,367,41,207,1,0,159,0.7612348705408507,0.07335965550937422,1759,1.0,0.0,7.1209732062099045
961300,370,37,214,1,0,155,0.7603462790616805,0.07294929538433823,1759,0.0,0.0,0.0
961400,368,38,215,1,0,152,0.7620271391796397,0.07305391487751327,1759,1.0,0.0,7.874904298971569
961500,362,39,211,1,0,150,0.7622044092503606,0.07257521531734332,1760,1.0,0.0,6.8599999999999985
961600,364,36,198,0,0,166,0.7629950575838091,0.07281124769641911,1760,1.0,0.0,6.8599999999999985
961700,354,40,197,0,0,157,0.7626264032463212,0.073607224720591,1761,0.0,0.0,0.0
961800,348,42,192,0,0,156,0.7592038362347722,0.07317152270421173,1761,0.0,0.0,0.0
961900,361,47,195,0,0,166,0.7587403626702508,0.07278643114276091,1762,1.0,0.0,7.112348137859855
962000,354,42,197,0,0,157,0.7592588567312567,0.07162328649566803,1763,0.0,0.0,0.0
962100,366,40,199,0,0,167,0.7580948155523853,0.07055810263036527,1763,1.0,0.0,7.078035957957721
962200,376,40,218,0,0,158,0.7595288600553463,0.07045513926059073,1762,1.0,0.0,6.8599999999999985
962300,348,45,200,0,0,148,0.7667613014690241,0.07083174767202825,1763,0.0,0.0,0.0
962400,352,50,203,0,0,149,0.7691204617350991,0.07137032418735026,1763,0.0,0.0,0.0
962500,358,44,216,0,0,142,0.7699506242828188,0.07191674591121439,1763,1.0,0.0,7.039892468962248
962600,364,39,209,0,0,155,0.7680885506024102,0.07183006870432175,1763,1.0,0.0,7.4868167226143845
962700,361,39,212,0,0,149,0.7664935078302012,0.07179445398262188,1763,1.0,0.0,6.915574875301361
962800,369,33,207,0,0,162,0.762889806668684,0.07203032919413314,1763,2.0,0.0,13.719999999999997
962900,353,42,208,0,0,145,0.7623762401609282,0.07077069358793754,1763,3.0,0.0,21.38353156466391
963000,356,43,202,0,0,154,0.7622943107720688,0.07148045190390401,1763,2.0,0.0,14.435617609746352
963100,374,36,226,0,0,148,0.7614929594734188,0.07118801829673081,1764,4.0,0.0,30.272920276203966
963200,371,42,211,0,0,160,0.7631071753937713,0.0703389876334656,1765,0.0,0.0,0.0
963300,350,46,202,0,0,148,0.7633555710712017,0.07019492182372125,1765,0.0,0.0,0.0
963400,365,38,207,0,0,158,0.759926988495973,0.07036332505253448,1765,2.0,0.0,14.447247133050585
963500,362,41,212,0,0,150,0.7634987595212813,0.07047479626714363,1764,0.0,0.0,0.0
963600,368,45,204,0,0,164,0.7623307454132775,0.07043931712963807,1764,0.0,0.0,0.0
963700,370,38,220,0,0,150,0.7582071088931497,0.06993508223155376,1765,0.0,0.0,0.0
963800,362,39,215,0,0,147,0.7569187016165351,0.06899695182266147,1765,0.0,0.0,0.0
963900,368,39,212,0,0,156,0.7552423873148896,0.06813397816665444,1766,4.0,0.0,29.158466590761655
964000,353,44,207,0,0,146,0.7521741502151318,0.06772097872494176,1766,0.0,0.0,0.0
964100,369,42,209,0,0,160,0.7545085179984865,0.0682369263549549,1766,2.0,0.0,15.155133423077814
964200,358,44,218,0,1,139,0.7549341502252457,0.06958824477403965,1767,0.0,0.0,0.0
964300,367,39,208,0,1,158,0.7551300799274429,0.07006775028948782,1767,0.0,0.0,0.0
964400,360,41,211,0,1,148,0.7554002339241623,0.06913725037955525,1767,0.0,0.0,0.0
964500,366,37,211,0,1,154,0.7535425698510901,0.06935472084501967,1767,1.0,0.0,6.884490363580973
964600,365,34,208,0,0,157,0.7552039660404253,0.07008892610143165,1767,2.0,0.0,15.4926228561315
964700,370,40,212,0,0,158,0.7530368729499928,0.07019687452189714,1767,1.0,0.0,7.35580525534546
964800,361,41,214,0,0,147,0.7561612072520546,0.07116603144627277,1768,0.0,0.0,0.0
964900,362,40,212,0,0,150,0.7556231567548237,0.0712225861972245,1768,2.0,0.0,14.0466806826657
965000,373,36,215,0,0,158,0.7575370135980138,0.0711652721021919,1768,0.0,0.0,0.0
965100,354,40,204,0,0,150,0.7582997920744865,0.0726161729749826,1769,1.0,0.0,7.240443238214375
965200,357,42,205,0,0,152,0.7574449951376361,0.07289943303739066,1769,0.0,0.0,0.0
965300,360,39,206,0,0,154,0.7585330724789061,0.07278086518302346,1769,1.0,0.0,6.8599999999999985
965400,365,43,202,0,0,163,0.7614424631078948,0.07144990561557601,1769,4.0,0.0,29.588369088385562
965500,362,41,208,0,0,154,0.7589410126210585,0.07228566838811121,1769,0.0,0.0,0.0
965600,360,38,204,0,0,156,0.7561636173063394,0.0738190541376988,1769,1.0,0.0,8.251793713903814
965700,360,40,196,0,0,164,0.755412338470136,0.07448300580940244,1769,0.0,0.0,0.0
965800,363,38,194,0,0,169,0.7570818123288768,0.07463448396947545,1769,1.0,0.0,6.8599999999999985
965900,373,42,215,0,0,158,0.7539096951239884,0.07482543259747386,1770,0.0,0.0,0.0
966000,356,39,208,0,0,148,0.7518552578838192,0.07384834761310989,1770,0.0,0.0,0.0
966100,358,41,210,0,1,147,0.7527249084802382,0.0735143492028985,1771,0.0,0.0,0.0
966200,359,41,211,0,0,148,0.7511396037317734,0.07290299945800256,1771,0.0,0.0,0.0
966300,361,43,207,0,0,154,0.7511643506834655,0.07249618413659296,1771,0.0,0.0,0.0
966400,365,39,200,0,0,165,0.7510661153248844,0.07122501141410706,1771,3.0,0.0,20.579999999999995
966500,362,36,203,0,0,159,0.7515141444950287,0.07156469573253706,1771,0.0,0.0,0.0
966600,357,41,203,0,0,154,0.7518892353006105,0.07090565951447421,1771,1.0,1.0,0.0
966700,366,41,204,0,0,162,0.7511576403407082,0.07097952696896978,1771,0.0,0.0,0.0
966800,366,40,195,0,0,171,0.7484762423980961,0.07049705867146995,1771,0.0,0.0,0.0
966900,361,44,197,1,0,163,0.7483269785437852,0.07004444840655033,1771,0.0,0.0,0.0
967000,368,41,201,0,0,167,0.750603503651941,0.06968405717264173,1767,1.0,0.0,8.844023486537694
967100,344,39,201,0,0,143,0.7525207893528777,0.0690343911844597,1767,1.0,0.0,6.9018625500939015
967200,366,40,216,0,0,150,0.7485581551859937,0.07010298346074957,1768,1.0,0.0,6.8599999999999985
967300,375,37,232,0,0,143,0.7443745984778807,0.07067498483888579,1768,1.0,0.0,8.161461957445967
967400,379,44,221,0,0,158,0.7475787221168148,0.07063792171313148,1768,0.0,0.0,0.0
967500,369,33,221,0,0,148,0.749443713794197,0.0697922033586636,1768,1.0,0.0,9.11109326375864
967600,360,41,218,0,0,142,0.7493393444558721,0.07014923812040331,1768,0.0,0.0,0.0
967700,362,46,215,0,0,147,0.7478658192222618,0.07053820122277926,1769,0.0,0.0,0.0
967800,355,49,218,0,0,137,0.746392180828264,0.07001662344146484,1769,2.0,0.0,15.225933278353814
967900,350,36,206,0,0,144,0.7469843514269597,0.07011148886659777,1769,0.0,0.0,0.0
968000,364,35,212,0,0,152,0.743769875056254,0.07170259540219971,1769,0.0,0.0,0.0
968100,375,42,203,0,0,172,0.7436944588049498,0.0701797841359,1769,0.0,0.0,0.0
968200,374,39,202,0,0,172,0.7475200046726793,0.06991558208599516,1769,0.0,0.0,0.0
968300,376,37,205,0,0,171,0.7511482362840923,0.07006726054049035,1770,0.0,0.0,0.0
968400,373,42,211,0,0,162,0.7518865060025861,0.07010914431366058,1770,1.0,0.0,6.8599999999999985
968500,364,41,211,0,0,153,0.7527693353219855,0.0697187091636275,1770,0.0,0.0,0.0
968600,348,40,203,0,0,145,0.7566875010042855,0.06944381249669379,1770,1.0,0.0,7.39134068540189
968700,357,36,200,0,0,157,0.7598498842380029,0.06737569891053179,1769,4.0,0.0,31.349425932030442
968800,370,35,202,0,0,168,0.7603724177346689,0.06725981814574412,1770,0.0,0.0,0.0
968900,367,38,194,0,1,172,0.761127126735331,0.06866704083794806,1770,1.0,0.0,6.8599999999999985
969000,358,42,199,0,0,159,0.7621809223678728,0.06842311688673167,1770,0.0,0.0,0.0
969100,361,50,203,0,1,157,0.7616360137735046,0.06824215140649033,1770,0.0,0.0,0.0
969200,356,39,210,0,0,146,0.7610975271771092,0.06796193150322745,1771,1.0,0.0,7.393500556629817
969300,358,36,208,0,0,150,0.7620294721241966,0.067772929050104,1771,3.0,0.0,24.603810981750783
969400,362,34,204,0,0,158,0.7602873755140995,0.06876979205758928,1772,1.0,0.0,7.107457353227186
969500,375,34,208,0,0,167,0.7583046005060019,0.06931881786410003,1772,0.0,0.0,0.0
969600,362,42,208,0,0,154,0.7593349251860073,0.07031663823653568,1772,0.0,0.0,0.0
969700,374,40,218,0,0,156,0.7581436690126044,0.07053477793868279,1772,2.0,0.0,14.31132152218056
969800,364,43,212,0,0,152,0.75704783451926,0.07189824215432511,1772,0.0,0.0,0.0
969900,352,41,197,0,0,155,0.7566416117165726,0.07296462909842147,1773,2.0,0.0,15.172187260450618
970000,359,45,201,0,0,158,0.754080125051355,0.07217709606477463,1773,1.0,0.0,7.312001312899782
970100,361,44,201,0,0,160,0.7554778536181043,0.07210387474888923,1773,0.0,0.0,0.0
970200,359,38,212,0,0,147,0.758382883018134,0.0718231051140504,1773,1.0,0.0,6.8599999999999985
970300,361,40,210,0,0,151,0.7613390244182122,0.07258550034804845,1773,0.0,0.0,0.0
970400,374,41,206,0,0,168,0.7620105463051609,0.07154795602134596,1773,2.0,0.0,16.812295246811804
970500,366,45,206,0,0,160,0.7607870903815518,0.07163531896031623,1773,0.0,0.0,0.0
970600,363,35,210,0,0,153,0.759564641693511,0.07285608978764914,1773,0.0,0.0,0.0
970700,357,50,219,0,0,138,0.7573437101652061,0.07287487417466912,1773,1.0,0.0,7.694823119384229
970800,366,42,221,0,0,145,0.7553943932734828,0.07291384920938751,1774,1.0,0.0,6.8599999999999985
970900,370,44,227,0,0,143,0.7557087661944051,0.07260541644071916,1774,0.0,0.0,0.0
971000,358,42,217,0,0,141,0.7555645479454327,0.07291375694428569,1775,0.0,0.0,0.0
971100,360,39,211,0,0,149,0.7528531865919035,0.07259075582960305,1775,1.0,0.0,7.503332106340608
971200,359,39,202,0,0,157,0.755133224432618,0.07273347615626403,1775,1.0,0.0,7.571773774028402
971300,366,49,204,0,0,162,0.7532980876381822,0.07200128135918758,1775,2.0,0.0,15.242002316375903
971400,358,40,200,0,0,158,0.7521497802583955,0.07086200420302205,1776,1.0,0.0,7.125835296929765
971500,368,37,215,0,0,153,0.7522401036637245,0.07099938012374916,1776,2.0,0.0,14.758529297911078
971600,383,37,209,0,2,172,0.7552870344843576,0.07108750045210838,1777,0.0,0.0,0.0
971700,370,37,211,0,0,159,0.7581600014654456,0.07117122311991378,1777,0.0,0.0,0.0
971800,357,42,201,0,0,156,0.759501305352041,0.07197506425829495,1778,1.0,1.0,0.0
971900,374,41,218,1,0,155,0.7590352647371656,0.07124156749581832,1778,1.0,0.0,8.060623949044844
972000,362,43,211,0,0,151,0.7588583394312437,0.07101168618297043,1778,1.0,0.0,9.944601660235982
972100,366,46,212,0,0,154,0.7543202133911171,0.07236887473949037,1778,3.0,0.0,20.73037683878817
972200,353,39,206,0,0,147,0.7522469110789256,0.07296176900496402,1778,0.0,0.0,0.0
972300,369,34,206,0,0,163,0.7501760259968554,0.07349229887255741,1778,1.0,1.0,0.0
972400,362,38,201,0,0,161,0.7492929522206286,0.07489997706478722,1778,0.0,0.0,0.0
972500,367,38,196,0,0,171,0.7494806470015278,0.07507937871911255,1778,1.0,1.0,0.0
972600,367,40,213,0,0,154,0.7493062618612455,0.07523456274482115,1778,2.0,0.0,15.590920442862984
972700,368,40,211,0,0,157,0.7489724911837446,0.0757545928947867,1778,0.0,0.0,0.0
972800,359,38,208,0,0,151,0.75149787291511,0.0761001453193093,1778,2.0,1.0,6.8599999999999985
972900,360,39,195,0,0,165,0.7499837840044424,0.07718439591902977,1778,1.0,0.0,7.680675794306052
973000,355,35,186,0,0,169,0.7526098249738589,0.07755052736597921,1778,1.0,0.0,6.8599999999999985
973100,356,36,189,1,0,166,0.7528864658616036,0.07824885876490066,1779,0.0,0.0,0.0
973200,369,47,204,0,0,165,0.751146853471029,0.0783771333390986,1779,0.0,0.0,0.0
973300,354,43,197,0,0,157,0.7522471664506796,0.07957720176185341,1779,1.0,0.0,7.2116617312215245
973400,362,33,210,0,0,152,0.7508864352577572,0.08021714113648348,1779,0.0,0.0,0.0
973500,355,46,208,0,0,147,0.7495779796236683,0.08101733183252911,1779,0.0,0.0,0.0
973600,364,46,214,0,0,150,0.7492124828583445,0.08137306677257893,1780,1.0,0.0,7.154981333134417
973700,362,35,203,0,0,159,0.7482397788074384,0.08285503328003047,1780,0.0,0.0,0.0
973800,370,49,202,0,0,168,0.7456881486032969,0.08325348494453018,1780,1.0,0.0,6.8599999999999985
973900,368,41,208,0,0,160,0.7456228106202202,0.08345479398611765,1781,0.0,0.0,0.0
974000,366,42,210,0,0,156,0.7462092804351391,0.08303128654736308,1781,0.0,0.0,0.0
974100,368,38,207,0,0,161,0.7475101240003381,0.08369453200751686,1782,0.0,0.0,0.0
974200,378,35,217,0,0,161,0.7494318370912973,0.08451174433602936,1782,1.0,0.0,6.8599999999999985
974300,371,35,214,0,0,157,0.7501290678172859,0.08431973932303367,1782,1.0,0.0,6.8599999999999985
974400,371,36,218,0,0,153,0.7476693160577296,0.084887559388042,1782,1.0,0.0,8.06601352194
974500,349,44,209,0,1,139,0.7457629069694316,0.08506417632535465,1782,1.0,0.0,7.4334999607809715
974600,362,35,209,0,0,153,0.7453511392901558,0.08549206927871539,1782,0.0,0.0,0.0
974700,373,36,205,0,0,168,0.7441454836933529,0.08597578296375458,1782,2.0,0.0,13.75344324025653
974800,374,40,202,0,0,172,0.7418610948826103,0.08632367141170916,1782,0.0,0.0,0.0
974900,370,41,205,0,0,165,0.7425365287551228,0.08576174912567151,1782,2.0,0.0,14.856944811469202
975000,372,37,206,0,0,166,0.7456575306530555,0.0853779349249703,1783,0.0,0.0,0.0
975100,368,36,207,0,0,161,0.7436723648676582,0.08573823138238841,1783,0.0,0.0,0.0
975200,363,42,215,0,0,148,0.7445900223134317,0.08607217149110245,1783,0.0,0.0,0.0
975300,371,46,222,0,0,149,0.7456327050369479,0.0852809243948803,1784,0.0,0.0,0.0
975400,371,42,214,0,0,157,0.7438542695749246,0.08426015482390063,1785,2.0,0.0,13.96584432844289
975500,356,40,200,0,0,156,0.7453819484473587,0.08432519209585658,1785,1.0,0.0,7.10419772727758
975600,362,42,205,0,0,157,0.7458640624844801,0.08435166052275474,1785,1.0,0.0,7.239515359619362
975700,355,40,205,0,0,150,0.744101188846022,0.08333968777731868,1786,0.0,0.0,0.0
975800,361,34,213,0,0,148,0.7453012567394923,0.0829840547798669,1786,0.0,0.0,0.0
975900,373,43,211,0,0,162,0.745415446705173,0.08283251508043435,1787,0.0,0.0,0.0
976000,379,39,215,0,0,164,0.7446528077927953,0.08280308534748837,1787,1.0,0.0,7.175025304480324
976100,368,38,208,0,0,160,0.7450086069909198,0.08327009948510641,1787,0.0,0.0,0.0
976200,352,34,200,0,0,152,0.7449176056965293,0.08309160777123892,1787,0.0,0.0,0.0
976300,360,40,206,0,0,154,0.7463894594203544,0.08330630239277229,1787,0.0,0.0,0.0
976400,371,38,220,0,0,151,0.7449117008704007,0.08369777821814246,1788,1.0,0.0,8.143516670217242
976500,364,43,212,0,0,152,0.7422235434680093,0.08383197148627543,1788,0.0,0.0,0.0
976600,362,41,210,0,0,152,0.7429735687096559,0.08353721574391079,1789,1.0,0.0,8.212459728665612
976700,366,33,203,0,0,163,0.7413050641560722,0.08345846156728906,1789,0.0,0.0,0.0
976800,375,37,204,0,0,171,0.740756721204754,0.08449246992706416,1789,1.0,0.0,6.873661786031502
976900,366,42,201,0,0,165,0.7380044328650789,0.08400309019362348,1788,3.0,0.0,24.032775581956923
977000,366,38,195,0,0,171,0.7408331678205156,0.08375662740061184,1788,1.0,0.0,7.028918729235968
977100,366,47,194,0,0,172,0.7430705609928236,0.08355371581941423,1788,0.0,0.0,0.0
977200,363,43,196,0,0,167,0.7429971188952063,0.08407199257452821,1788,0.0,0.0,0.0
977300,367,36,206,0,0,161,0.7433552933997688,0.08410120435846084,1788,1.0,0.0,7.833831107337143
977400,367,39,212,0,0,155,0.7433674885374519,0.08455809129528782,1788,1.0,0.0,7.7035351576809346
977500,359,37,207,0,0,152,0.7453098426771113,0.0845714572702305,1788,0.0,0.0,0.0
977600,383,38,213,0,0,170,0.7444937890289898,0.08510422252613094,1786,0.0,0.0,0.0
977700,371,44,216,0,1,154,0.7430173948909136,0.08556174758969053,1786,0.0,0.0,0.0
977800,363,49,203,0,0,160,0.7443791984480033,0.08611511356237891,1786,0.0,0.0,0.0
977900,370,30,210,0,0,160,0.7443912283654248,0.08599640793924858,1786,1.0,0.0,7.159284439058038
978000,378,39,208,0,0,170,0.7438084913448897,0.08558951593699504,1786,0.0,0.0,0.0
978100,358,45,197,0,0,161,0.7448484021529969,0.08525934951503496,1786,0.0,0.0,0.0
978200,359,46,200,0,0,159,0.7472709733267185,0.08495808442993755,1787,0.0,0.0,0.0
978300,362,43,205,0,0,157,0.7477781552738809,0.08493671791652985,1787,0.0,0.0,0.0
978400,367,40,208,0,0,159,0.748435949587272,0.08447199121834383,1788,2.0,0.0,14.20568922945401
978500,367,37,206,0,0,161,0.7492371539472745,0.08367368562383105,1788,0.0,0.0,0.0
978600,368,40,213,0,0,155,0.7484709694650861,0.0838078213687609,1788,0.0,0.0,0.0
978700,371,45,218,0,0,153,0.7484569296610946,0.08422477803589201,1788,0.0,0.0,0.0
978800,362,37,214,0,0,148,0.7490086333972954,0.08437693653250977,1789,0.0,0.0,0.0
978900,377,42,221,0,0,156,0.7455771031976712,0.08389723723621925,1789,0.0,0.0,0.0
979000,365,40,204,0,0,161,0.7421272227033824,0.08385630663974411,1789,0.0,0.0,0.0
979100,365,37,190,0,0,175,0.7429793651641109,0.08334591132271216,1790,0.0,0.0,0.0
979200,364,36,200,0,0,164,0.7470338755603667,0.08292566932087601,1790,2.0,0.0,15.661173895253139
979300,356,33,207,0,0,149,0.7458889792962989,0.08271325211459787,1790,0.0,0.0,0.0
979400,360,44,216,0,0,144,0.7460332445996676,0.08315387029996396,1790,0.0,0.0,0.0
979500,362,40,217,0,0,145,0.7477159976697746,0.08291541395860488,1791,0.0,0.0,0.0
979600,366,38,217,0,0,149,0.7486470564963865,0.08301382413126429,1791,0.0,0.0,0.0
979700,366,34,210,0,0,156,0.7516285850808555,0.08235707987687464,1792,0.0,0.0,0.0
979800,363,43,206,0,0,157,0.7499491384259777,0.08218298168394142,1792,0.0,0.0,0.0
979900,362,35,203,0,0,159,0.7509349491457693,0.0824130613890837,1792,0.0,0.0,0.0
980000,361,43,208,0,0,153,0.748678203602006,0.08246466114365204,1792,0.0,0.0,0.0
980100,365,39,216,0,0,149,0.7483430811131431,0.0825232711817431,1792,0.0,0.0,0.0
980200,373,41,228,0,0,145,0.7509686710369902,0.08202201873918424,1792,1.0,0.0,7.665282701096407
980300,363,41,206,0,0,157,0.7501651435780194,0.08163258290938559,1793,0.0,0.0,0.0
980400,361,34,209,0,0,152,0.7506894304889151,0.08204277159329738,1793,0.0,0.0,0.0
980500,363,44,213,0,0,150,0.7504931007966731,0.08117499710973998,1794,0.0,0.0,0.0
980600,354,42,205,0,0,149,0.7503967779133154,0.08085160855484708,1794,0.0,0.0,0.0
980700,366,46,204,0,0,162,0.7479383101790074,0.08043854048465508,1794,0.0,0.0,0.0
980800,368,38,211,0,0,157,0.7488724465630681,0.08007739780776339,1794,2.0,0.0,15.091843036814073
980900,368,40,209,0,0,159,0.749967136208704,0.0801030095493395,1794,0.0,0.0,0.0
981000,366,44,212,0,0,154,0.7528452002214044,0.08035121382202698,1794,0.0,0.0,0.0
981100,361,36,202,0,0,159,0.7532195005630539,0.07930010955532797,1795,0.0,0.0,0.0
981200,362,37,209,0,0,153,0.7539396380254175,0.07916766770461835,1795,1.0,1.0,0.0
981300,354,40,211,0,0,143,0.7545238186974543,0.07944645183840003,1795,0.0,0.0,0.0
981400,372,38,219,0,0,153,0.7543573159558447,0.07910012512246097,1794,0.0,0.0,0.0
981500,373,40,217,1,0,155,0.7542195415000926,0.07994869083090207,1793,0.0,0.0,0.0
981600,377,43,214,1,0,162,0.753872683286061,0.07940472387861579,1793,1.0,0.0,6.8599999999999985
981700,358,42,210,0,0,148,0.7564810015756459,0.07882235082670404,1793,0.0,0.0,0.0
981800,357,38,197,0,0,160,0.7572887183338485,0.07866856000224641,1794,0.0,0.0,0.0
981900,369,38,203,0,1,165,0.7564743811344697,0.07754207018822662,1795,1.0,0.0,7.759601176775057
982000,367,41,209,0,0,158,0.7571252256306374,0.07725663840379147,1795,0.0,0.0,0.0
982100,357,40,206,0,0,151,0.754977358312119,0.07656925025807922,1795,0.0,0.0,0.0
982200,359,48,203,0,0,156,0.7561099438129538,0.07636244083496119,1796,0.0,0.0,0.0
982300,355,43,210,0,0,145,0.7573454944949671,0.07709395545820073,1796,0.0,0.0,0.0
982400,358,42,219,0,0,139,0.7586823991030814,0.0759538278138151,1796,0.0,0.0,0.0
982500,373,37,221,0,0,152,0.7568539758452959,0.07641085577817389,1796,0.0,0.0,0.0
982600,360,42,204,0,0,156,0.7577005819542085,0.07567659756133821,1796,0.0,0.0,0.0
982700,356,40,205,0,0,151,0.7597153356790559,0.07548423358504715,1797,0.0,0.0,0.0
982800,361,44,223,0,0,138,0.7585604088840133,0.07525923711371584,1797,0.0,0.0,0.0
982900,367,50,214,0,0,153,0.7567849955101984,0.07493642491556203,1797,1.0,0.0,7.574675743290114
983000,369,35,228,0,0,141,0.7571312392045132,0.07449713878368094,1798,1.0,0.0,7.592073271899655
983100,366,41,219,0,0,147,0.7564378225289652,0.07420733631796986,1798,1.0,0.0,7.467701851816865
983200,364,36,222,0,0,142,0.7559462813410663,0.07429014641653607,1799,1.0,0.0,7.175313195321532
983300,363,42,218,0,0,145,0.7546383464429985,0.07342485266099429,1799,0.0,0.0,0.0
983400,367,40,227,0,0,140,0.7563808611459649,0.07240667088279505,1799,2.0,0.0,16.190906848147584
983500,369,39,220,0,1,148,0.7520834615479731,0.07212144465461913,1799,0.0,0.0,0.0
983600,365,40,220,0,0,145,0.7488310573175484,0.07183992811812119,1799,1.0,0.0,7.326687539946876
983700,368,43,216,0,0,152,0.7503340273089897,0.07104937348103713,1799,1.0,0.0,6.8599999999999985
983800,370,36,218,0,0,152,0.7504462356834548,0.07132626757857669,1799,0.0,0.0,0.0
983900,363,39,220,0,1,142,0.749422626945615,0.07175831256481112,1799,0.0,0.0,0.0
984000,355,35,208,0,0,147,0.7512027576673468,0.0716067718579882,1799,0.0,0.0,0.0
984100,376,27,214,0,0,162,0.75144653014935,0.07159309503338553,1799,0.0,0.0,0.0
984200,375,35,218,0,0,157,0.7494894947934653,0.07151495344216639,1800,1.0,1.0,0.0
984300,369,41,204,0,0,165,0.7516976130981144,0.0710179274731917,1800,2.0,0.0,15.194778582888066
984400,349,44,211,0,0,138,0.7544921611226375,0.07081061076503974,1800,1.0,0.0,7.976891096679065
984500,362,40,213,0,0,149,0.7537703362114925,0.07035482230439735,1800,0.0,0.0,0.0
984600,368,41,230,0,0,138,0.7517422006888516,0.07106518314894075,1801,0.0,0.0,0.0
984700,363,48,225,0,0,138,0.7509888566013673,0.07097198155976366,1801,0.0,0.0,0.0
984800,373,35,229,0,0,144,0.7528922488299343,0.07058843388188912,1798,0.0,0.0,0.0
984900,362,41,214,0,0,148,0.7558710665335021,0.0698254264375661,1798,0.0,0.0,0.0
985000,351,45,205,0,0,146,0.7555865927768488,0.07008054047595157,1798,0.0,0.0,0.0
985100,359,36,204,0,0,155,0.7547521975302326,0.06952070201636154,1798,0.0,0.0,0.0
985200,364,42,215,0,0,149,0.7552067594597628,0.06913570440269547,1799,0.0,0.0,0.0
985300,366,44,212,0,0,154,0.7541238124612156,0.06901477813078812,1799,1.0,0.0,6.8599999999999985
985400,367,41,217,0,0,150,0.7585483555682696,0.06974451380593046,1799,0.0,0.0,0.0
985500,367,41,203,0,0,164,0.7553564111723545,0.0691967240169794,1798,0.0,0.0,0.0
985600,362,40,206,0,0,156,0.7545708278376688,0.06996166045096136,1798,0.0,0.0,0.0
985700,372,39,211,0,0,161,0.7535360893276858,0.06945165938827913,1798,0.0,0.0,0.0
985800,367,39,218,0,0,149,0.7542316316751733,0.06929232363832735,1798,2.0,0.0,14.18123398730858
985900,358,40,196,0,0,162,0.7561423308254954,0.06845688840140852,1798,1.0,0.0,7.660846656045155
986000,376,38,218,0,0,158,0.7563826381464239,0.06797203322977036,1799,0.0,0.0,0.0
986100,369,36,214,0,1,154,0.7578155985230612,0.06775704530835247,1799,0.0,0.0,0.0
986200,372,38,211,0,0,161,0.7576684738027076,0.0673958211228687,1799,0.0,0.0,0.0
986300,362,37,203,0,0,159,0.7597489649435082,0.06760976003476088,1799,0.0,0.0,0.0
986400,359,43,208,0,0,151,0.7601999314294462,0.06730404234610554,1799,0.0,0.0,0.0
986500,354,42,208,0,0,146,0.7608669421584859,0.06668144649831963,1800,1.0,0.0,8.41833614098898
986600,348,42,206,0,0,142,0.760566642101934,0.06694719707436793,1800,0.0,0.0,0.0
986700,362,39,206,0,0,156,0.763254502220938,0.06728475889872412,1801,0.0,0.0,0.0
986800,361,39,210,0,1,150,0.7647658903728001,0.06722541264383729,1800,0.0,0.0,0.0
986900,373,36,212,0,0,161,0.7625690671795657,0.06736271844630487,1801,1.0,0.0,6.8599999999999985
987000,374,44,211,0,0,163,0.761869190943345,0.06730918671453401,1801,1.0,0.0,7.845846373148599
987100,372,40,206,0,0,166,0.761795071644393,0.0676955496365639,1801,0.0,0.0,0.0
987200,358,44,212,0,0,146,0.7586063096834544,0.06780757851308059,1801,0.0,0.0,0.0
987300,358,40,207,0,0,151,0.757858475115776,0.06803230790939307,1801,1.0,0.0,7.91299925270598
987400,369,39,216,0,0,153,0.7553406745193421,0.06818458345833839,1801,1.0,0.0,8.604213357988241
987500,370,39,213,0,0,157,0.7551818644428621,0.06814226742309884,1800,2.0,0.0,13.719999999999997
987600,364,37,209,0,0,155,0.7546538226515936,0.06868710598494819,1800,0.0,0.0,0.0
987700,353,43,206,0,0,147,0.7567333472067483,0.06868573660470512,1801,0.0,0.0,0.0
987800,354,42,209,0,0,145,0.7578015673297163,0.06865760107776615,1801,1.0,0.0,6.921426166878265
987900,359,34,218,0,0,141,0.7568934664016278,0.06862058878549541,1800,0.0,0.0,0.0
988000,372,32,222,0,0,150,0.7567712572146759,0.06840131127104893,1801,1.0,0.0,7.61136213948749
988100,374,37,232,0,0,142,0.7558284759730252,0.06756244235806545,1801,1.0,0.0,6.8599999999999985
988200,361,33,214,0,0,147,0.755048018717598,0.06688116859508973,1802,1.0,0.0,6.882863078110782
988300,361,38,215,0,0,146,0.7559649917320972,0.06643662314989066,1802,0.0,0.0,0.0
988400,363,37,212,0,0,151,0.755422318152561,0.06648526452344651,1802,2.0,0.0,15.129950980430978
988500,361,43,212,0,0,149,0.7545773258735677,0.06630573100056499,1803,1.0,0.0,7.749907264030689
988600,362,47,210,0,0,152,0.7566870991702883,0.06667742163834799,1803,0.0,0.0,0.0
988700,366,40,210,0,0,156,0.7562160628954369,0.06689574758301492,1803,0.0,0.0,0.0
988800,371,38,218,0,0,153,0.7564646923477203,0.067300466356025,1804,0.0,0.0,0.0
988900,364,36,217,0,0,147,0.7573005379646841,0.06794942494680914,1804,0.0,0.0,0.0
989000,366,39,210,0,0,156,0.7575533789169386,0.0679781611346209,1805,1.0,0.0,8.4163311700029
989100,367,37,212,0,0,155,0.7573692147858058,0.06865581403822582,1805,0.0,0.0,0.0
989200,359,36,207,0,0,152,0.7569628790152084,0.06875546424471149,1804,0.0,0.0,0.0
989300,356,37,204,0,0,152,0.7613344011337733,0.06856428939105538,1804,0.0,0.0,0.0
989400,357,36,208,0,0,149,0.7621259215679548,0.06725283108668056,1804,0.0,0.0,0.0
989500,362,36,211,0,0,151,0.7628124630217247,0.06736756403306783,1804,2.0,0.0,15.165888064544973
989600,366,47,216,0,0,150,0.7635393551515507,0.06704302260536757,1804,0.0,0.0,0.0
989700,373,42,209,0,0,164,0.7582740097765547,0.0662598113266054,1804,0.0,0.0,0.0
989800,365,42,216,0,0,149,0.754879134130114,0.06590168056086686,1805,0.0,0.0,0.0
989900,370,30,214,0,0,156,0.7551267371624869,0.06610297119586465,1805,1.0,0.0,7.614860707188318
990000,369,35,216,0,0,153,0.75526617197895,0.0660904954374608,1805,0.0,0.0,0.0
990100,365,41,213,0,0,152,0.7561349546105307,0.06570320741510466,1806,1.0,0.0,6.9092808893469115
990200,358,37,213,0,1,144,0.7576554977471687,0.06603166761462353,1806,1.0,0.0,7.61587805724094
990300,359,47,201,0,0,158,0.7594569375399879,0.0658913627474784,1806,1.0,0.0,6.8599999999999985
990400,360,38,204,0,0,156,0.7586792013582362,0.06570957051075355,1806,0.0,0.0,0.0
990500,374,35,213,0,0,161,0.7571776741698365,0.06570680760236951,1807,0.0,0.0,0.0
990600,373,39,219,0,0,154,0.7575284130807095,0.06531763306800281,1807,0.0,0.0,0.0
990700,355,42,212,0,0,143,0.7556055641329871,0.06522417956468181,1808,1.0,0.0,6.9136754615334155
990800,368,32,225,0,0,143,0.7574008438114214,0.06527260034432943,1808,0.0,0.0,0.0
990900,370,38,223,0,0,147,0.7585044984796601,0.0648183043456453,1808,2.0,0.0,15.87044296556607
991000,366,34,217,0,0,149,0.7569974233943044,0.06420523842218144,1808,0.0,0.0,0.0
991100,364,43,216,0,0,148,0.7561535841572953,0.06443316914273386,1808,0.0,0.0,0.0
991200,354,31,208,0,0,146,0.7582836609259535,0.06504602603566689,1809,0.0,0.0,0.0
991300,356,40,214,0,0,142,0.7577927384451304,0.06483307773355593,1809,0.0,0.0,0.0
991400,371,43,217,0,0,154,0.7580376031750687,0.06515391042354791,1809,0.0,0.0,0.0
991500,361,35,205,0,0,156,0.7585366352969435,0.06521229772885082,1810,0.0,0.0,0.0
991600,361,41,204,0,0,157,0.7623333465581793,0.06588557029785179,1810,0.0,0.0,0.0
991700,357,34,202,0,0,155,0.7620564805297133,0.06542722084769788,1810,0.0,0.0,0.0
991800,359,35,200,0,0,159,0.7602842739834894,0.06601812808936659,1810,1.0,0.0,7.495101310210403
991900,366,41,218,0,0,148,0.7582475990944737,0.0662707375700597,1811,1.0,0.0,6.8599999999999985
992000,362,45,216,0,0,146,0.7589551053293333,0.06589322180758168,1811,0.0,0.0,0.0
992100,375,36,228,0,0,147,0.7590653704664356,0.06593907649957567,1811,0.0,0.0,0.0
992200,366,40,212,0,0,154,0.7588590224443353,0.06578606045934764,1811,0.0,0.0,0.0
992300,372,38,215,0,0,157,0.7595556407036156,0.06623747010065129,1812,1.0,0.0,8.269471240973933
992400,364,37,223,0,0,141,0.7614014262367665,0.06623206879389207,1812,0.0,0.0,0.0
992500,367,35,213,0,0,154,0.7645315259923028,0.06520692506711338,1812,0.0,0.0,0.0
992600,359,40,215,0,0,144,0.7618235298518837,0.06514951571273128,1812,1.0,0.0,8.457890636980839
992700,358,35,217,0,0,141,0.7647219838420125,0.06552150918511876,1812,0.0,0.0,0.0
992800,359,37,209,0,0,150,0.7633255864509728,0.06514378261426364,1813,0.0,0.0,0.0
992900,360,33,219,0,0,141,0.7603058520431467,0.06473268202360598,1813,0.0,0.0,0.0
993000,362,38,210,0,0,152,0.7619786392526184,0.06462948178680195,1813,0.0,0.0,0.0
993100,360,38,217,0,0,143,0.7629665970959095,0.06532444407397416,1813,0.0,0.0,0.0
993200,347,41,204,0,0,143,0.7657586014239042,0.06601048476273864,1814,0.0,0.0,0.0
993300,369,38,211,0,0,158,0.7639423648773335,0.06519936603847354,1814,1.0,0.0,6.914681233819098
993400,358,37,217,0,0,141,0.7632252061661272,0.06453780382194264,1814,0.0,0.0,0.0
993500,373,36,215,0,0,158,0.7624534385554904,0.06516386210201293,1814,0.0,0.0,0.0
993600,377,34,225,0,0,152,0.7639677363251381,0.06521428786094517,1815,0.0,0.0,0.0
993700,355,43,202,0,0,153,0.762221078745677,0.06408325900612089,1815,0.0,0.0,0.0
993800,345,40,203,0,0,142,0.7607965431840663,0.06416203207940928,1815,0.0,0.0,0.0
993900,368,37,206,0,0,162,0.7600014503214289,0.06387408627289728,1816,0.0,0.0,0.0
994000,370,42,212,0,0,158,0.7605281699384203,0.06324882952346171,1816,0.0,0.0,0.0
994100,356,53,208,0,0,148,0.7604135850380792,0.062533812064519,1816,0.0,0.0,0.0
994200,356,39,211,0,0,145,0.7599163487159404,0.06260889469848871,1816,0.0,0.0,0.0
994300,362,42,212,0,0,150,0.7620791414911526,0.06337170366017536,1817,0.0,0.0,0.0
994400,369,36,205,0,0,164,0.7618765093827076,0.0635086606413647,1817,0.0,0.0,0.0
994500,362,40,207,0,0,155,0.7627704262663898,0.06382932162179922,1817,0.0,0.0,0.0
994600,359,45,214,0,0,145,0.762016842069993,0.06415597638558927,1817,0.0,0.0,0.0
994700,359,47,208,0,0,151,0.7643513077824826,0.06444595716030573,1817,0.0,0.0,0.0
994800,379,41,209,0,0,170,0.766644981807361,0.06471787011265584,1818,0.0,0.0,0.0
994900,370,36,211,0,0,159,0.7658891144863504,0.06487774711939505,1818,0.0,0.0,0.0
995000,357,38,213,0,0,144,0.7697640183240742,0.06491736945884719,1818,1.0,0.0,7.095175114385847
995100,354,35,224,0,0,130,0.7681832178565652,0.06411948628424739,1819,1.0,0.0,6.8599999999999985
995200,368,35,220,0,0,148,0.7661838657255015,0.06421189106451584,1819,2.0,1.0,6.873682884754201
995300,364,39,216,0,0,148,0.7668171369899184,0.06380502759096272,1819,0.0,0.0,0.0
995400,356,41,215,0,0,141,0.7662522119846696,0.06356518208315778,1819,1.0,0.0,7.512350604175132
995500,356,42,224,1,0,131,0.7638937853035056,0.0634263756662044,1820,0.0,0.0,0.0
995600,362,33,217,1,0,144,0.7635707955620236,0.06307297007787714,1820,1.0,0.0,7.943615222167581
995700,353,40,209,0,0,144,0.7640860479890867,0.06252541307486938,1820,0.0,0.0,0.0
995800,362,39,212,0,0,150,0.7648067172547285,0.06298350185485692,1820,0.0,0.0,0.0
995900,370,39,218,0,0,152,0.767611899937393,0.06356059763887567,1820,0.0,0.0,0.0
996000,366,40,210,0,0,156,0.7674184205886005,0.06422658809147754,1820,1.0,0.0,6.9833774747492505
996100,360,40,212,0,0,148,0.7659011621369021,0.0639614637869802,1821,0.0,0.0,0.0
996200,354,46,210,0,0,144,0.7646305493941227,0.06428009532480992,1821,0.0,0.0,0.0
996300,352,38,207,0,0,145,0.7683599150280365,0.06476668302772516,1821,0.0,0.0,0.0
996400,360,42,216,0,0,144,0.7700284912555689,0.06416814432128834,1822,0.0,0.0,0.0
996500,368,39,211,0,0,157,0.7683401070793184,0.0633273287912511,1823,1.0,0.0,7.5668722471786225
996600,366,34,211,0,0,155,0.7673863416669583,0.06350741133319306,1823,0.0,0.0,0.0
996700,365,38,209,0,0,156,0.7673998966523881,0.06409408245894105,1823,0.0,0.0,0.0
996800,368,34,207,0,0,161,0.7670632266824731,0.06433654602362066,1823,1.0,0.0,6.8599999999999985
996900,375,37,211,0,0,164,0.763074015431913,0.06443590434906846,1823,0.0,0.0,0.0
997000,356,42,205,0,0,151,0.7614631711210398,0.06394252170617477,1822,0.0,0.0,0.0
997100,352,42,200,0,0,152,0.7634791169644379,0.06429870176183937,1823,0.0,0.0,0.0
997200,358,40,207,0,0,151,0.7635617525869168,0.06349239263045234,1823,3.0,0.0,22.35634939423193
997300,368,30,208,0,0,160,0.7613540280217971,0.06375449297674066,1823,1.0,0.0,6.8599999999999985
997400,364,46,222,0,0,142,0.7634312521292769,0.06482450699150799,1823,0.0,0.0,0.0
997500,363,45,221,0,0,142,0.7634961958676972,0.06486136596939134,1823,1.0,0.0,6.8599999999999985
997600,372,44,215,0,0,157,0.7619775557067195,0.06476266990848442,1822,2.0,0.0,14.119607692868938
997700,366,36,208,0,0,158,0.7593463017928901,0.06382517899171147,1822,2.0,0.0,14.201313793371872
997800,368,40,213,0,0,155,0.757804663592974,0.06382516412480829,1823,0.0,0.0,0.0
997900,360,47,213,0,0,147,0.7544178562679349,0.06412193491020604,1823,0.0,0.0,0.0
998000,355,40,204,0,0,151,0.7546182899238874,0.06401668395474173,1823,0.0,0.0,0.0
998100,368,44,209,0,0,159,0.7548087534485834,0.06330475326589566,1823,0.0,0.0,0.0
998200,364,35,199,0,0,165,0.7553361031033431,0.06276879638555802,1823,1.0,0.0,6.8599999999999985
998300,353,39,197,0,0,156,0.7571171156232145,0.062380086238637535,1823,0.0,0.0,0.0
998400,356,39,201,0,0,155,0.7553462914098346,0.06192007311881793,1823,0.0,0.0,0.0
998500,377,37,211,0,1,165,0.7542463754407281,0.06183458836244298,1824,0.0,0.0,0.0
998600,376,40,208,0,0,168,0.7537265110793506,0.06177214761198474,1824,2.0,0.0,14.889956626830855
998700,365,36,210,0,0,155,0.7546430026016229,0.06117408059143649,1824,3.0,0.0,23.635962428588346
998800,355,43,198,0,0,157,0.7578187113914582,0.060759867708695084,1824,0.0,0.0,0.0
998900,350,43,197,0,0,153,0.7569604120218745,0.06086310964509802,1824,0.0,0.0,0.0
999000,348,39,190,0,0,158,0.7554192313357138,0.060741019059641396,1824,0.0,0.0,0.0
999100,374,34,205,0,0,169,0.7570134683127697,0.0608705616879325,1824,0.0,0.0,0.0
999200,369,45,207,0,0,162,0.7561716714532272,0.061125878245837165,1824,1.0,0.0,7.73661868676902
999300,350,35,196,0,0,154,0.7587201551224677,0.061092616842424965,1824,0.0,0.0,0.0
999400,367,42,212,0,0,155,0.762044323523677,0.061230800634894285,1825,0.0,0.0,0.0
999500,361,39,205,0,0,156,0.7598381027191973,0.059923472028144104,1825,0.0,0.0,0.0
999600,359,45,203,0,0,156,0.7583529782394517,0.05927716162538437,1825,1.0,0.0,6.8599999999999985
999700,365,42,208,0,0,157,0.758653023552635,0.05916768462862765,1825,0.0,0.0,0.0
999800,359,49,212,0,0,147,0.7561550033104035,0.05847372282324761,1824,1.0,0.0,7.730076896479679
999900,368,44,201,0,0,167,0.7550890783479808,0.058139578614334234,1825,1.0,1.0,0.0
1000000,374,34,207,0,0,167,0.7561927492845897,0.05786560563804172,1825,0.0,0.0,0.0
