tick,pop,food,grazer,predator,parasite,young,mean_size,mean_eta,max_gen,bites,kills,drained
100,170,393,0,0,0,170,1.0135091507510143,0.033852878643460114,0,193.0,21.0,1673.656829113118
200,113,345,0,0,0,113,1.0147051853502012,0.035307694272998284,0,143.0,22.0,1189.4717225902223
300,75,362,33,8,27,7,1.0165758475882105,0.03522628735185919,0,113.0,15.0,973.0526838953043
400,51,390,24,5,18,4,1.0248080316472308,0.03415837208242573,0,39.0,8.0,326.7383270527472
500,40,440,22,5,10,3,1.0347850902931799,0.036358305293267605,0,4.0,2.0,21.18133715629383
600,34,483,18,5,8,3,1.0229803656138743,0.036139904545032527,0,6.0,1.0,50.42070995629068
700,29,526,16,4,7,2,1.0282094802126056,0.038424762941740256,0,3.0,0.0,34.45775813375905
800,28,577,17,3,6,2,1.031996543982014,0.038406961108388794,0,0.0,0.0,0.0
900,25,628,16,3,5,1,1.0351295126501705,0.0359155780956144,0,2.0,2.0,0.0
1000,22,672,15,3,4,0,1.0380142663027296,0.03542305926530953,0,4.0,0.0,45.943677511678736
1100,20,727,14,3,3,0,1.0386358730445655,0.035499527208671715,0,0.0,0.0,0.0
1200,17,787,11,3,3,0,1.0385178766701666,0.03628370739059681,0,2.0,0.0,22.66371280694769
1300,14,849,11,1,2,0,1.0107880232531021,0.03701794320045365,0,0.0,0.0,0.0
1400,14,905,11,1,2,0,1.0179308803959592,0.03701794320045365,0,1.0,0.0,10.0612385544299
1500,13,979,11,0,2,0,1.024231546158887,0.037886362121907206,0,0.0,0.0,0.0
1600,13,1052,11,0,2,0,1.024231546158887,0.037886362121907206,0,0.0,0.0,0.0
1700,13,1119,11,0,2,0,1.0280777000050407,0.037886362121907206,0,0.0,0.0,0.0
1800,10,1182,9,0,1,0,1.0490053766148832,0.03568276550867906,0,0.0,0.0,0.0
1900,10,1232,9,0,1,0,1.0590053766148833,0.03568276550867906,0,1.0,0.0,11.050352444875159
2000,10,1289,9,0,1,0,1.0640053766148834,0.03568276550867906,0,0.0,0.0,0.0
2100,9,1347,8,0,1,0,1.05848735751595,0.03415362945354823,0,0.0,0.0,0.0
2200,9,1402,8,0,1,0,1.0751540241826167,0.03415362945354823,0,0.0,0.0,0.0
2300,9,1471,8,0,1,0,1.0751540241826167,0.03415362945354823,0,0.0,0.0,0.0
2400,8,1529,7,0,1,0,1.0748499041840769,0.0328992032299691,0,0.0,0.0,0.0
2500,8,1580,7,0,1,0,1.081099904184077,0.0328992032299691,0,0.0,0.0,0.0
2600,8,1651,7,0,1,0,1.0873499041840768,0.0328992032299691,0,0.0,0.0,0.0
2700,8,1713,7,0,1,0,1.0935999041840767,0.0328992032299691,0,0.0,0.0,0.0
2800,8,1780,7,0,1,0,1.0935999041840767,0.0328992032299691,0,0.0,0.0,0.0
2900,8,1854,7,0,1,0,1.0998499041840768,0.0328992032299691,0,1.0,0.0,10.0612385544299
3000,7,1923,7,0,0,0,1.0966809491269962,0.029577374542039535,0,0.0,0.0,0.0
3100,7,1988,7,0,0,0,1.1038238062698533,0.029577374542039535,0,0.0,0.0,0.0
3200,6,2058,6,0,0,0,1.0997349971262802,0.027259310842906424,0,0.0,0.0,0.0
3300,6,2125,6,0,0,0,1.0997349971262802,0.027259310842906424,0,0.0,0.0,0.0
3400,5,2182,5,0,0,0,1.1243505974815382,0.02407507820274666,0,0.0,0.0,0.0
3500,5,2254,5,0,0,0,1.1243505974815382,0.02407507820274666,0,0.0,0.0,0.0
3600,5,2318,5,0,0,0,1.1443505974815384,0.02407507820274666,0,0.0,0.0,0.0
3700,5,2385,5,0,0,0,1.1543505974815385,0.02407507820274666,0,0.0,0.0,0.0
3800,5,2459,5,0,0,0,1.1543505974815385,0.02407507820274666,0,0.0,0.0,0.0
3900,5,2499,5,0,0,0,1.1543505974815385,0.02407507820274666,0,0.0,0.0,0.0
4000,5,2500,5,0,0,0,1.1643505974815382,0.02407507820274666,0,0.0,0.0,0.0
4100,5,2500,5,0,0,0,1.1743505974815385,0.02407507820274666,0,0.0,0.0,0.0
4200,5,2500,5,0,0,0,1.1743505974815385,0.02407507820274666,0,0.0,0.0,0.0
4300,4,2500,4,0,0,0,1.0781501177295203,0.028605528049564507,0,0.0,0.0,0.0
4400,4,2500,4,0,0,0,1.0906501177295205,0.028605528049564507,0,0.0,0.0,0.0
4500,3,2500,3,0,0,0,0.9870743759472216,0.030297262426640797,0,0.0,0.0,0.0
4600,3,2500,3,0,0,0,0.9870743759472216,0.030297262426640797,0,0.0,0.0,0.0
4700,3,2500,3,0,0,0,1.0037410426138882,0.030297262426640797,0,0.0,0.0,0.0
4800,3,2500,3,0,0,0,1.0037410426138882,0.030297262426640797,0,0.0,0.0,0.0
4900,3,2500,3,0,0,0,1.0037410426138882,0.030297262426640797,0,0.0,0.0,0.0
5000,3,2500,3,0,0,0,1.0037410426138882,0.030297262426640797,0,0.0,0.0,0.0
5100,3,2500,3,0,0,0,1.0037410426138882,0.030297262426640797,0,0.0,0.0,0.0
5200,3,2500,3,0,0,0,1.0037410426138882,0.030297262426640797,0,0.0,0.0,0.0
5300,3,2500,3,0,0,0,1.0037410426138882,0.030297262426640797,0,0.0,0.0,0.0
5400,3,2500,3,0,0,0,1.0037410426138882,0.030297262426640797,0,0.0,0.0,0.0
5500,3,2500,3,0,0,0,1.0037410426138882,0.030297262426640797,0,0.0,0.0,0.0
5600,3,2500,3,0,0,0,1.0037410426138882,0.030297262426640797,0,0.0,0.0,0.0
5700,3,2500,3,0,0,0,1.0037410426138882,0.030297262426640797,0,0.0,0.0,0.0
5800,3,2500,3,0,0,0,1.0037410426138882,0.030297262426640797,0,0.0,0.0,0.0
5900,3,2500,3,0,0,0,1.0037410426138882,0.030297262426640797,0,0.0,0.0,0.0
6000,3,2500,3,0,0,0,1.0037410426138882,0.030297262426640797,0,0.0,0.0,0.0
6100,3,2500,3,0,0,0,1.0037410426138882,0.030297262426640797,0,0.0,0.0,0.0
6200,3,2500,3,0,0,0,1.0037410426138882,0.030297262426640797,0,0.0,0.0,0.0
6300,3,2500,3,0,0,0,1.0037410426138882,0.030297262426640797,0,0.0,0.0,0.0
6400,3,2500,3,0,0,0,1.0037410426138882,0.030297262426640797,0,0.0,0.0,0.0
6500,2,2500,2,0,0,0,1.0068332398140565,0.015045429310595541,0,0.0,0.0,0.0
6600,2,2500,2,0,0,0,1.0068332398140565,0.015045429310595541,0,0.0,0.0,0.0
6700,2,2500,2,0,0,0,1.0068332398140565,0.015045429310595541,0,0.0,0.0,0.0
6800,2,2500,2,0,0,0,1.0068332398140565,0.015045429310595541,0,0.0,0.0,0.0
6900,2,2500,2,0,0,0,1.0068332398140565,0.015045429310595541,0,0.0,0.0,0.0
7000,2,2500,2,0,0,0,1.0068332398140565,0.015045429310595541,0,0.0,0.0,0.0
7100,2,2500,2,0,0,0,1.0068332398140565,0.015045429310595541,0,0.0,0.0,0.0
7200,198,475,0,0,0,198,0.9857491751009754,0.029010972801272492,1,25.0,2.0,223.15090970510929
7300,190,375,0,0,0,190,0.9858531495566768,0.02857165312988017,1,42.0,4.0,377.94885711097163
7400,154,319,0,0,0,154,0.9869909548629451,0.027308442947904733,1,45.0,10.0,345.0592305424084
7500,129,295,87,17,13,12,0.9864924865410902,0.027242542508080173,1,43.0,9.0,323.0655916937833
7600,116,286,79,12,17,8,0.9854742946493076,0.026669779332203943,1,39.0,5.0,332.5070473613137
7700,101,277,72,11,13,5,0.9844850901170742,0.02750609601741766,1,11.0,4.0,70.36085395529798
7800,88,293,67,9,9,3,0.9886481524920693,0.026835908546328613,1,15.0,2.0,131.8313780222256
7900,77,297,60,8,7,2,0.9866151860783805,0.025213422929388003,1,12.0,1.0,119.64332692237747
8000,70,324,54,6,8,2,0.9854497345039975,0.025164055450174482,1,11.0,1.0,94.73449106482263
8100,61,361,51,3,6,1,0.9899946533143378,0.023598038171598845,1,14.0,2.0,121.1596631590258
8200,57,399,47,3,6,1,0.9957827230065994,0.02300869843887056,1,5.0,0.0,46.05644935089171
8300,47,425,41,2,4,0,0.9908466481203965,0.020492080209172963,1,3.0,0.0,29.372036568342914
8400,41,465,35,2,4,0,0.9989344685999867,0.018947353220801284,1,1.0,0.0,9.739239587080302
8500,38,517,32,2,4,0,1.0061994146435556,0.019373319040773544,1,2.0,1.0,9.26022589964973
8600,36,562,31,2,3,0,1.0116987163936528,0.01816350028872618,1,3.0,1.0,18.51359399172184
8700,34,593,28,2,4,0,1.0145095648684799,0.018196260633229468,1,23.0,1.0,207.58450710109486
8800,32,642,26,2,4,0,1.0181807069641575,0.018470365610723155,1,2.0,1.0,8.67334493519511
8900,29,685,24,1,4,0,1.0198431962846606,0.017125278485463403,1,14.0,1.0,125.56832449867306
9000,27,724,23,1,3,0,1.0223440721005081,0.017405908417215267,1,3.0,1.0,18.52763356068134
9100,26,761,22,1,3,0,1.0262693276980135,0.017799251451880247,1,11.0,1.0,98.50599430118578
9200,25,799,21,1,3,0,1.026583293331872,0.017370027583525512,1,2.0,0.0,20.313078006468686
9300,24,840,21,1,2,0,1.031117524496177,0.015610505849412476,1,3.0,0.0,30.75143236335316
9400,23,866,20,1,2,0,1.037039112075648,0.016159005405707562,1,2.0,0.0,21.012192776272858
9500,21,906,18,1,2,0,1.0486351671232756,0.016511377792080933,1,6.0,2.0,43.96255655857516
9600,21,967,18,1,2,0,1.0486351671232756,0.016511377792080933,1,1.0,0.0,9.688501246304368
9700,20,1013,18,0,2,0,1.0538769275861726,0.017216606279865265,1,7.0,0.0,78.9106723243479
9800,18,1067,16,1,1,0,1.0487227574224047,0.018702331468273617,1,1.0,1.0,0.0
9900,17,1131,15,1,1,0,1.0557974464425361,0.018247041794554025,1,2.0,1.0,8.67334493519511
10000,16,1183,15,0,1,0,1.0561409527304464,0.01684734008142752,1,0.0,0.0,0.0
10100,16,1234,15,0,1,0,1.0592659527304464,0.01684734008142752,1,0.0,0.0,0.0
10200,16,1280,15,0,1,0,1.0686409527304463,0.01684734008142752,1,1.0,0.0,10.215355158107684
10300,15,1332,14,0,1,0,1.0808046937459814,0.015579480781749526,1,0.0,0.0,0.0
10400,15,1383,14,0,1,0,1.0841380270793148,0.015579480781749526,1,3.0,0.0,30.45975714439493
10500,14,1428,13,0,1,0,1.073263491089103,0.016528167212949408,1,0.0,0.0,0.0
10600,14,1476,13,0,1,0,1.0804063482319604,0.016528167212949408,1,0.0,0.0,0.0
10700,14,1518,13,0,1,0,1.0875492053748173,0.016528167212949408,1,0.0,0.0,0.0
10800,14,1566,13,0,1,0,1.0911206339462456,0.016528167212949408,1,0.0,0.0,0.0
10900,14,1616,13,0,1,0,1.0946920625176744,0.016528167212949408,1,0.0,0.0,0.0
11000,13,1674,12,0,1,0,1.1121549179735313,0.017328285267990642,1,0.0,0.0,0.0
11100,13,1700,12,0,1,0,1.123693379511993,0.017328285267990642,1,0.0,0.0,0.0
11200,13,1739,13,0,0,0,1.1352318410504543,0.017328285267990642,1,0.0,0.0,0.0
11300,13,1790,13,0,0,0,1.1352318410504543,0.017328285267990642,1,0.0,0.0,0.0
11400,13,1843,13,0,0,0,1.1390779948966083,0.017328285267990642,1,0.0,0.0,0.0
11500,13,1895,13,0,0,0,1.15061645643507,0.017328285267990642,1,0.0,0.0,0.0
11600,12,1953,12,0,0,0,1.1273210212487104,0.016745371705394734,1,0.0,0.0,0.0
11700,12,2018,12,0,0,0,1.1273210212487104,0.016745371705394734,1,0.0,0.0,0.0
11800,12,2091,12,0,0,0,1.1273210212487104,0.016745371705394734,1,0.0,0.0,0.0
11900,12,2152,12,0,0,0,1.131487687915377,0.016745371705394734,1,1.0,0.0,11.195355158107686
12000,12,2212,12,0,0,0,1.1439876879153772,0.016745371705394734,1,0.0,0.0,0.0
12100,10,2276,9,1,0,0,1.0608966564248672,0.019274178232565976,1,7.0,2.0,50.76626190732489
12200,8,2345,7,1,0,0,1.0714617285374346,0.022164742415480648,1,0.0,0.0,0.0
12300,8,2418,7,1,0,0,1.0714617285374346,0.022164742415480648,1,0.0,0.0,0.0
12400,7,2493,7,0,0,0,1.0908068095607857,0.020880709780244287,1,0.0,0.0,0.0
12500,6,2500,6,0,0,0,1.0738774145877927,0.023297595826543813,1,3.0,0.0,33.3758472080698
12600,5,2500,5,0,0,0,1.0805382805769725,0.023419598942554746,1,3.0,1.0,22.250564805379867
12700,5,2500,5,0,0,0,1.0905382805769726,0.023419598942554746,1,0.0,0.0,0.0
12800,5,2500,5,0,0,0,1.0905382805769726,0.023419598942554746,1,0.0,0.0,0.0
12900,5,2500,5,0,0,0,1.0905382805769726,0.023419598942554746,1,0.0,0.0,0.0
13000,4,2500,4,0,0,0,1.066864626162799,0.015709873502673114,1,0.0,0.0,0.0
13100,4,2500,4,0,0,0,1.066864626162799,0.015709873502673114,1,0.0,0.0,0.0
13200,4,2500,4,0,0,0,1.066864626162799,0.015709873502673114,1,0.0,0.0,0.0
13300,4,2500,4,0,0,0,1.066864626162799,0.015709873502673114,1,0.0,0.0,0.0
13400,4,2500,4,0,0,0,1.079364626162799,0.015709873502673114,1,0.0,0.0,0.0
13500,4,2500,4,0,0,0,1.079364626162799,0.015709873502673114,1,0.0,0.0,0.0
13600,4,2500,4,0,0,0,1.079364626162799,0.015709873502673114,1,0.0,0.0,0.0
13700,4,2500,4,0,0,0,1.079364626162799,0.015709873502673114,1,0.0,0.0,0.0
13800,4,2500,4,0,0,0,1.079364626162799,0.015709873502673114,1,0.0,0.0,0.0
13900,2,2500,2,0,0,0,1.105429898604196,0.017282378308597142,1,0.0,0.0,0.0
14000,2,2500,2,0,0,0,1.105429898604196,0.017282378308597142,1,0.0,0.0,0.0
14100,2,2500,2,0,0,0,1.105429898604196,0.017282378308597142,1,0.0,0.0,0.0
14200,2,2500,2,0,0,0,1.105429898604196,0.017282378308597142,1,0.0,0.0,0.0
14300,2,2500,2,0,0,0,1.105429898604196,0.017282378308597142,1,0.0,0.0,0.0
14400,2,2500,2,0,0,0,1.105429898604196,0.017282378308597142,1,0.0,0.0,0.0
14500,2,2500,2,0,0,0,1.105429898604196,0.017282378308597142,1,0.0,0.0,0.0
14600,2,2500,2,0,0,0,1.105429898604196,0.017282378308597142,1,0.0,0.0,0.0
14700,2,2500,2,0,0,0,1.105429898604196,0.017282378308597142,1,0.0,0.0,0.0
14800,2,2500,2,0,0,0,1.105429898604196,0.017282378308597142,1,0.0,0.0,0.0
14900,2,2500,2,0,0,0,1.105429898604196,0.017282378308597142,1,0.0,0.0,0.0
15000,2,2500,2,0,0,0,1.1304298986041958,0.017282378308597142,1,0.0,0.0,0.0
15100,2,2500,2,0,0,0,1.1304298986041958,0.017282378308597142,1,0.0,0.0,0.0
15200,2,2500,2,0,0,0,1.1304298986041958,0.017282378308597142,1,0.0,0.0,0.0
15300,2,2500,2,0,0,0,1.1304298986041958,0.017282378308597142,1,0.0,0.0,0.0
15400,2,2500,2,0,0,0,1.1304298986041958,0.017282378308597142,1,0.0,0.0,0.0
15500,199,461,0,0,0,199,0.9883241927932642,0.017038344409679784,2,11.0,1.0,94.10943554173568
15600,186,377,0,0,0,186,0.9886250014802797,0.017078975084368758,2,64.0,11.0,504.20031914968985
15700,165,345,0,0,0,165,0.9934784271226086,0.017530414523930254,2,75.0,8.0,646.2624713466245
15800,142,325,92,10,30,10,0.9976876196903655,0.01747623534782728,2,46.0,6.0,396.0127189921853
15900,120,321,85,11,22,2,0.9952972088881199,0.016625728476900865,2,22.0,5.0,161.9348516746699
16000,107,329,76,9,20,2,1.0002923635744605,0.016928916194905295,2,30.0,3.0,258.35610400833923
16100,100,339,72,9,17,2,1.0040618345864183,0.01745653443201594,2,12.0,2.0,103.5571636187715
16200,93,360,68,5,19,1,1.0034335607753564,0.016577723931032618,2,26.0,2.0,234.07859810430574
16300,87,379,65,4,18,0,1.0013457112829065,0.01652087637103223,2,35.0,3.0,305.8772316346267
16400,78,387,58,4,16,0,0.9982932042216347,0.015563399170112579,2,40.0,1.0,374.6038736640667
16500,70,427,53,3,14,0,0.9971203834447203,0.014627710391626888,2,17.0,2.0,148.7228536938078
16600,65,471,49,4,12,0,0.999881965944104,0.014977498516142175,2,18.0,2.0,153.92165725041272
16700,60,522,45,4,11,0,0.9941410117154724,0.013709092443719494,2,15.0,2.0,126.80639793440153
16800,53,557,42,3,8,0,0.9921614235587815,0.01291793447216196,2,9.0,2.0,66.50923109745048
16900,49,594,38,3,8,0,0.9892730108929223,0.012455069785943566,2,8.0,0.0,85.57685666186518
17000,45,604,35,2,8,0,0.9884407477224436,0.012101796442187661,2,10.0,0.0,92.41517552216484
17100,42,636,35,2,5,0,0.9934369201936063,0.012115687144421168,2,0.0,0.0,0.0
17200,40,674,33,2,5,0,0.9915890975027304,0.012502224287943767,2,3.0,0.0,30.66145358691736
17300,38,707,31,1,6,0,0.9871811236432327,0.012476666104737506,2,19.0,2.0,157.99445106195347
17400,36,745,29,1,6,0,0.993626813659152,0.012973715456448202,2,15.0,1.0,141.70454726023252
17500,34,792,26,1,7,0,0.9945972129306443,0.01301428838837944,2,6.0,1.0,48.24372302025351
17600,32,834,26,0,6,0,0.9990678098913979,0.012670097194659228,2,14.0,1.0,130.4553954059318
17700,31,877,25,1,5,0,1.001658641568335,0.012337127063323308,2,9.0,1.0,78.84071820744276
17800,30,938,24,1,5,0,0.9992238536920767,0.01167707351941537,2,6.0,1.0,50.83794272149451
17900,29,988,24,1,4,0,1.0014545348841108,0.01134104817797074,2,2.0,0.0,19.936388977320767
18000,28,1039,23,1,4,0,1.0020496243367352,0.01165618641768717,2,9.0,1.0,81.06065114494342
18100,28,1091,23,1,4,0,1.0056210529081637,0.01165618641768717,2,0.0,0.0,0.0
18200,26,1137,23,1,2,0,1.010237195410466,0.01073399846559192,2,2.0,1.0,9.944945699890914
18300,26,1183,24,1,1,0,1.010237195410466,0.01073399846559192,2,1.0,0.0,10.217857632901202
18400,26,1240,23,1,2,0,1.01408334925662,0.01073399846559192,2,8.0,0.0,81.62581552651142
18500,23,1283,20,1,2,0,1.018188325914516,0.011158391861423951,2,12.0,2.0,102.33538032707541
18600,22,1326,19,1,2,0,1.0274336872042718,0.01160616163658228,2,0.0,0.0,0.0
18700,22,1361,19,1,2,0,1.0342518690224536,0.01160616163658228,2,2.0,0.0,21.01183636607965
18800,22,1398,19,1,2,0,1.0387973235679082,0.01160616163658228,2,0.0,0.0,0.0
18900,22,1439,19,1,2,0,1.0410700508406356,0.01160616163658228,2,0.0,0.0,0.0
19000,22,1481,19,1,2,0,1.04561550538609,0.01160616163658228,2,0.0,0.0,0.0
19100,22,1522,19,1,2,0,1.0478882326588175,0.01160616163658228,2,0.0,0.0,0.0
19200,22,1576,19,1,2,0,1.0478882326588175,0.01160616163658228,2,0.0,0.0,0.0
19300,22,1627,19,1,2,0,1.0501609599315447,0.01160616163658228,2,0.0,0.0,0.0
19400,21,1675,19,0,2,0,1.0550748851797593,0.01198005097987073,2,0.0,0.0,0.0
19500,21,1724,19,0,2,0,1.059836789941664,0.01198005097987073,2,3.0,0.0,29.7494702081499
19600,21,1777,20,0,1,0,1.0669796470845212,0.01198005097987073,2,0.0,0.0,0.0
19700,20,1841,19,0,1,0,1.0741637952665624,0.012453107539114024,2,0.0,0.0,0.0
19800,17,1908,16,0,1,0,1.0797102100051341,0.012860969786461696,2,5.0,1.0,40.15200486963239
19900,15,1976,14,0,1,0,1.0597872357084492,0.013739205864238819,2,0.0,0.0,0.0
20000,15,2034,14,0,1,0,1.0631205690417826,0.013739205864238819,2,0.0,0.0,0.0
20100,14,2104,13,0,1,0,1.0885207790801832,0.01357691831144527,2,0.0,0.0,0.0
20200,13,2179,12,0,1,0,1.0761351947295497,0.012633167423444143,2,0.0,0.0,0.0
20300,13,2244,12,0,1,0,1.0761351947295497,0.012633167423444143,2,0.0,0.0,0.0
20400,13,2320,13,0,0,0,1.0761351947295497,0.012633167423444143,2,0.0,0.0,0.0
20500,13,2394,13,0,0,0,1.0761351947295497,0.012633167423444143,2,0.0,0.0,0.0
20600,13,2467,13,0,0,0,1.0761351947295497,0.012633167423444143,2,0.0,0.0,0.0
20700,13,2500,13,0,0,0,1.0761351947295497,0.012633167423444143,2,0.0,0.0,0.0
20800,13,2500,13,0,0,0,1.0799813485757035,0.012633167423444143,2,1.0,0.0,10.038001217408098
20900,13,2499,13,0,0,0,1.0799813485757035,0.012633167423444143,2,0.0,0.0,0.0
21000,12,2500,12,0,0,0,1.091483140123789,0.012546304923756328,2,0.0,0.0,0.0
21100,12,2500,12,0,0,0,1.1039831401237892,0.012546304923756328,2,1.0,0.0,10.995918183039825
21200,11,2500,11,0,0,0,1.1057875875991938,0.011295565504478883,2,0.0,0.0,0.0
21300,10,2500,10,0,0,0,1.1096470300775847,0.012425122054926772,2,0.0,0.0,0.0
21400,10,2500,10,0,0,0,1.1146470300775848,0.012425122054926772,2,0.0,0.0,0.0
21500,10,2500,10,0,0,0,1.1146470300775848,0.012425122054926772,2,1.0,0.0,11.485918183039823
21600,10,2499,10,0,0,0,1.1146470300775848,0.012425122054926772,2,0.0,0.0,0.0
21700,9,2500,9,0,0,0,1.1413538291405352,0.013805691172140857,2,0.0,0.0,0.0
21800,9,2499,9,0,0,0,1.1413538291405352,0.013805691172140857,2,0.0,0.0,0.0
21900,8,2500,8,0,0,0,1.139678278455558,0.015109174827928524,2,0.0,0.0,0.0
22000,8,2500,8,0,0,0,1.1459282784555578,0.015109174827928524,2,0.0,0.0,0.0
22100,8,2500,8,0,0,0,1.158428278455558,0.015109174827928524,2,0.0,0.0,0.0
22200,8,2499,8,0,0,0,1.170928278455558,0.015109174827928524,2,0.0,0.0,0.0
22300,8,2500,8,0,0,0,1.1771782784555578,0.015109174827928524,2,0.0,0.0,0.0
22400,7,2500,7,0,0,0,1.1828716376859443,0.016974230273642508,2,0.0,0.0,0.0
22500,7,2499,7,0,0,0,1.1900144948288016,0.016974230273642508,2,0.0,0.0,0.0
22600,7,2500,7,0,0,0,1.2043002091145159,0.016974230273642508,2,0.0,0.0,0.0
22700,7,2500,7,0,0,0,1.2114430662573727,0.016974230273642508,2,0.0,0.0,0.0
22800,7,2500,7,0,0,0,1.2328716376859445,0.016974230273642508,2,0.0,0.0,0.0
22900,7,2500,7,0,0,0,1.2400144948288019,0.016974230273642508,2,0.0,0.0,0.0
23000,7,2500,7,0,0,0,1.2471573519716586,0.016974230273642508,2,0.0,0.0,0.0
23100,6,2500,6,0,0,0,1.2558089914775588,0.01832491502543396,2,0.0,0.0,0.0
23200,5,2500,5,0,0,0,1.2845934414183093,0.021553765987203273,2,0.0,0.0,0.0
23300,5,2500,5,0,0,0,1.2945934414183093,0.021553765987203273,2,0.0,0.0,0.0
23400,5,2500,5,0,0,0,1.2945934414183093,0.021553765987203273,2,0.0,0.0,0.0
23500,4,2500,4,0,0,0,1.368923993167208,0.013615209330598215,2,4.0,1.0,33.59357289870361
23600,3,2500,3,0,0,0,1.2935554946095962,0.014300312732722682,2,0.0,0.0,0.0
23700,3,2500,3,0,0,0,1.2935554946095962,0.014300312732722682,2,0.0,0.0,0.0
23800,3,2500,3,0,0,0,1.3268888279429296,0.014300312732722682,2,0.0,0.0,0.0
23900,197,423,0,0,0,197,1.0036047980396785,0.013134737936084185,3,32.0,2.0,282.3122823708311
24000,182,315,0,0,0,182,1.0044119112851053,0.01336832827236106,3,121.0,13.0,1067.7748039275214
24100,159,250,0,0,0,159,1.005579843333407,0.012099811191871316,3,59.0,10.0,471.91573501503274
24200,145,223,96,10,33,6,1.0065565145820188,0.012370683962638483,3,47.0,5.0,405.837404549206
24300,130,205,88,10,30,2,1.0088370547358034,0.01112188392770378,3,43.0,5.0,373.3212482042429
24400,119,215,79,11,29,0,1.0120840392969164,0.010691948002190739,3,35.0,5.0,297.0989273504809
24500,108,216,69,8,31,0,1.0125141381327256,0.009780469434254915,3,61.0,7.0,540.078783498555
24600,98,230,61,9,28,0,1.01531865307191,0.008705991450654817,3,59.0,5.0,529.8219822255144
24700,93,272,54,8,31,0,1.0158906491375916,0.00819141337296193,3,35.0,1.0,330.4092150992309
24800,82,300,50,8,24,0,1.015826238814884,0.007871051460386384,3,33.0,6.0,263.5332266887294
24900,75,328,45,6,24,0,1.0140186555526796,0.007898873744994634,3,25.0,3.0,208.20484163547343
25000,67,372,39,6,22,0,1.0127073752970772,0.007606095320897631,3,31.0,2.0,263.6746919639204
25100,60,409,37,5,18,0,1.0146978929361183,0.008050968696893538,3,20.0,3.0,150.71034495546527
25200,54,458,33,5,16,0,1.0170819190577254,0.008298215899260287,3,6.0,4.0,18.937948455137356
25300,51,501,32,4,15,0,1.0207448694918473,0.008208342595007401,3,6.0,2.0,41.409834646481755
25400,49,538,31,4,14,0,1.0263820161657402,0.007998089861645958,3,9.0,1.0,80.39989409216501
25500,46,580,30,4,12,0,1.0256871801014578,0.007807152649813689,3,10.0,1.0,93.29410918983713
25600,44,630,28,4,12,0,1.0297837533059895,0.007311862628721475,3,9.0,1.0,75.42221335204269
25700,41,680,26,4,11,0,1.033394385562871,0.007093612547263529,3,8.0,1.0,68.6630825762504
25800,40,714,27,2,11,0,1.0360847400812065,0.007248926899481376,3,8.0,1.0,58.76530023709011
25900,35,762,25,2,8,0,1.0384748500082701,0.007075816500481222,3,2.0,1.0,10.49587165261154
26000,33,820,24,1,8,0,1.0458750699253276,0.007243374879094835,3,27.0,2.0,241.46285044727682
26100,32,877,23,1,8,0,1.043975486993412,0.007222805148494825,3,8.0,1.0,73.40446090918766
26200,30,915,22,0,8,0,1.052506138404224,0.006989856500353133,3,1.0,0.0,11.662819859775082
26300,28,971,21,0,7,0,1.0520958737813926,0.0072743948207198905,3,7.0,1.0,68.40162407172434
26400,28,1014,21,0,7,0,1.0556673023528211,0.0072743948207198905,3,3.0,0.0,32.201270435649405
26500,28,1066,21,0,7,0,1.0574530166385354,0.0072743948207198905,3,1.0,0.0,9.584508429805878
26600,28,1097,21,0,7,0,1.0645958737813923,0.0072743948207198905,3,4.0,0.0,39.50843636046486
26700,28,1132,21,0,7,0,1.0663815880671068,0.0072743948207198905,3,1.0,0.0,10.627468863702319
26800,27,1155,22,0,5,0,1.0728390961371188,0.0075438168511169235,3,2.0,0.0,21.906857173727868
26900,27,1184,22,0,5,0,1.0728390961371188,0.0075438168511169235,3,0.0,0.0,0.0
27000,27,1223,22,0,5,0,1.0765427998408226,0.0075438168511169235,3,10.0,0.0,106.02496818275625
27100,26,1256,23,0,3,0,1.0768830308124717,0.007833963653082959,3,1.0,1.0,0.0
27200,25,1284,22,0,3,0,1.0805809281114915,0.007965786815122331,3,9.0,1.0,81.83182813264352
27300,25,1325,22,0,3,0,1.0805809281114915,0.007965786815122331,3,2.0,0.0,19.54187059838554
27400,25,1361,22,0,3,0,1.0885809281114915,0.007965786815122331,3,10.0,0.0,111.91460917621129
27500,24,1420,21,0,3,0,1.0898380301996398,0.008085926760908921,3,0.0,0.0,0.0
27600,23,1470,20,0,3,0,1.093622157704369,0.0082673740647026,3,3.0,0.0,35.56365660744952
27700,22,1520,19,0,3,0,1.0983284530927167,0.008358729117703141,3,4.0,0.0,46.594358023474975
27800,21,1566,19,0,2,0,1.093608860134803,0.008583753994206064,3,3.0,0.0,30.223525289417633
27900,20,1602,18,0,2,0,1.0971197489503222,0.0074330563428320106,3,0.0,0.0,0.0
28000,19,1646,17,0,2,0,1.1027916879752542,0.007688353935376157,3,11.0,1.0,102.92738442498866
28100,18,1692,16,0,2,0,1.1013828116177506,0.007918297637563677,3,0.0,0.0,0.0
28200,18,1748,16,0,2,0,1.1069383671733062,0.007918297637563677,3,0.0,0.0,0.0
28300,18,1812,16,0,2,0,1.112493922728862,0.007918297637563677,3,8.0,0.0,85.85330295380439
28400,16,1859,14,0,2,0,1.1218653331656412,0.007963564669268421,3,6.0,1.0,54.169362986927425
28500,15,1913,13,0,2,0,1.1267678746051357,0.007638000388964528,3,0.0,0.0,0.0
28600,15,1963,13,0,2,0,1.130101207938469,0.007638000388964528,3,0.0,0.0,0.0
28700,15,2013,13,0,2,0,1.1367678746051355,0.007638000388964528,3,0.0,0.0,0.0
28800,15,2063,13,0,2,0,1.1434345412718023,0.007638000388964528,3,0.0,0.0,0.0
28900,15,2127,13,0,2,0,1.1467678746051357,0.007638000388964528,3,0.0,0.0,0.0
29000,15,2187,13,0,2,0,1.1467678746051357,0.007638000388964528,3,1.0,0.0,10.994187399513622
29100,15,2244,14,0,1,0,1.1501012079384691,0.007638000388964528,3,0.0,0.0,0.0
29200,15,2295,14,0,1,0,1.1501012079384691,0.007638000388964528,3,0.0,0.0,0.0
29300,15,2348,14,0,1,0,1.1501012079384691,0.007638000388964528,3,0.0,0.0,0.0
29400,15,2402,14,0,1,0,1.156767874605136,0.007638000388964528,3,1.0,0.0,12.168022164094772
29500,15,2443,14,0,1,0,1.1701012079384692,0.007638000388964528,3,0.0,0.0,0.0
29600,15,2480,14,0,1,0,1.1767678746051358,0.007638000388964528,3,0.0,0.0,0.0
29700,15,2500,14,0,1,0,1.180101207938469,0.007638000388964528,3,0.0,0.0,0.0
29800,15,2500,14,0,1,0,1.1867678746051356,0.007638000388964528,3,0.0,0.0,0.0
29900,15,2500,14,0,1,0,1.190101207938469,0.007638000388964528,3,1.0,0.0,10.577524772848932
30000,15,2499,14,0,1,0,1.1967678746051358,0.007638000388964528,3,0.0,0.0,0.0
30100,15,2500,14,0,1,0,1.2067678746051353,0.007638000388964528,3,0.0,0.0,0.0
30200,15,2499,14,0,1,0,1.2167678746051356,0.007638000388964528,3,0.0,0.0,0.0
30300,15,2500,14,0,1,0,1.2301012079384688,0.007638000388964528,3,0.0,0.0,0.0
30400,15,2500,14,0,1,0,1.2334345412718022,0.007638000388964528,3,0.0,0.0,0.0
30500,15,2499,14,0,1,0,1.2334345412718022,0.007638000388964528,3,0.0,0.0,0.0
30600,14,2498,14,0,0,0,1.246789068596862,0.007591313239533616,3,0.0,0.0,0.0
30700,14,2500,14,0,0,0,1.246789068596862,0.007591313239533616,3,0.0,0.0,0.0
30800,13,2498,13,0,0,0,1.2712082844477282,0.0071117249199589274,3,0.0,0.0,0.0
30900,12,2500,12,0,0,0,1.2681565869313862,0.00705233242067659,3,0.0,0.0,0.0
31000,12,2500,12,0,0,0,1.2848232535980528,0.00705233242067659,3,1.0,0.0,12.65802216409477
31100,12,2497,12,0,0,0,1.2889899202647195,0.00705233242067659,3,0.0,0.0,0.0
31200,12,2499,12,0,0,0,1.2931565869313861,0.00705233242067659,3,5.0,0.0,62.8712088109728
31300,11,2499,11,0,0,0,1.2978403753157353,0.007139243657171818,3,0.0,0.0,0.0
31400,10,2500,10,0,0,0,1.3170746924658243,0.007853168022889,3,0.0,0.0,0.0
31500,9,2500,9,0,0,0,1.3102512896478526,0.008467093967119739,3,1.0,1.0,0.0
31600,9,2500,9,0,0,0,1.3269179563145195,0.008467093967119739,3,0.0,0.0,0.0
31700,9,2500,9,0,0,0,1.3324735118700748,0.008467093967119739,3,2.0,0.0,26.666935791940002
31800,8,2500,8,0,0,0,1.3594229743036892,0.008196966848722448,3,0.0,0.0,0.0
31900,8,2499,8,0,0,0,1.371922974303689,0.008196966848722448,3,1.0,0.0,11.974187399513625
32000,7,2500,7,0,0,0,1.4414824229886047,0.008584715842667541,3,2.0,0.0,26.666935791940002
32100,7,2500,7,0,0,0,1.455768137274319,0.008584715842667541,3,1.0,0.0,13.333467895970001
32200,5,2500,5,0,0,0,1.5707354115137764,0.006080007178186698,3,1.0,1.0,0.0
32300,3,2500,3,0,0,0,1.5715317141627472,0.008150057984696396,3,3.0,1.0,26.666935791940002
32400,3,2500,3,0,0,0,1.5715317141627472,0.008150057984696396,3,0.0,0.0,0.0
32500,3,2500,3,0,0,0,1.6048650474960808,0.008150057984696396,3,0.0,0.0,0.0
32600,194,440,0,0,0,194,1.0211398103656033,0.010197025631419172,4,33.0,6.0,280.4163672924311
32700,191,346,0,0,0,191,1.022830001583653,0.010210679876997027,4,46.0,2.0,425.60590838499354
32800,174,310,0,0,0,174,1.026426477665788,0.009921572031926888,4,66.0,7.0,585.433178928975
32900,159,285,104,10,28,17,1.0269874087924118,0.009978040392588238,4,64.0,7.0,565.6658490416748
33000,138,264,91,13,28,6,1.0301981518730392,0.0097796770969918,4,68.0,8.0,579.6446842664795
33100,120,260,75,11,30,4,1.0271997280567409,0.009545085902949307,4,65.0,6.0,600.3640528233424
33200,114,280,71,9,32,2,1.0295008971632134,0.009436839000901321,4,42.0,2.0,407.53813563981714
33300,108,281,64,9,34,1,1.0277130249389783,0.009464725609503002,4,48.0,4.0,444.453565602145
33400,99,290,59,9,30,1,1.0310841393891887,0.009236838744942669,4,23.0,2.0,198.2296519335257
33500,89,317,54,9,26,0,1.0342352312780583,0.009276450370383042,4,29.0,3.0,258.37979143880113
33600,82,323,48,8,26,0,1.0331725540705499,0.009414617011775999,4,51.0,6.0,460.71863940043477
33700,77,349,45,7,25,0,1.0353992139932273,0.00930247574676314,4,34.0,4.0,294.1332765151595
33800,72,375,40,7,25,0,1.036577084369625,0.009388195236469839,4,18.0,3.0,153.4690848457534
33900,69,406,38,7,24,0,1.0366347373276685,0.009171388833924106,4,16.0,3.0,131.9393594354684
34000,67,437,39,7,21,0,1.038647844558651,0.009406129563346532,4,9.0,1.0,79.68264706839024
34100,63,473,36,7,20,0,1.0411889985605034,0.009534123398736959,4,9.0,1.0,80.86663724593497
34200,59,504,34,5,20,0,1.0461042904866467,0.009584182343970417,4,12.0,1.0,116.68275998619
34300,59,539,34,5,20,0,1.048646663368003,0.009584182343970417,4,8.0,0.0,85.87642652033372
34400,54,568,35,4,15,0,1.0433443316473754,0.009195561529753003,4,27.0,1.0,269.5354697184313
34500,49,617,32,3,14,0,1.0367548992144207,0.009548453209176477,4,15.0,3.0,132.33474070262872
34600,46,643,29,2,15,0,1.042201250296763,0.009859540760545828,4,23.0,0.0,241.4891771816782
34700,46,687,29,2,15,0,1.043288206818502,0.009859540760545828,4,0.0,0.0,0.0
34800,43,727,30,2,11,0,1.0486945040287883,0.009675315094981027,4,4.0,1.0,31.72501415202443
34900,42,743,30,1,11,0,1.0543783566147122,0.009490001772371479,4,1.0,0.0,9.542247568590987
35000,42,772,30,1,11,0,1.0555688328051882,0.009490001772371479,4,3.0,0.0,30.149449906090858
35100,41,789,30,1,10,0,1.0614787180666827,0.009373096409069824,4,5.0,0.0,50.28664630805931
35200,40,818,31,1,8,0,1.0657263316577368,0.008948759039358467,4,0.0,0.0,0.0
35300,38,834,31,1,6,0,1.0660613437036206,0.008536571800016374,4,3.0,0.0,29.7404745564232
35400,35,862,28,1,6,0,1.0741514029000179,0.008154664131885281,4,6.0,1.0,51.99937642321956
35500,35,902,28,1,6,0,1.077008545757161,0.008154664131885281,4,0.0,0.0,0.0
35600,34,939,28,1,5,0,1.0814263423005783,0.008300731575877301,4,0.0,0.0,0.0
35700,34,980,29,1,4,0,1.0814263423005783,0.008300731575877301,4,5.0,0.0,50.70661356635427
35800,32,1017,27,1,4,0,1.0838823311836574,0.008755494466483563,4,3.0,1.0,20.28264542654171
35900,31,1031,26,1,4,0,1.0879777907476844,0.00872438009619763,4,0.0,0.0,0.0
36000,31,1081,26,1,4,0,1.0928165004251036,0.00872438009619763,4,2.0,0.0,20.064495137181975
36100,31,1130,26,1,4,0,1.0960423068767167,0.00872438009619763,4,0.0,0.0,0.0
36200,29,1165,24,1,4,0,1.1038997070126597,0.009261973723655127,4,4.0,0.0,40.65534090675719
36300,29,1193,24,1,4,0,1.1107962587367974,0.009261973723655127,4,2.0,0.0,20.28264542654171
36400,29,1202,25,1,3,0,1.112520396667832,0.009261973723655127,4,0.0,0.0,0.0
36500,27,1218,25,0,2,0,1.1185078972021207,0.008856653127170922,4,0.0,0.0,0.0
36600,26,1244,24,0,2,0,1.1168809127815318,0.008706365491929283,4,2.0,0.0,18.9690011101372
36700,22,1261,21,0,1,0,1.1419638491718598,0.008704053728990387,4,3.0,0.0,31.287461697710206
36800,21,1293,20,0,1,0,1.1577625887876224,0.008835667139521055,4,3.0,0.0,31.675794602952678
36900,21,1342,20,0,1,0,1.1577625887876224,0.008835667139521055,4,0.0,0.0,0.0
37000,21,1382,20,0,1,0,1.1577625887876224,0.008835667139521055,4,0.0,0.0,0.0
37100,21,1426,20,0,1,0,1.160143541168575,0.008835667139521055,4,3.0,0.0,35.21719194505047
37200,20,1461,19,0,1,0,1.163874490480966,0.008606098847346444,4,12.0,0.0,133.2677109123477
37300,19,1512,18,0,1,0,1.168018994146437,0.008594015208675386,4,8.0,0.0,97.33962384255216
37400,18,1554,17,0,1,0,1.1707520419007262,0.00903688318949261,4,0.0,0.0,0.0
37500,18,1594,17,0,1,0,1.181863153011837,0.00903688318949261,4,13.0,0.0,149.5479337083716
37600,18,1636,17,0,1,0,1.184640930789615,0.00903688318949261,4,1.0,0.0,14.315652476542528
37700,18,1687,18,0,0,0,1.1901964863451708,0.00903688318949261,4,0.0,0.0,0.0
37800,18,1730,18,0,0,0,1.1957520419007261,0.00903688318949261,4,1.0,0.0,14.315652476542528
37900,17,1773,17,0,0,0,1.2008540941260757,0.008893100902695098,4,1.0,1.0,0.0
38000,17,1809,17,0,0,0,1.2096776235378406,0.008893100902695098,4,0.0,0.0,0.0
38100,17,1862,17,0,0,0,1.215559976479017,0.008893100902695098,4,1.0,0.0,10.85443174836299
38200,17,1908,17,0,0,0,1.2185011529496053,0.008893100902695098,4,0.0,0.0,0.0
38300,17,1945,17,0,0,0,1.22732468236137,0.008893100902695098,4,0.0,0.0,0.0
38400,17,1972,17,0,0,0,1.2361482117731346,0.008893100902695098,4,0.0,0.0,0.0
38500,17,1994,17,0,0,0,1.239089388243723,0.008893100902695098,4,0.0,0.0,0.0
38600,17,2033,17,0,0,0,1.250854094126076,0.008893100902695098,4,0.0,0.0,0.0
38700,17,2080,17,0,0,0,1.2596776235378406,0.008893100902695098,4,1.0,0.0,14.315652476542528
38800,17,2126,17,0,0,0,1.265559976479017,0.008893100902695098,4,0.0,0.0,0.0
38900,17,2164,17,0,0,0,1.2685011529496053,0.008893100902695098,4,0.0,0.0,0.0
39000,17,2189,17,0,0,0,1.2743835058907818,0.008893100902695098,4,0.0,0.0,0.0
39100,17,2217,17,0,0,0,1.27732468236137,0.008893100902695098,4,1.0,0.0,11.048598200984225
39200,16,2258,16,0,0,0,1.2867971815107753,0.008417000225827172,4,0.0,0.0,0.0
39300,15,2314,15,0,0,0,1.2876690898066228,0.00823821684286472,4,1.0,0.0,11.772437306820521
39400,13,2372,13,0,0,0,1.300464764028137,0.00942796223195175,4,3.0,0.0,42.94695742962759
39500,11,2424,10,0,1,0,1.2731365134941983,0.008446859879179145,4,7.0,1.0,65.41495450130796
39600,8,2486,7,0,1,0,1.264064340698934,0.007825612330037136,4,5.0,1.0,57.46044720333015
39700,8,2500,7,0,1,0,1.264064340698934,0.007825612330037136,4,0.0,0.0,0.0
39800,8,2500,7,0,1,0,1.276564340698934,0.007825612330037136,4,0.0,0.0,0.0
39900,8,2500,7,0,1,0,1.276564340698934,0.007825612330037136,4,0.0,0.0,0.0
40000,8,2499,7,0,1,0,1.282814340698934,0.007825612330037136,4,0.0,0.0,0.0
40100,8,2500,7,0,1,0,1.2890643406989342,0.007825612330037136,4,0.0,0.0,0.0
40200,7,2499,6,0,1,0,1.3158922303786575,0.00894355694861387,4,0.0,0.0,0.0
40300,5,2500,4,0,1,0,1.3424812336808452,0.011035136924387462,4,0.0,0.0,0.0
40400,5,2500,4,0,1,0,1.372481233680845,0.011035136924387462,4,0.0,0.0,0.0
40500,5,2500,4,0,1,0,1.392481233680845,0.011035136924387462,4,0.0,0.0,0.0
40600,5,2499,5,0,0,0,1.4124812336808452,0.011035136924387462,4,0.0,0.0,0.0
40700,5,2500,5,0,0,0,1.432481233680845,0.011035136924387462,4,0.0,0.0,0.0
40800,5,2500,4,0,1,0,1.452481233680845,0.011035136924387462,4,1.0,0.0,10.756386632785098
40900,4,2500,3,0,1,0,1.4366446084063487,0.013793921155484327,4,2.0,1.0,10.756386632785098
41000,4,2500,3,0,1,0,1.4366446084063487,0.013793921155484327,4,0.0,0.0,0.0
41100,3,2500,2,0,1,0,1.3742932340455063,0.014258920977959213,4,0.0,0.0,0.0
41200,3,2500,2,0,1,0,1.3742932340455063,0.014258920977959213,4,0.0,0.0,0.0
41300,3,2500,2,0,1,0,1.3909599007121727,0.014258920977959213,4,0.0,0.0,0.0
41400,2,2500,2,0,0,0,1.5626446147016724,0.013444749612340514,4,0.0,0.0,0.0
41500,2,2500,2,0,0,0,1.5876446147016725,0.013444749612340514,4,0.0,0.0,0.0
41600,195,466,0,0,0,195,1.0367111710185517,0.012365416154634231,5,38.0,3.0,364.02182235938926
41700,181,399,0,0,0,181,1.0372067926263255,0.012429007776106385,5,70.0,11.0,594.1506093373971
41800,161,347,0,0,0,161,1.038052122881779,0.012351322901659818,5,81.0,13.0,686.8382405791344
41900,150,323,98,11,31,10,1.0406795002243996,0.012218729551410793,5,34.0,2.0,319.68815905641947
42000,138,300,89,13,31,5,1.0387417458490402,0.012266460323392844,5,40.0,3.0,383.82960429269315
42100,130,291,89,11,30,0,1.0381103013110817,0.012135198160158327,5,33.0,4.0,294.38279635646177
42200,118,299,76,11,31,0,1.0395926491321237,0.012385294278365924,5,57.0,7.0,492.4776147038326
42300,106,323,65,11,30,0,1.0422532007516714,0.01219101323444711,5,31.0,7.0,248.0488463550076
42400,95,355,58,7,30,0,1.042533455828082,0.01218738893909602,5,50.0,5.0,460.75093714377704
42500,91,380,55,8,28,0,1.0435798391753384,0.012259241484683332,5,16.0,1.0,151.14359286649963
42600,86,396,52,9,25,0,1.0472957801196525,0.01223181007190305,5,7.0,1.0,65.24493548694498
42700,80,420,49,8,23,0,1.048226408029338,0.012433697640024296,5,7.0,1.0,63.44157175369422
42800,77,434,52,5,20,0,1.0510564625735777,0.012559763137333065,5,19.0,1.0,187.12674907760837
42900,72,473,50,4,18,0,1.047098378025227,0.012598362351258049,5,20.0,2.0,185.7151629219432
43000,64,496,44,2,18,0,1.0443265208433559,0.012172663674306174,5,18.0,2.0,161.64880364669915
43100,63,522,43,2,18,0,1.0464909326745377,0.012365880558025318,5,4.0,0.0,41.29723364571899
43200,61,557,42,2,17,0,1.048093138336331,0.01237185020067804,5,12.0,1.0,114.63446470687332
43300,58,599,39,1,18,0,1.0487108498228468,0.012325989488690318,5,22.0,3.0,186.1235288040371
43400,57,635,40,1,16,0,1.0497716684728073,0.012326868429582683,5,17.0,1.0,167.68973299563544
43500,54,665,37,1,16,0,1.0522032654727742,0.01227308800493432,5,15.0,1.0,148.59443356105683
43600,52,682,36,1,15,0,1.0534744715510267,0.01252784392222188,5,10.0,1.0,92.78297167090153
43700,50,724,33,1,16,0,1.0546623514464415,0.012696822333148491,5,9.0,1.0,79.02192814119134
43800,49,749,33,1,15,0,1.05692612185166,0.012876490555443354,5,6.0,1.0,53.776278666094306
43900,48,779,32,1,15,0,1.0597196750446523,0.012754105200395889,5,5.0,0.0,48.52520039978724
44000,47,813,32,1,14,0,1.0598008030838928,0.012597001107407451,5,1.0,0.0,10.770778986079417
44100,45,831,33,0,12,0,1.060317893164737,0.012723735188353263,5,11.0,2.0,98.91711879672602
44200,45,852,35,0,10,0,1.0636512264980702,0.012723735188353263,5,8.0,0.0,81.91598325225281
44300,41,889,33,0,8,0,1.066282012414393,0.012838573481305062,5,12.0,2.0,107.33442120815279
44400,40,924,33,0,7,0,1.0760038413134971,0.012852993581422667,5,4.0,1.0,33.21137057433023
44500,39,962,33,0,6,0,1.0779767839058385,0.012909499580478104,5,6.0,1.0,48.30444237639619
44600,37,997,32,0,5,0,1.0781229241265426,0.013072315993802756,5,22.0,2.0,204.83889528809985
44700,36,1027,30,0,6,0,1.082638492384828,0.01294663290916752,5,18.0,1.0,172.41782062888626
44800,35,1054,30,0,5,0,1.0942371945613905,0.012844819684079021,5,3.0,0.0,31.457731793164715
44900,35,1093,30,0,5,0,1.095665765989962,0.012844819684079021,5,0.0,0.0,0.0
45000,34,1118,29,0,5,0,1.09590287886766,0.012666027570875095,5,2.0,0.0,21.118367808757572
45100,33,1155,28,0,5,0,1.0965836036474343,0.012490598954231094,5,7.0,1.0,66.42274114866046
45200,32,1208,28,0,4,0,1.1048302407533912,0.01226273556795011,5,5.0,0.0,52.898897046525676
45300,30,1257,26,0,4,0,1.1078989960891648,0.011648743983998792,5,9.0,1.0,90.81893344465641
45400,28,1305,24,0,4,0,1.1127849565008456,0.011089594814370414,5,8.0,0.0,91.58782307604778
45500,27,1360,23,0,4,0,1.1103097934187427,0.011042689918066138,5,1.0,1.0,0.0
45600,26,1406,22,0,4,0,1.1124486451433853,0.011151380390846382,5,6.0,1.0,57.242389422529854
45700,26,1440,22,0,4,0,1.1143717220664622,0.011151380390846382,5,2.0,0.0,22.870666939974814
45800,25,1490,21,0,4,0,1.1191599219735948,0.011167554882060782,5,0.0,0.0,0.0
45900,25,1545,22,0,3,0,1.1191599219735948,0.011167554882060782,5,0.0,0.0,0.0
46000,25,1581,22,0,3,0,1.125159921973595,0.011167554882060782,5,0.0,0.0,0.0
46100,24,1632,21,0,3,0,1.1246424088704108,0.011629560081974787,5,5.0,0.0,56.66796829537745
46200,23,1674,21,0,2,0,1.129269816689506,0.011617529757453126,5,3.0,0.0,34.03297962212403
46300,22,1733,20,0,2,0,1.1277149850459685,0.011352819287294353,5,9.0,0.0,99.94607614293821
46400,21,1791,19,0,2,0,1.128724760361543,0.0112282279893497,5,0.0,0.0,0.0
46500,21,1849,19,0,2,0,1.128724760361543,0.0112282279893497,5,0.0,0.0,0.0
46600,21,1907,19,0,2,0,1.1311057127424953,0.0112282279893497,5,0.0,0.0,0.0
46700,20,1944,18,0,2,0,1.135870751056767,0.011490516282550057,5,0.0,0.0,0.0
46800,18,1988,17,0,1,0,1.1285450694160601,0.011071658670156746,5,0.0,0.0,0.0
46900,18,2008,17,0,1,0,1.1396561805271712,0.011071658670156746,5,1.0,0.0,10.33025793597423
47000,18,2019,17,0,1,0,1.15354506941606,0.011071658670156746,5,0.0,0.0,0.0
47100,18,2019,17,0,1,0,1.1618784027493934,0.011071658670156746,5,0.0,0.0,0.0
47200,18,2022,17,0,1,0,1.1729895138605047,0.011071658670156746,5,0.0,0.0,0.0
47300,17,2035,17,0,0,0,1.1877111399175952,0.01101200268667838,5,0.0,0.0,0.0
47400,16,2045,16,0,0,0,1.1823923211227738,0.011152510062821424,5,0.0,0.0,0.0
47500,16,2071,16,0,0,0,1.194892321122774,0.011152510062821424,5,0.0,0.0,0.0
47600,16,2104,16,0,0,0,1.204267321122774,0.011152510062821424,5,0.0,0.0,0.0
47700,16,2119,16,0,0,0,1.2105173211227738,0.011152510062821424,5,2.0,0.0,26.95817126960006
47800,16,2128,16,0,0,0,1.2323923211227739,0.011152510062821424,5,0.0,0.0,0.0
47900,16,2163,16,0,0,0,1.235517321122774,0.011152510062821424,5,0.0,0.0,0.0
48000,16,2184,16,0,0,0,1.244892321122774,0.011152510062821424,5,0.0,0.0,0.0
48100,16,2231,16,0,0,0,1.2542673211227737,0.011152510062821424,5,1.0,0.0,13.434853527760977
48200,15,2259,15,0,0,0,1.2493872928413075,0.010566961759847426,5,0.0,0.0,0.0
48300,13,2290,13,0,0,0,1.2416081173900404,0.0107790815931805,5,1.0,0.0,10.906578424731908
48400,13,2337,13,0,0,0,1.2454542712361945,0.0107790815931805,5,0.0,0.0,0.0
48500,13,2382,13,0,0,0,1.2608388866208093,0.0107790815931805,5,0.0,0.0,0.0
48600,13,2447,13,0,0,0,1.2685311943131172,0.0107790815931805,5,0.0,0.0,0.0
48700,13,2485,13,0,0,0,1.272377348159271,0.0107790815931805,5,0.0,0.0,0.0
48800,13,2500,13,0,0,0,1.272377348159271,0.0107790815931805,5,0.0,0.0,0.0
48900,12,2500,12,0,0,0,1.300293542999005,0.011233807160178131,5,0.0,0.0,0.0
49000,11,2500,11,0,0,0,1.3151894568002522,0.011261839038489437,5,0.0,0.0,0.0
49100,11,2500,11,0,0,0,1.328825820436616,0.011261839038489437,5,0.0,0.0,0.0
49200,10,2500,10,0,0,0,1.3557486396501388,0.011060604152081596,5,0.0,0.0,0.0
49300,7,2498,7,0,0,0,1.4459864115521817,0.011571696929674644,5,0.0,0.0,0.0
49400,7,2500,7,0,0,0,1.4674149829807528,0.011571696929674644,5,0.0,0.0,0.0
49500,7,2500,7,0,0,0,1.4745578401236101,0.011571696929674644,5,2.0,0.0,25.928820616002938
49600,5,2500,5,0,0,0,1.5446281913470603,0.009761331253239667,5,0.0,0.0,0.0
49700,5,2500,5,0,0,0,1.5546281913470603,0.009761331253239667,5,0.0,0.0,0.0
49800,5,2500,5,0,0,0,1.5546281913470603,0.009761331253239667,5,0.0,0.0,0.0
49900,3,2500,3,0,0,0,1.5834760917869133,0.009558862224162617,5,0.0,0.0,0.0
50000,196,462,0,0,0,196,1.044492119003133,0.011032675441478651,6,41.0,4.0,368.3103832512989
50100,182,395,0,0,0,182,1.0419152320270422,0.011066325178658545,6,112.0,11.0,1001.0764372540616
50200,163,364,0,0,0,163,1.0421656545849611,0.011120621537989168,6,124.0,15.0,1100.342982092015
50300,148,361,81,5,39,23,1.0410221979841239,0.011126417777546797,6,89.0,11.0,802.9344674945823
50400,136,355,81,5,41,9,1.0443174612374135,0.011230373367495666,6,92.0,7.0,843.6469595520937
50500,126,345,77,4,39,6,1.0433700838426079,0.011448701177803756,6,64.0,5.0,591.7767977980164
50600,119,366,72,5,38,4,1.0479398568097649,0.011549141432072063,6,31.0,2.0,292.4030463075488
50700,104,372,67,4,32,1,1.0442422457596399,0.011414047986080842,6,41.0,4.0,366.8028838776495
50800,95,394,60,4,30,1,1.046254934079192,0.011520153175586115,6,54.0,6.0,469.93787634603626
50900,88,421,59,5,24,0,1.0515672140618548,0.011647041022865639,6,41.0,4.0,362.9698452321728
51000,80,445,56,4,20,0,1.052623290285362,0.011491643987851591,6,45.0,6.0,390.3533671280006
51100,77,478,55,4,18,0,1.0479936135059622,0.01160545387874916,6,5.0,0.0,48.7330577038422
51200,71,505,52,3,16,0,1.0503437325167393,0.011462571179655047,6,21.0,1.0,207.06604202769094
51300,66,538,49,2,15,0,1.0588519617713743,0.011431017584340734,6,23.0,5.0,172.37465752324425
51400,64,572,47,2,15,0,1.0620337962930206,0.011231214814883103,6,2.0,0.0,19.56818699464013
51500,63,613,46,1,16,0,1.0607540215627922,0.01128098141884562,6,23.0,0.0,237.3416626286043
51600,61,655,44,1,16,0,1.0585889372527952,0.011295746175251715,6,21.0,2.0,199.59810955956726
51700,58,705,42,1,15,0,1.0658126571885793,0.01114178684193838,6,24.0,2.0,221.66288706731865
51800,52,742,39,1,12,0,1.0678749635604659,0.01159846736058973,6,15.0,3.0,117.95381659709122
51900,49,777,36,1,12,0,1.0696638313931564,0.011603017593033295,6,12.0,2.0,98.4595474461343
52000,49,819,38,1,10,0,1.0706842395564216,0.011603017593033295,6,2.0,0.0,20.42295980424385
52100,48,861,36,1,11,0,1.0746713690754202,0.011475039881763648,6,18.0,1.0,167.6520092567173
52200,47,895,35,1,11,0,1.0818633757616158,0.011241725505359308,6,5.0,0.0,50.35312167653258
52300,44,930,32,1,11,0,1.0919696014759777,0.011648033927853801,6,15.0,2.0,135.5865950628883
52400,43,980,31,1,11,0,1.0949682937970175,0.011529567574199156,6,9.0,1.0,84.83165917330024
52500,41,1017,30,1,10,0,1.0969525643381748,0.011081144726774007,6,2.0,0.0,20.687627390741945
52600,39,1054,31,1,7,0,1.1042158493952314,0.011431017766854807,6,1.0,0.0,10.70396320075257
52700,39,1098,31,1,7,0,1.1119081570875393,0.011431017766854807,6,0.0,0.0,0.0
52800,38,1140,32,1,5,0,1.115419311305007,0.011132228566940417,6,3.0,0.0,33.08715687265179
52900,38,1166,33,0,5,0,1.1206824691997437,0.011132228566940417,6,8.0,0.0,79.37988296590503
53000,37,1206,32,0,5,0,1.1224443955725691,0.011358729692578052,6,14.0,1.0,137.14293177942278
53100,34,1248,30,0,4,0,1.1242237523573577,0.011546793617977393,6,8.0,1.0,74.51399433312389
53200,34,1302,31,0,3,0,1.1271649288279462,0.011546793617977393,6,0.0,0.0,0.0
53300,34,1336,31,0,3,0,1.12863551706324,0.011546793617977393,6,0.0,0.0,0.0
53400,32,1377,30,0,2,0,1.1333818963552196,0.0116725197452704,6,6.0,1.0,52.54526376476982
53500,32,1422,30,0,2,0,1.1380693963552195,0.0116725197452704,6,0.0,0.0,0.0
53600,32,1462,30,0,2,0,1.1411943963552196,0.0116725197452704,6,0.0,0.0,0.0
53700,30,1499,28,0,2,0,1.1565141113911892,0.011897287474682744,6,5.0,1.0,48.508432126660395
53800,29,1533,28,0,1,0,1.1615584944717154,0.011554176598871991,6,0.0,0.0,0.0
53900,29,1557,28,0,1,0,1.1632826324027499,0.011554176598871991,6,0.0,0.0,0.0
54000,28,1589,27,0,1,0,1.1729253850769905,0.011618087474821149,6,13.0,1.0,118.95464337493196
54100,28,1628,27,0,1,0,1.174711099362705,0.011618087474821149,6,3.0,0.0,37.851324094995306
54200,27,1669,26,0,1,0,1.1774029519855695,0.011369409945030454,6,0.0,0.0,0.0
54300,27,1716,26,0,1,0,1.1792548038374213,0.011369409945030454,6,3.0,0.0,37.851324094995306
54400,27,1740,26,0,1,0,1.182958507541125,0.011369409945030454,6,0.0,0.0,0.0
54500,27,1792,26,0,1,0,1.1866622112448286,0.011369409945030454,6,1.0,0.0,10.497372539433835
54600,26,1835,25,0,1,0,1.1767932265219718,0.01140446061968536,6,1.0,0.0,10.497372539433835
54700,24,1878,23,0,1,0,1.169890800721988,0.011904840161050367,6,0.0,0.0,0.0
54800,24,1931,23,0,1,0,1.1740574673886546,0.011904840161050367,6,0.0,0.0,0.0
54900,23,1988,22,0,1,0,1.1845849777343298,0.01184479323397347,6,0.0,0.0,0.0
55000,23,2037,22,0,1,0,1.1867588907778082,0.01184479323397347,6,3.0,0.0,34.942928702868635
55100,23,2092,22,0,1,0,1.1932806299082428,0.01184479323397347,6,0.0,0.0,0.0
55200,21,2142,20,0,1,0,1.1970325492693772,0.011549567257203202,6,0.0,0.0,0.0
55300,20,2193,20,0,0,0,1.2104162308671973,0.012117191850422229,6,0.0,0.0,0.0
55400,18,2239,18,0,0,0,1.2094511936412127,0.012431657824150278,6,0.0,0.0,0.0
55500,18,2290,18,0,0,0,1.2094511936412127,0.012431657824150278,6,0.0,0.0,0.0
55600,17,2350,17,0,0,0,1.2067135056728255,0.013011241342452169,6,0.0,0.0,0.0
55700,17,2392,17,0,0,0,1.209654682143414,0.013011241342452169,6,1.0,0.0,10.609791915935453
55800,17,2422,17,0,0,0,1.2214193880257669,0.013011241342452169,6,0.0,0.0,0.0
55900,17,2444,17,0,0,0,1.224360564496355,0.013011241342452169,6,0.0,0.0,0.0
56000,17,2469,17,0,0,0,1.23318409390812,0.013011241342452169,6,2.0,0.0,18.478989013212743
56100,16,2499,16,0,0,0,1.2575827521587144,0.013257208424192916,6,2.0,1.0,10.09662630580396
56200,16,2500,16,0,0,0,1.2669577521587143,0.013257208424192916,6,0.0,0.0,0.0
56300,16,2500,16,0,0,0,1.2732077521587142,0.013257208424192916,6,1.0,0.0,17.86269907137722
56400,15,2500,15,0,0,0,1.2903259726650977,0.013253731725457952,6,0.0,0.0,0.0
56500,15,2499,15,0,0,0,1.3036593059984312,0.013253731725457952,6,0.0,0.0,0.0
56600,15,2500,15,0,0,0,1.3136593059984312,0.013253731725457952,6,0.0,0.0,0.0
56700,15,2491,15,0,0,0,1.320325972665098,0.013253731725457952,6,1.0,0.0,10.609791915935453
56800,15,2499,15,0,0,0,1.3336593059984314,0.013253731725457952,6,1.0,0.0,10.609791915935453
56900,15,2493,15,0,0,0,1.3469926393317644,0.013253731725457952,6,0.0,0.0,0.0
57000,13,2495,13,0,0,0,1.373217851377195,0.013630604868945687,6,1.0,0.0,10.609791915935453
57100,12,2500,12,0,0,0,1.4050969629853538,0.012484305722793498,6,0.0,0.0,0.0
57200,11,2500,11,0,0,0,1.4480483388788696,0.012643750280311249,6,0.0,0.0,0.0
57300,10,2498,10,0,0,0,1.4956946814026477,0.01321787547897999,6,0.0,0.0,0.0
57400,9,2497,9,0,0,0,1.5445588939330221,0.012674638149650141,6,1.0,0.0,14.72737565352033
57500,9,2499,9,0,0,0,1.5556700050441332,0.012674638149650141,6,0.0,0.0,0.0
57600,9,2500,9,0,0,0,1.5723366717107998,0.012674638149650141,6,0.0,0.0,0.0
57700,9,2494,9,0,0,0,1.5877198223582807,0.012674638149650141,6,0.0,0.0,0.0
57800,9,2479,9,0,0,0,1.6099420445805026,0.012674638149650141,6,0.0,0.0,0.0
57900,9,2494,9,0,0,0,1.6154976001360584,0.012674638149650141,6,0.0,0.0,0.0
58000,9,2495,9,0,0,0,1.6266087112471694,0.012674638149650141,6,0.0,0.0,0.0
58100,9,2496,9,0,0,0,1.6266087112471694,0.012674638149650141,6,0.0,0.0,0.0
58200,9,2499,9,0,0,0,1.6377198223582805,0.012674638149650141,6,0.0,0.0,0.0
58300,9,2500,9,0,0,0,1.6377198223582805,0.012674638149650141,6,0.0,0.0,0.0
58400,8,2493,8,0,0,0,1.715107405530766,0.012638275464051156,6,0.0,0.0,0.0
58500,8,2496,8,0,0,0,1.727607405530766,0.012638275464051156,6,2.0,0.0,28.08061264285775
58600,6,2496,6,0,0,0,1.8308969152833818,0.013330519277064558,6,0.0,0.0,0.0
58700,6,2497,6,0,0,0,1.8308969152833818,0.013330519277064558,6,0.0,0.0,0.0
58800,6,2500,6,0,0,0,1.864230248616715,0.013330519277064558,6,0.0,0.0,0.0
58900,6,2496,6,0,0,0,1.8725635819500486,0.013330519277064558,6,0.0,0.0,0.0
59000,197,434,0,0,0,197,1.0869619656070941,0.0122968452490316,7,29.0,3.0,266.3333744653158
59100,191,360,0,0,0,191,1.0895989880466095,0.012341151898435942,7,30.0,3.0,285.61250407858984
59200,182,294,0,0,0,182,1.092457272264415,0.01210081462306526,7,29.0,4.0,263.8911690459038
59300,170,284,133,5,20,12,1.089542521756152,0.012142736337673495,7,31.0,3.0,286.5813482151154
59400,157,265,126,5,21,5,1.0926388906225024,0.012136698991339753,7,38.0,1.0,397.2062419378796
59500,142,271,113,8,20,1,1.0950278802314353,0.012170039333689845,7,25.0,5.0,223.29556169159943
59600,125,270,96,6,23,0,1.0912701545430017,0.012466479487505273,7,28.0,2.0,270.02856400995546
59700,114,260,88,7,19,0,1.085706854708379,0.01262599564704881,7,29.0,3.0,273.7935513351714
59800,101,284,75,9,17,0,1.084406122303365,0.012967231391076297,7,26.0,4.0,229.09442998045944
59900,91,296,68,7,16,0,1.078423923526345,0.01304072273503481,7,17.0,3.0,149.39248291450605
60000,81,323,61,6,14,0,1.0796748008097332,0.01309787715904177,7,8.0,1.0,70.17714090607433
60100,74,342,55,7,12,0,1.0832933640495046,0.012784214137799326,7,12.0,2.0,91.96458730162223
60200,69,373,49,7,13,0,1.0839622392912205,0.01271725530003459,7,10.0,1.0,95.1911724609371
60300,67,391,48,6,13,0,1.0812271231673551,0.012713580463512796,7,2.0,1.0,11.98223262092056
60400,64,414,48,5,11,0,1.0799135031677216,0.01300934689498418,7,3.0,0.0,30.918525719479828
60500,59,440,44,5,10,0,1.0825382516288722,0.012950458128809352,7,11.0,1.0,105.98397713477569
60600,56,446,42,5,9,0,1.0843600594852953,0.013047044679809496,7,3.0,2.0,11.414507284529112
60700,55,455,41,5,9,0,1.0865472807649572,0.013254086585892349,7,8.0,0.0,85.85139984668729
60800,52,479,39,6,7,0,1.0931330065708549,0.01340786527879728,7,3.0,1.0,17.370513536316288
60900,49,502,39,5,5,0,1.099798274604951,0.013240062180006602,7,1.0,0.0,11.904507284529112
61000,48,525,39,4,5,0,1.103035863617005,0.013434245391565562,7,4.0,0.0,41.34972624794813
61100,47,539,38,3,6,0,1.1040141613251384,0.013536874333300551,7,10.0,0.0,112.60347634145288
61200,47,576,39,3,5,0,1.1061418208996068,0.013536874333300551,7,1.0,0.0,8.56937049353986
61300,44,607,36,3,5,0,1.114873835684451,0.013459330494881277,7,15.0,2.0,144.51142504353083
61400,43,629,36,3,4,0,1.12284297725593,0.013531086037218728,7,5.0,0.0,56.36566765577912
61500,42,669,36,3,3,0,1.1264453722930359,0.01345599575563509,7,0.0,0.0,0.0
61600,39,697,31,3,5,0,1.1316754773171256,0.01319200630366943,7,7.0,1.0,67.30663167084617
61700,38,726,32,1,5,0,1.1360691680573602,0.012996508213808735,7,6.0,0.0,67.24314485631567
61800,36,746,31,1,4,0,1.1523195030311797,0.013278915209998845,7,1.0,0.0,10.805805813588432
61900,34,770,29,1,4,0,1.167049218045187,0.013023247627470393,7,0.0,0.0,0.0
62000,31,789,25,1,5,0,1.1740025807866394,0.012616456368664168,7,8.0,0.0,81.17360275641943
62100,29,815,24,1,4,0,1.1840584509909244,0.012631760104385905,7,1.0,0.0,12.394507284529114
62200,29,837,23,1,5,0,1.1909550027150624,0.012631760104385905,7,2.0,0.0,23.048507137469635
62300,28,872,22,1,5,0,1.1990977159259484,0.012423993929668904,7,0.0,0.0,0.0
62400,26,913,21,0,5,0,1.2025705612108888,0.012224668627177972,7,6.0,0.0,63.7245148370414
62500,26,936,21,0,5,0,1.2064167150570428,0.012224668627177972,7,0.0,0.0,0.0
62600,26,956,21,0,5,0,1.2102628689031967,0.012224668627177972,7,0.0,0.0,0.0
62700,25,987,21,0,4,0,1.215622949209373,0.012303469210649877,7,0.0,0.0,0.0
62800,24,994,20,0,4,0,1.2193901163846232,0.012490402884459824,7,9.0,1.0,88.60674045293345
62900,24,1017,20,0,4,0,1.2256401163846233,0.012490402884459824,7,0.0,0.0,0.0
63000,24,1042,20,0,4,0,1.2298067830512902,0.012490402884459824,7,0.0,0.0,0.0
63100,23,1076,20,0,3,0,1.2378793179033993,0.012476517802010348,7,1.0,0.0,9.94523185515281
63200,23,1121,20,0,3,0,1.2444010570338342,0.012476517802010348,7,0.0,0.0,0.0
63300,23,1158,20,0,3,0,1.2509227961642688,0.012476517802010348,7,2.0,0.0,20.75103766874124
63400,23,1187,20,0,3,0,1.2574445352947037,0.012476517802010348,7,5.0,0.0,53.16845510950654
63500,23,1228,20,0,3,0,1.2596184483381818,0.012476517802010348,7,0.0,0.0,0.0
63600,23,1259,20,0,3,0,1.2661401874686167,0.012476517802010348,7,0.0,0.0,0.0
63700,21,1283,18,0,3,0,1.2638885282592045,0.012752530989946512,7,0.0,0.0,0.0
63800,21,1308,18,0,3,0,1.273412337783014,0.012752530989946512,7,0.0,0.0,0.0
63900,19,1324,16,0,3,0,1.265073777006607,0.013815768473577586,7,0.0,0.0,0.0
64000,19,1333,16,0,3,0,1.278231671743449,0.013815768473577586,7,1.0,0.0,10.805805813588432
64100,19,1361,17,0,2,0,1.280863250690817,0.013815768473577586,7,4.0,0.0,43.22322325435373
64200,19,1381,17,0,2,0,1.2861264085855542,0.013815768473577586,7,0.0,0.0,0.0
64300,19,1392,17,0,2,0,1.2992843033223962,0.013815768473577586,7,3.0,0.0,44.607836773031245
64400,19,1414,17,0,2,0,1.304547461217133,0.013815768473577586,7,0.0,0.0,0.0
64500,19,1420,17,0,2,0,1.3150737770066068,0.013815768473577586,7,0.0,0.0,0.0
64600,18,1425,16,0,2,0,1.336052682145957,0.013157965869068719,7,6.0,1.0,54.02902906794216
64700,18,1440,16,0,2,0,1.3443860154792902,0.013157965869068719,7,0.0,0.0,0.0
64800,18,1448,16,0,2,0,1.3554971265904012,0.013157965869068719,7,1.0,0.0,10.60052452679943
64900,18,1476,16,0,2,0,1.3610526821459568,0.013157965869068719,7,1.0,0.0,10.60052452679943
65000,18,1498,16,0,2,0,1.372163793257068,0.013157965869068719,7,0.0,0.0,0.0
65100,16,1517,16,0,0,0,1.4078902639892625,0.01247692587600362,7,1.0,0.0,12.217864602433632
65200,16,1541,16,0,0,0,1.4141402639892626,0.01247692587600362,7,2.0,0.0,26.33011592820526
65300,15,1580,15,0,0,0,1.433959693273876,0.012225062240777764,7,0.0,0.0,0.0
65400,15,1616,15,0,0,0,1.4406263599405427,0.012225062240777764,7,0.0,0.0,0.0
65500,15,1650,15,0,0,0,1.4472930266072093,0.012225062240777764,7,0.0,0.0,0.0
65600,15,1684,15,0,0,0,1.453959693273876,0.012225062240777764,7,0.0,0.0,0.0
65700,15,1702,15,0,0,0,1.463959693273876,0.012225062240777764,7,0.0,0.0,0.0
65800,15,1739,15,0,0,0,1.4772930266072093,0.012225062240777764,7,1.0,0.0,17.809278924343747
65900,14,1767,14,0,0,0,1.5077986126174514,0.011079649538991265,7,0.0,0.0,0.0
66000,14,1768,14,0,0,0,1.5220843269031659,0.011079649538991265,7,0.0,0.0,0.0
66100,14,1791,14,0,0,0,1.5327986126174515,0.011079649538991265,7,0.0,0.0,0.0
66200,13,1810,13,0,0,0,1.5650085270316298,0.01110456297147867,7,0.0,0.0,0.0
66300,11,1817,11,0,0,0,1.5882662460897747,0.01088160631268925,7,0.0,0.0,0.0
66400,10,1853,10,0,0,0,1.6224207829188166,0.011925800921341816,7,0.0,0.0,0.0
66500,9,1887,9,0,0,0,1.6936135169982383,0.011769510100362236,7,0.0,0.0,0.0
66600,9,1899,9,0,0,0,1.7047246281093495,0.011769510100362236,7,0.0,0.0,0.0
66700,8,1936,8,0,0,0,1.7666277136446609,0.012225689022463718,7,0.0,0.0,0.0
66800,8,1971,8,0,0,0,1.779127713644661,0.012225689022463718,7,0.0,0.0,0.0
66900,7,2000,7,0,0,0,1.8555733609625984,0.012324068158862908,7,0.0,0.0,0.0
67000,5,2026,5,0,0,0,1.9010688948413328,0.013965076737245308,7,1.0,1.0,0.0
67100,5,2083,5,0,0,0,1.9210688948413324,0.013965076737245308,7,0.0,0.0,0.0
67200,4,2138,4,0,0,0,1.9183991041339503,0.013106517095925483,7,0.0,0.0,0.0
67300,4,2192,4,0,0,0,1.9433991041339502,0.013106517095925483,7,0.0,0.0,0.0
67400,4,2237,4,0,0,0,1.9558991041339502,0.013106517095925483,7,0.0,0.0,0.0
67500,4,2281,4,0,0,0,1.9799953077447277,0.013106517095925483,7,0.0,0.0,0.0
67600,3,2324,3,0,0,0,2.1657681443085974,0.014121202610650968,7,0.0,0.0,0.0
67700,2,2366,2,0,0,0,2.048652216462896,0.01508349429655665,7,0.0,0.0,0.0
67800,2,2407,2,0,0,0,2.098652216462896,0.01508349429655665,7,0.0,0.0,0.0
67900,2,2450,2,0,0,0,2.1236522164628964,0.01508349429655665,7,0.0,0.0,0.0
68000,197,423,0,0,0,197,1.098811310173808,0.013540591698463347,8,31.0,3.0,309.38489900712364
68100,193,284,0,0,0,193,1.0986542206248047,0.013617868927019626,8,40.0,3.0,414.2271895218733
68200,186,204,0,0,0,186,1.1016977786671154,0.013471175138644511,8,30.0,3.0,294.98367160701054
68300,176,172,132,7,29,8,1.098673428920314,0.013405025748604938,8,39.0,5.0,388.6006073165264
68400,156,161,114,10,29,3,1.099391389906791,0.013362885016604462,8,53.0,5.0,496.5444704923311
68500,146,141,109,9,26,2,1.0986800779277326,0.013436846961250637,8,26.0,2.0,253.1873989815751
68600,127,144,95,8,24,0,1.099496067468607,0.013372324929001408,8,16.0,2.0,151.38425693642586
68700,115,149,88,5,22,0,1.0965110422924036,0.013265447024262265,8,24.0,1.0,250.10282724103948
68800,108,151,83,5,20,0,1.0934678066273322,0.013423100341182855,8,17.0,1.0,172.23464352758916
68900,104,164,80,3,21,0,1.0915639137108732,0.013237499094795258,8,23.0,2.0,216.3266057740139
69000,95,167,74,3,18,0,1.0904234688807364,0.013387645755379521,8,10.0,0.0,108.18408508138985
69100,87,179,66,3,18,0,1.0954288882386976,0.013293002121884945,8,25.0,3.0,232.11799569945234
69200,79,193,62,2,15,0,1.0928919146556075,0.013250372619308353,8,9.0,0.0,88.70265135518781
69300,74,208,59,3,12,0,1.0927943863860623,0.013331882247685035,8,17.0,1.0,163.78533262781144
69400,70,232,55,3,12,0,1.091863676122581,0.013513919958987314,8,4.0,0.0,41.67322831932394
69500,66,245,54,3,9,0,1.0946918260589351,0.013498673550772687,8,7.0,0.0,79.09277091403152
69600,65,252,56,2,7,0,1.0984768142607193,0.013444688550236911,8,3.0,1.0,21.153774853893353
69700,61,275,53,2,6,0,1.1025301344434881,0.01328506205642246,8,1.0,0.0,9.70888733774273
69800,59,296,52,2,5,0,1.1058390133398541,0.01332662891231202,8,2.0,0.0,23.945231342082856
69900,59,302,52,2,5,0,1.1075339285940915,0.01332662891231202,8,5.0,0.0,42.54291225533678
70000,58,328,51,2,5,0,1.112740210361176,0.01317230874082897,8,10.0,0.0,97.05024251678202
70100,57,342,51,1,5,0,1.1115794988174017,0.01317763676683149,8,5.0,1.0,40.938599566832885
70200,57,340,51,1,5,0,1.1142110777647702,0.01317763676683149,8,0.0,0.0,0.0
70300,56,342,50,0,6,0,1.1172597159229762,0.013177095876840775,8,4.0,0.0,39.500022303915706
70400,54,356,50,0,4,0,1.1210639962789248,0.013155324812846146,8,9.0,1.0,77.64281184270148
70500,51,370,47,0,4,0,1.120495828469521,0.013006355548483844,8,1.0,0.0,9.668806110848422
70600,49,403,45,0,4,0,1.1203552607356104,0.01299368212001313,8,1.0,0.0,9.668806110848422
70700,48,413,44,0,4,0,1.1254053346917618,0.012811859268457798,8,0.0,0.0,0.0
70800,48,405,45,0,3,0,1.1295720013584283,0.012811859268457798,8,1.0,0.0,10.493603971370439
70900,48,382,45,0,3,0,1.136863668025095,0.012811859268457798,8,8.0,0.0,83.23810058773675
71000,46,391,43,0,3,0,1.1431682365801035,0.012736651642800677,8,11.0,1.0,104.54323671594346
71100,46,390,43,0,3,0,1.149689975710538,0.012736651642800677,8,3.0,0.0,31.69063300695892
71200,45,385,42,0,3,0,1.1607046651417536,0.012556090795125112,8,0.0,0.0,0.0
71300,43,381,40,0,3,0,1.1708230368267454,0.012211370174881312,8,5.0,0.0,56.68712433881478
71400,43,383,39,0,4,0,1.1777997810127918,0.012211370174881312,8,2.0,0.0,19.39246300704422
71500,43,406,39,0,4,0,1.1812881531058153,0.012211370174881312,8,5.0,0.0,53.815769044447165
71600,43,416,39,0,4,0,1.1836137345011641,0.012211370174881312,8,0.0,0.0,0.0
71700,42,416,38,0,4,0,1.1881576229043564,0.01218416259074309,8,9.0,0.0,95.82161108344704
71800,40,427,35,0,5,0,1.1898707363469416,0.012635845556824852,8,6.0,1.0,54.30367970048629
71900,39,424,35,0,4,0,1.189363197312297,0.012767965534893946,8,11.0,1.0,107.14864999296934
72000,39,413,35,0,4,0,1.1970555050046048,0.012767965534893946,8,0.0,0.0,0.0
72100,39,417,35,0,4,0,1.198337556286656,0.012767965534893946,8,1.0,0.0,14.846884442867166
72200,38,423,35,0,3,0,1.2064671925597148,0.012757833157361585,8,0.0,0.0,0.0
72300,35,428,34,0,1,0,1.222485487304978,0.012326669571162891,8,0.0,0.0,0.0
72400,35,446,34,0,1,0,1.229628344447835,0.012326669571162891,8,0.0,0.0,0.0
72500,33,455,32,0,1,0,1.2285111048777038,0.01227064513027513,8,2.0,0.0,24.460348806452387
72600,33,468,32,0,1,0,1.2360868624534613,0.01227064513027513,8,0.0,0.0,0.0
72700,31,484,30,0,1,0,1.2342032493817705,0.012287211427431954,8,1.0,0.0,10.223187407700802
72800,27,509,26,0,1,0,1.2515240234294696,0.012230079652363042,8,4.0,0.0,51.564897265053006
72900,26,546,25,0,1,0,1.25966356868084,0.012109667263414557,8,0.0,0.0,0.0
73000,26,555,25,0,1,0,1.2635097225269938,0.012109667263414557,8,0.0,0.0,0.0
73100,26,563,25,0,1,0,1.2692789532962245,0.012109667263414557,8,2.0,0.0,22.94720794274088
73200,24,585,23,0,1,0,1.2752207844108232,0.011751588720771313,8,2.0,1.0,11.47360397137044
73300,22,613,21,0,1,0,1.2688493988652463,0.012343101707639496,8,1.0,0.0,11.252667616287896
73400,22,655,21,0,1,0,1.273394853410701,0.012343101707639496,8,0.0,0.0,0.0
73500,21,695,20,0,1,0,1.2820523046844383,0.01203280814175058,8,0.0,0.0,0.0
73600,21,737,21,0,0,0,1.2891951618272957,0.01203280814175058,8,5.0,0.0,67.26390790047466
73700,21,765,21,0,0,0,1.2939570665892004,0.01203280814175058,8,0.0,0.0,0.0
73800,21,801,21,0,0,0,1.2963380189701528,0.01203280814175058,8,0.0,0.0,0.0
73900,20,832,20,0,0,0,1.3071912085566872,0.012372717155023994,8,0.0,0.0,0.0
74000,19,874,19,0,0,0,1.3220434989955052,0.012454998729337837,8,0.0,0.0,0.0
74100,19,902,19,0,0,0,1.327306656890242,0.012454998729337837,8,0.0,0.0,0.0
74200,18,946,18,0,0,0,1.322816846661843,0.012624280966350897,8,1.0,0.0,10.016842473576602
74300,18,967,18,0,0,0,1.3283724022173986,0.012624280966350897,8,1.0,0.0,10.713187407700804
74400,18,996,18,0,0,0,1.3339279577729544,0.012624280966350897,8,0.0,0.0,0.0
74500,17,1005,17,0,0,0,1.3539718147866044,0.0126039001197606,8,0.0,0.0,0.0
74600,16,1035,16,0,0,0,1.3762055913721967,0.012703638499862703,8,0.0,0.0,0.0
74700,14,1060,14,0,0,0,1.3851602034210546,0.012533450736905103,8,0.0,0.0,0.0
74800,13,1094,13,0,0,0,1.409613962186847,0.012139768280362711,8,0.0,0.0,0.0
74900,13,1121,13,0,0,0,1.4288447314176163,0.012139768280362711,8,0.0,0.0,0.0
75000,12,1158,12,0,0,0,1.4628504660819208,0.0127728913017444,8,0.0,0.0,0.0
75100,10,1189,10,0,0,0,1.4733762850139722,0.013611766532323846,8,0.0,0.0,0.0
75200,10,1229,10,0,0,0,1.4783762850139723,0.013611766532323846,8,0.0,0.0,0.0
75300,10,1259,10,0,0,0,1.4883762850139723,0.013611766532323846,8,0.0,0.0,0.0
75400,10,1297,10,0,0,0,1.4983762850139721,0.013611766532323846,8,0.0,0.0,0.0
75500,9,1335,9,0,0,0,1.5371212085706218,0.01371851022723691,8,0.0,0.0,0.0
75600,9,1354,9,0,0,0,1.548232319681733,0.01371851022723691,8,0.0,0.0,0.0
75700,8,1393,8,0,0,0,1.5677123539729168,0.013815350570970986,8,0.0,0.0,0.0
75800,6,1440,6,0,0,0,1.6165049215706333,0.013395297066090878,8,0.0,0.0,0.0
75900,5,1480,5,0,0,0,1.6290944540878836,0.01262993430495699,8,0.0,0.0,0.0
76000,5,1532,5,0,0,0,1.6490944540878836,0.01262993430495699,8,0.0,0.0,0.0
76100,5,1581,5,0,0,0,1.6690944540878838,0.01262993430495699,8,0.0,0.0,0.0
76200,5,1606,5,0,0,0,1.6990944540878838,0.01262993430495699,8,0.0,0.0,0.0
76300,4,1667,4,0,0,0,1.760072024766871,0.013324785543613684,8,0.0,0.0,0.0
76400,4,1717,4,0,0,0,1.785072024766871,0.013324785543613684,8,0.0,0.0,0.0
76500,3,1763,3,0,0,0,1.6967032698357316,0.013650277228347635,8,0.0,0.0,0.0
76600,3,1823,3,0,0,0,1.6967032698357316,0.013650277228347635,8,0.0,0.0,0.0
76700,3,1886,3,0,0,0,1.7300366031690648,0.013650277228347635,8,0.0,0.0,0.0
76800,200,440,0,0,0,200,1.0713224341798442,0.014195317548662954,9,16.0,0.0,159.86678244923527
76900,198,251,0,0,0,198,1.0709271578916078,0.014183531278360029,9,36.0,1.0,351.82743976578416
77000,191,180,0,0,0,191,1.0735764349378716,0.014065796999048698,9,32.0,5.0,281.5272549752566
77100,184,145,148,4,21,11,1.0716136891298074,0.014138548262831858,9,20.0,1.0,197.75947819239286
77200,161,127,139,7,13,2,1.067681041729892,0.014193575415986304,9,17.0,3.0,158.47538989336667
77300,144,123,124,6,14,0,1.0710967959176259,0.014276239472767877,9,30.0,4.0,256.8909906089185
77400,129,112,109,7,13,0,1.0667199860360432,0.014690417097773103,9,17.0,3.0,139.24255076100997
77500,113,110,97,6,10,0,1.0651058436243168,0.01492699139022429,9,23.0,0.0,234.01217577213802
77600,102,120,86,5,11,0,1.065430365248681,0.015083270597871427,9,25.0,2.0,228.72440292854003
77700,97,125,83,3,11,0,1.0564462379577062,0.015206066840552592,9,3.0,0.0,25.835997883700504
77800,92,115,81,2,9,0,1.0607067050487278,0.015126712380850215,9,12.0,2.0,107.76625852608147
77900,85,125,76,2,7,0,1.0568875320866487,0.015203625216030033,9,11.0,1.0,98.73075506839994
78000,77,139,70,2,5,0,1.0519448104877511,0.015322093482660948,9,3.0,1.0,20.665195389922147
78100,72,168,65,2,5,0,1.0519743285447691,0.015132371186358172,9,8.0,0.0,81.37317788251933
78200,69,160,64,1,4,0,1.0537317378543831,0.015116743130935079,9,5.0,1.0,45.64024828661847
78300,67,169,63,1,3,0,1.0566610589160268,0.01507708067209448,9,11.0,0.0,106.79850203876664
78400,65,173,61,1,3,0,1.0646220601151646,0.01479596213981244,9,3.0,0.0,28.672314691916117
78500,64,190,60,1,3,0,1.0706974918112808,0.014659963330873358,9,2.0,1.0,11.994585174376594
78600,63,212,59,1,3,0,1.0756055689413042,0.014534825955168945,9,2.0,0.0,18.595985949639108
78700,60,231,57,1,2,0,1.076418768588386,0.014644786583488396,9,3.0,0.0,28.46279459209005
78800,58,239,56,1,1,0,1.0795963866105356,0.014618280551480676,9,6.0,1.0,47.040210865953604
78900,55,251,53,1,1,0,1.0751506828261546,0.014819683782124025,9,5.0,0.0,52.280619120656134
79000,54,273,52,1,1,0,1.0741265731005636,0.01495108547080699,9,0.0,0.0,0.0
79100,54,279,52,1,1,0,1.0778302768042674,0.01495108547080699,9,2.0,0.0,23.230751674760086
79200,51,297,49,1,1,0,1.083751416346932,0.014995318436595765,9,3.0,0.0,35.16509332450504
79300,49,297,47,1,1,0,1.0887942135648214,0.01533355187574712,9,2.0,0.0,17.9241536542001
79400,48,290,46,1,1,0,1.0956504795885065,0.015342969894637182,9,2.0,0.0,25.289838536654322
79500,48,304,46,1,1,0,1.0987754795885063,0.015342969894637182,9,10.0,0.0,107.61798716057378
79600,47,309,46,0,1,0,1.09815020484751,0.015521790033118578,9,0.0,0.0,0.0
79700,43,312,42,0,1,0,1.108323302650749,0.01536812542165929,9,1.0,0.0,8.906905253721678
79800,39,330,39,0,0,0,1.109837547016261,0.015366464712309496,9,1.0,0.0,11.670047681019277
79900,39,336,39,0,0,0,1.1124016495803635,0.015366464712309496,9,2.0,0.0,20.30110318116744
80000,38,339,38,0,0,0,1.12565253817372,0.015146011507379039,9,1.0,0.0,11.670047681019277
80100,37,356,37,0,0,0,1.122158293878468,0.015242571649328929,9,0.0,0.0,0.0
80200,36,375,36,0,0,0,1.120250991154516,0.015328827161692768,9,0.0,0.0,0.0
80300,36,384,36,0,0,0,1.1271954355989604,0.015328827161692768,9,0.0,0.0,0.0
80400,36,414,36,0,0,0,1.1341398800434048,0.015328827161692768,9,0.0,0.0,0.0
80500,36,419,36,0,0,0,1.1369176578211826,0.015328827161692768,9,0.0,0.0,0.0
80600,36,430,36,0,0,0,1.143862102265627,0.015328827161692768,9,0.0,0.0,0.0
80700,35,459,35,0,0,0,1.1400173027120948,0.015401744058551868,9,0.0,0.0,0.0
80800,34,471,34,0,0,0,1.139309109029968,0.015592806796830205,9,0.0,0.0,0.0
80900,33,487,33,0,0,0,1.1497060709643991,0.015366411389164614,9,0.0,0.0,0.0
81000,33,524,33,0,0,0,1.152736373994702,0.015366411389164614,9,0.0,0.0,0.0
81100,33,552,33,0,0,0,1.1587969800553082,0.015366411389164614,9,1.0,0.0,9.009082527193483
81200,32,560,32,0,0,0,1.1676972175170084,0.015482096555476724,9,1.0,0.0,12.217998510926728
81300,29,561,29,0,0,0,1.1663426401848018,0.015287077128995248,9,0.0,0.0,0.0
81400,29,593,29,0,0,0,1.1680667781158363,0.015287077128995248,9,0.0,0.0,0.0
81500,29,631,29,0,0,0,1.1697909160468707,0.015287077128995248,9,0.0,0.0,0.0
81600,29,655,29,0,0,0,1.178411605702043,0.015287077128995248,9,0.0,0.0,0.0
81700,28,692,28,0,0,0,1.1864001850026258,0.014903228856826255,9,0.0,0.0,0.0
81800,28,729,28,0,0,0,1.1935430421454831,0.014903228856826255,9,0.0,0.0,0.0
81900,28,763,28,0,0,0,1.1953287564311972,0.014903228856826255,9,0.0,0.0,0.0
82000,27,782,27,0,0,0,1.19571987325396,0.014963061588826642,9,0.0,0.0,0.0
82100,27,795,27,0,0,0,1.2049791325132195,0.014963061588826642,9,0.0,0.0,0.0
82200,26,824,26,0,0,0,1.215753493948596,0.014685100011778546,9,0.0,0.0,0.0
82300,25,825,25,0,0,0,1.216468083290245,0.014468480837863354,9,0.0,0.0,0.0
82400,25,838,25,0,0,0,1.2244680832902448,0.014468480837863354,9,1.0,0.0,9.009082527193483
82500,25,868,25,0,0,0,1.228468083290245,0.014468480837863354,9,0.0,0.0,0.0
82600,25,901,25,0,0,0,1.232468083290245,0.014468480837863354,9,5.0,0.0,77.58279479920898
82700,23,933,23,0,0,0,1.2293217468533844,0.014285980713220592,9,0.0,0.0,0.0
82800,23,968,23,0,0,0,1.2380173990272976,0.014285980713220592,9,1.0,0.0,10.558725694135962
82900,21,997,21,0,0,0,1.2679850025239232,0.013324358593074338,9,1.0,1.0,0.0
83000,20,1023,20,0,0,0,1.272466706130307,0.013236365223813062,9,0.0,0.0,0.0
83100,19,1051,19,0,0,0,1.2970434498212466,0.012680144588137389,9,3.0,0.0,37.71076896915902
83200,16,1096,16,0,0,0,1.266348117560629,0.013845847394402064,9,3.0,0.0,45.897463990713085
83300,15,1124,15,0,0,0,1.3002819400322523,0.013882260789710752,9,0.0,0.0,0.0
83400,14,1180,14,0,0,0,1.2875879584772723,0.014078732328961703,9,1.0,0.0,14.953199809475924
83500,13,1243,13,0,0,0,1.2830382212885008,0.014973677620109307,9,2.0,0.0,28.74869214205897
83600,12,1295,12,0,0,0,1.2711383467914887,0.015403206692400659,9,1.0,0.0,14.40734539219146
83700,10,1345,10,0,0,0,1.2556170205255248,0.015747037658187777,9,0.0,0.0,0.0
83800,9,1397,9,0,0,0,1.2428925467041947,0.016097158634881953,9,0.0,0.0,0.0
83900,8,1463,8,0,0,0,1.2742058794835036,0.015457958779887546,9,0.0,0.0,0.0
84000,7,1510,7,0,0,0,1.3203304464113532,0.01424128937602699,9,0.0,0.0,0.0
84100,7,1562,7,0,0,0,1.3274733035542106,0.01424128937602699,9,0.0,0.0,0.0
84200,7,1615,7,0,0,0,1.3631875892684964,0.01424128937602699,9,0.0,0.0,0.0
84300,7,1661,7,0,0,0,1.3631875892684964,0.01424128937602699,9,0.0,0.0,0.0
84400,7,1712,7,0,0,0,1.3703304464113535,0.01424128937602699,9,0.0,0.0,0.0
84500,7,1753,7,0,0,0,1.384616160697068,0.01424128937602699,9,0.0,0.0,0.0
84600,7,1789,7,0,0,0,1.3989018749827822,0.01424128937602699,9,1.0,0.0,13.768976969747252
84700,7,1835,7,0,0,0,1.4131875892684964,0.01424128937602699,9,0.0,0.0,0.0
84800,7,1873,7,0,0,0,1.4203304464113535,0.01424128937602699,9,2.0,0.0,37.893117919683604
84900,7,1906,7,0,0,0,1.4346161606970678,0.01424128937602699,9,0.0,0.0,0.0
85000,6,1941,6,0,0,0,1.4564651997503946,0.015210844952120188,9,1.0,0.0,13.768976969747252
85100,6,1961,6,0,0,0,1.4731318664170612,0.015210844952120188,9,0.0,0.0,0.0
85200,5,2008,5,0,0,0,1.506758709705632,0.016020823917907535,9,0.0,0.0,0.0
85300,5,2046,5,0,0,0,1.5267587097056317,0.016020823917907535,9,0.0,0.0,0.0
85400,5,2084,5,0,0,0,1.5467587097056321,0.016020823917907535,9,0.0,0.0,0.0
85500,4,2133,4,0,0,0,1.6395018568307995,0.015991828761425037,9,0.0,0.0,0.0
85600,4,2184,4,0,0,0,1.6520018568307995,0.015991828761425037,9,0.0,0.0,0.0
85700,3,2231,3,0,0,0,1.8222438938752645,0.013216465592131974,9,0.0,0.0,0.0
85800,199,457,0,0,0,199,1.0670573415191555,0.01426177405906337,10,7.0,1.0,68.17369451663903
85900,191,243,0,0,0,191,1.0682692097256998,0.01416515342941478,10,85.0,7.0,855.704681481715
86000,182,141,0,0,0,182,1.0754256816446197,0.013905405606158145,10,62.0,5.0,645.6051139816149
86100,164,103,115,3,39,7,1.0799241671561621,0.013511055252643102,10,74.0,8.0,736.6172856509736
86200,142,89,101,5,34,2,1.0866265312168815,0.013274930689682893,10,42.0,8.0,353.15603921084977
86300,126,107,94,2,29,1,1.0923062063820408,0.012789918357802283,10,35.0,6.0,339.0234936368094
86400,118,102,90,2,26,0,1.0935033656504811,0.012667245735126039,10,34.0,2.0,348.40608920297694
86500,103,116,76,3,24,0,1.0977929459193287,0.012654014263234136,10,52.0,7.0,503.20577096406083
86600,87,127,65,3,19,0,1.0924812259660912,0.01270171209387851,10,31.0,6.0,298.3913182056045
86700,80,150,62,3,15,0,1.0933616149086887,0.012591838710075316,10,13.0,3.0,122.21547079214429
86800,74,170,58,2,14,0,1.0940401911271227,0.012665410857175112,10,10.0,1.0,104.25646224339026
86900,68,178,52,1,15,0,1.0907088088179724,0.01240952848219482,10,16.0,2.0,156.85967953716903
87000,61,204,49,1,11,0,1.0851849819857011,0.012510666980990516,10,20.0,4.0,181.28999685895053
87100,59,195,46,1,12,0,1.091154432992901,0.012388503329031166,10,14.0,0.0,152.40674008859955
87200,57,212,45,1,11,0,1.090516300263891,0.012758289499401417,10,13.0,0.0,154.05278071980248
87300,55,227,42,1,12,0,1.0907875240419609,0.013016010806691581,10,11.0,0.0,126.59209123136066
87400,53,239,42,2,9,0,1.0966099443425736,0.012774094143456127,10,14.0,1.0,153.6989483453818
87500,52,250,41,2,9,0,1.1062016732834494,0.0126473262413275,10,0.0,0.0,0.0
87600,51,260,41,2,8,0,1.1093977902509522,0.012636618562533643,10,9.0,1.0,82.2562298661316
87700,49,267,40,2,7,0,1.1177087424121845,0.012431093775543361,10,11.0,0.0,120.09401757934845
87800,48,279,41,1,6,0,1.118128240787323,0.012423076600406929,10,3.0,0.0,36.942301887835576
87900,48,276,42,1,5,0,1.1202115741206564,0.012423076600406929,10,8.0,0.0,92.98216073629433
88000,47,302,42,1,4,0,1.1264377324256636,0.012276383420360887,10,6.0,1.0,60.053618627136316
88100,44,340,40,1,3,0,1.1376175483283995,0.011496632995611787,10,2.0,1.0,13.217521018799497
88200,42,345,38,1,3,0,1.146229055478408,0.011278019862153953,10,5.0,0.0,57.488003417811434
88300,39,344,37,0,2,0,1.1446292716948951,0.011167828621112715,10,0.0,0.0,0.0
88400,39,359,37,0,2,0,1.147193374258998,0.011167828621112715,10,6.0,0.0,75.87627174823211
88500,39,364,37,0,2,0,1.152321579387203,0.011167828621112715,10,1.0,0.0,11.268605878237256
88600,39,382,36,0,3,0,1.1574497845154081,0.011167828621112715,10,6.0,0.0,64.66099837519533
88700,38,393,35,0,3,0,1.1631425628997314,0.011073292545319177,10,2.0,0.0,22.537211756474512
88800,37,406,34,0,3,0,1.1651200905009624,0.011272195275162673,10,2.0,0.0,21.594432220044418
88900,37,396,34,0,3,0,1.173228198609071,0.011272195275162673,10,0.0,0.0,0.0
89000,37,410,34,0,3,0,1.1745795499604221,0.011272195275162673,10,1.0,0.0,8.850772580717132
89100,37,417,35,0,2,0,1.1826876580685302,0.011272195275162673,10,1.0,0.0,10.797216110022209
89200,37,426,35,0,2,0,1.1867417121225843,0.011272195275162673,10,9.0,0.0,85.43071719629417
89300,36,439,35,0,1,0,1.1995296266774982,0.011201146198799444,10,4.0,1.0,30.13717432794032
89400,36,466,35,0,1,0,1.2050851822330535,0.011201146198799444,10,3.0,0.0,38.79559932077327
89500,36,467,35,0,1,0,1.2106407377886093,0.011201146198799444,10,0.0,0.0,0.0
89600,36,466,35,0,1,0,1.2161962933441648,0.011201146198799444,10,2.0,0.0,27.415042037598997
89700,36,485,35,0,1,0,1.2203629600108314,0.011201146198799444,10,1.0,0.0,12.168381026184207
89800,36,490,35,0,1,0,1.225918515566387,0.011201146198799444,10,4.0,0.0,37.8626595666143
89900,35,493,34,0,1,0,1.2249918665427357,0.011125994731704178,10,0.0,0.0,0.0
90000,34,488,34,0,0,0,1.2228440624249994,0.011018146437304699,10,0.0,0.0,0.0
90100,34,517,34,0,0,0,1.23019700360147,0.011018146437304699,10,0.0,0.0,0.0
90200,32,546,32,0,0,0,1.239143370895098,0.011208855600480528,10,1.0,0.0,11.758605878237258
90300,32,568,32,0,0,0,1.2438308708950983,0.011208855600480528,10,0.0,0.0,0.0
90400,32,575,32,0,0,0,1.248518370895098,0.011208855600480528,10,2.0,0.0,24.75521406647931
90500,32,594,32,0,0,0,1.256330870895098,0.011208855600480528,10,3.0,0.0,38.75332500984227
90600,32,587,32,0,0,0,1.262580870895098,0.011208855600480528,10,1.0,0.0,7.764581174834024
90700,31,593,31,0,0,0,1.2627847225612292,0.01126486677421659,10,3.0,0.0,38.54145212196649
90800,30,592,30,0,0,0,1.2646276923733386,0.01136570785691302,10,0.0,0.0,0.0
90900,29,603,29,0,0,0,1.2719680698372253,0.011075341390174335,10,2.0,0.0,27.932261444849203
91000,27,624,27,0,0,0,1.2662665994884656,0.01143948094449827,10,0.0,0.0,0.0
91100,26,650,26,0,0,0,1.2656401561587123,0.011795737738485688,10,0.0,0.0,0.0
91200,26,661,26,0,0,0,1.27333246385102,0.011795737738485688,10,4.0,0.0,55.31400093459774
91300,25,683,25,0,0,0,1.2828518436933567,0.011710984474360357,10,1.0,0.0,13.78410062927853
91400,22,687,22,0,0,0,1.2753626772280748,0.012751910783524239,10,1.0,0.0,9.323622471711035
91500,22,712,22,0,0,0,1.2867263135917115,0.012751910783524239,10,0.0,0.0,0.0
91600,21,734,21,0,0,0,1.301942245398223,0.012186938241922598,10,0.0,0.0,0.0
91700,21,753,21,0,0,0,1.3114660549220327,0.012186938241922598,10,0.0,0.0,0.0
91800,20,774,20,0,0,0,1.2998001827882804,0.012126227415302143,10,0.0,0.0,0.0
91900,18,803,18,0,0,0,1.3128823807582621,0.012157144330660143,10,0.0,0.0,0.0
92000,18,837,18,0,0,0,1.318437936313818,0.012157144330660143,10,0.0,0.0,0.0
92100,18,858,18,0,0,0,1.3295490474249287,0.012157144330660143,10,2.0,0.0,15.529162349668049
92200,17,880,17,0,0,0,1.3576760473832314,0.011862541636825262,10,0.0,0.0,0.0
92300,16,897,16,0,0,0,1.3862679111549805,0.01128648869079217,10,0.0,0.0,0.0
92400,16,930,16,0,0,0,1.3925179111549806,0.01128648869079217,10,2.0,0.0,16.50916234966805
92500,16,959,16,0,0,0,1.3987679111549807,0.01128648869079217,10,0.0,0.0,0.0
92600,16,985,16,0,0,0,1.4081429111549806,0.01128648869079217,10,0.0,0.0,0.0
92700,14,1021,14,0,0,0,1.4043281625307438,0.012261134440343666,10,3.0,1.0,16.50916234966805
92800,14,1072,14,0,0,0,1.4078995911021726,0.012261134440343666,10,1.0,0.0,14.118803982111816
92900,12,1100,12,0,0,0,1.4951308369629877,0.011798364967332456,10,0.0,0.0,0.0
93000,12,1155,12,0,0,0,1.4992975036296545,0.011798364967332456,10,1.0,0.0,8.254581174834025
93100,10,1191,10,0,0,0,1.4795835798659431,0.01282890787475588,10,0.0,0.0,0.0
93200,9,1219,9,0,0,0,1.5559479552384174,0.012128697326613173,10,0.0,0.0,0.0
93300,8,1262,8,0,0,0,1.5891046641570996,0.013147794184654192,10,1.0,0.0,14.66507921249522
93400,8,1317,8,0,0,0,1.5953546641570995,0.013147794184654192,10,0.0,0.0,0.0
93500,7,1364,7,0,0,0,1.689808976213356,0.012147774198919017,10,0.0,0.0,0.0
93600,7,1427,7,0,0,0,1.696951833356213,0.012147774198919017,10,0.0,0.0,0.0
93700,6,1487,6,0,0,0,1.7892487840375457,0.010516540212694707,10,0.0,0.0,0.0
93800,5,1543,5,0,0,0,1.7291582680937263,0.009816019649556505,10,0.0,0.0,0.0
93900,4,1600,4,0,0,0,1.8123386715330962,0.010049679926343426,10,0.0,0.0,0.0
94000,4,1655,4,0,0,0,1.8123386715330962,0.010049679926343426,10,0.0,0.0,0.0
94100,4,1704,4,0,0,0,1.8498386715330963,0.010049679926343426,10,0.0,0.0,0.0
94200,4,1752,4,0,0,0,1.8748386715330965,0.010049679926343426,10,0.0,0.0,0.0
94300,4,1807,4,0,0,0,1.8748386715330965,0.010049679926343426,10,0.0,0.0,0.0
94400,4,1864,4,0,0,0,1.8873386715330964,0.010049679926343426,10,0.0,0.0,0.0
94500,4,1905,4,0,0,0,1.924838671533096,0.010049679926343426,10,0.0,0.0,0.0
94600,4,1956,4,0,0,0,1.924838671533096,0.010049679926343426,10,0.0,0.0,0.0
94700,4,2028,4,0,0,0,1.9373386715330962,0.010049679926343426,10,0.0,0.0,0.0
94800,199,462,0,0,0,199,1.1351757395480129,0.011638453441409602,11,3.0,1.0,23.38964245637183
94900,178,263,0,0,0,178,1.1347616089321817,0.011716437085658555,11,159.0,17.0,1580.0482943561583
95000,155,155,0,0,0,155,1.1354559839312561,0.011997315925189366,11,149.0,17.0,1479.1423905351357
95100,140,120,91,8,37,4,1.1316658192420366,0.012186802204616333,11,101.0,10.0,1033.4191967872773
95200,126,109,81,9,36,0,1.132349822704501,0.01207266247935749,11,64.0,6.0,654.678810513895
95300,115,112,70,10,35,0,1.133584970723364,0.012085243062178556,11,54.0,6.0,551.4088837749922
95400,99,106,64,8,27,0,1.1392213321631592,0.011742013751814911,11,42.0,6.0,397.68524198576944
95500,87,121,55,7,25,0,1.1413603503459295,0.011974951578864844,11,50.0,10.0,455.1896611280809
95600,79,136,50,5,24,0,1.1419281536700536,0.012166422206665257,11,24.0,5.0,211.8564772193259
95700,70,146,43,3,24,0,1.134080138709765,0.012136502707285387,11,37.0,5.0,368.19732097992596
95800,67,166,42,1,24,0,1.1386702715016443,0.011928764230255982,11,21.0,1.0,228.558727607549
95900,61,181,38,1,22,0,1.143447332636105,0.012010189346973994,11,31.0,4.0,310.1895831444695
96000,60,194,37,1,22,0,1.148293928849745,0.012095314502194901,11,21.0,1.0,218.11542633918137
96100,57,217,36,1,20,0,1.150608604706932,0.011960764355153114,11,24.0,2.0,243.34312333560115
96200,55,222,36,0,19,0,1.1613404069019624,0.011710076859479487,11,26.0,1.0,279.0788986707455
96300,51,231,35,0,16,0,1.1661576852832047,0.011748687935242984,11,0.0,0.0,0.0
96400,49,258,34,0,15,0,1.1634704265718312,0.011870081822768313,11,9.0,2.0,79.93722110422499
96500,47,283,31,0,16,0,1.1708788869408022,0.011826336139768304,11,17.0,2.0,181.98785606170856
96600,44,307,30,0,14,0,1.1680139989622145,0.011954599364846281,11,5.0,0.0,56.381261695251006
96700,43,332,32,0,11,0,1.1715686701063186,0.011798607452312605,11,1.0,0.0,10.949615722669954
96800,43,355,33,0,10,0,1.1738942515016675,0.011798607452312605,11,0.0,0.0,0.0
96900,43,372,33,0,10,0,1.1773826235946907,0.011798607452312605,11,1.0,0.0,11.336938851003714
97000,42,388,33,0,9,0,1.1789063396448953,0.011933438301086206,11,11.0,1.0,116.64028679775049
97100,42,388,33,0,9,0,1.188430149168705,0.011933438301086206,11,0.0,0.0,0.0
97200,42,393,34,0,8,0,1.1908111015496574,0.011933438301086206,11,1.0,0.0,12.946309778307356
97300,42,371,34,0,8,0,1.195573006311562,0.011933438301086206,11,6.0,0.0,73.91533526050495
97400,40,365,32,0,8,0,1.199078530132165,0.011970695296353945,11,7.0,0.0,86.59965262319558
97500,40,361,32,0,8,0,1.204078530132165,0.011970695296353945,11,7.0,0.0,86.0938210747891
97600,39,360,32,0,7,0,1.2091361720586211,0.012179400762845457,11,13.0,1.0,141.5793704886596
97700,39,369,32,0,7,0,1.212982325904775,0.012179400762845457,11,1.0,0.0,10.959895845546312
97800,39,367,33,0,6,0,1.2193925823150313,0.012179400762845457,11,3.0,0.0,36.59190569584446
97900,39,382,34,0,5,0,1.2206746335970826,0.012179400762845457,11,6.0,0.0,70.99698348911792
98000,37,380,33,0,4,0,1.2289346882275578,0.012231842024674701,11,4.0,0.0,50.28714429187567
98100,36,393,32,0,4,0,1.2445197436443616,0.011973927163263572,11,9.0,1.0,101.36305467019409
98200,35,401,31,0,4,0,1.24205745409912,0.01206054979552057,11,0.0,0.0,0.0
98300,34,410,30,0,4,0,1.2372150791466172,0.012007777406918569,11,4.0,0.0,49.31702270526391
98400,32,425,28,0,4,0,1.2457132206803105,0.011766616687707423,11,1.0,0.0,13.926309778307356
98500,32,463,28,0,4,0,1.2488382206803104,0.011766616687707423,11,8.0,0.0,100.76757355832287
98600,32,480,29,0,3,0,1.2519632206803104,0.011766616687707423,11,4.0,0.0,49.20818257287673
98700,31,499,29,0,2,0,1.2611118175108593,0.011557480709781553,11,10.0,1.0,113.07245258251581
98800,30,510,28,0,2,0,1.267100522716215,0.011626659205654144,11,6.0,0.0,65.87175993132726
98900,29,501,27,0,2,0,1.2943712326847407,0.010985674754012102,11,9.0,0.0,113.65735885767299
99000,29,502,27,0,2,0,1.299543646477844,0.010985674754012102,11,7.0,0.0,89.23252487086371
99100,28,515,26,0,2,0,1.3183379858151099,0.010937261468518077,11,4.0,1.0,40.8734356363901
99200,28,531,26,0,2,0,1.3236951286722527,0.010937261468518077,11,0.0,0.0,0.0
99300,28,554,26,0,2,0,1.332623700100824,0.010937261468518077,11,1.0,0.0,14.183813817540909
99400,28,566,26,0,2,0,1.3397665572436814,0.010937261468518077,11,0.0,0.0,0.0
99500,28,576,26,0,2,0,1.3415522715293957,0.010937261468518077,11,1.0,0.0,13.432604725030561
99600,28,581,26,0,2,0,1.3486951286722528,0.010937261468518077,11,2.0,0.0,24.658511352631955
99700,28,599,26,0,2,0,1.3522665572436814,0.010937261468518077,11,2.0,0.0,22.753415439701936
99800,26,626,25,0,1,0,1.3660661937676035,0.010697753626130598,11,1.0,0.0,12.329255676315977
99900,26,649,25,0,1,0,1.3679892706906804,0.010697753626130598,11,2.0,0.0,28.645043162836426
100000,25,675,24,0,1,0,1.3856992424287202,0.010658396654037793,11,2.0,0.0,19.334371281373624
100100,25,704,24,0,1,0,1.38769924242872,0.010658396654037793,11,0.0,0.0,0.0
100200,24,718,23,0,1,0,1.3868917395072649,0.0104634768798574,11,2.0,0.0,30.16319952503382
100300,23,732,22,0,1,0,1.3973535711840737,0.010714455401855722,11,11.0,1.0,136.12096258761224
100400,22,754,21,0,1,0,1.4022586913496495,0.01059022338197032,11,2.0,0.0,25.530618816771934
100500,21,784,21,0,0,0,1.4091239950372618,0.010774017119212371,11,8.0,0.0,107.65378660573211
100600,21,813,21,0,0,0,1.416266852180119,0.010774017119212371,11,1.0,0.0,13.922604725030563
100700,21,815,21,0,0,0,1.418647804561071,0.010774017119212371,11,0.0,0.0,0.0
100800,21,837,21,0,0,0,1.4257906617039284,0.010774017119212371,11,3.0,0.0,45.32701334257473
100900,21,864,21,0,0,0,1.4376954236086903,0.010774017119212371,11,5.0,0.0,70.97476443750061
101000,21,907,21,0,0,0,1.4376954236086903,0.010774017119212371,11,0.0,0.0,0.0
101100,20,952,20,0,0,0,1.446396879303216,0.010418109115080634,11,0.0,0.0,0.0
101200,19,990,19,0,0,0,1.445602936423266,0.010648760204254353,11,2.0,1.0,13.922604725030563
101300,19,1003,19,0,0,0,1.4561292522127398,0.010648760204254353,11,1.0,0.0,14.183813817540909
101400,19,1012,19,0,0,0,1.4613924101074767,0.010648760204254353,11,3.0,0.0,42.844288577835485
101500,19,1004,19,0,0,0,1.4745503048443187,0.010648760204254353,11,3.0,0.0,37.564212450644646
101600,18,1015,18,0,0,0,1.4860637814021667,0.010394501409056824,11,5.0,1.0,59.62523911322942
101700,17,1041,17,0,0,0,1.4724400110561335,0.01044861791388274,11,3.0,0.0,39.85090684992068
101800,16,1059,16,0,0,0,1.4725954029060493,0.010126898145854258,11,5.0,0.0,72.84665090268385
101900,16,1103,16,0,0,0,1.4757204029060493,0.010126898145854258,11,3.0,0.0,41.11588547614255
102000,14,1121,14,0,0,0,1.5008102182071819,0.009280950771520873,11,4.0,1.0,49.98731993601054
102100,12,1158,12,0,0,0,1.492985198533103,0.009476433313132155,11,1.0,1.0,0.0
102200,12,1193,12,0,0,0,1.492985198533103,0.009476433313132155,11,0.0,0.0,0.0
102300,9,1237,9,0,0,0,1.5012615496301287,0.007702922019533732,11,7.0,1.0,86.47562835018337
102400,9,1296,9,0,0,0,1.5068171051856842,0.007702922019533732,11,0.0,0.0,0.0
102500,9,1328,9,0,0,0,1.5179282162967953,0.007702922019533732,11,0.0,0.0,0.0
102600,9,1379,9,0,0,0,1.5290393274079066,0.007702922019533732,11,0.0,0.0,0.0
102700,8,1417,8,0,0,0,1.5362877410595663,0.008337170552894816,11,0.0,0.0,0.0
102800,8,1460,8,0,0,0,1.5550377410595666,0.008337170552894816,11,0.0,0.0,0.0
102900,7,1511,7,0,0,0,1.6431249866400464,0.006282673058906717,11,0.0,0.0,0.0
103000,7,1559,7,0,0,0,1.6502678437829037,0.006282673058906717,11,0.0,0.0,0.0
103100,6,1616,6,0,0,0,1.688533492491099,0.0063989476231030165,11,0.0,0.0,0.0
103200,5,1674,5,0,0,0,1.7238971112051433,0.0059692239883891475,11,0.0,0.0,0.0
103300,4,1725,4,0,0,0,1.677073122240788,0.006236873025644653,11,0.0,0.0,0.0
103400,4,1794,4,0,0,0,1.677073122240788,0.006236873025644653,11,0.0,0.0,0.0
103500,4,1847,4,0,0,0,1.714573122240788,0.006236873025644653,11,0.0,0.0,0.0
103600,3,1906,3,0,0,0,1.9080597739242962,0.005301931886645523,11,0.0,0.0,0.0
103700,3,1961,3,0,0,0,1.9247264405909628,0.005301931886645523,11,0.0,0.0,0.0
103800,200,479,0,0,0,200,1.1426395514961638,0.00694051099563258,12,14.0,0.0,168.88768432679097
103900,186,259,0,0,0,186,1.146963249671129,0.006912266305622847,12,112.0,11.0,1133.5079083840576
104000,174,164,0,0,0,174,1.1492627527583397,0.0070348283367449044,12,93.0,7.0,997.2133942050933
104100,156,99,97,8,49,2,1.155103055539222,0.006839905120787024,12,119.0,7.0,1298.7883413727327
104200,136,75,84,7,45,0,1.1538679161477225,0.007199226569768247,12,92.0,8.0,959.0903632292247
104300,120,75,72,5,43,0,1.146687733286435,0.007385046534911316,12,79.0,6.0,853.5477845167056
104400,101,101,63,6,32,0,1.149400343099031,0.00767578484530225,12,32.0,10.0,264.0335939384621
104500,93,120,54,6,33,0,1.1475837056214713,0.007802451494081638,12,50.0,7.0,509.74666444670436
104600,80,122,46,5,29,0,1.1577633061738193,0.007324433905352606,12,32.0,7.0,274.0552131600231
104700,72,159,40,4,28,0,1.167166974641078,0.006913482064051463,12,42.0,4.0,442.92307573265924
104800,64,178,36,3,25,0,1.1627367872358396,0.007375888545678084,12,26.0,3.0,267.8070836232258
104900,57,184,30,3,24,0,1.1683061264921824,0.0071918372037401415,12,7.0,1.0,68.27591337894462
105000,52,201,30,2,20,0,1.1686715957908005,0.0072359896257405965,12,13.0,2.0,125.15371296706745
105100,50,204,28,1,21,0,1.1687967060671716,0.007407533823906712,12,17.0,0.0,211.87854413081007
105200,49,203,28,1,20,0,1.1780657574969773,0.0074523673486645075,12,4.0,0.0,50.15337593865118
105300,48,197,27,1,20,0,1.1865253990095967,0.007390044325030231,12,4.0,1.0,36.01958586443243
105400,47,212,29,1,17,0,1.1952082165853717,0.007547279310669172,12,0.0,0.0,0.0
105500,44,227,28,1,15,0,1.1943012494932987,0.007479336622062654,12,4.0,0.0,47.907686766734855
105600,42,266,27,0,15,0,1.1941169090176142,0.007739096663443889,12,13.0,1.0,137.37524559660218
105700,41,287,27,0,14,0,1.1929259744515572,0.00786382612560207,12,17.0,0.0,190.99825436245828
105800,37,306,25,0,12,0,1.202132054566566,0.007642746703930922,12,12.0,3.0,111.37874843564786
105900,37,322,25,0,12,0,1.2034834059179171,0.007642746703930922,12,0.0,0.0,0.0
106000,37,335,25,0,12,0,1.2102401626746737,0.007642746703930922,12,6.0,0.0,68.89458270395838
106100,36,349,25,0,11,0,1.2108819233505752,0.007855045223484559,12,10.0,1.0,118.05837629763413
106200,35,357,25,0,10,0,1.2105977403705517,0.007840509710613824,12,11.0,1.0,126.24077217282985
106300,34,370,24,0,10,0,1.2301076094344172,0.0076702344293563185,12,9.0,1.0,97.66924322707006
106400,33,393,23,0,10,0,1.2323273608928522,0.007763652214560914,12,1.0,0.0,13.865881529506504
106500,31,412,25,0,6,0,1.2404451056049237,0.008090931145099437,12,15.0,1.0,168.02348071665278
106600,31,426,25,0,6,0,1.2501225249597625,0.008090931145099437,12,2.0,0.0,21.905619644917675
106700,31,433,25,0,6,0,1.2533483314113754,0.008090931145099437,12,2.0,0.0,23.955834908016257
106800,31,446,26,0,5,0,1.2614128475404076,0.008090931145099437,12,17.0,0.0,209.82001980350566
106900,30,456,25,0,5,0,1.2780137729585388,0.008028202504046003,12,6.0,1.0,66.71724591272553
107000,29,463,24,0,5,0,1.27981683763588,0.007881728406624123,12,15.0,1.0,177.48158638965944
107100,29,479,25,0,4,0,1.2849892514289836,0.007881728406624123,12,1.0,0.0,14.105872407163256
107200,29,501,25,0,4,0,1.2884375272910524,0.007881728406624123,12,4.0,0.0,51.43910436679517
107300,28,497,23,0,5,0,1.2963233798602707,0.007699772611006065,12,4.0,0.0,50.12908215113188
107400,26,538,21,0,5,0,1.2995830661894512,0.00781530832347593,12,9.0,1.0,109.1616970886655
107500,26,564,21,0,5,0,1.301506143112528,0.00781530832347593,12,3.0,0.0,38.953362069005394
107600,26,594,22,0,4,0,1.3111215277279127,0.00781530832347593,12,0.0,0.0,0.0
107700,24,609,19,1,4,0,1.3245870533405477,0.0074186099477161664,12,8.0,2.0,78.4887333174783
107800,24,624,19,1,4,0,1.3329203866738812,0.0074186099477161664,12,0.0,0.0,0.0
107900,24,632,20,1,3,0,1.341253720007214,0.0074186099477161664,12,2.0,0.0,26.84684041235171
108000,23,635,19,1,3,0,1.369914166937377,0.006799621997192486,12,0.0,0.0,0.0
108100,23,636,20,1,2,0,1.376435906067812,0.006799621997192486,12,3.0,0.0,40.65087036533805
108200,22,644,20,1,1,0,1.4107173724639022,0.00605800557705253,12,2.0,0.0,26.64177324093054
108300,22,646,21,1,0,0,1.4152628270093568,0.00605800557705253,12,4.0,0.0,56.372765827985596
108400,22,643,21,1,0,0,1.4243537361002656,0.00605800557705253,12,1.0,0.0,12.821403546939557
108500,22,646,21,0,1,0,1.4311719179184474,0.00605800557705253,12,8.0,0.0,107.09292040289995
108600,21,663,20,0,1,0,1.445754186006878,0.006007273396102244,12,4.0,1.0,40.82189968686328
108700,21,681,20,0,1,0,1.4528970431497352,0.006007273396102244,12,2.0,0.0,26.622807093879114
108800,21,701,20,0,1,0,1.464801805054497,0.006007273396102244,12,2.0,0.0,28.401634378399347
108900,21,713,20,0,1,0,1.4671827574354495,0.006007273396102244,12,4.0,0.0,55.63655108875776
109000,20,746,19,0,1,0,1.467553233783027,0.005541643541301757,12,2.0,1.0,13.143439550580716
109100,20,772,19,0,1,0,1.480053233783027,0.005541643541301757,12,0.0,0.0,0.0
109200,19,786,18,0,1,0,1.4786042777680013,0.00533405820604303,12,0.0,0.0,0.0
109300,19,826,18,0,1,0,1.4812358567153698,0.00533405820604303,12,0.0,0.0,0.0
109400,19,848,18,0,1,0,1.4917621725048433,0.00533405820604303,12,0.0,0.0,0.0
109500,15,897,14,0,1,0,1.5007990793759207,0.005566895493680213,12,15.0,2.0,215.59237394765904
109600,14,932,13,0,1,0,1.5036743332766587,0.005947966568963692,12,1.0,0.0,14.937004599497197
109700,14,971,13,0,1,0,1.5143886189909443,0.005947966568963692,12,0.0,0.0,0.0
109800,14,1008,13,0,1,0,1.5143886189909443,0.005947966568963692,12,0.0,0.0,0.0
109900,14,1039,13,0,1,0,1.5179600475623727,0.005947966568963692,12,1.0,0.0,15.575872407163256
110000,14,1081,13,0,1,0,1.535817190419516,0.005947966568963692,12,0.0,0.0,0.0
110100,14,1109,13,0,1,0,1.5465314761338014,0.005947966568963692,12,0.0,0.0,0.0
110200,14,1142,13,0,1,0,1.5572457618480873,0.005947966568963692,12,0.0,0.0,0.0
110300,14,1158,13,0,1,0,1.5643886189909446,0.005947966568963692,12,0.0,0.0,0.0
110400,14,1173,13,0,1,0,1.578674333276659,0.005947966568963692,12,0.0,0.0,0.0
110500,13,1182,12,0,1,0,1.5720426765781093,0.005910499310638475,12,2.0,0.0,32.13174481432652
110600,13,1220,12,0,1,0,1.5912734458088784,0.005910499310638475,12,1.0,0.0,16.06587240716326
110700,13,1259,12,0,1,0,1.595119599655032,0.005910499310638475,12,4.0,0.0,64.26348962865303
110800,12,1301,11,0,1,0,1.6025102584972057,0.005381709430378649,12,0.0,0.0,0.0
110900,11,1346,10,0,1,0,1.6126323455351643,0.005311899248531054,12,2.0,0.0,31.896667380699647
111000,11,1388,10,0,1,0,1.6171778000806185,0.005311899248531054,12,0.0,0.0,0.0
111100,11,1419,10,0,1,0,1.6262687091715278,0.005311899248531054,12,3.0,0.0,44.975116442714544
111200,11,1468,10,0,1,0,1.635359618262437,0.005311899248531054,12,2.0,0.0,27.048199042317474
111300,10,1499,9,0,1,0,1.6381856878589882,0.005778212608943572,12,1.0,0.0,10.793528102160366
111400,10,1537,9,0,1,0,1.6581856878589882,0.005778212608943572,12,0.0,0.0,0.0
111500,10,1573,10,0,0,0,1.6581856878589882,0.005778212608943572,12,0.0,0.0,0.0
111600,8,1623,8,0,0,0,1.6106036168078817,0.006016044780435841,12,0.0,0.0,0.0
111700,8,1673,8,0,0,0,1.6106036168078817,0.006016044780435841,12,0.0,0.0,0.0
111800,8,1727,8,0,0,0,1.6293536168078817,0.006016044780435841,12,5.0,0.0,86.25428379893012
111900,7,1775,7,0,0,0,1.7119212165536086,0.005321549350301264,12,2.0,0.0,34.09174481432651
112000,6,1827,6,0,0,0,1.7527805974191588,0.004936770631866787,12,0.0,0.0,0.0
112100,5,1881,5,0,0,0,1.8020922447984646,0.0035854002536325922,12,0.0,0.0,0.0
112200,4,1926,4,0,0,0,1.8457700587952794,0.0044817503170407405,12,2.0,1.0,17.045872407163255
112300,4,1974,4,0,0,0,1.8707700587952794,0.0044817503170407405,12,0.0,0.0,0.0
112400,4,2025,4,0,0,0,1.8832700587952795,0.0044817503170407405,12,0.0,0.0,0.0
112500,3,2080,3,0,0,0,1.9479018332520983,0.005975667089387654,12,0.0,0.0,0.0
112600,3,2137,3,0,0,0,1.9645684999187651,0.005975667089387654,12,0.0,0.0,0.0
112700,3,2190,3,0,0,0,1.9812351665854318,0.005975667089387654,12,0.0,0.0,0.0
112800,199,475,0,0,0,199,1.2241514213864984,0.00533848479954097,13,11.0,1.0,124.24629941131747
112900,181,263,0,0,0,181,1.2254070641341506,0.0055034389801117195,13,180.0,16.0,1985.6602215976802
113000,165,161,0,0,0,165,1.2264542271587475,0.005525281260261801,13,92.0,11.0,945.2704877159076
113100,140,130,75,12,47,6,1.2308538813130403,0.005608809558023334,13,161.0,17.0,1717.0798170030814
113200,114,117,57,7,49,1,1.2340317431015912,0.005494867025568864,13,137.0,17.0,1441.711624826472
113300,102,117,50,5,47,0,1.2339136124999042,0.005581546869596281,13,39.0,3.0,429.6640848722411
113400,90,110,44,4,42,0,1.2332409817655912,0.005274769471001426,13,58.0,7.0,603.5782949116165
113500,80,122,38,6,36,0,1.2253600825027824,0.004951920469846044,13,37.0,5.0,378.0592404003305
113600,71,125,34,6,31,0,1.2216500537802577,0.004964402533344318,13,17.0,4.0,163.65609308460634
113700,66,120,32,3,31,0,1.2284304266338972,0.004959738983859461,13,33.0,2.0,360.46228176752874
113800,64,118,32,3,29,0,1.2303794567451438,0.005010254287489489,13,28.0,2.0,313.3730070067364
113900,59,147,32,2,25,0,1.2310443790893375,0.004933007796913837,13,27.0,3.0,302.9486424395633
114000,55,164,30,1,24,0,1.2275744473842933,0.005014381569891651,13,30.0,2.0,340.2820944418566
114100,50,157,27,1,22,0,1.2317325489686626,0.005209714017731028,13,27.0,4.0,284.90901926884754
114200,50,158,27,1,22,0,1.2387325489686627,0.005209714017731028,13,15.0,0.0,182.36744697478198
114300,49,180,26,1,22,0,1.244005653539341,0.005219806873765721,13,36.0,1.0,410.0172418059802
114400,48,203,26,1,21,0,1.2427515052933877,0.005068653527015971,13,8.0,0.0,98.92337636401223
114500,42,213,25,1,16,0,1.2655206516502928,0.005227794724781654,13,27.0,2.0,300.496126315164
114600,41,235,25,1,15,0,1.269496200623548,0.005269904094928232,13,10.0,1.0,114.32104401542271
114700,40,266,25,1,14,0,1.2770940758866753,0.005379899654020285,13,6.0,1.0,68.13020945465297
114800,36,290,23,1,12,0,1.278526694341445,0.005309561176201238,13,23.0,1.0,273.6745000080528
114900,35,309,23,1,11,0,1.2857875636104579,0.005379199937412661,13,8.0,1.0,80.56502095253815
115000,34,330,23,1,10,0,1.2934831314308284,0.0055374117002777385,13,1.0,0.0,11.331947607957705
115100,34,344,24,0,10,0,1.2978948961367107,0.0055374117002777385,13,13.0,0.0,161.40010511173622
115200,33,375,23,0,10,0,1.2977522974257514,0.005705212054831611,13,9.0,0.0,109.66514219625378
115300,31,396,21,1,9,0,1.3025570477910817,0.005516120715937165,13,2.0,1.0,12.419023178262023
115400,30,408,21,1,8,0,1.312517764054777,0.005623945772495749,13,6.0,0.0,73.48831836074204
115500,29,410,22,1,6,0,1.3191841101364261,0.00568486397246654,13,2.0,1.0,12.847472075162356
115600,29,411,22,1,6,0,1.326080661860564,0.00568486397246654,13,3.0,0.0,40.94880232017644
115700,29,427,23,0,6,0,1.3312530756536674,0.00568486397246654,13,9.0,0.0,108.42589392882174
115800,29,442,23,0,6,0,1.3364254894467706,0.00568486397246654,13,7.0,0.0,89.6981740187292
115900,28,452,24,0,4,0,1.342490956422735,0.005694459629336622,13,5.0,0.0,58.1962887743976
116000,28,440,24,0,4,0,1.3478480992798778,0.005694459629336622,13,10.0,0.0,127.65220749248692
116100,26,444,23,0,3,0,1.3616200857933998,0.006132494985439437,13,0.0,0.0,0.0
116200,26,426,23,0,3,0,1.3789277781010918,0.006132494985439437,13,0.0,0.0,0.0
116300,24,429,23,0,1,0,1.3889473762588909,0.006278348664590619,13,11.0,1.0,142.2039126641192
116400,24,437,23,0,1,0,1.3993640429255576,0.006278348664590619,13,0.0,0.0,0.0
116500,21,458,19,0,2,0,1.401120619797074,0.006389108831533513,13,16.0,2.0,187.17150298025612
116600,21,480,20,0,1,0,1.4082634769399314,0.006389108831533513,13,0.0,0.0,0.0
116700,21,480,20,0,1,0,1.4177872864637409,0.006389108831533513,13,0.0,0.0,0.0
116800,21,491,20,0,1,0,1.4225491912256456,0.006389108831533513,13,2.0,0.0,25.273074952267567
116900,20,475,19,0,1,0,1.4260387242297734,0.006398621299438567,13,0.0,0.0,0.0
117000,20,463,19,0,1,0,1.4360387242297732,0.006398621299438567,13,0.0,0.0,0.0
117100,20,466,19,0,1,0,1.4485387242297734,0.006398621299438567,13,0.0,0.0,0.0
117200,20,472,19,0,1,0,1.4585387242297734,0.006398621299438567,13,0.0,0.0,0.0
117300,20,477,19,0,1,0,1.473538724229773,0.006398621299438567,13,0.0,0.0,0.0
117400,20,490,19,0,1,0,1.4785387242297732,0.006398621299438567,13,1.0,0.0,15.926205076852495
117500,20,502,19,0,1,0,1.483538724229773,0.006398621299438567,13,0.0,0.0,0.0
117600,20,511,19,0,1,0,1.4860387242297732,0.006398621299438567,13,0.0,0.0,0.0
117700,19,523,18,0,1,0,1.509543783420525,0.005962139677554363,13,4.0,0.0,53.59442805203813
117800,19,542,18,0,1,0,1.5200700992099987,0.005962139677554363,13,9.0,0.0,121.1868456180323
117900,19,558,18,0,1,0,1.5332279939468407,0.005962139677554363,13,0.0,0.0,0.0
118000,18,584,17,0,1,0,1.5291583986448982,0.006293369659640717,13,1.0,0.0,17.49940255693096
118100,17,597,16,0,1,0,1.5465939491981762,0.006618969303956253,13,1.0,0.0,14.08925775487952
118200,17,613,16,0,1,0,1.5524763021393526,0.006618969303956253,13,8.0,0.0,107.9566196477708
118300,16,629,15,0,1,0,1.5711260231508675,0.007032654885453519,13,0.0,0.0,0.0
118400,16,651,15,0,1,0,1.5773760231508676,0.007032654885453519,13,5.0,0.0,70.83500338851337
118500,16,669,15,0,1,0,1.5836260231508674,0.007032654885453519,13,0.0,0.0,0.0
118600,15,688,14,0,1,0,1.576824203218538,0.006935972774537464,13,0.0,0.0,0.0
118700,15,704,14,0,1,0,1.5934908698852046,0.006935972774537464,13,0.0,0.0,0.0
118800,15,709,14,0,1,0,1.6068242032185376,0.006935972774537464,13,0.0,0.0,0.0
118900,15,702,14,0,1,0,1.6168242032185378,0.006935972774537464,13,0.0,0.0,0.0
119000,14,747,13,0,1,0,1.6235135841731265,0.006672859707968778,13,1.0,0.0,15.560695684124106
119100,14,763,13,0,1,0,1.6306564413159836,0.006672859707968778,13,2.0,0.0,30.294001355405353
119200,14,792,13,0,1,0,1.6449421556016983,0.006672859707968778,13,7.0,0.0,106.02900474391873
119300,14,819,13,0,1,0,1.6556564413159838,0.006672859707968778,13,6.0,0.0,80.96746473582809
119400,14,845,13,0,1,0,1.6627992984588411,0.006672859707968778,13,3.0,0.0,50.71861523055749
119500,13,866,12,0,1,0,1.6586109934873703,0.00693346270986457,13,3.0,0.0,40.48373236791404
119600,12,913,11,0,1,0,1.6548911514854299,0.006634591461141988,13,8.0,1.0,100.05055477920116
119700,12,953,11,0,1,0,1.66739115148543,0.006634591461141988,13,0.0,0.0,0.0
119800,11,990,11,0,0,0,1.6983360107487497,0.006731879026103829,13,6.0,1.0,84.53102538426249
119900,11,1028,11,0,0,0,1.7074269198396586,0.006731879026103829,13,0.0,0.0,0.0
120000,9,1084,9,0,0,0,1.708212966050187,0.0070126336261810696,13,1.0,0.0,16.8555426689646
120100,9,1140,9,0,0,0,1.7304351882724092,0.0070126336261810696,13,0.0,0.0,0.0
120200,9,1194,9,0,0,0,1.7359907438279647,0.0070126336261810696,13,0.0,0.0,0.0
120300,9,1229,9,0,0,0,1.7359907438279647,0.0070126336261810696,13,0.0,0.0,0.0
120400,9,1256,9,0,0,0,1.7582129660501868,0.0070126336261810696,13,1.0,0.0,16.4878675361249
120500,9,1296,9,0,0,0,1.7637685216057426,0.0070126336261810696,13,4.0,0.0,68.26541021413604
120600,9,1321,9,0,0,0,1.7804351882724094,0.0070126336261810696,13,0.0,0.0,0.0
120700,9,1352,9,0,0,0,1.797101854939076,0.0070126336261810696,13,0.0,0.0,0.0
120800,9,1385,9,0,0,0,1.8082129660501869,0.0070126336261810696,13,1.0,0.0,17.396205076852496
120900,8,1405,8,0,0,0,1.8248492159282397,0.007889212829453703,13,0.0,0.0,0.0
121000,7,1428,7,0,0,0,1.8577898628107359,0.008379266553682048,13,0.0,0.0,0.0
121100,7,1451,7,0,0,0,1.8863612913821641,0.008379266553682048,13,0.0,0.0,0.0
121200,7,1493,7,0,0,0,1.9006470056678784,0.008379266553682048,13,0.0,0.0,0.0
121300,6,1533,6,0,0,0,1.928682262800877,0.009432778884318137,13,0.0,0.0,0.0
121400,4,1558,4,0,0,0,2.0720879720961936,0.007455139100410857,13,0.0,0.0,0.0
121500,4,1598,4,0,0,0,2.1095879720961936,0.007455139100410857,13,0.0,0.0,0.0
121600,4,1635,4,0,0,0,2.122087972096194,0.007455139100410857,13,0.0,0.0,0.0
121700,4,1664,4,0,0,0,2.1595879720961935,0.007455139100410857,13,0.0,0.0,0.0
121800,200,476,0,0,0,200,1.1657281995949262,0.006857060533092596,14,15.0,0.0,164.850137953609
121900,182,220,0,0,0,182,1.1678258810497097,0.007091096905315578,14,174.0,16.0,1732.0977383284503
122000,165,110,0,0,0,165,1.1656866239760715,0.007093450353621139,14,165.0,13.0,1663.8492872867985
122100,139,90,87,9,42,1,1.1604528924484185,0.007183643294390722,14,131.0,17.0,1261.7733069862782
122200,129,76,79,10,40,0,1.159810666969878,0.007118116638645306,14,58.0,6.0,574.1914701853041
122300,111,87,63,12,36,0,1.1662154420800233,0.0074024631966039985,14,68.0,11.0,622.6192815765161
122400,98,83,55,8,35,0,1.1693449377297644,0.00757226679819537,14,45.0,4.0,458.47440479133553
122500,85,78,50,6,29,0,1.1708660891293823,0.007521924399751464,14,25.0,4.0,225.72340111592257
122600,76,102,40,6,30,0,1.1699486344381413,0.007279026254745575,14,38.0,6.0,355.33316317258976
122700,66,100,39,6,21,0,1.1726996688888718,0.007746509252829766,14,16.0,2.0,147.07964602655625
122800,59,125,37,5,17,0,1.1748254992112201,0.007823403714568546,14,30.0,3.0,296.7404092815803
122900,55,142,36,4,15,0,1.166196625774859,0.0078572587532082,14,16.0,1.0,167.09174992779057
123000,52,170,33,4,15,0,1.1683075645312286,0.007933336128282573,14,9.0,1.0,81.4648334142302
123100,48,191,34,2,12,0,1.1770914632888294,0.008468727503336384,14,21.0,1.0,218.21246282644177
123200,45,194,33,1,11,0,1.189179305466461,0.009033309336892142,14,12.0,1.0,132.64448963390885
123300,42,221,34,1,7,0,1.205522591180314,0.00935445217398715,14,15.0,1.0,148.9490951883097
123400,39,234,31,0,8,0,1.218450937153747,0.009525979715827764,14,17.0,3.0,155.41169564996449
123500,36,239,29,0,7,0,1.220343882391165,0.009372006958001989,14,16.0,3.0,148.68874239723513
123600,35,257,28,0,7,0,1.2265531005721952,0.009483329325487412,14,3.0,0.0,33.64834264075125
123700,34,288,27,0,7,0,1.230585395953576,0.009368574183617803,14,11.0,1.0,120.17005193106529
123800,33,314,26,0,7,0,1.2386293852742511,0.009521752878051045,14,6.0,0.0,70.38686379794987
123900,32,351,25,0,7,0,1.2360642639167945,0.00931971389313345,14,2.0,1.0,11.46542678436321
124000,31,388,25,0,6,0,1.237678752798454,0.00912292202969146,14,4.0,1.0,36.019826979508764
124100,31,413,28,0,3,0,1.24413036570168,0.00912292202969146,14,4.0,0.0,46.824456854335
124200,30,439,27,0,3,0,1.2449731165126523,0.009261105014266347,14,4.0,0.0,49.71497106776029
124300,30,471,27,0,3,0,1.2499731165126522,0.009261105014266347,14,4.0,0.0,48.427157661547696
124400,29,496,27,0,2,0,1.2580006374733375,0.009315304466951783,14,4.0,0.0,45.78182908444001
124500,29,516,27,0,2,0,1.259724775404372,0.009315304466951783,14,0.0,0.0,0.0
124600,28,536,26,0,2,0,1.2649891989558708,0.009051701790651345,14,4.0,0.0,49.17861079723428
124700,28,573,26,0,2,0,1.2649891989558708,0.009051701790651345,14,1.0,0.0,11.220641912340518
124800,28,575,27,0,1,0,1.2739177703844426,0.009051701790651345,14,0.0,0.0,0.0
124900,27,585,26,0,1,0,1.280371582004663,0.008748840120008546,14,2.0,1.0,12.518504238010753
125000,27,596,26,0,1,0,1.284075285708367,0.008748840120008546,14,0.0,0.0,0.0
125100,25,591,24,0,1,0,1.3048204005059512,0.008778431133478553,14,3.0,0.0,39.06377580005527
125200,25,584,24,0,1,0,1.3068204005059514,0.008778431133478553,14,4.0,0.0,50.31897175825081
125300,24,601,23,0,1,0,1.3152377670129545,0.008515391556982237,14,11.0,1.0,123.11960978007157
125400,23,574,21,0,2,0,1.334598473900105,0.008734599793506288,14,5.0,0.0,59.96035588519381
125500,23,573,21,0,2,0,1.34112021303054,0.008734599793506288,14,6.0,0.0,71.1627774707746
125600,21,580,19,0,2,0,1.3315822130473425,0.00824720990596163,14,4.0,1.0,38.00851589111896
125700,20,606,18,0,2,0,1.3510489775186059,0.007881928070091812,14,1.0,1.0,0.0
125800,19,609,17,0,2,0,1.3714885531855368,0.007749945666327004,14,0.0,0.0,0.0
125900,19,608,17,0,2,0,1.3767517110802736,0.007749945666327004,14,0.0,0.0,0.0
126000,19,630,17,0,2,0,1.3846464479223788,0.007749945666327004,14,0.0,0.0,0.0
126100,19,653,17,0,2,0,1.3925411847644842,0.007749945666327004,14,2.0,0.0,25.337290331251616
126200,18,683,17,0,1,0,1.3901294732335518,0.00741831718660011,14,5.0,0.0,66.43909613032483
126300,18,714,17,0,1,0,1.3929072510113296,0.00741831718660011,14,1.0,0.0,17.41635031047853
126400,18,727,17,0,1,0,1.4067961399002187,0.00741831718660011,14,0.0,0.0,0.0
126500,17,716,16,0,1,0,1.4247021610695079,0.006947988304120738,14,2.0,0.0,26.14805297932319
126600,15,729,14,0,1,0,1.4368035773835688,0.007874386744670172,14,5.0,1.0,59.53362644454859
126700,15,720,14,0,1,0,1.4468035773835688,0.007874386744670172,14,3.0,0.0,38.31350097077646
126800,13,745,13,0,0,0,1.4882539148352047,0.00807116124421349,14,0.0,0.0,0.0
126900,13,763,13,0,0,0,1.4882539148352047,0.00807116124421349,14,0.0,0.0,0.0
127000,13,766,13,0,0,0,1.511330837912128,0.00807116124421349,14,0.0,0.0,0.0
127100,13,780,13,0,0,0,1.5228692994505895,0.00807116124421349,14,1.0,0.0,14.121766438130958
127200,13,786,13,0,0,0,1.5344077609890512,0.00807116124421349,14,0.0,0.0,0.0
127300,13,812,13,0,0,0,1.5382539148352048,0.00807116124421349,14,0.0,0.0,0.0
127400,13,837,13,0,0,0,1.5536385302198201,0.00807116124421349,14,1.0,0.0,14.668315391931907
127500,12,875,12,0,0,0,1.5930033264242132,0.007579615740578742,14,0.0,0.0,0.0
127600,11,911,11,0,0,0,1.6070298242651584,0.007003637196163667,14,0.0,0.0,0.0
127700,11,948,11,0,0,0,1.6070298242651584,0.007003637196163667,14,0.0,0.0,0.0
127800,11,982,11,0,0,0,1.620666187901522,0.007003637196163667,14,0.0,0.0,0.0
127900,11,999,11,0,0,0,1.6479389151742496,0.007003637196163667,14,0.0,0.0,0.0
128000,11,1028,11,0,0,0,1.652484369719704,0.007003637196163667,14,5.0,0.0,78.85111326029026
128100,11,1056,11,0,0,0,1.661575278810613,0.007003637196163667,14,0.0,0.0,0.0
128200,11,1052,11,0,0,0,1.6797570969924314,0.007003637196163667,14,0.0,0.0,0.0
128300,11,1048,11,0,0,0,1.6933934606287948,0.007003637196163667,14,0.0,0.0,0.0
128400,11,1083,11,0,0,0,1.7115752788106133,0.007003637196163667,14,0.0,0.0,0.0
128500,11,1104,11,0,0,0,1.7252116424469768,0.007003637196163667,14,0.0,0.0,0.0
128600,11,1144,11,0,0,0,1.7252116424469768,0.007003637196163667,14,0.0,0.0,0.0
128700,11,1184,11,0,0,0,1.734302551537886,0.007003637196163667,14,0.0,0.0,0.0
128800,11,1200,11,0,0,0,1.7615752788106134,0.007003637196163667,14,0.0,0.0,0.0
128900,10,1247,10,0,0,0,1.7830561190188994,0.007704000915780033,14,1.0,0.0,21.826350310478524
129000,9,1299,9,0,0,0,1.7584678444765298,0.007150969465036544,14,0.0,0.0,0.0
129100,9,1358,9,0,0,0,1.769578955587641,0.007150969465036544,14,0.0,0.0,0.0
129200,9,1416,9,0,0,0,1.769578955587641,0.007150969465036544,14,0.0,0.0,0.0
129300,9,1463,9,0,0,0,1.7862456222543075,0.007150969465036544,14,3.0,0.0,65.47905093143558
129400,9,1491,9,0,0,0,1.7973567333654188,0.007150969465036544,14,0.0,0.0,0.0
129500,9,1543,9,0,0,0,1.8084678444765296,0.007150969465036544,14,0.0,0.0,0.0
129600,9,1581,9,0,0,0,1.819578955587641,0.007150969465036544,14,5.0,0.0,97.63695124769885
129700,8,1643,8,0,0,0,1.8419017531211601,0.007392662952223711,14,4.0,1.0,66.94905093143556
129800,7,1707,7,0,0,0,1.8287328127556466,0.006359566910864171,14,0.0,0.0,0.0
129900,6,1773,6,0,0,0,1.7956218829426291,0.006285811016858589,14,0.0,0.0,0.0
130000,4,1838,4,0,0,0,1.8722892666158915,0.005993232301759901,14,0.0,0.0,0.0
130100,3,1916,3,0,0,0,1.8782774727252634,0.005471727428901054,14,0.0,0.0,0.0
130200,198,351,0,0,0,198,1.27187009818741,0.006265434398309632,15,28.0,3.0,334.2928497012212
130300,192,167,0,0,0,192,1.2709653783260524,0.006294799276712022,15,49.0,4.0,551.117117751162
130400,183,101,0,0,0,183,1.2695784487464623,0.006256251918975364,15,80.0,6.0,921.2679945750546
130500,170,77,126,10,32,2,1.2667782324578294,0.006346904092410524,15,63.0,7.0,673.9972366934584
130600,147,62,110,12,24,1,1.2709849859687983,0.006342589560411698,15,36.0,8.0,332.63337698435066
130700,128,73,92,11,25,0,1.275259775796121,0.006279527212137295,15,33.0,4.0,362.5467971881539
130800,111,77,77,12,22,0,1.2777721075073938,0.006104799607345093,15,50.0,7.0,529.8806551645307
130900,96,89,71,12,13,0,1.2704488413097244,0.0059987229753759455,15,21.0,4.0,203.21338777621713
131000,81,89,58,10,13,0,1.276755418679168,0.006002495336431691,15,23.0,7.0,192.7799766184394
131100,72,90,53,7,12,0,1.2694181004262768,0.006005750373750503,15,8.0,2.0,85.03003102933417
131200,67,111,50,5,12,0,1.2710856229209562,0.006159509092134193,15,15.0,2.0,155.3920571024351
131300,59,135,45,6,8,0,1.283382612391859,0.006047084272371903,15,13.0,2.0,131.5107468857265
131400,55,151,42,6,7,0,1.282262682937331,0.006257699194060382,15,11.0,2.0,129.78370737892251
131500,54,161,41,5,8,0,1.2914817765552955,0.006344128181980551,15,9.0,1.0,103.12988894066544
131600,52,184,41,3,8,0,1.2977098743639863,0.006277600554155059,15,14.0,1.0,154.88753311766692
131700,47,183,37,2,8,0,1.294570141669485,0.006518900294524655,15,12.0,3.0,105.65610027177198
131800,43,217,34,2,7,0,1.2959679992966555,0.006845423993013757,15,8.0,3.0,60.77632489217986
131900,40,215,32,2,6,0,1.3046105943543842,0.00679853450177962,15,10.0,2.0,100.2085234676151
132000,40,223,32,2,6,0,1.3121105943543845,0.00679853450177962,15,0.0,0.0,0.0
132100,38,216,30,2,6,0,1.312004331997299,0.006798090720337303,15,2.0,0.0,25.598920226606865
132200,37,250,30,2,5,0,1.3207249786848128,0.006411600868869671,15,3.0,0.0,33.45274588239213
132300,35,272,29,1,5,0,1.315603385938291,0.006627172870362364,15,5.0,0.0,72.7981182726753
132400,34,281,31,0,3,0,1.3202235586337987,0.006822089719490669,15,7.0,1.0,85.45594672390229
132500,34,310,31,0,3,0,1.3216941468690928,0.006822089719490669,15,7.0,0.0,92.0020774714321
132600,34,320,31,0,3,0,1.324635323339681,0.006822089719490669,15,1.0,0.0,10.808746292056272
132700,33,347,30,0,3,0,1.3350367141606698,0.006709339700588677,15,9.0,1.0,94.07497412712709
132800,33,369,30,0,3,0,1.3426124717364274,0.006709339700588677,15,11.0,0.0,138.89284804611302
132900,30,399,28,0,2,0,1.3517729603698776,0.006619051587746402,15,7.0,1.0,82.60950446863227
133000,30,420,28,0,2,0,1.353439627036544,0.006619051587746402,15,4.0,0.0,52.236306136960266
133100,29,434,27,0,2,0,1.3558778019393736,0.006842591546196404,15,8.0,1.0,103.53007118305989
133200,29,450,27,0,2,0,1.3627743536635115,0.006842591546196404,15,0.0,0.0,0.0
133300,29,440,27,0,2,0,1.374843319180753,0.006842591546196404,15,0.0,0.0,0.0
133400,29,441,27,0,2,0,1.3800157329738567,0.006842591546196404,15,0.0,0.0,0.0
133500,28,460,26,0,2,0,1.3856040662277995,0.006877266780375051,15,6.0,0.0,80.79798660296267
133600,27,479,25,0,2,0,1.3850490088802119,0.006611793054507054,15,6.0,0.0,67.79247775233763
133700,27,484,26,0,1,0,1.3924564162876194,0.006611793054507054,15,1.0,0.0,14.20279791735942
133800,26,483,25,0,1,0,1.394640282948073,0.00665693571823065,15,14.0,1.0,165.80721124664674
133900,25,503,24,0,1,0,1.3964552905216714,0.00684715655432619,15,3.0,0.0,52.34482499544522
134000,25,500,24,0,1,0,1.4104552905216716,0.00684715655432619,15,7.0,0.0,95.28865979905669
134100,25,516,24,0,1,0,1.4164552905216714,0.00684715655432619,15,1.0,0.0,11.298746292056272
134200,24,508,23,0,1,0,1.423431927203418,0.007132454744089782,15,13.0,1.0,148.12140079092936
134300,23,518,22,0,1,0,1.4248114094239233,0.00727656341649073,15,4.0,0.0,45.19498516822509
134400,23,535,22,0,1,0,1.4269853224674016,0.00727656341649073,15,2.0,0.0,22.597492584112544
134500,22,552,21,0,1,0,1.4233940703820698,0.007392403377291108,15,3.0,0.0,41.657110157216096
134600,21,554,20,0,1,0,1.4428574989241112,0.00746282701948856,15,9.0,1.0,92.5546215111564
134700,21,563,20,0,1,0,1.4500003560669685,0.00746282701948856,15,1.0,0.0,13.46339746676249
134800,20,566,19,0,1,0,1.4502758893952437,0.007591731514123618,15,8.0,0.0,92.55462151115638
134900,20,572,19,0,1,0,1.4602758893952437,0.007591731514123618,15,3.0,0.0,33.896238876168816
135000,19,549,18,0,1,0,1.4833238957218697,0.007269464645942436,15,1.0,0.0,14.578792690501086
135100,19,551,18,0,1,0,1.4885870536166066,0.007269464645942436,15,2.0,0.0,28.855496722260707
135200,19,559,18,0,1,0,1.5017449483534484,0.007269464645942436,15,0.0,0.0,0.0
135300,18,558,17,0,1,0,1.5117185998995566,0.00701763261671441,15,1.0,0.0,13.953397466762492
135400,18,563,17,0,1,0,1.5256074887884454,0.00701763261671441,15,0.0,0.0,0.0
135500,18,581,17,0,1,0,1.531163044344001,0.00701763261671441,15,1.0,0.0,19.89212500763219
135600,18,618,17,0,1,0,1.542274155455112,0.00701763261671441,15,3.0,0.0,59.676375022896565
135700,18,635,17,0,1,0,1.54505193323289,0.00701763261671441,15,0.0,0.0,0.0
135800,17,660,17,0,0,0,1.5681177354755433,0.0071682335075234265,15,0.0,0.0,0.0
135900,16,694,16,0,0,0,1.5749521726870523,0.007616248101743641,15,0.0,0.0,0.0
136000,15,737,15,0,0,0,1.557919902577198,0.007447819659142417,15,0.0,0.0,0.0
136100,15,774,15,0,0,0,1.5612532359105313,0.007447819659142417,15,0.0,0.0,0.0
136200,15,821,15,0,0,0,1.5645865692438647,0.007447819659142417,15,0.0,0.0,0.0
136300,15,874,15,0,0,0,1.567919902577198,0.007447819659142417,15,1.0,0.0,14.979679491497802
136400,15,906,15,0,0,0,1.5745865692438648,0.007447819659142417,15,0.0,0.0,0.0
136500,15,932,15,0,0,0,1.5912532359105316,0.007447819659142417,15,0.0,0.0,0.0
136600,15,968,15,0,0,0,1.6012532359105311,0.007447819659142417,15,0.0,0.0,0.0
136700,15,1000,15,0,0,0,1.6079199025771977,0.007447819659142417,15,0.0,0.0,0.0
136800,14,1035,14,0,0,0,1.60936904510457,0.0074102165079911,15,0.0,0.0,0.0
136900,14,1078,14,0,0,0,1.6200833308188558,0.0074102165079911,15,0.0,0.0,0.0
137000,14,1121,14,0,0,0,1.6236547593902841,0.0074102165079911,15,1.0,0.0,14.979679491497802
137100,14,1161,14,0,0,0,1.63436904510457,0.0074102165079911,15,2.0,0.0,31.612908406780743
137200,14,1190,14,0,0,0,1.6379404736759986,0.0074102165079911,15,4.0,0.0,63.22581681356149
137300,14,1237,14,0,0,0,1.6450833308188557,0.0074102165079911,15,7.0,0.0,110.6451794237326
137400,11,1295,11,0,0,0,1.6296113122038423,0.00816567503734751,15,11.0,1.0,152.25518183677895
137500,11,1347,11,0,0,0,1.6341567667492969,0.00816567503734751,15,0.0,0.0,0.0
137600,11,1406,11,0,0,0,1.6387022212947515,0.00816567503734751,15,0.0,0.0,0.0
137700,11,1452,11,0,0,0,1.643247675840206,0.00816567503734751,15,4.0,0.0,62.88904210166891
137800,10,1508,10,0,0,0,1.6608634390954784,0.00898224254108226,15,0.0,0.0,0.0
137900,9,1564,9,0,0,0,1.686677296370284,0.008582281980209326,15,3.0,0.0,43.96030717984589
138000,8,1604,8,0,0,0,1.6991517327459995,0.009452038884341747,15,2.0,1.0,17.036856345226806
138100,6,1652,6,0,0,0,1.7265850982218411,0.009892909316261387,15,3.0,1.0,31.612908406780743
138200,5,1720,5,0,0,0,1.7450394880511375,0.009796559376832114,15,0.0,0.0,0.0
138300,5,1790,5,0,0,0,1.7550394880511377,0.009796559376832114,15,0.0,0.0,0.0
138400,5,1846,5,0,0,0,1.7650394880511378,0.009796559376832114,15,0.0,0.0,0.0
138500,5,1898,5,0,0,0,1.7750394880511375,0.009796559376832114,15,0.0,0.0,0.0
138600,4,1946,4,0,0,0,1.8405734875284534,0.008100365346878963,15,0.0,0.0,0.0
138700,4,1985,4,0,0,0,1.8655734875284533,0.008100365346878963,15,0.0,0.0,0.0
138800,3,2031,3,0,0,0,1.8974273464191016,0.009400709690142041,15,0.0,0.0,0.0
138900,3,2079,3,0,0,0,1.9474273464191014,0.009400709690142041,15,0.0,0.0,0.0
139000,3,2139,3,0,0,0,1.9474273464191014,0.009400709690142041,15,0.0,0.0,0.0
139100,3,2187,3,0,0,0,1.9807606797524346,0.009400709690142041,15,0.0,0.0,0.0
139200,197,356,0,0,0,197,1.1492919831482284,0.008787908533263398,16,21.0,3.0,211.59691944452555
139300,195,129,0,0,0,195,1.1504148581416667,0.008750998052274701,16,31.0,2.0,325.85075447779434
139400,190,79,0,0,0,190,1.1499644266536442,0.008804664722368875,16,43.0,4.0,433.1477366848631
139500,175,59,141,3,24,7,1.1474812443978915,0.008941716783278613,16,58.0,7.0,580.8860134602733
139600,160,63,135,4,20,1,1.141808765234614,0.008934386554504885,16,33.0,5.0,319.21072744426
139700,147,66,123,5,19,0,1.138011326732409,0.008952764157616717,16,14.0,2.0,133.1932591473656
139800,133,69,113,5,15,0,1.1310725483382624,0.009026473775343517,16,21.0,4.0,197.36211774488407
139900,119,56,100,5,14,0,1.129094188370267,0.008872699733130124,16,7.0,2.0,54.80166434822736
140000,105,75,86,5,14,0,1.129988450270663,0.008763587186580645,16,20.0,2.0,203.4866720053688
140100,92,81,74,6,12,0,1.1391083466522847,0.008577407487894189,16,11.0,3.0,89.38662352135084
140200,81,87,66,6,9,0,1.1388005418047202,0.0085564840938828,16,4.0,1.0,31.341015031363654
140300,80,90,66,4,10,0,1.1403975434811748,0.008571725064030023,16,19.0,1.0,197.70515174327903
140400,70,105,61,2,7,0,1.141997758469707,0.008520796481466522,16,0.0,0.0,0.0
140500,65,122,57,2,6,0,1.1399540495229892,0.00833495829593366,16,11.0,1.0,116.49046598081154
140600,59,127,53,1,5,0,1.1469046268025538,0.008028757163924847,16,8.0,1.0,86.7359353955842
140700,54,145,48,1,5,0,1.149512881597651,0.00799981739896808,16,8.0,0.0,85.14706993837586
140800,54,152,48,1,5,0,1.1522906593754287,0.00799981739896808,16,2.0,0.0,21.3020608994862
140900,53,169,47,1,5,0,1.155401224423794,0.008010426705674442,16,1.0,0.0,10.596411042323775
141000,53,178,48,0,5,0,1.1610616017822846,0.008010426705674442,16,2.0,0.0,23.624112991865225
141100,51,172,46,1,4,0,1.1709431588965669,0.007782360626407086,16,7.0,1.0,71.1357856757833
141200,50,158,45,0,5,0,1.1759679173804027,0.00786123916263521,16,3.0,0.0,34.37702798931797
141300,49,160,45,0,4,0,1.1755888424036378,0.0078353140532829,16,2.0,0.0,26.71760746101136
141400,49,179,45,0,4,0,1.1766092505669032,0.0078353140532829,16,0.0,0.0,0.0
141500,49,177,45,0,4,0,1.1837521077097604,0.0078353140532829,16,8.0,0.0,101.19779471016118
141600,47,182,43,0,4,0,1.1881540111052604,0.008142374114209417,16,7.0,0.0,78.53765037358794
141700,45,186,41,0,4,0,1.1990992851076323,0.008264560406071373,16,6.0,0.0,82.44119561743499
141800,43,188,39,0,4,0,1.1969486047542646,0.008265208433487728,16,9.0,1.0,97.45175417549967
141900,43,191,39,0,4,0,1.2015997675449621,0.008265208433487728,16,1.0,0.0,13.408463134702798
142000,40,199,38,0,2,0,1.2070726793651398,0.008148036904204117,16,5.0,1.0,47.54728831054608
142100,38,205,36,0,2,0,1.2111030884919771,0.008301584163882575,16,8.0,0.0,100.42405405538479
142200,37,217,35,0,2,0,1.2164820072311864,0.008119771947190461,16,4.0,0.0,47.13898160687572
142300,37,223,35,0,2,0,1.221887412636592,0.008119771947190461,16,0.0,0.0,0.0
142400,37,216,35,0,2,0,1.2326982234474024,0.008119771947190461,16,2.0,0.0,23.989379431739817
142500,34,230,33,0,1,0,1.2437009122907536,0.007830834080557089,16,0.0,0.0,0.0
142600,33,232,32,0,1,0,1.2542404488720222,0.007852276835909014,16,0.0,0.0,0.0
142700,32,239,31,0,1,0,1.2601933722485341,0.007747783451889685,16,3.0,0.0,42.6708402527566
142800,31,259,30,0,1,0,1.264412184243278,0.007654185667435503,16,1.0,0.0,13.8535939819248
142900,28,277,27,0,1,0,1.273125528448853,0.007777122205122444,16,0.0,0.0,0.0
143000,27,294,26,0,1,0,1.2797152089490984,0.007565835647508341,16,3.0,0.0,37.41063368282009
143100,27,306,26,0,1,0,1.285270764504654,0.007565835647508341,16,1.0,0.0,13.8984631347028
143200,27,340,26,0,1,0,1.2889744682083575,0.007565835647508341,16,2.0,0.0,27.697607461011362
143300,26,351,25,0,1,0,1.2931584025771024,0.007328240446242669,16,7.0,1.0,83.10240288587232
143400,26,387,25,0,1,0,1.297004556423256,0.007328240446242669,16,1.0,0.0,15.320056665366007
143500,26,408,25,0,1,0,1.3008507102694098,0.007328240446242669,16,0.0,0.0,0.0
143600,26,419,25,0,1,0,1.3066199410386405,0.007328240446242669,16,4.0,0.0,52.915806073538825
143700,26,450,25,0,1,0,1.3123891718078713,0.007328240446242669,16,0.0,0.0,0.0
143800,26,463,25,0,1,0,1.3162353256540251,0.007328240446242669,16,8.0,0.0,101.84936502221939
143900,25,473,24,0,1,0,1.3300335195433215,0.007508598106200175,16,0.0,0.0,0.0
144000,23,490,22,0,1,0,1.3352740926686086,0.007207642020831316,16,1.0,0.0,13.848803730505681
144100,21,534,20,0,1,0,1.3346892502162835,0.007182406397843215,16,0.0,0.0,0.0
144200,20,584,19,0,1,0,1.3398194494867148,0.00694644749217591,16,3.0,1.0,27.697607461011362
144300,19,621,18,0,1,0,1.3489814618681815,0.006605262501247768,16,4.0,0.0,52.62060989865577
144400,19,653,18,0,1,0,1.35161304081555,0.006605262501247768,16,1.0,0.0,13.643329276757726
144500,19,694,18,0,1,0,1.3542446197629183,0.006605262501247768,16,3.0,0.0,41.340936737769084
144600,18,737,17,0,1,0,1.3722528737157687,0.006807500341091928,16,5.0,1.0,55.395214922022724
144700,18,771,17,0,1,0,1.3750306514935464,0.006807500341091928,16,1.0,0.0,13.848803730505681
144800,16,813,15,0,1,0,1.3948281340873412,0.006525674392555315,16,2.0,0.0,27.097929521112626
144900,15,854,14,0,1,0,1.4158153246105876,0.006487526233994169,16,2.0,1.0,13.848803730505681
145000,15,897,14,0,1,0,1.419148657943921,0.006487526233994169,16,0.0,0.0,0.0
145100,14,934,13,0,1,0,1.43638683101385,0.00655041992544002,16,4.0,1.0,41.546411191517045
145200,13,984,12,0,1,0,1.4522436113043231,0.007054298381243098,16,4.0,0.0,55.395214922022724
145300,13,1017,12,0,1,0,1.459935918996631,0.007054298381243098,16,0.0,0.0,0.0
145400,12,1056,11,0,1,0,1.4679612423320234,0.006505299466149442,16,1.0,1.0,0.0
145500,11,1102,10,0,1,0,1.4785075724270782,0.006771495452702953,16,1.0,0.0,13.848803730505681
145600,11,1150,10,0,1,0,1.4875984815179875,0.006771495452702953,16,7.0,0.0,96.94162611353977
145700,10,1199,9,0,1,0,1.478692285832873,0.006696199296319323,16,1.0,0.0,13.88428334046708
145800,10,1260,9,0,1,0,1.483692285832873,0.006696199296319323,16,0.0,0.0,0.0
145900,10,1315,9,0,1,0,1.5036922858328727,0.006696199296319323,16,0.0,0.0,0.0
146000,9,1378,8,0,1,0,1.4804057522251195,0.0072501425540584825,16,9.0,1.0,114.71042984404542
146100,7,1440,6,0,1,0,1.48037461271243,0.007600259792321603,16,0.0,0.0,0.0
146200,7,1485,6,0,1,0,1.487517469855287,0.007600259792321603,16,0.0,0.0,0.0
146300,7,1543,6,0,1,0,1.4946603269981442,0.007600259792321603,16,0.0,0.0,0.0
146400,7,1590,6,0,1,0,1.5089460412838585,0.007600259792321603,16,0.0,0.0,0.0
146500,7,1650,6,0,1,0,1.5160888984267158,0.007600259792321603,16,3.0,0.0,44.53607059571416
146600,7,1713,6,0,1,0,1.523231755569573,0.007600259792321603,16,0.0,0.0,0.0
146700,7,1775,6,0,1,0,1.523231755569573,0.007600259792321603,16,0.0,0.0,0.0
146800,6,1834,5,0,1,0,1.5226198323667637,0.006383015253934483,16,0.0,0.0,0.0
146900,5,1891,4,0,1,0,1.5335016940502633,0.0068670743808704636,16,0.0,0.0,0.0
147000,5,1959,4,0,1,0,1.5335016940502633,0.0068670743808704636,16,0.0,0.0,0.0
147100,5,2010,4,0,1,0,1.5435016940502633,0.0068670743808704636,16,0.0,0.0,0.0
147200,5,2057,4,0,1,0,1.5535016940502633,0.0068670743808704636,16,0.0,0.0,0.0
147300,4,2121,4,0,0,0,1.5635913081111534,0.004102894196643979,16,0.0,0.0,0.0
147400,4,2181,4,0,0,0,1.5760913081111536,0.004102894196643979,16,3.0,0.0,43.12285002140124
147500,3,2243,3,0,0,0,1.5954216280814582,0.005470525595525306,16,0.0,0.0,0.0
147600,3,2306,3,0,0,0,1.5954216280814582,0.005470525595525306,16,0.0,0.0,0.0
147700,3,2352,3,0,0,0,1.6287549614147914,0.005470525595525306,16,0.0,0.0,0.0
147800,3,2397,3,0,0,0,1.6787549614147919,0.005470525595525306,16,0.0,0.0,0.0
147900,2,2440,2,0,0,0,1.8097506390371323,0.006243751099560113,16,0.0,0.0,0.0
148000,2,2494,2,0,0,0,1.8347506390371324,0.006243751099560113,16,0.0,0.0,0.0
148100,2,2500,2,0,0,0,1.8847506390371325,0.006243751099560113,16,0.0,0.0,0.0
148200,198,357,0,0,0,198,1.1157125805422954,0.006449377909358807,17,29.0,2.0,284.299301172365
148300,197,136,0,0,0,197,1.1161795207737857,0.006450568460423152,17,20.0,1.0,208.680133144453
148400,194,80,0,0,0,194,1.1165367104725232,0.006448116801085647,17,19.0,1.0,207.27626309700986
148500,184,61,160,4,18,2,1.1153774569382322,0.00644839659752442,17,29.0,4.0,293.8456218960439
148600,171,45,148,5,18,0,1.1182355904089045,0.00646597059101486,17,12.0,1.0,132.22128436832782
148700,152,57,128,5,19,0,1.115668178719536,0.005990299600727843,17,26.0,2.0,289.0645950544225
148800,138,58,117,5,16,0,1.1216805292300231,0.005925238414943285,17,16.0,2.0,172.217815662983
148900,120,69,100,5,15,0,1.118542940005458,0.0056453048719869855,17,19.0,2.0,198.73879751333916
149000,114,56,95,5,14,0,1.1190079426870663,0.005434898079694969,17,18.0,2.0,179.5815590707007
149100,106,70,90,5,11,0,1.1167761938431093,0.005299298487703907,17,23.0,3.0,244.37840225079583
149200,99,79,85,4,10,0,1.1219635080847237,0.005416547158621759,17,1.0,1.0,0.0
149300,92,76,78,4,10,0,1.1183583514964794,0.005544003047250432,17,5.0,2.0,30.322588792638975
149400,81,84,71,4,6,0,1.1260043723719046,0.005719883187454421,17,2.0,1.0,10.18389820538281
149500,76,105,67,5,4,0,1.1218043659231764,0.005808243504913217,17,11.0,2.0,116.45092751224858
149600,70,99,63,4,3,0,1.131043201516295,0.0058944157635184005,17,4.0,1.0,33.14803705822031
149700,69,116,62,4,3,0,1.1343028198284448,0.005886745557571849,17,3.0,0.0,37.05609690971561
149800,66,134,59,4,3,0,1.1401939925905202,0.006012144281129615,17,3.0,0.0,35.19909229359145
149900,63,134,58,2,3,0,1.14275554420373,0.00622394952057845,17,7.0,0.0,91.04841840383146
150000,58,160,54,3,1,0,1.1460921197398477,0.00652693090832741,17,13.0,2.0,125.98645240438205
150100,56,184,53,2,1,0,1.1510199343121492,0.006759947402968384,17,1.0,0.0,9.789950444127152
150200,52,190,48,2,2,0,1.1558763469212676,0.006432512848478632,17,11.0,3.0,107.64868823937181
150300,52,192,49,1,2,0,1.158760962305883,0.006432512848478632,17,3.0,0.0,35.1860844454409
150400,49,207,47,1,1,0,1.1587014419731116,0.006118919631318054,17,2.0,0.0,22.858190819582838
150500,49,217,47,1,1,0,1.1627830746261727,0.006118919631318054,17,5.0,0.0,66.52918364797344
150600,47,194,46,0,1,0,1.1708246878485657,0.005861422306624495,17,1.0,1.0,0.0
150700,43,217,42,0,1,0,1.1795773891319956,0.006002540646355448,17,7.0,1.0,73.40038162138673
150800,43,209,42,0,1,0,1.18074017982967,0.006002540646355448,17,5.0,0.0,65.92351214158268
150900,40,217,39,0,1,0,1.195026633301652,0.00583309730484945,17,2.0,1.0,15.015772906949685
151000,40,213,39,0,1,0,1.1975266333016517,0.00583309730484945,17,1.0,0.0,11.370540161177864
151100,38,235,37,0,1,0,1.2013318179432466,0.0055683740918462095,17,2.0,0.0,27.079290675181113
151200,38,259,37,0,1,0,1.2065949758379837,0.0055683740918462095,17,0.0,0.0,0.0
151300,36,268,34,1,1,0,1.2169786956965516,0.005859799464639419,17,12.0,0.0,166.76271393893143
151400,35,272,34,0,1,0,1.22450967055948,0.005866974050804681,17,2.0,0.0,25.28331263014089
151500,32,285,31,0,1,0,1.2327569296834866,0.00584000689119279,17,6.0,0.0,88.7303924432869
151600,32,302,31,0,1,0,1.2358819296834866,0.00584000689119279,17,1.0,0.0,14.810849361547394
151700,32,314,31,0,1,0,1.2436944296834866,0.00584000689119279,17,1.0,0.0,11.308723737263234
151800,32,324,31,0,1,0,1.2483819296834864,0.00584000689119279,17,1.0,0.0,15.202617639990857
151900,32,327,31,0,1,0,1.2546319296834865,0.00584000689119279,17,0.0,0.0,0.0
152000,32,346,31,0,1,0,1.2608819296834866,0.00584000689119279,17,0.0,0.0,0.0
152100,32,361,31,0,1,0,1.2640069296834864,0.00584000689119279,17,11.0,0.0,141.42079511136984
152200,31,378,30,0,1,0,1.2740087209067743,0.005994619552799304,17,1.0,0.0,14.772263185029878
152300,31,392,30,0,1,0,1.278847430584194,0.005994619552799304,17,1.0,0.0,10.374985370653754
152400,31,403,30,0,1,0,1.2885248499390327,0.005994619552799304,17,1.0,0.0,13.779021705051273
152500,28,416,27,0,1,0,1.29411679104926,0.00579351101438625,17,1.0,1.0,0.0
152600,28,412,28,0,0,0,1.2976882196206885,0.00579351101438625,17,0.0,0.0,0.0
152700,28,451,28,0,0,0,1.3030453624778313,0.00579351101438625,17,3.0,0.0,36.14282297729972
152800,27,467,27,0,0,0,1.3176517841771092,0.006008085496400556,17,0.0,0.0,0.0
152900,27,497,27,0,0,0,1.3176517841771092,0.006008085496400556,17,0.0,0.0,0.0
153000,27,516,27,0,0,0,1.3287628952882204,0.006008085496400556,17,1.0,0.0,10.875183016103607
153100,27,559,27,0,0,0,1.3306147471400722,0.006008085496400556,17,0.0,0.0,0.0
153200,26,567,26,0,0,0,1.3341345625163388,0.0057737714673396084,17,1.0,0.0,13.779021705051273
153300,24,579,24,0,0,0,1.3423531213924835,0.005585415843208453,17,1.0,0.0,12.032715464768316
153400,23,603,23,0,0,0,1.3608374454140542,0.005479241296972158,17,0.0,0.0,0.0
153500,22,647,22,0,0,0,1.372395506756966,0.005275017558418969,17,1.0,0.0,13.389095409791421
153600,22,682,22,0,0,0,1.3746682340296932,0.005275017558418969,17,0.0,0.0,0.0
153700,22,713,22,0,0,0,1.3837591431206022,0.005275017558418969,17,0.0,0.0,0.0
153800,22,749,22,0,0,0,1.3837591431206022,0.005275017558418969,17,4.0,0.0,49.210274513292475
153900,22,767,22,0,0,0,1.406486415847875,0.005275017558418969,17,0.0,0.0,0.0
154000,22,790,22,0,0,0,1.4087591431206021,0.005275017558418969,17,1.0,0.0,12.023412117785858
154100,21,801,21,0,0,0,1.3953848256032784,0.0050049361152181854,17,12.0,0.0,189.29519169924376
154200,21,810,21,0,0,0,1.4072895875080402,0.0050049361152181854,17,5.0,0.0,57.47090050516488
154300,21,842,21,0,0,0,1.4072895875080402,0.0050049361152181854,17,0.0,0.0,0.0
154400,21,875,21,0,0,0,1.4191943494128023,0.0050049361152181854,17,0.0,0.0,0.0
154500,21,908,21,0,0,0,1.4239562541747068,0.0050049361152181854,17,0.0,0.0,0.0
154600,21,937,21,0,0,0,1.4287181589366118,0.0050049361152181854,17,8.0,0.0,123.87095507798875
154700,21,964,21,0,0,0,1.4406229208413737,0.0050049361152181854,17,3.0,0.0,37.61282297729973
154800,21,984,21,0,0,0,1.4453848256032786,0.0050049361152181854,17,0.0,0.0,0.0
154900,21,1003,21,0,0,0,1.4525276827461355,0.0050049361152181854,17,1.0,0.0,12.53760765909991
155000,21,1022,21,0,0,0,1.4572895875080403,0.0050049361152181854,17,0.0,0.0,0.0
155100,21,1033,21,0,0,0,1.4644324446508974,0.0050049361152181854,17,0.0,0.0,0.0
155200,18,1057,18,0,0,0,1.4705668199899447,0.0042275676143907195,17,0.0,0.0,0.0
155300,16,1088,16,0,0,0,1.4758297168069332,0.004203800718526273,17,2.0,0.0,26.096328461150016
155400,16,1115,16,0,0,0,1.4883297168069332,0.004203800718526273,17,2.0,0.0,28.856108051078166
155500,16,1148,16,0,0,0,1.497704716806933,0.004203800718526273,17,0.0,0.0,0.0
155600,15,1167,15,0,0,0,1.5224855027306745,0.0034569501943985796,17,0.0,0.0,0.0
155700,13,1207,13,0,0,0,1.4848448426106642,0.0024719400596244705,17,0.0,0.0,0.0
155800,13,1256,13,0,0,0,1.492537150302972,0.0024719400596244705,17,0.0,0.0,0.0
155900,10,1301,10,0,0,0,1.4433665303353769,0.0016484382562612595,17,0.0,0.0,0.0
156000,10,1345,10,0,0,0,1.4533665303353769,0.0016484382562612595,17,0.0,0.0,0.0
156100,10,1392,10,0,0,0,1.4683665303353768,0.0016484382562612595,17,0.0,0.0,0.0
156200,9,1435,9,0,0,0,1.4747047569333662,0.0018315980625125104,17,0.0,0.0,0.0
156300,8,1468,8,0,0,0,1.4875115502038754,0.0017731277284168312,17,0.0,0.0,0.0
156400,8,1513,8,0,0,0,1.5000115502038753,0.0017731277284168312,17,0.0,0.0,0.0
156500,8,1549,8,0,0,0,1.5062615502038754,0.0017731277284168312,17,0.0,0.0,0.0
156600,6,1586,6,0,0,0,1.601747580199083,0.0013339619972544657,17,0.0,0.0,0.0
156700,5,1622,5,0,0,0,1.6567213387330653,0.001600754396705359,17,0.0,0.0,0.0
156800,5,1676,5,0,0,0,1.6667213387330655,0.001600754396705359,17,0.0,0.0,0.0
156900,5,1744,5,0,0,0,1.6767213387330653,0.001600754396705359,17,0.0,0.0,0.0
157000,3,1795,3,0,0,0,1.6691739955891016,0.00043663601652004896,17,0.0,0.0,0.0
157100,3,1860,3,0,0,0,1.6858406622557685,0.00043663601652004896,17,0.0,0.0,0.0
157200,195,376,0,0,0,195,1.068248051954405,0.0021374738464329467,18,35.0,5.0,313.006562040585
157300,193,180,0,0,0,193,1.0687064722716695,0.002141260430892288,18,35.0,1.0,352.6433924125269
157400,186,115,0,0,0,186,1.0722115811766078,0.002206159939617134,18,19.0,1.0,184.80280798655025
157500,181,84,153,3,16,9,1.0725333376872392,0.0022031730713834843,18,19.0,1.0,188.60593900603047
157600,176,72,150,4,17,5,1.0720047885640944,0.002265763215456879,18,14.0,1.0,133.43593047292688
157700,157,77,138,4,15,0,1.07151962419086,0.002401681801054534,18,10.0,1.0,93.86177984676053
157800,145,60,127,5,13,0,1.070173241519429,0.002412621283757252,18,18.0,1.0,188.69054987091602
157900,130,64,114,5,11,0,1.0702049337698116,0.00239549218460484,18,11.0,2.0,89.30815234248355
158000,117,79,103,5,9,0,1.071051819623873,0.002412044041778253,18,4.0,1.0,30.306406282857004
158100,104,81,91,4,9,0,1.072547990899789,0.002453230861282307,18,5.0,1.0,39.775655032401474
158200,98,87,88,4,6,0,1.0708410037912868,0.0023690936984619468,18,5.0,0.0,50.6213654931534
158300,92,98,84,3,5,0,1.0731899096289756,0.0023011600863969903,18,4.0,0.0,41.27087853969382
158400,88,111,81,2,5,0,1.0766427171059538,0.002173391029493876,18,5.0,0.0,52.99972823150514
158500,80,111,74,2,4,0,1.0780517947314372,0.002188230007709257,18,3.0,1.0,22.200896491791678
158600,80,122,75,1,4,0,1.0824267947314372,0.002188230007709257,18,3.0,0.0,30.281439172856217
158700,77,133,73,1,3,0,1.0831480063810641,0.0022734857222953316,18,1.0,0.0,10.673123757987913
158800,76,143,74,1,1,0,1.0872141860771407,0.0022094993933423233,18,2.0,0.0,22.550642189313347
158900,74,138,74,0,0,0,1.0918035994850441,0.0022073896352350635,18,0.0,0.0,0.0
159000,71,139,71,0,0,0,1.0973872224543606,0.0021424317013456675,18,1.0,0.0,11.958011576977533
159100,70,126,70,0,0,0,1.103954625837878,0.0021257968306424187,18,2.0,0.0,19.581410190912486
159200,69,126,69,0,0,0,1.1039593384859987,0.002009657116087344,18,1.0,0.0,13.175730816108983
159300,66,136,66,0,0,0,1.1081203110226396,0.0020686987812713518,18,1.0,0.0,10.082292728028621
159400,65,135,65,0,0,0,1.1128954242354636,0.002080538932478957,18,1.0,0.0,10.082292728028621
159500,64,142,64,0,0,0,1.110409803494534,0.0021130473532989407,18,0.0,0.0,0.0
159600,64,132,64,0,0,0,1.112753553494534,0.0021130473532989407,18,1.0,0.0,10.562509030467773
159700,63,137,63,0,0,0,1.114613768308606,0.002146587787478289,18,0.0,0.0,0.0
159800,61,153,61,0,0,0,1.1187354819455717,0.002164628594656995,18,2.0,0.0,20.957199783012424
159900,59,135,59,0,0,0,1.1203893645040979,0.0021904369695518325,18,0.0,0.0,0.0
160000,59,143,59,0,0,0,1.12547411026681,0.0021904369695518325,18,3.0,0.0,32.84977896004922
160100,56,145,56,0,0,0,1.1325479177450883,0.0020621820884232926,18,0.0,0.0,0.0
160200,54,150,54,0,0,0,1.1365767314372113,0.002138559202809341,18,1.0,0.0,11.979101491219017
160300,54,150,54,0,0,0,1.141206361066841,0.002138559202809341,18,0.0,0.0,0.0
160400,52,160,52,0,0,0,1.1393341633141814,0.0021206939816319397,18,0.0,0.0,0.0
160500,50,171,50,0,0,0,1.1408987476655046,0.0020773347151934883,18,1.0,0.0,10.673078220058537
160600,47,192,47,0,0,0,1.1531614953684939,0.002084395285919067,18,0.0,0.0,0.0
160700,44,214,44,0,0,0,1.1540898372539103,0.0020515608790460647,18,1.0,0.0,10.093107075960443
160800,43,227,43,0,0,0,1.1619622407941805,0.002026515715380495,18,0.0,0.0,0.0
160900,43,252,43,0,0,0,1.1631250314918549,0.002026515715380495,18,0.0,0.0,0.0
161000,41,252,41,0,0,0,1.1651855511424456,0.002125370140521006,18,0.0,0.0,0.0
161100,40,261,40,0,0,0,1.1718631453037198,0.0021785043940340315,18,0.0,0.0,0.0
161200,38,278,38,0,0,0,1.1781001018454598,0.002256550346823172,18,1.0,0.0,12.655288624583191
161300,35,299,35,0,0,0,1.1911770142160967,0.002370929714046423,18,0.0,0.0,0.0
161400,35,322,35,0,0,0,1.1926055856446685,0.002370929714046423,18,0.0,0.0,0.0
161500,35,334,35,0,0,0,1.1968912999303825,0.002370929714046423,18,1.0,0.0,11.945696912807058
161600,34,361,34,0,0,0,1.2009744385417742,0.0024047752820443797,18,0.0,0.0,0.0
161700,33,380,33,0,0,0,1.2063604796297864,0.0024776472602881486,18,0.0,0.0,0.0
161800,33,403,33,0,0,0,1.207875631144938,0.0024776472602881486,18,9.0,0.0,104.5221254247532
161900,32,435,32,0,0,0,1.2084185401228567,0.0024704461573227888,18,1.0,0.0,11.960335653417731
162000,32,431,32,0,0,0,1.2146685401228563,0.0024704461573227888,18,0.0,0.0,0.0
162100,31,443,31,0,0,0,1.2197976983199046,0.0021208920855704297,18,0.0,0.0,0.0
162200,30,458,30,0,0,0,1.226687301871912,0.0021915884884227774,18,0.0,0.0,0.0
162300,30,476,30,0,0,0,1.2350206352052453,0.0021915884884227774,18,0.0,0.0,0.0
162400,30,497,30,0,0,0,1.2400206352052454,0.0021915884884227774,18,0.0,0.0,0.0
162500,30,526,30,0,0,0,1.2466873018719118,0.0021915884884227774,18,2.0,0.0,23.51476390704294
162600,29,537,29,0,0,0,1.254297480531557,0.0022324469277521706,18,4.0,1.0,35.33556434547751
162700,28,559,28,0,0,0,1.2643415705493533,0.00228520259005479,18,0.0,0.0,0.0
162800,27,586,27,0,0,0,1.267748395568872,0.002369839723019782,18,0.0,0.0,0.0
162900,27,606,27,0,0,0,1.2788595066799833,0.002369839723019782,18,2.0,0.0,27.66327735142075
163000,26,607,26,0,0,0,1.2721498545840473,0.002460987404674389,18,0.0,0.0,0.0
163100,25,629,25,0,0,0,1.2873466500435895,0.0025594269008613647,18,0.0,0.0,0.0
163200,23,638,23,0,0,0,1.3032203636329107,0.002781985761805831,18,0.0,0.0,0.0
163300,22,661,22,0,0,0,1.3056147906688373,0.0029084396600697325,18,0.0,0.0,0.0
163400,20,700,20,0,0,0,1.3000628011307376,0.0029607792970632253,18,0.0,0.0,0.0
163500,16,755,16,0,0,0,1.2912177242668017,0.0029832627200453814,18,0.0,0.0,0.0
163600,16,796,16,0,0,0,1.2943427242668015,0.0029832627200453814,18,0.0,0.0,0.0
163700,16,842,16,0,0,0,1.3005927242668016,0.0029832627200453814,18,0.0,0.0,0.0
163800,16,891,16,0,0,0,1.3099677242668015,0.0029832627200453814,18,0.0,0.0,0.0
163900,15,933,15,0,0,0,1.3251746712496388,0.002847117137259016,18,0.0,0.0,0.0
164000,15,987,15,0,0,0,1.3351746712496386,0.002847117137259016,18,0.0,0.0,0.0
164100,14,1028,14,0,0,0,1.3517096056469864,0.0030504826470632317,18,0.0,0.0,0.0
164200,14,1062,14,0,0,0,1.355281034218415,0.0030504826470632317,18,0.0,0.0,0.0
164300,13,1113,13,0,0,0,1.3728470598193274,0.003069991704264793,18,0.0,0.0,0.0
164400,13,1152,13,0,0,0,1.3805393675116353,0.003069991704264793,18,0.0,0.0,0.0
164500,12,1186,12,0,0,0,1.3830248267087513,0.0029430234357801367,18,1.0,0.0,14.22694267458652
164600,11,1239,11,0,0,0,1.3979408414484427,0.0031862082193416966,18,0.0,0.0,0.0
164700,11,1256,11,0,0,0,1.416122659630261,0.0031862082193416966,18,0.0,0.0,0.0
164800,11,1309,11,0,0,0,1.4206681141757154,0.0031862082193416966,18,0.0,0.0,0.0
164900,9,1340,9,0,0,0,1.436096836058153,0.0037264123971646242,18,0.0,0.0,0.0
165000,9,1369,9,0,0,0,1.4527635027248198,0.0037264123971646242,18,0.0,0.0,0.0
165100,8,1397,8,0,0,0,1.5044721579380254,0.0037699317798717286,18,0.0,0.0,0.0
165200,8,1417,8,0,0,0,1.5169721579380253,0.0037699317798717286,18,0.0,0.0,0.0
165300,8,1462,8,0,0,0,1.5294721579380253,0.0037699317798717286,18,0.0,0.0,0.0
165400,7,1480,7,0,0,0,1.5575826375575124,0.004269485294344839,18,0.0,0.0,0.0
165500,7,1484,7,0,0,0,1.593296923271798,0.004269485294344839,18,0.0,0.0,0.0
165600,7,1510,7,0,0,0,1.6075826375575126,0.004269485294344839,18,0.0,0.0,0.0
165700,6,1522,6,0,0,0,1.6747094475028137,0.002814555562941854,18,0.0,0.0,0.0
165800,5,1540,5,0,0,0,1.7276224026627864,0.002221010863204392,18,0.0,0.0,0.0
165900,5,1566,5,0,0,0,1.7676224026627865,0.002221010863204392,18,0.0,0.0,0.0
166000,5,1593,5,0,0,0,1.7976224026627865,0.002221010863204392,18,0.0,0.0,0.0
166100,5,1628,5,0,0,0,1.8176224026627863,0.002221010863204392,18,0.0,0.0,0.0
166200,199,404,0,0,0,199,1.127235714980217,0.004432229536318253,19,12.0,0.0,129.10412924118143
166300,198,188,0,0,0,198,1.1279090020442784,0.004454614533976426,19,9.0,0.0,101.10740218731627
166400,194,99,0,0,0,194,1.128013926483298,0.0044429780577758,19,19.0,4.0,165.73285068498143
166500,190,81,168,2,13,7,1.127315362042791,0.004440129571245602,19,12.0,1.0,130.46113432652558
166600,183,66,159,4,16,4,1.1260325418449293,0.004494144508024041,19,18.0,2.0,176.21392622500312
166700,175,74,157,4,12,2,1.1253052476600842,0.004442302660465039,19,7.0,0.0,79.3158717549588
166800,162,69,143,7,10,2,1.1236742703769242,0.0043345468834151005,19,18.0,4.0,149.44594175403313
166900,153,74,136,8,9,0,1.1249778297354536,0.004361656307777062,19,7.0,1.0,62.59219533580195
167000,143,75,124,9,10,0,1.123858349458462,0.004396662602223809,19,15.0,4.0,118.39997607169504
167100,132,78,113,9,10,0,1.1235860910544841,0.004433472588826392,19,11.0,2.0,100.2101078594913
167200,127,90,111,6,10,0,1.1270019125420374,0.004465825771772623,19,11.0,1.0,116.19351602111794
167300,123,93,106,6,11,0,1.1261732711654115,0.004348037774862146,19,10.0,2.0,96.96142770498292
167400,113,93,97,5,11,0,1.1247045814999581,0.0042932947887131725,19,10.0,1.0,91.5090772718957
167500,109,102,96,4,9,0,1.1243641445081702,0.004224252925675776,19,0.0,0.0,0.0
167600,104,86,93,3,8,0,1.1250905837578586,0.004239135953499864,19,3.0,1.0,23.69455055565264
167700,94,92,83,3,8,0,1.1242600610404652,0.004017072095631083,19,7.0,1.0,64.4761395774641
167800,90,105,82,2,6,0,1.122654163533738,0.0038796469031377534,19,0.0,0.0,0.0
167900,87,104,79,2,6,0,1.1230837690351492,0.003788913222492038,19,1.0,0.0,9.838430149132105
168000,84,115,77,2,5,0,1.127032006785232,0.0038384394307283257,19,6.0,0.0,60.5840864437371
168100,80,144,76,2,2,0,1.127660326434288,0.003807225080416179,19,1.0,1.0,0.0
168200,77,165,73,2,2,0,1.136821915662854,0.0038340560557107973,19,2.0,0.0,21.30110277107405
168300,71,171,66,3,2,0,1.135711236988326,0.0036786302213423073,19,5.0,1.0,42.186745627240654
168400,68,172,63,3,2,0,1.1382622053887839,0.0036383644416230995,19,0.0,0.0,0.0
168500,67,192,63,2,2,0,1.1416165086835857,0.003655992444124479,19,1.0,0.0,10.915905158520628
168600,66,177,63,1,2,0,1.1491099846909107,0.0036035007233328692,19,0.0,0.0,0.0
168700,66,178,63,1,2,0,1.1521402877212137,0.0036035007233328692,19,1.0,0.0,11.577216348164322
168800,64,182,63,0,1,0,1.1540685213358475,0.0035595903616958396,19,0.0,0.0,0.0
168900,63,200,62,0,1,0,1.152823758590689,0.003462733608366132,19,3.0,1.0,21.683501981676734
169000,63,210,62,0,1,0,1.1567920125589428,0.003462733608366132,19,0.0,0.0,0.0
169100,61,209,60,0,1,0,1.1642120449411142,0.003575907244213206,19,12.0,1.0,116.38328037765893
169200,61,219,60,0,1,0,1.1658513892034092,0.003575907244213206,19,0.0,0.0,0.0
169300,61,222,60,0,1,0,1.1707694219902947,0.003575907244213206,19,3.0,0.0,37.02208217057768
169400,60,236,59,0,1,0,1.1738144765430831,0.003621369535849353,19,2.0,1.0,12.14912619607173
169500,58,248,57,0,1,0,1.171450587659525,0.00359515169569869,19,2.0,0.0,22.467057652608617
169600,58,244,57,0,1,0,1.1748988635215936,0.00359515169569869,19,0.0,0.0,0.0
169700,58,221,57,0,1,0,1.1783471393836629,0.00359515169569869,19,3.0,0.0,35.18126743802305
169800,54,213,54,0,0,0,1.1849713278556027,0.003537949056324677,19,0.0,0.0,0.0
169900,53,212,53,0,0,0,1.1904015451992105,0.0036047028121043885,19,3.0,0.0,35.202837989160756
170000,52,205,52,0,0,0,1.193270315130207,0.003594031296481432,19,2.0,0.0,23.96180175611382
170100,52,204,52,0,0,0,1.197116468976361,0.003594031296481432,19,0.0,0.0,0.0
170200,51,219,51,0,0,0,1.2021849312898882,0.0035398916126568535,19,0.0,0.0,0.0
170300,49,223,49,0,0,0,1.205392256183128,0.0033195477538985243,19,3.0,0.0,32.85796769049367
170400,45,243,45,0,0,0,1.2085836383759871,0.00319293628978347,19,2.0,0.0,22.62501762130304
170500,44,278,44,0,0,0,1.2090126584595051,0.0030981017727033143,19,6.0,0.0,66.3872914751008
170600,43,302,43,0,0,0,1.2126561079983504,0.0031701506511382753,19,3.0,0.0,36.60369726201801
170700,42,348,42,0,0,0,1.218629088701054,0.0032077949656947402,19,4.0,1.0,36.8298503458344
170800,39,387,39,0,0,0,1.2225864159893278,0.0032908314756657695,19,4.0,1.0,35.14165021844069
170900,36,422,36,0,0,0,1.2245027272614473,0.0030922494332200055,19,9.0,1.0,89.92981229992226
171000,36,444,36,0,0,0,1.227280505039225,0.0030922494332200055,19,3.0,0.0,33.5231162974778
171100,36,470,36,0,0,0,1.2300582828170028,0.0030922494332200055,19,0.0,0.0,0.0
171200,34,493,34,0,0,0,1.2288748014098563,0.0032578970517391924,19,1.0,0.0,10.647796935542113
171300,33,528,33,0,0,0,1.236219192622826,0.0033561835770777124,19,0.0,0.0,0.0
171400,31,542,31,0,0,0,1.2353753402768324,0.0032443783568009837,19,0.0,0.0,0.0
171500,29,566,29,0,0,0,1.2343827102459917,0.0030743664168966286,19,0.0,0.0,0.0
171600,28,573,28,0,0,0,1.2416211826709007,0.002892333111242471,19,1.0,0.0,12.227522426393572
171700,27,571,27,0,0,0,1.254307529581944,0.002954890910463559,19,0.0,0.0,0.0
171800,27,571,27,0,0,0,1.2561593814337957,0.002954890910463559,19,0.0,0.0,0.0
171900,26,569,26,0,0,0,1.2615446309854403,0.0030685405608660036,19,0.0,0.0,0.0
172000,25,575,25,0,0,0,1.2789244817526646,0.0029574978304362986,19,0.0,0.0,0.0
172100,24,585,24,0,0,0,1.2826677091623528,0.0028428451250672652,19,0.0,0.0,0.0
172200,23,593,23,0,0,0,1.2976023072478409,0.002876991486001777,19,0.0,0.0,0.0
172300,23,586,23,0,0,0,1.308471872465232,0.002876991486001777,19,0.0,0.0,0.0
172400,23,609,23,0,0,0,1.308471872465232,0.002876991486001777,19,1.0,0.0,13.694279329720255
172500,23,633,23,0,0,0,1.3128196985521887,0.002876991486001777,19,0.0,0.0,0.0
172600,22,632,22,0,0,0,1.327143031666372,0.002677591271983589,19,0.0,0.0,0.0
172700,20,658,20,0,0,0,1.3198671716437869,0.0027157494894689055,19,0.0,0.0,0.0
172800,20,673,20,0,0,0,1.3273671716437867,0.0027157494894689055,19,0.0,0.0,0.0
172900,19,687,19,0,0,0,1.3302280045024046,0.002437181538779746,19,0.0,0.0,0.0
173000,18,692,18,0,0,0,1.3513436780217905,0.0024892124207639876,19,0.0,0.0,0.0
173100,18,719,18,0,0,0,1.3596770113551235,0.0024892124207639876,19,0.0,0.0,0.0
173200,17,746,17,0,0,0,1.3749347648657724,0.0025730732333675292,19,0.0,0.0,0.0
173300,17,774,17,0,0,0,1.386699470748125,0.0025730732333675292,19,0.0,0.0,0.0
173400,16,807,16,0,0,0,1.381518514972736,0.002656090005036505,19,0.0,0.0,0.0
173500,15,824,15,0,0,0,1.3824436112993368,0.002036164266808575,19,0.0,0.0,0.0
173600,15,832,15,0,0,0,1.3891102779660036,0.002036164266808575,19,1.0,0.0,14.184279329720253
173700,14,833,14,0,0,0,1.3999701532468702,0.002181604571580616,19,0.0,0.0,0.0
173800,13,868,13,0,0,0,1.420633349115434,0.002349420307856048,19,0.0,0.0,0.0
173900,12,899,12,0,0,0,1.4239278500858574,0.0025452053335107186,19,0.0,0.0,0.0
174000,9,930,9,0,0,0,1.4225260699997266,0.0031474132751468497,19,0.0,0.0,0.0
174100,8,961,8,0,0,0,1.4561249272398389,0.0033512089443683006,19,0.0,0.0,0.0
174200,8,999,8,0,0,0,1.474874927239839,0.0033512089443683006,19,0.0,0.0,0.0
174300,7,1044,7,0,0,0,1.4487999297176075,0.003264160755367035,19,0.0,0.0,0.0
174400,7,1093,7,0,0,0,1.4630856440033218,0.003264160755367035,19,1.0,0.0,13.594242072601798
174500,5,1154,5,0,0,0,1.435148222442149,0.0027462457851666726,19,1.0,1.0,0.0
174600,4,1213,4,0,0,0,1.479425597784994,0.0032161397788451596,19,0.0,0.0,0.0
174700,4,1263,4,0,0,0,1.4919255977849937,0.0032161397788451596,19,0.0,0.0,0.0
174800,4,1297,4,0,0,0,1.516925597784994,0.0032161397788451596,19,0.0,0.0,0.0
174900,3,1365,3,0,0,0,1.576844944237073,0.0036149059724663543,19,0.0,0.0,0.0
175000,3,1425,3,0,0,0,1.576844944237073,0.0036149059724663543,19,0.0,0.0,0.0
175100,3,1473,3,0,0,0,1.6101782775704068,0.0036149059724663543,19,0.0,0.0,0.0
175200,196,390,0,0,0,196,1.030301062084434,0.0041273189082818565,20,47.0,4.0,437.8979322049136
175300,193,199,0,0,0,193,1.0312896313421078,0.0040636667221713735,20,33.0,3.0,300.3649350419375
175400,187,113,0,0,0,187,1.0320558674886247,0.004038092751132375,20,23.0,1.0,231.0225124583753
175500,173,69,145,4,17,7,1.030556488209146,0.00393841408320892,20,27.0,4.0,246.21183841017253
175600,167,70,143,5,15,4,1.0297422728662229,0.003874732290983307,20,16.0,2.0,138.08809489936695
175700,159,62,140,5,13,1,1.0266074243595673,0.0037861894809461416,20,18.0,2.0,170.4473800345475
175800,152,54,131,6,14,1,1.026584030482124,0.0038338669157205836,20,16.0,3.0,128.4970721007894
175900,147,43,128,5,14,0,1.0235383187816156,0.003808814099430161,20,14.0,0.0,156.64736017063078
176000,133,55,114,6,13,0,1.026240101701667,0.003837821436473829,20,9.0,2.0,69.41614981942143
176100,125,45,106,6,13,0,1.0263199079394134,0.0038854418580373763,20,11.0,1.0,97.57944325120383
176200,114,54,99,6,9,0,1.023135473155799,0.003922684781351296,20,11.0,1.0,101.66090527757083
176300,109,67,96,7,6,0,1.022490213881798,0.003891470406370003,20,5.0,1.0,39.41988902078407
176400,100,70,89,6,5,0,1.0233570621478145,0.004094792871831718,20,9.0,4.0,53.74460545996364
176500,96,70,87,4,5,0,1.0290966554745322,0.004012215731062293,20,21.0,0.0,213.54433128664002
176600,91,86,83,3,5,0,1.0298920245209229,0.003749910196327225,20,17.0,2.0,152.3387505977219
176700,90,98,83,3,4,0,1.028089875693089,0.003706956428717228,20,0.0,0.0,0.0
176800,85,101,79,1,5,0,1.0317137675712293,0.0039011643534824134,20,13.0,0.0,119.13577774924573
176900,80,100,75,0,5,0,1.034493145405695,0.003954467569934074,20,5.0,0.0,48.97677849647703
177000,79,119,74,0,5,0,1.0390073869013214,0.003917465178616128,20,3.0,0.0,32.020667101834185
177100,74,119,70,0,4,0,1.0413224601487787,0.003954407680780726,20,12.0,2.0,98.82619768607032
177200,69,129,64,0,5,0,1.040051902889382,0.0040687431094839676,20,6.0,1.0,48.62384931350423
177300,67,129,63,0,4,0,1.0428254740013085,0.004027264798772866,20,6.0,1.0,49.280014708306524
177400,64,130,61,0,3,0,1.0442823134269155,0.004028898493334373,20,0.0,0.0,0.0
177500,64,129,61,0,3,0,1.0505323134269156,0.004028898493334373,20,0.0,0.0,0.0
177600,63,136,60,0,3,0,1.0538580732095513,0.004084058483552088,20,6.0,0.0,60.802167253145655
177700,61,144,58,0,3,0,1.056077061175553,0.004217962040389862,20,7.0,1.0,62.17369443046185
177800,58,148,55,0,3,0,1.0623814849823112,0.004080165578311291,20,3.0,0.0,30.669086519153556
177900,58,168,56,0,2,0,1.0641056229133459,0.004080165578311291,20,0.0,0.0,0.0
178000,57,180,56,0,1,0,1.0630508132358445,0.004151747430562366,20,0.0,0.0,0.0
178100,56,190,55,0,1,0,1.0657054086778281,0.004210625278047239,20,1.0,0.0,9.652800132071432
178200,55,202,54,0,1,0,1.0688765578627952,0.0042871821012844605,20,6.0,0.0,65.78270869008668
178300,54,205,52,0,2,0,1.070769950304363,0.004228766479627539,20,7.0,1.0,59.038400554864054
178400,50,237,48,0,2,0,1.074820268878722,0.0042084954601987225,20,1.0,0.0,10.688399248882616
178500,49,256,47,0,2,0,1.0793175506793298,0.004074140928330312,20,2.0,0.0,21.803774035726953
178600,47,262,46,0,1,0,1.088858801863574,0.003724094591829936,20,0.0,0.0,0.0
178700,47,286,47,0,0,0,1.0963056103742126,0.003724094591829936,20,0.0,0.0,0.0
178800,45,266,45,0,0,0,1.1057835563317955,0.0037048100855761983,20,0.0,0.0,0.0
178900,44,287,44,0,0,0,1.1103360107027775,0.003762185821993798,20,0.0,0.0,0.0
179000,44,310,44,0,0,0,1.1126087379755047,0.003762185821993798,20,1.0,0.0,10.187929984833907
179100,44,342,44,0,0,0,1.1171541925209594,0.003762185821993798,20,0.0,0.0,0.0
179200,44,358,44,0,0,0,1.1194269197936866,0.003762185821993798,20,0.0,0.0,0.0
179300,41,379,41,0,0,0,1.1212657244166002,0.0036653041355226195,20,0.0,0.0,0.0
179400,39,394,39,0,0,0,1.1293307027136534,0.003806247236083662,20,11.0,1.0,116.4706352083185
179500,39,418,39,0,0,0,1.1306127539957045,0.003806247236083662,20,5.0,0.0,62.08888124694155
179600,35,455,35,0,0,0,1.1353645797106342,0.003905582141737218,20,0.0,0.0,0.0
179700,35,465,35,0,0,0,1.1410788654249198,0.003905582141737218,20,4.0,0.0,46.29394758545657
179800,33,482,33,0,0,0,1.1409510666739746,0.003779255858521208,20,0.0,0.0,0.0
179900,33,497,33,0,0,0,1.1470116727345807,0.003779255858521208,20,4.0,0.0,37.952503065011875
180000,32,513,32,0,0,0,1.1557252844263726,0.0036671128070370563,20,6.0,1.0,47.75971585683715
180100,32,525,32,0,0,0,1.1588502844263728,0.0036671128070370563,20,0.0,0.0,0.0
180200,31,542,31,0,0,0,1.1646641687205577,0.0037311619790598607,20,1.0,0.0,12.162588828155547
180300,30,555,30,0,0,0,1.1650125634924675,0.0033799822555379594,20,3.0,0.0,37.97692708441544
180400,30,547,30,0,0,0,1.1733458968258006,0.0033799822555379594,20,0.0,0.0,0.0
180500,29,554,29,0,0,0,1.1843969831862524,0.0032183506963418154,20,0.0,0.0,0.0
180600,28,559,28,0,0,0,1.1961221420539232,0.0032374068253414015,20,0.0,0.0,0.0
180700,27,552,27,0,0,0,1.2019765023410656,0.0031497656598064704,20,0.0,0.0,0.0
180800,26,561,26,0,0,0,1.2112718274083665,0.0030373477341502694,20,0.0,0.0,0.0
180900,25,574,25,0,0,0,1.2031593570330712,0.00315884164351628,20,0.0,0.0,0.0
181000,25,563,25,0,0,0,1.2131593570330712,0.00315884164351628,20,0.0,0.0,0.0
181100,25,559,25,0,0,0,1.2211593570330712,0.00315884164351628,20,0.0,0.0,0.0
181200,25,566,25,0,0,0,1.2291593570330712,0.00315884164351628,20,0.0,0.0,0.0
181300,24,596,24,0,0,0,1.2374173281323906,0.003138918113976798,20,0.0,0.0,0.0
181400,23,612,23,0,0,0,1.2378843445940262,0.0032388820043772687,20,0.0,0.0,0.0
181500,23,629,23,0,0,0,1.2400582576375048,0.0032388820043772687,20,0.0,0.0,0.0
181600,22,645,22,0,0,0,1.2510037643307883,0.0031540730582550265,20,0.0,0.0,0.0
181700,22,673,22,0,0,0,1.2600946734216973,0.0031540730582550265,20,0.0,0.0,0.0
181800,20,690,20,0,0,0,1.256647386734109,0.0026512864140322027,20,0.0,0.0,0.0
181900,18,711,18,0,0,0,1.2469934243677117,0.002597569189377579,20,0.0,0.0,0.0
182000,17,713,17,0,0,0,1.2564725017315386,0.0020649779739511072,20,0.0,0.0,0.0
182100,17,755,17,0,0,0,1.2682372076138915,0.0020649779739511072,20,0.0,0.0,0.0
182200,17,773,17,0,0,0,1.2800019134962446,0.0020649779739511072,20,0.0,0.0,0.0
182300,16,809,16,0,0,0,1.2892876015372767,0.0021940390973230516,20,0.0,0.0,0.0
182400,15,857,15,0,0,0,1.2862072977829746,0.0020721247406223185,20,0.0,0.0,0.0
182500,10,905,10,0,0,0,1.2775144126507085,0.002142893107522587,20,5.0,1.0,68.65771495437605
182600,9,959,9,0,0,0,1.3152849325880593,0.0023809923416917636,20,0.0,0.0,0.0
182700,9,1018,9,0,0,0,1.320840488143615,0.0023809923416917636,20,0.0,0.0,0.0
182800,9,1071,9,0,0,0,1.3319515992547262,0.0023809923416917636,20,0.0,0.0,0.0
182900,9,1107,9,0,0,0,1.3319515992547262,0.0023809923416917636,20,0.0,0.0,0.0
183000,7,1162,7,0,0,0,1.3577177808264473,0.002278396169411849,20,0.0,0.0,0.0
183100,7,1203,7,0,0,0,1.3720034951121616,0.002278396169411849,20,0.0,0.0,0.0
183200,6,1244,6,0,0,0,1.4236517423721315,0.002658128864313824,20,0.0,0.0,0.0
183300,6,1279,6,0,0,0,1.4236517423721315,0.002658128864313824,20,0.0,0.0,0.0
183400,6,1323,6,0,0,0,1.4403184090387982,0.002658128864313824,20,0.0,0.0,0.0
183500,5,1377,5,0,0,0,1.470165992312771,0.0026539799742133245,20,0.0,0.0,0.0
183600,4,1424,4,0,0,0,1.5561284719561157,0.0023030985962705208,20,0.0,0.0,0.0
183700,4,1469,4,0,0,0,1.5686284719561154,0.0023030985962705208,20,0.0,0.0,0.0
183800,4,1512,4,0,0,0,1.6061284719561155,0.0023030985962705208,20,0.0,0.0,0.0
183900,4,1564,4,0,0,0,1.6186284719561157,0.0023030985962705208,20,0.0,0.0,0.0
184000,3,1612,3,0,0,0,1.7243385679325491,0.002278527885654477,20,0.0,0.0,0.0
184100,3,1668,3,0,0,0,1.7243385679325491,0.002278527885654477,20,0.0,0.0,0.0
184200,200,368,0,0,0,200,1.0420978420784084,0.0036826296533303427,21,20.0,0.0,212.41182494109754
184300,192,150,0,0,0,192,1.044400299646765,0.0036755052491543373,21,75.0,6.0,703.0635177156936
184400,188,76,0,0,0,188,1.0455156055160835,0.0036378150849330037,21,28.0,1.0,266.9738777562819
184500,181,70,151,5,21,4,1.047287652110731,0.0036960630467849395,21,18.0,2.0,156.87655822559003
184600,165,55,138,7,18,2,1.0526524596741205,0.0037869260230613253,21,27.0,2.0,260.27212376566587
184700,160,54,135,7,17,1,1.052706809938774,0.0037289620656129883,21,16.0,2.0,147.89143802825606
184800,153,50,128,6,19,0,1.0555345409188257,0.003692426436938111,21,27.0,3.0,244.12407294400583
184900,147,45,121,6,20,0,1.0563368680413905,0.0037197223973274222,21,18.0,1.0,169.8002297257277
185000,133,42,108,5,20,0,1.052511926886476,0.003695642053456629,21,33.0,3.0,304.5019301764842
185100,131,51,111,4,16,0,1.0529285355120115,0.003678174506348629,21,3.0,0.0,35.62564216283552
185200,122,59,102,3,17,0,1.0509592121709725,0.0035487201188612308,21,7.0,1.0,57.44138293658186
185300,114,60,97,4,13,0,1.049948584919976,0.0036034817507069918,21,11.0,2.0,101.62610544083628
185400,105,73,90,4,11,0,1.056051137449833,0.0037908340599392297,21,17.0,3.0,148.77551504626462
185500,99,67,85,2,12,0,1.060072579225401,0.0036535300512984853,21,3.0,1.0,18.482751339974524
185600,95,79,83,1,11,0,1.0607850157563208,0.0037328035572020855,21,0.0,0.0,0.0
185700,90,77,81,1,8,0,1.0659873145505456,0.0037610405202330895,21,5.0,1.0,39.71992004289188
185800,89,79,81,1,7,0,1.0676223408846786,0.003777948020611757,21,3.0,1.0,21.06682330045166
185900,86,90,78,1,7,0,1.066284441863093,0.0038770507352834647,21,6.0,1.0,54.75564805811524
186000,83,102,77,1,5,0,1.0696894056602653,0.003925898030635063,21,0.0,0.0,0.0
186100,80,108,75,1,4,0,1.0766472810522791,0.004073119206783877,21,2.0,1.0,8.487225954492063
186200,78,115,74,1,3,0,1.0774222550171688,0.004068579869709193,21,1.0,0.0,9.921547137395688
186300,78,114,73,1,4,0,1.083832511427425,0.004068579869709193,21,4.0,0.0,42.123937183710034
186400,75,113,73,0,2,0,1.0840440103982918,0.0040881921266742146,21,0.0,0.0,0.0
186500,74,115,72,0,2,0,1.0897646466987352,0.004114433554539556,21,0.0,0.0,0.0
186600,73,111,71,0,2,0,1.0971322548867848,0.004164775445607251,21,1.0,0.0,11.898736413772383
186700,71,105,68,0,3,0,1.1018108526162775,0.004064538026987053,21,7.0,1.0,61.436503005044244
186800,69,97,68,0,1,0,1.1029401827793441,0.004130425581172002,21,1.0,0.0,11.877996764436208
186900,67,103,66,0,1,0,1.1054842095113122,0.004239966255071732,21,0.0,0.0,0.0
187000,67,108,66,0,1,0,1.1069767468247451,0.004239966255071732,21,1.0,0.0,11.70806799301257
187100,67,125,66,0,1,0,1.109961821451611,0.004239966255071732,21,1.0,0.0,12.292966294753276
187200,66,124,65,0,1,0,1.109256139501634,0.004220792660488763,21,5.0,0.0,44.886129772460315
187300,64,122,64,0,0,0,1.1154679825165554,0.004306055468853205,21,2.0,0.0,19.135385902755193
187400,61,120,61,0,0,0,1.1177170864119343,0.00407425575858149,21,0.0,0.0,0.0
187500,60,116,60,0,0,0,1.119980906894884,0.004017958722688616,21,3.0,0.0,31.86224310451573
187600,58,132,58,0,0,0,1.1228570072774524,0.003919582651692111,21,3.0,1.0,17.954451908984126
187700,56,148,56,0,0,0,1.1230778148012994,0.0037994603376739424,21,1.0,0.0,10.276570415451493
187800,55,149,55,0,0,0,1.1247225538645373,0.003818794571431453,21,0.0,0.0,0.0
187900,54,154,54,0,0,0,1.1251184805178736,0.003855891702060574,21,2.0,0.0,21.175293947504635
188000,54,174,54,0,0,0,1.1269703323697253,0.003855891702060574,21,1.0,0.0,11.600413187407199
188100,54,167,54,0,0,0,1.129748110147503,0.003855891702060574,21,0.0,0.0,0.0
188200,53,179,53,0,0,0,1.1385645216182858,0.003852206224435275,21,6.0,0.0,70.90474476440896
188300,51,176,51,0,0,0,1.1496749361308691,0.003839713706438642,21,5.0,2.0,36.69739401994787
188400,48,183,48,0,0,0,1.147145101770911,0.003849187578471741,21,0.0,0.0,0.0
188500,48,177,48,0,0,0,1.1481867684375775,0.003849187578471741,21,0.0,0.0,0.0
188600,47,183,47,0,0,0,1.1557655464298986,0.003900698508844177,21,1.0,0.0,11.799311400072886
188700,44,185,44,0,0,0,1.1551733442031813,0.003905028399746119,21,11.0,0.0,118.48457496618383
188800,42,209,42,0,0,0,1.164480737693818,0.003999245926533079,21,0.0,0.0,0.0
188900,40,239,40,0,0,0,1.1645859046421176,0.004024632796186756,21,0.0,0.0,0.0
189000,39,236,39,0,0,0,1.1688133958507194,0.004103282184871828,21,0.0,0.0,0.0
189100,37,252,37,0,0,0,1.171853987877382,0.004200565134199954,21,3.0,0.0,32.217700969264065
189200,35,235,35,0,0,0,1.177575959348875,0.00416419756718578,21,0.0,0.0,0.0
189300,33,251,33,0,0,0,1.1829837562266583,0.0042403344619752195,21,0.0,0.0,0.0
189400,31,274,31,0,0,0,1.1772046665453197,0.004135440656602416,21,0.0,0.0,0.0
189500,29,305,29,0,0,0,1.1789770781943247,0.0037239626190648284,21,0.0,0.0,0.0
189600,25,333,25,0,0,0,1.193878933935365,0.003710742018675102,21,0.0,0.0,0.0
189700,25,356,25,0,0,0,1.193878933935365,0.003710742018675102,21,0.0,0.0,0.0
189800,23,403,23,0,0,0,1.1989150255096912,0.003977305120801421,21,0.0,0.0,0.0
189900,23,437,23,0,0,0,1.205436764640126,0.003977305120801421,21,0.0,0.0,0.0
190000,23,463,23,0,0,0,1.211958503770561,0.003977305120801421,21,0.0,0.0,0.0
190100,23,485,23,0,0,0,1.2184802429009955,0.003977305120801421,21,0.0,0.0,0.0
190200,23,510,23,0,0,0,1.2250019820314304,0.003977305120801421,21,0.0,0.0,0.0
190300,23,538,23,0,0,0,1.2336976342053436,0.003977305120801421,21,0.0,0.0,0.0
190400,19,561,19,0,0,0,1.213220284809058,0.0035465512513141997,21,0.0,0.0,0.0
190500,18,597,18,0,0,0,1.2177882970460594,0.003743581876387211,21,0.0,0.0,0.0
190600,17,623,17,0,0,0,1.20465004848971,0.0035593362465322583,21,0.0,0.0,0.0
190700,17,638,17,0,0,0,1.2193559308426511,0.0035593362465322583,21,0.0,0.0,0.0
190800,16,666,16,0,0,0,1.2177500102487695,0.003270684458609438,21,0.0,0.0,0.0
190900,16,689,16,0,0,0,1.2271250102487694,0.003270684458609438,21,0.0,0.0,0.0
191000,16,709,16,0,0,0,1.2365000102487695,0.003270684458609438,21,0.0,0.0,0.0
191100,12,731,12,0,0,0,1.2419509874245909,0.0023477756753707154,21,0.0,0.0,0.0
191200,10,755,10,0,0,0,1.252553835253756,0.0023229414792087866,21,3.0,0.0,43.404395678793534
191300,9,785,9,0,0,0,1.2617308446534774,0.0019738923035499557,21,0.0,0.0,0.0
191400,9,825,9,0,0,0,1.2672864002090332,0.0019738923035499557,21,0.0,0.0,0.0
191500,8,878,8,0,0,0,1.2878808709371274,0.0022206288414937,21,0.0,0.0,0.0
191600,7,933,7,0,0,0,1.2792024761810392,0.002537861533135657,21,0.0,0.0,0.0
191700,7,985,7,0,0,0,1.2934881904667535,0.002537861533135657,21,0.0,0.0,0.0
191800,7,1035,7,0,0,0,1.3006310476096108,0.002537861533135657,21,4.0,0.0,54.59086741697509
191900,6,1092,6,0,0,0,1.3257293722501464,0.0021259818631009977,21,1.0,1.0,0.0
192000,6,1136,6,0,0,0,1.342396038916813,0.0021259818631009977,21,0.0,0.0,0.0
192100,6,1182,6,0,0,0,1.3590627055834796,0.0021259818631009977,21,0.0,0.0,0.0
192200,6,1218,6,0,0,0,1.3757293722501462,0.0021259818631009977,21,0.0,0.0,0.0
192300,6,1259,6,0,0,0,1.3840627055834798,0.0021259818631009977,21,0.0,0.0,0.0
192400,5,1287,5,0,0,0,1.3974715329563445,0.0020079825456053254,21,0.0,0.0,0.0
192500,5,1332,5,0,0,0,1.4174715329563443,0.0020079825456053254,21,0.0,0.0,0.0
192600,5,1373,5,0,0,0,1.4274715329563445,0.0020079825456053254,21,2.0,0.0,28.87098189197262
192700,5,1417,5,0,0,0,1.4674715329563444,0.0020079825456053254,21,0.0,0.0,0.0
192800,5,1440,5,0,0,0,1.4674715329563444,0.0020079825456053254,21,0.0,0.0,0.0
192900,5,1458,5,0,0,0,1.5174715329563444,0.0020079825456053254,21,0.0,0.0,0.0
193000,5,1495,5,0,0,0,1.5274715329563444,0.0020079825456053254,21,0.0,0.0,0.0
193100,5,1539,5,0,0,0,1.5574715329563444,0.0020079825456053254,21,0.0,0.0,0.0
193200,198,380,0,0,0,198,1.033932021847894,0.0024330873828688495,22,38.0,2.0,368.46772848925985
193300,195,163,0,0,0,195,1.0332759238593257,0.0024705194964514472,22,52.0,2.0,523.7014050925384
193400,191,68,0,0,0,191,1.0335513920021642,0.0025095167810229393,22,17.0,1.0,170.24752643732245
193500,186,72,147,2,30,7,1.0348725219211343,0.0025320645528795526,22,39.0,2.0,371.417474874161
193600,178,67,149,2,26,1,1.037056479685629,0.002467832749469073,22,17.0,2.0,146.0597304530511
193700,169,60,140,4,25,0,1.036602823028637,0.00258226237872202,22,27.0,4.0,229.3997086227732
193800,162,55,132,5,25,0,1.0397275955174425,0.0024846433663141144,22,27.0,3.0,248.5190103083246
193900,154,62,126,4,24,0,1.038924140986875,0.002470479954713957,22,25.0,2.0,251.32880065943124
194000,146,60,121,4,21,0,1.0417793956012014,0.002538206867220519,22,5.0,1.0,37.180139885412686
194100,137,60,111,4,22,0,1.0431079394573446,0.0024038974456367344,22,16.0,2.0,139.3121646788656
194200,126,59,103,3,20,0,1.0475775535987317,0.002568230239034225,22,8.0,2.0,63.82454208372951
194300,120,56,97,4,19,0,1.0521094425309756,0.0026537570099733994,22,3.0,1.0,20.2359610551036
194400,117,71,96,4,17,0,1.0530241605089852,0.0024853520612343827,22,10.0,1.0,95.37016044030737
194500,115,81,96,4,15,0,1.0533379238689287,0.0025285755753428067,22,2.0,1.0,9.826195236306345
194600,112,84,94,3,15,0,1.0527223435701087,0.0025942539206057482,22,11.0,1.0,99.71787196560142
194700,107,84,89,4,14,0,1.0529485201226505,0.0025173845997541466,22,9.0,2.0,72.8485793628076
194800,102,79,87,3,12,0,1.0522408221073403,0.002597916627310383,22,3.0,0.0,31.85792940772532
194900,101,80,86,3,12,0,1.0536649734831827,0.0026098424316844003,22,13.0,1.0,117.52744271541684
195000,100,88,87,2,11,0,1.0554995593032905,0.002635940856001245,22,9.0,0.0,89.67910831127128
195100,96,81,85,1,10,0,1.0575601549703288,0.002633902970334726,22,6.0,1.0,46.355957631921704
195200,96,93,85,1,10,0,1.059122654970329,0.002633902970334726,22,4.0,0.0,38.615066242005206
195300,89,97,80,1,8,0,1.0553464423176333,0.002680255733335424,22,7.0,1.0,61.51318364520564
195400,89,97,81,1,7,0,1.0587172288344873,0.002680255733335424,22,1.0,0.0,9.540880571003651
195500,88,96,80,1,7,0,1.0622917562970806,0.0026726463661001457,22,2.0,0.0,19.102236959940086
195600,86,103,79,1,6,0,1.0644042333293278,0.002734800932753638,22,0.0,0.0,0.0
195700,84,100,77,1,6,0,1.066569008109067,0.0027353756312832813,22,4.0,0.0,39.55608800696663
195800,84,110,77,1,6,0,1.0701404366804956,0.0027353756312832813,22,1.0,0.0,11.028521314499779
195900,84,122,78,0,6,0,1.07192615096621,0.0027353756312832813,22,8.0,0.0,84.20670224460532
196000,82,120,78,0,4,0,1.0746413523101148,0.0027657156466429867,22,2.0,0.0,19.0183777949779
196100,81,127,78,0,3,0,1.0775220924293916,0.0027880618542032803,22,1.0,0.0,11.888337226577727
196200,81,130,78,0,3,0,1.078756660330626,0.0027880618542032803,22,8.0,0.0,85.83112195374177
196300,80,129,77,0,3,0,1.083173174236523,0.0028229126273808212,22,2.0,0.0,22.06276243920077
196400,77,118,75,0,2,0,1.0864825509110272,0.0028209798277454186,22,4.0,2.0,21.91645724892281
196500,75,137,73,0,2,0,1.0853107417651124,0.0028962059564852957,22,0.0,0.0,0.0
196600,73,151,73,0,0,0,1.086440299585802,0.002933166106615356,22,0.0,0.0,0.0
196700,69,161,69,0,0,0,1.092038147730025,0.0030601678739830824,22,0.0,0.0,0.0
196800,67,170,67,0,0,0,1.0952886196958092,0.0031103365647586305,22,1.0,0.0,11.070659251222256
196900,65,173,65,0,0,0,1.0963025350697964,0.002977679321176869,22,7.0,0.0,78.21030142834078
197000,64,180,64,0,0,0,1.098757894480645,0.002970896656967326,22,3.0,0.0,31.878412668518273
197100,63,178,63,0,0,0,1.0968743398074157,0.002969121786295236,22,0.0,0.0,0.0
197200,62,197,62,0,0,0,1.1010678965112615,0.002910084201560635,22,0.0,0.0,0.0
197300,60,220,60,0,0,0,1.101443430702368,0.0029546451935669247,22,1.0,0.0,10.09485113399117
197400,59,238,59,0,0,0,1.1029731730138737,0.0030047239256612798,22,0.0,0.0,0.0
197500,59,259,59,0,0,0,1.1055155458952297,0.0030047239256612798,22,1.0,0.0,10.09485113399117
197600,59,276,59,0,0,0,1.109752834030823,0.0030047239256612798,22,9.0,0.0,93.85041268458849
197700,56,295,56,0,0,0,1.1081227132614988,0.0030649294161812076,22,3.0,1.0,21.641676643643425
197800,54,322,54,0,0,0,1.1113907842437265,0.003172266852480074,22,4.0,1.0,30.78635352051084
197900,53,351,53,0,0,0,1.1187488677965782,0.0031155490606277893,22,1.0,0.0,9.812609663168494
198000,50,367,50,0,0,0,1.1212580839499084,0.003181826305189888,22,3.0,0.0,31.14397501360694
198100,48,383,48,0,0,0,1.1247801875136774,0.003168008416316826,22,0.0,0.0,0.0
198200,47,396,47,0,0,0,1.1271112498727691,0.0032354128507065456,22,1.0,0.0,12.766832003525872
198300,44,427,44,0,0,0,1.1213769055733063,0.0033739063158910645,22,0.0,0.0,0.0
198400,44,452,44,0,0,0,1.1270587237551244,0.0033739063158910645,22,0.0,0.0,0.0
198500,42,474,42,0,0,0,1.1281958400965135,0.0032561736918443043,22,0.0,0.0,0.0
198600,41,502,41,0,0,0,1.1253869678681816,0.003315983653060633,22,0.0,0.0,0.0
198700,38,547,38,0,0,0,1.1247815465370656,0.003457240612173982,22,0.0,0.0,0.0
198800,38,582,38,0,0,0,1.127413125484434,0.003457240612173982,22,0.0,0.0,0.0
198900,36,616,36,0,0,0,1.126634980635104,0.0035929787929719834,22,1.0,0.0,9.812609663168494
199000,35,661,35,0,0,0,1.1313292935422181,0.003578766159468632,22,0.0,0.0,0.0
199100,35,701,35,0,0,0,1.1356150078279326,0.003578766159468632,22,1.0,0.0,11.13090489638036
199200,33,761,33,0,0,0,1.138776155082655,0.003624788726850864,22,0.0,0.0,0.0
199300,33,805,33,0,0,0,1.1402913065978062,0.003624788726850864,22,0.0,0.0,0.0
199400,31,840,31,0,0,0,1.1475620827225983,0.0034919869907745356,22,2.0,0.0,21.140775300285718
199500,31,877,31,0,0,0,1.1524007924000177,0.0034919869907745356,22,0.0,0.0,0.0
199600,30,908,30,0,0,0,1.1613642463440186,0.0036083865571336867,22,0.0,0.0,0.0
199700,29,933,29,0,0,0,1.1641074019650977,0.003732813679793469,22,0.0,0.0,0.0
199800,29,984,29,0,0,0,1.1641074019650977,0.003732813679793469,22,3.0,0.0,36.22586335064441
199900,24,1030,24,0,0,0,1.168632021374546,0.0035494103671886187,22,1.0,0.0,9.827040370650506
200000,23,1086,23,0,0,0,1.1652814881452482,0.0036328936886002414,22,2.0,0.0,21.214272215749645
200100,20,1149,20,0,0,0,1.1510170804770197,0.003406082536033454,22,0.0,0.0,0.0
200200,18,1202,18,0,0,0,1.1628177745754433,0.003559969736350574,22,0.0,0.0,0.0
200300,18,1261,18,0,0,0,1.1683733301309986,0.003559969736350574,22,2.0,0.0,21.503419277000425
200400,18,1321,18,0,0,0,1.1683733301309986,0.003559969736350574,22,0.0,0.0,0.0
200500,17,1379,17,0,0,0,1.1645817494349278,0.003337616314027512,22,0.0,0.0,0.0
200600,13,1448,13,0,0,0,1.1832353906369077,0.0036475749629696253,22,1.0,0.0,11.469188897488952
200700,13,1513,13,0,0,0,1.1832353906369077,0.0036475749629696253,22,0.0,0.0,0.0
200800,13,1582,13,0,0,0,1.1870815444830618,0.0036475749629696253,22,0.0,0.0,0.0
200900,11,1645,11,0,0,0,1.1950801306199759,0.004101165148507855,22,0.0,0.0,0.0
201000,10,1713,10,0,0,0,1.1816222329552155,0.0035599582620735723,22,0.0,0.0,0.0
201100,7,1782,7,0,0,0,1.1875647215126415,0.0034058194079378203,22,0.0,0.0,0.0
201200,6,1845,6,0,0,0,1.1943066370283504,0.0031778819384216546,22,0.0,0.0,0.0
201300,5,1917,5,0,0,0,1.218065767362211,0.002802602227249129,22,0.0,0.0,0.0
201400,3,1987,3,0,0,0,1.2164054030148568,0.0017504854273910672,22,0.0,0.0,0.0
201500,2,2062,2,0,0,0,1.2053934363945804,0.001574888262367201,22,0.0,0.0,0.0
201600,194,281,0,0,0,194,1.03674956668631,0.003242351320986612,23,67.0,5.0,673.2462021795535
201700,189,146,0,0,0,189,1.0357094443208092,0.003230520773189749,23,38.0,4.0,344.0023977287483
201800,186,91,0,0,0,186,1.0372377380423332,0.0032428742649228946,23,35.0,3.0,324.52438655737757
201900,182,87,143,4,30,5,1.037985322337019,0.003251467737295029,23,30.0,2.0,291.348897956272
202000,176,89,142,5,26,3,1.0385096162822873,0.003147375000948531,23,29.0,2.0,275.3373869857676
202100,171,84,140,4,26,1,1.03961188560059,0.0031429366390091766,23,16.0,0.0,163.75631388137742
202200,165,84,133,4,28,0,1.043177726211561,0.0031130857316275825,23,17.0,1.0,172.79483095594853
202300,162,82,128,4,30,0,1.0444419952581698,0.0030794567432928708,23,21.0,3.0,182.2288194765915
202400,157,77,128,3,26,0,1.0450529639852015,0.003117524519472761,23,5.0,1.0,40.11422472739121
202500,154,82,127,3,24,0,1.0449793655951758,0.0031497315825551437,23,13.0,2.0,109.11048030631297
202600,150,82,125,4,21,0,1.0436174208892575,0.003142350132018727,23,12.0,1.0,115.1899761178994
202700,145,74,120,4,21,0,1.0449579923567938,0.003217348754098872,23,21.0,2.0,196.62497248797348
202800,138,83,113,4,21,0,1.0474333621640326,0.003169414889167736,23,22.0,2.0,211.34518097287537
202900,135,86,111,3,21,0,1.048173285059936,0.003215832353227961,23,28.0,1.0,292.09392952889885
203000,127,94,106,3,18,0,1.047564952523601,0.003262698854158437,23,13.0,2.0,110.33744320816191
203100,127,85,107,2,18,0,1.048746054885806,0.003262698854158437,23,12.0,0.0,118.4735236596381
203200,125,92,108,1,16,0,1.0499118676853416,0.00329990999487839,23,12.0,0.0,127.65837988019047
203300,124,88,107,1,16,0,1.0511817978237334,0.0032961792647038437,23,11.0,1.0,102.66375015332464
203400,122,84,106,0,16,0,1.05105378276234,0.0032955260176439505,23,11.0,1.0,103.78355743069926
203500,119,112,104,0,15,0,1.0528112561941467,0.0033615086804783373,23,12.0,2.0,109.1688541472612
203600,115,116,102,0,13,0,1.0574165123229158,0.003381533702579645,23,7.0,2.0,50.1340507250816
203700,110,108,98,0,12,0,1.0622138606822258,0.003451726830980893,23,22.0,1.0,210.4632967731479
203800,106,101,96,1,9,0,1.0688351200238686,0.003461089147346294,23,18.0,2.0,165.28626822409495
203900,106,113,96,1,9,0,1.070721912476699,0.003461089147346294,23,5.0,0.0,54.7922085072454
204000,102,126,93,1,8,0,1.0741249130695785,0.0034575493947488207,23,9.0,3.0,65.42523848675293
204100,101,134,92,1,8,0,1.0748061588790059,0.0034371832624780843,23,7.0,1.0,63.260254173977465
204200,98,149,90,1,7,0,1.0775877464746444,0.0035018751959720287,23,10.0,3.0,76.9997856720876
204300,98,153,90,1,7,0,1.0786081546379096,0.0035018751959720287,23,3.0,0.0,32.08602202414151
204400,97,171,89,0,8,0,1.0790476048553057,0.00344074999209003,23,28.0,1.0,282.57518166378975
204500,93,168,85,0,8,0,1.081346916452829,0.0035098882818236413,23,13.0,2.0,117.93338761259007
204600,89,154,82,1,6,0,1.0838950269665482,0.0033950605456539037,23,6.0,1.0,54.57080958843353
204700,88,180,82,1,5,0,1.08405822581935,0.0033736802564180855,23,8.0,0.0,82.62029872739151
204800,86,194,82,1,3,0,1.087322830980677,0.003282777840832258,23,9.0,0.0,98.62658487637911
204900,83,199,80,0,3,0,1.088611291406002,0.003396565083288877,23,4.0,0.0,41.8361265741328
205000,82,212,79,0,3,0,1.0913818396635084,0.0033953998770277377,23,3.0,0.0,31.80427411314841
205100,81,208,78,0,3,0,1.0947785490032889,0.00343731839402808,23,8.0,1.0,75.88613414982325
205200,78,208,75,0,3,0,1.0990761923505197,0.0034977617282489428,23,6.0,0.0,68.61416037866685
205300,74,199,74,0,0,0,1.1028865076629788,0.0035299102388928164,23,10.0,0.0,112.94301214629084
205400,70,207,70,0,0,0,1.1058702182347944,0.003377961641104089,23,0.0,0.0,0.0
205500,66,234,65,0,1,0,1.1040861800400026,0.0032022627340563816,23,7.0,1.0,66.60271927079891
205600,66,260,65,0,1,0,1.105601331555154,0.0032022627340563816,23,5.0,0.0,58.53130890657161
205700,64,280,63,0,1,0,1.1064223198336118,0.003081476648152486,23,6.0,1.0,57.181428186268036
205800,64,295,63,0,1,0,1.1079848198336117,0.003081476648152486,23,6.0,0.0,61.79491059314458
205900,63,318,62,0,1,0,1.1098594736822718,0.003033302707298286,23,0.0,0.0,0.0
206000,63,336,62,0,1,0,1.112240426063224,0.003033302707298286,23,0.0,0.0,0.0
206100,63,345,62,0,1,0,1.1170023308251287,0.003033302707298286,23,0.0,0.0,0.0
206200,63,352,62,0,1,0,1.1209705847933826,0.003033302707298286,23,2.0,0.0,22.95548168904054
206300,60,373,59,0,1,0,1.1217611448393663,0.003012502834767969,23,1.0,0.0,11.452649821668198
206400,60,383,59,0,1,0,1.1259278115060332,0.003012502834767969,23,1.0,0.0,12.5124624035167
206500,57,398,56,0,1,0,1.126283974880144,0.003091870258130504,23,4.0,0.0,48.55233937688048
206600,53,416,53,0,0,0,1.1238631915838935,0.0027544069066487388,23,6.0,1.0,56.964852565804534
206700,53,422,53,0,0,0,1.1276367764895538,0.0027544069066487388,23,1.0,0.0,11.994111802310956
206800,53,440,53,0,0,0,1.1314103613952142,0.0027544069066487388,23,7.0,0.0,78.07959531228074
206900,52,480,52,0,0,0,1.1304982453257195,0.0028073762702381377,23,1.0,0.0,11.591760847026201
207000,51,506,51,0,0,0,1.1351440868201887,0.002737887363728543,23,7.0,1.0,71.96467081386574
207100,50,537,50,0,0,0,1.1351903137667432,0.0027737850568310294,23,2.0,0.0,22.067197150094977
207200,49,562,49,0,0,0,1.1365184166900455,0.0026034832174850423,23,0.0,0.0,0.0
207300,49,586,49,0,0,0,1.1395796411798416,0.0026034832174850423,23,1.0,0.0,11.576225877192243
207400,48,616,48,0,0,0,1.142424829355896,0.0025256206894795825,23,1.0,0.0,11.994111802310956
207500,47,639,47,0,0,0,1.1418867782187916,0.0025672927062868724,23,4.0,0.0,46.95190920119506
207600,46,681,46,0,0,0,1.1460230631290864,0.0025151868944101293,23,10.0,1.0,108.7593720009805
207700,44,714,43,0,1,0,1.1409589855787872,0.0025552989793993105,23,2.0,1.0,11.994111802310956
207800,42,756,41,0,1,0,1.1442836860103316,0.0025169044858561287,23,2.0,0.0,18.99659809555207
207900,42,799,41,0,1,0,1.146664638391284,0.0025169044858561287,23,3.0,0.0,34.43190998701745
208000,39,834,39,0,0,0,1.1445687776486555,0.002549054226833353,23,6.0,1.0,60.56409631336223
208100,39,884,39,0,0,0,1.1496969827768606,0.002549054226833353,23,0.0,0.0,0.0
208200,35,910,35,0,0,0,1.154090812084001,0.002574916851963624,23,0.0,0.0,0.0
208300,32,954,32,0,0,0,1.149606166622955,0.0028163153068352133,23,6.0,1.0,55.02918704022957
208400,30,995,30,0,0,0,1.1555650049053467,0.0026551728320340622,23,0.0,0.0,0.0
208500,28,1033,28,0,0,0,1.158590631102264,0.0027865558936570277,23,1.0,0.0,9.498299047776035
208600,26,1078,26,0,0,0,1.166781554737746,0.002772850555223091,23,3.0,0.0,36.48381065474334
208700,23,1109,23,0,0,0,1.181016693459102,0.0029578027373961366,23,1.0,0.0,11.867222602223645
208800,22,1143,22,0,0,0,1.1962641548406532,0.0029346310492104166,23,3.0,1.0,22.404519458072148
208900,19,1196,19,0,0,0,1.2149552165067208,0.0029967160214413847,23,2.0,0.0,22.014222118141497
209000,17,1250,17,0,0,0,1.214386933546488,0.003349270847493312,23,0.0,0.0,0.0
209100,16,1306,16,0,0,0,1.220087704526621,0.0034703790586503,23,0.0,0.0,0.0
209200,15,1356,15,0,0,0,1.2161720495723591,0.003695845764330789,23,0.0,0.0,0.0
209300,13,1421,13,0,0,0,1.229868538471017,0.003638751341172807,23,5.0,0.0,56.10697212673578
209400,11,1480,11,0,0,0,1.2351897411066906,0.0033220320204503605,23,2.0,1.0,10.430162264578408
209500,10,1528,10,0,0,0,1.2434243773676308,0.0036542352224953967,23,0.0,0.0,0.0
209600,5,1587,5,0,0,0,1.2600496631106919,0.004623673773375725,23,0.0,0.0,0.0
209700,5,1656,5,0,0,0,1.2600496631106919,0.004623673773375725,23,0.0,0.0,0.0
209800,5,1708,5,0,0,0,1.270049663110692,0.004623673773375725,23,0.0,0.0,0.0
209900,5,1775,5,0,0,0,1.290049663110692,0.004623673773375725,23,0.0,0.0,0.0
210000,3,1841,3,0,0,0,1.3630049148796173,0.00476663203316937,23,0.0,0.0,0.0
210100,3,1902,3,0,0,0,1.3630049148796173,0.00476663203316937,23,0.0,0.0,0.0
210200,3,1967,3,0,0,0,1.3963382482129507,0.00476663203316937,23,0.0,0.0,0.0
210300,3,2039,3,0,0,0,1.3963382482129507,0.00476663203316937,23,0.0,0.0,0.0
210400,2,2105,2,0,0,0,1.4763327229142904,0.0031350439728048676,23,0.0,0.0,0.0
210500,2,2176,2,0,0,0,1.5013327229142903,0.0031350439728048676,23,0.0,0.0,0.0
210600,195,282,0,0,0,195,1.0951943587196995,0.005556529693439161,24,69.0,5.0,696.7074585995973
210700,190,165,0,0,0,190,1.0952934438583042,0.005562076670173771,24,30.0,3.0,299.7545836296979
210800,184,119,0,0,0,184,1.0953174523282816,0.005550244947468921,24,41.0,5.0,404.11385739197914
210900,178,81,148,10,17,3,1.0945473561728942,0.005520541146651407,24,10.0,2.0,93.15029098410841
211000,174,74,146,8,19,1,1.0929030823899035,0.0054635377763904095,24,28.0,1.0,313.70751594329624
211100,170,82,143,7,20,0,1.0935024518045293,0.005451187858627571,24,30.0,1.0,330.89423118330797
211200,163,69,137,7,19,0,1.0918637484812372,0.0055486475004691595,24,10.0,1.0,93.52310774912551
211300,157,68,132,7,18,0,1.0881195768910406,0.005625972115680344,24,33.0,2.0,336.671720436376
211400,149,68,120,10,19,0,1.0866634767056889,0.005557369901142247,24,40.0,5.0,382.6157882029189
211500,143,77,112,8,23,0,1.0895169472521185,0.005613557425747272,24,26.0,3.0,222.11054975545048
211600,137,80,109,7,21,0,1.088243849249225,0.0055478822300436305,24,13.0,0.0,153.96028243412803
211700,134,97,107,6,21,0,1.0878639866640831,0.00559648379859331,24,20.0,1.0,218.37415129484015
211800,133,91,109,6,18,0,1.0866735498608837,0.005506365868246814,24,6.0,0.0,65.48862063819932
211900,129,88,104,7,18,0,1.0859785477244324,0.005403826157974515,24,23.0,2.0,238.11362456283314
212000,126,89,101,7,18,0,1.086254371879024,0.005407058053298285,24,7.0,1.0,69.25169532680405
212100,118,90,93,7,18,0,1.0869703792978795,0.005348618969868514,24,28.0,4.0,262.1449296838647
212200,116,88,91,6,19,0,1.087429757406231,0.005326953073909152,24,10.0,1.0,97.76439253093574
212300,110,86,89,5,16,0,1.0944187116008997,0.0052164592534242795,24,21.0,3.0,211.27299251430293
212400,109,93,90,5,14,0,1.0958729690384563,0.005264316677767621,24,10.0,1.0,103.49355180164551
212500,107,92,89,5,13,0,1.09658723238384,0.005212907818686636,24,8.0,0.0,85.36363058217088
212600,106,97,90,4,12,0,1.0976858719829565,0.005166797104353855,24,4.0,0.0,47.41508256879135
212700,106,104,90,4,12,0,1.1009877587754093,0.005166797104353855,24,4.0,0.0,36.629141159897415
212800,103,118,89,3,11,0,1.1024459244152867,0.00512143303763335,24,3.0,2.0,8.273783774928182
212900,99,115,89,1,9,0,1.1042142759679971,0.0051604256619237005,24,8.0,1.0,79.1503200609027
213000,98,111,88,1,9,0,1.1081886626934427,0.005212333731478622,24,5.0,0.0,50.42553631616451
213100,94,124,85,1,8,0,1.1040021581825543,0.005106190987884297,24,7.0,2.0,60.038472275204526
213200,91,127,81,1,9,0,1.1079395667659488,0.005026173294421147,24,5.0,1.0,50.33845736163413
213300,90,132,81,1,8,0,1.1100936113529039,0.004971090711890268,24,3.0,0.0,32.65933286066093
213400,88,109,79,1,8,0,1.1138491146138974,0.004978875686095289,24,12.0,0.0,131.16544619795346
213500,88,131,79,1,8,0,1.1166900237048065,0.004978875686095289,24,2.0,0.0,22.326933703906104
213600,88,134,80,1,7,0,1.118962750977534,0.004978875686095289,24,6.0,0.0,74.81760199712802
213700,86,137,78,1,7,0,1.1219449669523687,0.004956787980161428,24,12.0,1.0,124.16472450769669
213800,83,159,75,1,7,0,1.1203932754470605,0.004782138130245507,24,13.0,3.0,103.06324610687358
213900,78,153,71,1,6,0,1.1221758628679344,0.0047737202236665605,24,5.0,0.0,57.33182810705256
214000,76,167,69,1,6,0,1.1235040194488455,0.004777940061997083,24,0.0,0.0,0.0
214100,76,171,69,1,6,0,1.127451387869898,0.004777940061997083,24,8.0,0.0,87.7346469594979
214200,74,172,68,1,5,0,1.1338906906016628,0.0046586222975560755,24,5.0,1.0,40.63866016080728
214300,72,183,68,1,3,0,1.135865625323957,0.004592960007882208,24,8.0,0.0,94.89333638587026
214400,71,188,67,1,3,0,1.1400269375319267,0.004657649585458014,24,7.0,0.0,66.15860931362484
214500,70,214,67,1,2,0,1.1405044246537117,0.004652292966506056,24,11.0,1.0,120.25513237213178
214600,68,235,65,1,2,0,1.1487727201122477,0.004620724618186898,24,0.0,0.0,0.0
214700,65,235,62,1,2,0,1.1493181487761317,0.004582368560811345,24,7.0,1.0,59.707435932209066
214800,64,244,61,1,2,0,1.152261222192574,0.004653968069574023,24,10.0,1.0,111.18109462293468
214900,62,273,59,1,2,0,1.15390690499373,0.004535427114585908,24,8.0,1.0,90.03414239520902
215000,60,273,57,1,2,0,1.1533036194286228,0.004421506839995213,24,2.0,1.0,12.48086186196225
215100,57,299,54,1,2,0,1.1408751273018891,0.004366001832237461,24,0.0,0.0,0.0
215200,55,322,52,1,2,0,1.1438667984536532,0.00429937500038965,24,5.0,0.0,54.76645998169661
215300,55,347,53,1,1,0,1.147503162090017,0.00429937500038965,24,2.0,0.0,26.81899110077695
215400,54,366,52,1,1,0,1.1475301267641052,0.004235316550741083,24,1.0,0.0,8.507325960067227
215500,52,395,49,1,2,0,1.1592117589801993,0.004329747767439724,24,18.0,2.0,162.3827102405624
215600,52,413,48,1,3,0,1.1630579128263534,0.004329747767439724,24,6.0,0.0,73.08022668473478
215700,50,428,46,1,3,0,1.1652978526497422,0.004424283660963736,24,6.0,0.0,77.51044170500757
215800,49,448,46,0,3,0,1.1643565544351084,0.004382121968874321,24,12.0,0.0,147.37718618989055
215900,48,463,45,0,3,0,1.1639011396580503,0.004362471443072806,24,6.0,0.0,66.17472919266793
216000,47,490,44,0,3,0,1.170164718158125,0.004338691974811709,24,1.0,0.0,11.173435111708537
216100,47,502,44,0,3,0,1.174420037307061,0.004338691974811709,24,0.0,0.0,0.0
216200,45,532,42,0,3,0,1.1731764570089804,0.004271889486984598,24,0.0,0.0,0.0
216300,44,561,42,0,2,0,1.1717205630047667,0.004236881556570189,24,4.0,0.0,45.33141842333559
216400,44,606,42,0,2,0,1.1728569266411304,0.004236881556570189,24,4.0,0.0,39.84142968895833
216500,40,630,38,0,2,0,1.1690044136418876,0.0038795465041825657,24,1.0,0.0,12.766800683033152
216600,38,671,37,0,1,0,1.1714319506680166,0.004076066206092439,24,0.0,0.0,0.0
216700,35,713,35,0,0,0,1.1681868176266552,0.00384197123275114,24,4.0,0.0,51.06720273213261
216800,33,763,33,0,0,0,1.1699559276713805,0.0037702941864832637,24,4.0,0.0,48.9099633318926
216900,32,797,32,0,0,0,1.1755749741620405,0.0037689642397292023,24,1.0,0.0,12.970861861962248
217000,31,844,31,0,0,0,1.1819952661395337,0.00389054373133337,24,1.0,0.0,12.746235999296218
217100,31,876,31,0,0,0,1.1868339758169533,0.00389054373133337,24,1.0,0.0,11.058384487849553
217200,28,940,28,0,0,0,1.1894449489321044,0.003940974120985299,24,0.0,0.0,0.0
217300,27,999,27,0,0,0,1.1936609924963297,0.003983402084109932,24,0.0,0.0,0.0
217400,27,1055,27,0,0,0,1.1936609924963297,0.003983402084109932,24,0.0,0.0,0.0
217500,26,1108,26,0,0,0,1.1907896509581646,0.003850798653077276,24,0.0,0.0,0.0
217600,26,1154,26,0,0,0,1.1965588817273956,0.003850798653077276,24,0.0,0.0,0.0
217700,24,1185,24,0,0,0,1.1914148093520385,0.003902301417050754,24,4.0,1.0,29.213430681362013
217800,22,1223,22,0,0,0,1.2028902189116668,0.0037949015306070113,24,1.0,0.0,9.656511814947402
217900,21,1257,21,0,0,0,1.216534372085111,0.0038343388604727955,24,1.0,0.0,13.291839549517766
218000,21,1289,21,0,0,0,1.218915324466063,0.0038343388604727955,24,4.0,0.0,45.92011330394898
218100,18,1306,18,0,0,0,1.2318591728617685,0.0037853177643710923,24,3.0,0.0,36.177864231013686
218200,17,1357,17,0,0,0,1.2430179783502346,0.004007983515216451,24,0.0,0.0,0.0
218300,15,1411,15,0,0,0,1.250753795759498,0.004332896716873893,24,0.0,0.0,0.0
218400,14,1464,14,0,0,0,1.24296146983117,0.004062894921641417,24,0.0,0.0,0.0
218500,12,1512,12,0,0,0,1.2522798389090732,0.004235945733747097,24,0.0,0.0,0.0
218600,10,1576,10,0,0,0,1.2662117218244051,0.004006542435296619,24,0.0,0.0,0.0
218700,7,1642,7,0,0,0,1.220190655023589,0.004381045515471186,24,3.0,1.0,25.695168466954026
218800,4,1717,4,0,0,0,1.2174847151018502,0.006464328701353979,24,0.0,0.0,0.0
218900,2,1793,2,0,0,0,1.1481681657359397,0.005174842461102997,24,0.0,0.0,0.0
219000,2,1869,2,0,0,0,1.1481681657359397,0.005174842461102997,24,0.0,0.0,0.0
219100,2,1943,2,0,0,0,1.1481681657359397,0.005174842461102997,24,0.0,0.0,0.0
219200,193,351,0,0,0,193,1.1127198803696599,0.005703059094421309,25,80.0,6.0,803.6714919338108
219300,188,227,0,0,0,188,1.1123134468339297,0.005790266643401236,25,46.0,5.0,437.63970784898623
219400,185,171,0,0,0,185,1.1158144434249473,0.0058525084204336135,25,19.0,2.0,185.43558734910172
219500,178,134,134,7,24,13,1.1132482605771807,0.005771773094896223,25,33.0,5.0,275.845955725446
219600,173,135,133,9,25,6,1.1138937608051211,0.005709883193752976,25,30.0,3.0,318.0197600635569
219700,165,103,127,8,28,2,1.1116791335328584,0.00580724273446567,25,37.0,2.0,367.4957751083566
219800,160,94,125,9,24,2,1.1147577903513506,0.005833655926147577,25,12.0,1.0,114.7149437028948
219900,153,90,117,8,28,0,1.1142606566880346,0.005753420438057537,25,30.0,2.0,286.8495490213302
220000,148,89,114,9,25,0,1.1135068294035342,0.005864111321513119,25,15.0,3.0,115.34074318677257
220100,144,95,110,9,25,0,1.1129748239169133,0.005807099518126381,25,22.0,2.0,220.5060295064555
220200,140,101,107,7,26,0,1.1158786008514092,0.005821422367379491,25,23.0,2.0,226.54639537142063
220300,135,102,105,6,24,0,1.1205570752583431,0.005940839935494485,25,14.0,0.0,145.5307103197746
220400,128,112,101,6,21,0,1.1251781310793536,0.00600888468838426,25,17.0,4.0,155.1499001750654
220500,125,111,99,6,20,0,1.1273371228794888,0.005973429459909914,25,5.0,1.0,45.97345223372608
220600,124,112,100,6,18,0,1.1303442525906409,0.006021602278134994,25,3.0,1.0,18.914123487118513
220700,121,114,102,5,14,0,1.1321883939882527,0.006065841569183121,25,10.0,0.0,91.71820137405226
220800,118,111,98,6,14,0,1.1351650972987009,0.005873928451320924,25,16.0,1.0,158.6312979546831
220900,116,108,95,7,14,0,1.1378914881992068,0.00582830235612952,25,10.0,1.0,84.80087799489449
221000,113,119,94,7,12,0,1.139784503256113,0.005757464430534148,25,4.0,0.0,43.004939336298904
221100,111,121,94,5,12,0,1.1460312667202832,0.0058441290619645645,25,13.0,2.0,122.3109889712029
221200,108,110,91,5,12,0,1.1473385712425463,0.005794260371261343,25,10.0,1.0,86.50164798852177
221300,105,110,89,4,12,0,1.1472807761669297,0.005653992669630366,25,6.0,0.0,67.63733541636903
221400,103,135,88,3,12,0,1.1462678903771641,0.00564895874899014,25,1.0,0.0,13.178466690647987
221500,98,144,84,3,11,0,1.1523557643834774,0.005883535533863923,25,4.0,1.0,36.33058229569838
221600,97,147,84,3,10,0,1.1539650762329041,0.0057524654866528396,25,8.0,0.0,83.38433400440096
221700,93,145,80,2,11,0,1.1598871073763903,0.005860060407749959,25,11.0,1.0,119.06425213056689
221800,91,151,77,2,12,0,1.1606411892846824,0.00596097201953769,25,9.0,2.0,85.13044997753387
221900,90,158,76,3,11,0,1.1613734080651155,0.006027205041976998,25,5.0,0.0,61.451524347893226
222000,90,172,76,3,11,0,1.1624845191762267,0.006027205041976998,25,5.0,0.0,59.88355607256811
222100,88,196,76,2,10,0,1.1612482317169144,0.005938076633676076,25,3.0,0.0,34.580048891579345
222200,86,201,75,1,10,0,1.1663468503643737,0.005944483126551658,25,14.0,0.0,154.24934069551662
222300,85,213,75,1,9,0,1.1705560065895921,0.0060144182221581475,25,1.0,0.0,11.418800799032118
222400,83,227,74,1,8,0,1.1719701276105372,0.006123681680861627,25,6.0,1.0,60.9337777105421
222500,79,228,72,0,7,0,1.1762170113531998,0.006302146568538658,25,10.0,1.0,108.36242956502312
222600,77,241,71,0,6,0,1.1781918336464403,0.0061327806378564595,25,3.0,1.0,23.452323383965567
222700,76,256,72,0,4,0,1.1824579796160215,0.00610361781837927,25,0.0,0.0,0.0
222800,75,275,73,0,2,0,1.1845443278167567,0.006110314811673713,25,1.0,0.0,9.330503814513213
222900,75,274,72,0,3,0,1.1912109944834235,0.006110314811673713,25,5.0,0.0,56.3320168133595
223000,74,269,72,0,2,0,1.1927112014244976,0.0059847500439685584,25,1.0,0.0,14.43124298990686
223100,73,286,71,0,2,0,1.1927814687420935,0.006013402039540394,25,2.0,0.0,21.781583387024998
223200,73,284,71,0,2,0,1.19620612627634,0.006013402039540394,25,3.0,0.0,35.27532959779415
223300,73,291,70,0,3,0,1.1975759892900386,0.006013402039540394,25,7.0,0.0,79.29343248109231
223400,71,310,69,0,2,0,1.1996779843656245,0.006095038457512342,25,7.0,1.0,74.84907842389815
223500,70,290,68,0,2,0,1.2032669473792754,0.006007396488097292,25,1.0,0.0,12.482312351797832
223600,66,286,64,0,2,0,1.2074251577595727,0.005709752094617752,25,6.0,1.0,64.5796088416434
223700,66,295,64,0,2,0,1.2081827335171484,0.005709752094617752,25,1.0,0.0,10.437061743559257
223800,63,312,61,0,2,0,1.213108318063511,0.005871791098584161,25,5.0,0.0,52.605489231624986
223900,59,325,57,0,2,0,1.2071321333481504,0.005868513577717497,25,3.0,0.0,32.15231376864075
224000,57,352,55,0,2,0,1.20455395211268,0.0060744263348303925,25,2.0,0.0,21.09084339008443
224100,54,387,52,0,2,0,1.201406890853634,0.005915118006741334,25,1.0,0.0,13.221723160511447
224200,53,413,51,0,2,0,1.2013277280979922,0.005806860990614987,25,3.0,0.0,33.97052237121076
224300,53,427,51,0,2,0,1.2060447092300677,0.005806860990614987,25,7.0,0.0,88.07352349224148
224400,52,452,50,0,2,0,1.206911232349196,0.005706997385621847,25,8.0,0.0,98.66257531384882
224500,49,458,47,0,2,0,1.2149361252968203,0.005557612861407471,25,0.0,0.0,0.0
224600,48,480,46,0,2,0,1.2167173434068863,0.005647412538978896,25,0.0,0.0,0.0
224700,48,501,46,0,2,0,1.2198423434068861,0.005647412538978896,25,1.0,0.0,11.62703262810053
224800,47,534,46,0,1,0,1.2290849744117192,0.005660011435827055,25,11.0,0.0,128.39204852956198
224900,46,568,45,0,1,0,1.2311203365152588,0.005768637096440182,25,5.0,0.0,55.509630322185416
225000,45,604,44,0,1,0,1.231289129239653,0.005666343259353761,25,3.0,0.0,28.533253792672593
225100,45,629,44,0,1,0,1.2379557959063197,0.005666343259353761,25,9.0,0.0,110.08576274153276
225200,45,649,44,0,1,0,1.240178018128542,0.005666343259353761,25,1.0,0.0,11.575332158333405
225300,45,669,44,0,1,0,1.2457335736840975,0.005666343259353761,25,3.0,0.0,36.12721174731228
225400,44,679,43,0,1,0,1.2545559963792452,0.005756889500620021,25,4.0,0.0,58.028119960086855
225500,43,692,42,0,1,0,1.2574257557674349,0.005710876612495481,25,4.0,0.0,59.68497195962743
225600,40,710,39,0,1,0,1.257610622550368,0.005923698960919025,25,0.0,0.0,0.0
225700,39,737,38,0,1,0,1.2652203917506728,0.006075588677865666,25,6.0,1.0,65.84165139429626
225800,37,749,36,0,1,0,1.2722945968561277,0.006138029753625593,25,8.0,1.0,105.50619801914712
225900,36,755,35,0,1,0,1.2669631871529876,0.006186474641440078,25,0.0,0.0,0.0
226000,32,779,31,0,1,0,1.2669741291514587,0.006400064502682202,25,15.0,2.0,162.81424771392267
226100,32,804,31,0,1,0,1.2716616291514589,0.006400064502682202,25,2.0,0.0,25.749450155727263
226200,30,832,29,0,1,0,1.2794870248782426,0.006603289412701157,25,3.0,0.0,35.935729420664536
226300,30,854,29,0,1,0,1.282820358211576,0.006603289412701157,25,5.0,0.0,65.39160122833036
226400,26,889,25,0,1,0,1.2683057993458038,0.006124651432495641,25,3.0,0.0,41.978439444234645
226500,24,920,23,0,1,0,1.278115160569553,0.00656453346877475,25,5.0,1.0,52.314130076491246
226600,22,961,20,0,2,0,1.2757094000626368,0.006303079015267387,25,3.0,0.0,34.96399213538045
226700,20,1018,18,0,2,0,1.2611657673335772,0.005873546689852175,25,2.0,0.0,20.666518803472282
226800,18,1074,16,0,2,0,1.2825600361693608,0.00633321262664193,25,0.0,0.0,0.0
226900,16,1134,14,0,2,0,1.2571828621463235,0.0064900830578444955,25,2.0,0.0,20.676414331640807
227000,13,1201,12,0,1,0,1.2549862241795755,0.006466944990735954,25,0.0,0.0,0.0
227100,10,1249,9,0,1,0,1.2996441899163942,0.006866250131844195,25,3.0,0.0,39.843566373872434
227200,9,1286,9,0,0,0,1.3054471656309419,0.006551227445112479,25,0.0,0.0,0.0
227300,8,1341,8,0,0,0,1.278306084422732,0.005889105943021627,25,0.0,0.0,0.0
227400,7,1395,7,0,0,0,1.2903430445230133,0.005777901989197795,25,0.0,0.0,0.0
227500,5,1450,5,0,0,0,1.3034173604303474,0.004002691070674955,25,0.0,0.0,0.0
227600,2,1512,2,0,0,0,1.4797391609481187,0.005474252159541538,25,0.0,0.0,0.0
227700,2,1565,2,0,0,0,1.5297391609481188,0.005474252159541538,25,0.0,0.0,0.0
227800,2,1617,2,0,0,0,1.5297391609481188,0.005474252159541538,25,0.0,0.0,0.0
227900,2,1679,2,0,0,0,1.5797391609481188,0.005474252159541538,25,0.0,0.0,0.0
228000,2,1743,2,0,0,0,1.5797391609481188,0.005474252159541538,25,0.0,0.0,0.0
228100,2,1802,2,0,0,0,1.6047391609481187,0.005474252159541538,25,0.0,0.0,0.0
228200,194,329,0,0,0,194,1.0763106495670376,0.005340354634567425,26,60.0,5.0,571.1238732739793
228300,188,198,0,0,0,188,1.0760065305770592,0.005425280932209957,26,52.0,3.0,527.7632214239077
228400,183,132,0,0,0,183,1.074300528993194,0.005233715254317478,26,40.0,5.0,375.5306432305402
228500,175,132,127,10,32,6,1.0718740464899508,0.005229824926003826,26,39.0,7.0,312.6424089908434
228600,167,125,119,9,34,5,1.0739021538897735,0.0052818948340283955,26,51.0,3.0,490.27365066220057
228700,161,116,117,10,29,5,1.0735590493960199,0.00535063370625486,26,24.0,4.0,191.85779106678487
228800,154,113,113,10,28,3,1.0744521199654062,0.005357638122262093,26,31.0,1.0,308.5489642475542
228900,147,112,107,11,27,2,1.0749326065638076,0.005365013038657576,26,37.0,3.0,355.6414645733849
229000,138,110,101,10,27,0,1.0731468769585641,0.005104554705267799,26,20.0,4.0,170.4433799878586
229100,130,117,94,9,27,0,1.077231045268756,0.005257720279913528,26,56.0,3.0,528.7361569675808
229200,124,120,88,9,27,0,1.0772395913592774,0.005212112256826356,26,28.0,3.0,241.05571115452128
229300,118,121,83,10,25,0,1.0755660734015584,0.0052696976664409105,26,8.0,2.0,64.26059624827631
229400,116,135,84,10,22,0,1.077733761151886,0.005289987977596733,26,13.0,0.0,134.87390160306413
229500,112,142,81,10,21,0,1.0777447555561592,0.005189031910073145,26,20.0,3.0,180.94186854403094
229600,105,158,78,7,20,0,1.0792824479134775,0.005333196714712759,26,27.0,2.0,244.08029746174327
229700,98,191,73,6,19,0,1.0828441863211393,0.005418010372931485,26,15.0,2.0,133.8179145829036
229800,93,192,70,5,18,0,1.089381279763493,0.005440973455703628,26,14.0,1.0,137.00895387387746
229900,91,204,74,4,13,0,1.0903326958899484,0.005504784853866009,26,8.0,1.0,67.26817296578356
230000,87,228,71,4,12,0,1.0954322814323632,0.005599237884240116,26,12.0,1.0,126.70804703934763
230100,84,239,69,4,11,0,1.100176455362085,0.005689660447055446,26,2.0,1.0,12.04129629792551
230200,81,246,66,3,12,0,1.103533793366646,0.005738528546108683,26,14.0,2.0,129.92887396019253
230300,78,231,63,3,12,0,1.1072219089381377,0.005572613263901668,26,7.0,1.0,63.70911741776139
230400,74,237,61,3,10,0,1.107770916140311,0.005333380846189141,26,7.0,0.0,75.43226573993238
230500,73,241,60,3,10,0,1.111756958698885,0.005331654398140518,26,4.0,0.0,41.86143371791402
230600,71,257,59,3,9,0,1.1150677323263813,0.005424316560108386,26,7.0,1.0,65.28386308143098
230700,68,273,58,3,7,0,1.1204354815518647,0.005508060839522231,26,12.0,1.0,123.04960000699988
230800,67,298,59,1,7,0,1.1248301007483528,0.005541484982149166,26,5.0,0.0,53.13696728442689
230900,66,324,58,1,7,0,1.1288605007528842,0.00561479095917113,26,3.0,0.0,32.79193543936209
231000,65,344,57,1,7,0,1.1310172045042923,0.005558421757860096,26,7.0,0.0,76.57526265896249
231100,63,349,56,0,7,0,1.1305686906514232,0.005141615551630559,26,5.0,0.0,56.33464976451539
231200,62,356,56,0,6,0,1.1354823850411033,0.005084720401508073,26,1.0,0.0,10.734354133059167
231300,61,343,55,0,6,0,1.1309351761738964,0.0050655478203695415,26,3.0,0.0,30.07777453860322
231400,61,356,56,0,5,0,1.1342138646984865,0.0050655478203695415,26,1.0,0.0,11.471686749006803
231500,58,372,53,0,5,0,1.140978863006357,0.004994504204013766,26,2.0,1.0,14.786749857694577
231600,56,362,51,0,5,0,1.1491468426966331,0.005172879354157113,26,5.0,0.0,51.95285395928178
231700,54,371,49,0,5,0,1.1517455268546306,0.005152352004016096,26,5.0,0.0,55.65521547688082
231800,51,367,47,0,4,0,1.1527346085382135,0.004977286377510774,26,2.0,0.0,21.394802333550814
231900,50,373,46,0,4,0,1.1588792285649716,0.005059001091265594,26,3.0,0.0,34.17412977287971
232000,49,386,47,0,2,0,1.1618455144096664,0.004869204508001047,26,7.0,1.0,68.57348804476594
232100,47,407,45,0,2,0,1.166205988358669,0.004650569425546089,26,5.0,0.0,58.141403027328046
232200,43,435,41,0,2,0,1.174742389277795,0.004682471160611468,26,4.0,2.0,24.01725205325438
232300,43,466,41,0,2,0,1.1770679706731437,0.004682471160611468,26,13.0,0.0,157.58110648601436
232400,43,481,41,0,2,0,1.180556342766167,0.004682471160611468,26,2.0,0.0,22.744359192907936
232500,40,502,38,0,2,0,1.176219039725821,0.004810259787345306,26,2.0,1.0,12.63448118730215
232600,38,522,36,0,2,0,1.1867989060235478,0.005063431355100323,26,3.0,2.0,11.582349998784917
232700,37,535,35,0,2,0,1.188680068485437,0.005014546253256461,26,0.0,0.0,0.0
232800,35,555,34,0,1,0,1.1922354153258548,0.005201435305224255,26,2.0,0.0,23.968580760175314
232900,35,570,34,0,1,0,1.19794970104014,0.005201435305224255,26,1.0,0.0,12.0389133061687
233000,34,561,33,0,1,0,1.1925661143228765,0.0050307478805657465,26,0.0,0.0,0.0
233100,34,579,33,0,1,0,1.1969778790287589,0.0050307478805657465,26,5.0,0.0,55.83778622000842
233200,33,619,32,0,1,0,1.2004659223673393,0.004903067301258547,26,2.0,1.0,11.145800978183864
233300,32,661,31,0,1,0,1.209190174148874,0.0050427152338257805,26,4.0,1.0,29.897895459046346
233400,31,706,30,0,1,0,1.2153795931027878,0.005161118414104664,26,0.0,0.0,0.0
233500,29,742,28,0,1,0,1.2245029292879304,0.005344205032701971,26,0.0,0.0,0.0
233600,28,774,27,0,1,0,1.2217060146087686,0.0053877493101245994,26,2.0,0.0,22.64360340536014
233700,27,826,26,0,1,0,1.2216622827987846,0.0052372067291033796,26,2.0,0.0,22.618012915414003
233800,27,871,26,0,1,0,1.2272178383543402,0.0052372067291033796,26,0.0,0.0,0.0
233900,26,907,25,0,1,0,1.2329392728508233,0.005281196074051934,26,5.0,0.0,61.216660862892354
234000,25,939,24,0,1,0,1.238763778547779,0.005423265346986079,26,3.0,0.0,30.808894244506387
234100,25,971,24,0,1,0,1.2487637785477792,0.005423265346986079,26,0.0,0.0,0.0
234200,24,1011,23,0,1,0,1.25921553711467,0.005335129303348678,26,0.0,0.0,0.0
234300,22,1067,21,0,1,0,1.2562667871134512,0.00532549936457043,26,0.0,0.0,0.0
234400,21,1115,20,0,1,0,1.2635185269385474,0.005556283961957696,26,4.0,0.0,49.24945218225052
234500,20,1153,19,0,1,0,1.2688762744815838,0.005480404452587954,26,2.0,0.0,23.514727102106686
234600,19,1191,18,0,1,0,1.2804102376333892,0.005403925114677764,26,0.0,0.0,0.0
234700,17,1241,16,0,1,0,1.2906774933449612,0.005591305970351895,26,0.0,0.0,0.0
234800,17,1300,16,0,1,0,1.2936186698155494,0.005591305970351895,26,0.0,0.0,0.0
234900,16,1341,15,0,1,0,1.297885440948141,0.005887037483005463,26,0.0,0.0,0.0
235000,16,1384,15,0,1,0,1.3041354409481407,0.005887037483005463,26,0.0,0.0,0.0
235100,16,1414,15,0,1,0,1.3135104409481408,0.005887037483005463,26,0.0,0.0,0.0
235200,15,1429,14,0,1,0,1.3343929571208664,0.006037315770905075,26,5.0,1.0,51.63626774676167
235300,15,1455,14,0,1,0,1.3443929571208664,0.006037315770905075,26,1.0,0.0,11.217405258611608
235400,15,1475,14,0,1,0,1.3510596237875327,0.006037315770905075,26,0.0,0.0,0.0
235500,14,1535,13,0,1,0,1.3428110574915644,0.006468552611684009,26,0.0,0.0,0.0
235600,14,1545,13,0,1,0,1.3606682003487074,0.006468552611684009,26,0.0,0.0,0.0
235700,11,1577,10,0,1,0,1.3835510863608098,0.006035096577544849,26,0.0,0.0,0.0
235800,11,1602,10,0,1,0,1.4017329045426279,0.006035096577544849,26,0.0,0.0,0.0
235900,10,1640,9,0,1,0,1.409182368162822,0.005835434588891764,26,0.0,0.0,0.0
236000,10,1673,9,0,1,0,1.4241823681628223,0.005835434588891764,26,0.0,0.0,0.0
236100,8,1704,8,0,0,0,1.4806055362734476,0.005643737463287171,26,0.0,0.0,0.0
236200,7,1729,7,0,0,0,1.5279111143995177,0.004825855807829828,26,0.0,0.0,0.0
236300,7,1775,7,0,0,0,1.5421968286852323,0.004825855807829828,26,0.0,0.0,0.0
236400,6,1817,6,0,0,0,1.5685245071144085,0.005630165109134799,26,0.0,0.0,0.0
236500,5,1875,5,0,0,0,1.6009111034831445,0.0064480998964758385,26,0.0,0.0,0.0
236600,4,1917,4,0,0,0,1.7353613451219143,0.007020189369031423,26,0.0,0.0,0.0
236700,4,1967,4,0,0,0,1.7478613451219145,0.007020189369031423,26,0.0,0.0,0.0
236800,4,2010,4,0,0,0,1.7728613451219144,0.007020189369031423,26,0.0,0.0,0.0
236900,4,2046,4,0,0,0,1.7978613451219145,0.007020189369031423,26,0.0,0.0,0.0
237000,4,2089,4,0,0,0,1.8228613451219144,0.007020189369031423,26,0.0,0.0,0.0
237100,4,2145,4,0,0,0,1.8347647340463002,0.007020189369031423,26,0.0,0.0,0.0
237200,194,298,0,0,0,194,1.1677079086087507,0.007506282458559389,27,47.0,6.0,487.63650881246724
237300,192,166,0,0,0,192,1.1685651556938195,0.0075668441394412325,27,10.0,0.0,123.5718015998369
237400,189,117,0,0,0,189,1.1676410352237827,0.007464338241091346,27,28.0,3.0,293.8800250245848
237500,184,81,146,8,18,12,1.1679457024377737,0.007400477422279798,27,19.0,3.0,197.57649885435163
237600,181,77,141,9,21,10,1.1653074403258425,0.007388850044684207,27,11.0,2.0,103.02869718570074
237700,172,74,137,8,23,4,1.1609939418444704,0.007397780557189723,27,27.0,2.0,313.68069670399467
237800,167,66,133,8,24,2,1.162858335333769,0.007410235528698202,27,8.0,2.0,66.32452184986307
237900,161,61,131,7,22,1,1.161160417831156,0.007504084870770436,27,29.0,3.0,321.4834868790578
238000,156,67,130,7,19,0,1.1619229287063797,0.007385976903086653,27,18.0,3.0,179.91521230951741
238100,150,85,125,9,16,0,1.1617690562823932,0.007260454804077912,27,11.0,2.0,94.48688124257846
238200,142,94,117,7,18,0,1.163758485408287,0.007108510138824238,27,35.0,3.0,375.04659213872185
238300,134,95,109,7,18,0,1.160872136127565,0.007161880780928669,27,16.0,4.0,143.51552063364625
238400,125,107,99,6,20,0,1.159683050130631,0.007298448378234341,27,20.0,1.0,235.38769414842548
238500,119,99,93,7,19,0,1.1556029440711602,0.007150107909200591,27,12.0,3.0,105.62691599130778
238600,115,106,93,6,16,0,1.1514804234200415,0.007049645031914675,27,4.0,0.0,44.701968316177954
238700,112,118,91,7,14,0,1.152956761411031,0.007096259508048466,27,3.0,0.0,32.39930229340562
238800,103,126,86,7,10,0,1.1470523039590745,0.006785517488813216,27,7.0,1.0,74.61397225004325
238900,101,144,86,6,9,0,1.1500532301473612,0.006794952534226518,27,5.0,0.0,52.6358195670973
239000,99,161,83,6,10,0,1.148853742288371,0.0067600134944383284,27,20.0,0.0,232.10267869213646
239100,97,167,82,6,9,0,1.1482777981678627,0.006619295575136264,27,11.0,2.0,107.92608408251454
239200,95,147,80,5,10,0,1.1474352282007798,0.006495251278229051,27,6.0,2.0,42.47145846671205
239300,90,156,75,5,10,0,1.1435711574157912,0.006275857485845812,27,16.0,2.0,182.04531193096207
239400,87,161,74,5,8,0,1.1490293706129382,0.006252931417342747,27,8.0,1.0,85.58892446924659
239500,86,167,73,4,9,0,1.150391010447944,0.00632563992219557,27,12.0,1.0,139.2796059562763
239600,86,154,73,3,10,0,1.1521351964944557,0.00632563992219557,27,4.0,0.0,51.935770703293805
239700,85,161,72,3,10,0,1.1552306287835066,0.006310724822554593,27,6.0,1.0,56.538851735558794
239800,85,150,73,3,9,0,1.1569953346658595,0.006310724822554593,27,6.0,0.0,67.42241226582072
239900,85,149,72,3,10,0,1.1593482758423304,0.006310724822554593,27,9.0,0.0,107.35682686849181
240000,84,167,73,3,8,0,1.160396409801093,0.006252055717016599,27,2.0,0.0,19.298880208045873
240100,83,181,73,2,8,0,1.1609397426150965,0.006106610043869293,27,4.0,0.0,47.9020558580605
240200,82,195,72,2,8,0,1.16444314172367,0.006141500208326859,27,1.0,0.0,13.624284295411504
240300,78,207,72,1,5,0,1.1623705586453095,0.005852792417038635,27,11.0,1.0,112.00184128993797
240400,77,197,71,1,5,0,1.1657078272078047,0.005926424969409313,27,4.0,0.0,45.46961675265567
240500,74,192,68,1,5,0,1.1727634068369237,0.006142786666235104,27,4.0,0.0,42.331401700171256
240600,71,193,64,1,6,0,1.1743206672564734,0.006141464198362538,27,13.0,1.0,136.18033464309298
240700,71,207,64,1,6,0,1.1764333433128116,0.006141464198362538,27,0.0,0.0,0.0
240800,69,217,61,1,7,0,1.1860472827584723,0.00624233667058795,27,3.0,0.0,41.31350926215343
240900,68,225,60,1,7,0,1.1890159129776663,0.0063341357392730675,27,10.0,0.0,114.07705644169398
241000,64,218,57,1,6,0,1.1922901940783803,0.006448789478191547,27,5.0,2.0,41.04789638843945
241100,63,248,57,0,6,0,1.1936388267218299,0.006226979443411351,27,1.0,0.0,13.743387154164074
241200,60,269,55,0,5,0,1.1943094682901976,0.006133479734912056,27,2.0,0.0,18.837554768162303
241300,58,286,53,0,5,0,1.1902586335507648,0.006008752045188561,27,2.0,0.0,19.133035416027674
241400,56,307,51,0,5,0,1.1854362553200524,0.0060313105421308895,27,2.0,0.0,25.223704463057167
241500,53,327,50,0,3,0,1.1836647425355529,0.005818127516219048,27,2.0,1.0,11.306066173345846
241600,52,365,49,0,3,0,1.1918312873661323,0.0057686487204428784,27,0.0,0.0,0.0
241700,51,391,48,0,3,0,1.191732914532941,0.005799116349888475,27,5.0,1.0,52.816125078950975
241800,51,397,48,0,3,0,1.1956544831603917,0.005799116349888475,27,0.0,0.0,0.0
241900,49,413,46,0,3,0,1.1829082106079494,0.005559822749076788,27,0.0,0.0,0.0
242000,48,440,45,0,3,0,1.1844146359139853,0.005536442808882734,27,0.0,0.0,0.0
242100,47,458,44,0,3,0,1.1829552220258785,0.005515751389191954,27,5.0,0.0,57.56996858668839
242200,46,467,43,0,3,0,1.1806648804015258,0.005378853229195199,27,0.0,0.0,0.0
242300,45,471,42,1,2,0,1.1762580232391047,0.005130261921535656,27,4.0,1.0,38.32859316001829
242400,44,514,41,1,2,0,1.1792509930838386,0.005209179545261358,27,2.0,0.0,19.879434452427063
242500,44,502,41,1,2,0,1.1860691749020205,0.005209179545261358,27,0.0,0.0,0.0
242600,44,501,41,1,2,0,1.190614629447475,0.005209179545261358,27,4.0,0.0,45.89698017010494
242700,44,494,41,1,2,0,1.1928873567202023,0.005209179545261358,27,5.0,0.0,58.42665224773671
242800,43,505,41,1,1,0,1.2002527539386267,0.005276509062793475,27,2.0,0.0,25.64361263190964
242900,40,522,38,1,1,0,1.195004715640555,0.0052556715387324935,27,0.0,0.0,0.0
243000,39,557,37,1,1,0,1.1923901095909464,0.005285756714205941,27,0.0,0.0,0.0
243100,37,586,35,1,1,0,1.200676990126486,0.005156030463172598,27,3.0,0.0,33.14031967984583
243200,35,599,33,1,1,0,1.1985597998255324,0.005265705281857843,27,0.0,0.0,0.0
243300,34,623,32,1,1,0,1.202032797316402,0.005140007307815046,27,0.0,0.0,0.0
243400,34,644,32,1,1,0,1.2108563267281667,0.005140007307815046,27,0.0,0.0,0.0
243500,32,655,30,0,2,0,1.2024913573027085,0.0047940163972439945,27,2.0,0.0,28.53024712376872
243600,30,679,29,0,1,0,1.196676598336081,0.004676627739375083,27,4.0,0.0,46.74132179818937
243700,28,715,27,0,1,0,1.1981311639737728,0.005010672577901875,27,4.0,0.0,48.33744749906547
243800,28,723,27,0,1,0,1.2070597354023442,0.005010672577901875,27,3.0,0.0,33.404976749404035
243900,26,737,25,0,1,0,1.2027574307642332,0.004929875701552114,27,0.0,0.0,0.0
244000,24,754,23,0,1,0,1.2108081143928469,0.004518029032876243,27,0.0,0.0,0.0
244100,22,793,21,0,1,0,1.2164334101304097,0.004589497309149939,27,0.0,0.0,0.0
244200,22,823,21,0,1,0,1.2323425010395006,0.004589497309149939,27,0.0,0.0,0.0
244300,20,859,19,0,1,0,1.2196171875878845,0.004704160313746013,27,2.0,0.0,27.411586608590632
244400,19,913,18,0,1,0,1.2060666207395367,0.004688310916953066,27,0.0,0.0,0.0
244500,19,963,18,0,1,0,1.2060666207395367,0.004688310916953066,27,0.0,0.0,0.0
244600,18,1014,17,0,1,0,1.2125801510741143,0.004188521890336945,27,0.0,0.0,0.0
244700,18,1065,17,0,1,0,1.2125801510741143,0.004188521890336945,27,5.0,0.0,66.22519621127374
244800,17,1114,16,0,1,0,1.2184525428613049,0.003909856473071211,27,2.0,0.0,32.38677430832815
244900,13,1174,13,0,0,0,1.2471493519936772,0.0033614929331147155,27,1.0,0.0,11.217494615149246
245000,12,1225,12,0,0,0,1.256656790962717,0.003456666368338479,27,0.0,0.0,0.0
245100,12,1286,12,0,0,0,1.256656790962717,0.003456666368338479,27,0.0,0.0,0.0
245200,10,1350,10,0,0,0,1.2563726661360914,0.003082025231810362,27,1.0,0.0,11.217494615149246
245300,7,1417,7,0,0,0,1.2067056331593549,0.003742851841898797,27,1.0,0.0,10.298689469052944
245400,5,1489,5,0,0,0,1.184803010140593,0.004162472574125739,27,0.0,0.0,0.0
245500,3,1567,3,0,0,0,1.193028130505683,0.004325824856717695,27,0.0,0.0,0.0
245600,3,1645,3,0,0,0,1.193028130505683,0.004325824856717695,27,0.0,0.0,0.0
245700,3,1717,3,0,0,0,1.193028130505683,0.004325824856717695,27,0.0,0.0,0.0
245800,198,262,0,0,0,198,1.1224190214359597,0.0046400014206203185,28,36.0,3.0,378.3403316063052
245900,195,149,0,0,0,195,1.1232594332201784,0.004586227492500649,28,21.0,2.0,194.6876477680282
246000,192,100,0,0,0,192,1.123443392611387,0.004613791036892358,28,16.0,1.0,166.87808393760344
246100,190,91,160,4,18,8,1.1233973026649489,0.004655945250672172,28,8.0,1.0,82.93384074546978
246200,185,87,154,7,18,6,1.1249513761716656,0.004659973898904671,28,28.0,3.0,277.77728410263296
246300,175,94,148,7,14,6,1.1236718908751147,0.0046533265551691,28,12.0,2.0,106.66259476250221
246400,171,90,144,8,16,3,1.1198311540788588,0.004568816984577727,28,20.0,3.0,204.24458963104817
246500,165,93,140,8,15,2,1.1168840472673773,0.004615448216058622,28,24.0,3.0,254.57861440086816
246600,155,90,133,8,13,1,1.1142047345602986,0.00464851954199661,28,15.0,3.0,135.61810468705397
246700,150,65,126,8,16,0,1.1189658309948554,0.004670925833304154,28,25.0,4.0,254.34479023775424
246800,147,69,125,8,14,0,1.1192933041799589,0.004731428126647815,28,5.0,1.0,50.386652956666154
246900,144,77,121,6,17,0,1.121609126173874,0.004708734610261982,28,21.0,1.0,221.21408046733046
247000,139,84,119,5,15,0,1.1171528491485103,0.004653280421192512,28,17.0,2.0,202.6334934442241
247100,133,94,118,5,10,0,1.113317312783401,0.004680583074147471,28,11.0,1.0,126.3543209628422
247200,124,99,110,5,9,0,1.1144749906737106,0.004704081133401843,28,24.0,5.0,220.7509487391762
247300,115,122,103,4,8,0,1.1094440523713416,0.004653999566227005,28,20.0,3.0,204.78831213557396
247400,109,152,98,4,7,0,1.10721311700231,0.004600897461588799,28,11.0,1.0,128.4177069665193
247500,106,154,94,4,8,0,1.1094005624579724,0.004666385089530852,28,8.0,0.0,94.11799385863222
247600,102,156,90,4,8,0,1.112290298823577,0.004638636341922384,28,5.0,1.0,49.658596571300485
247700,100,169,89,4,7,0,1.1116631570503643,0.0045014426459034675,28,10.0,2.0,93.68294199146021
247800,96,181,84,3,9,0,1.1209867229490318,0.004574761258966647,28,16.0,2.0,172.3458445171108
247900,88,197,77,4,7,0,1.1244736127705435,0.004601929594169361,28,19.0,3.0,206.3758227072668
248000,85,217,75,2,8,0,1.1268988945346474,0.004500952661546728,28,5.0,1.0,43.57179334780821
248100,84,224,73,2,9,0,1.1284650954965234,0.004479439024242034,28,7.0,0.0,96.71456295693794
248200,79,224,70,2,7,0,1.1276487247456748,0.004364054347224414,28,18.0,4.0,172.80530747555267
248300,77,230,69,2,6,0,1.1335559262269548,0.004332980219933077,28,2.0,0.0,18.318325961680664
248400,74,249,66,2,6,0,1.137861307754372,0.00443729797635479,28,5.0,1.0,50.14795075614606
248500,72,278,65,2,5,0,1.1402615859573801,0.00433016071902969,28,3.0,0.0,34.8292999066641
248600,67,297,61,2,4,0,1.1421213458162314,0.004078660543291956,28,11.0,2.0,115.20566725500115
248700,65,329,59,2,4,0,1.1434220118986405,0.003970872300074972,28,6.0,1.0,60.02558964191991
248800,63,342,58,1,4,0,1.1390107188294527,0.0037839894266751,28,11.0,1.0,105.58740174366336
248900,61,343,57,1,3,0,1.1447998996332653,0.003888089618233596,28,12.0,1.0,132.6087738051025
249000,59,337,55,1,3,0,1.1476010167505348,0.003861929878132268,28,1.0,0.0,12.36928760908365
249100,58,341,54,0,4,0,1.1514228925597247,0.0038469257486325546,28,4.0,0.0,39.8659531214051
249200,54,358,51,0,3,0,1.141491716969751,0.003813864915013209,28,1.0,0.0,12.35031363135859
249300,53,382,49,0,4,0,1.1405208802751527,0.0038243574262303323,28,10.0,1.0,101.62418619625481
249400,52,391,49,0,3,0,1.1416985037791951,0.003656725109402052,28,1.0,1.0,0.0
249500,49,403,46,0,3,0,1.1560838686026247,0.003880606238549117,28,4.0,1.0,37.10786282725095
249600,49,420,47,0,2,0,1.1611859094189512,0.003880606238549117,28,2.0,0.0,27.96621441969963
249700,48,450,46,0,2,0,1.1693700539841931,0.003921452678729802,28,5.0,0.0,52.62240799027314
249800,47,471,45,0,2,0,1.16550693540527,0.003848249461113714,28,3.0,1.0,27.96621441969963
249900,44,492,43,0,1,0,1.180358603894365,0.0039015244234267654,28,2.0,0.0,25.190792879516188
250000,43,511,42,0,1,0,1.1874269824495818,0.003767150698813261,28,2.0,1.0,12.840313631358592
250100,41,541,40,0,1,0,1.194352522553029,0.003890668971441586,28,6.0,1.0,63.62535704014655
250200,41,573,40,0,1,0,1.2016695957237609,0.003890668971441586,28,2.0,0.0,26.902661810584664
250300,41,588,40,0,1,0,1.2041086201140045,0.003890668971441586,28,0.0,0.0,0.0
250400,40,604,39,0,1,0,1.214492057175732,0.003987935695727625,28,0.0,0.0,0.0
250500,38,639,37,0,1,0,1.2193313304010516,0.004132864157998621,28,3.0,0.0,35.12498319658591
250600,36,664,35,0,1,0,1.2269240009544609,0.004229634696640016,28,0.0,0.0,0.0
250700,34,674,33,0,1,0,1.2277330922568317,0.004406483806383194,28,1.0,0.0,11.321563393073822
250800,33,702,32,0,1,0,1.2274422911871776,0.004465793877532812,28,1.0,0.0,13.565722468188202
250900,32,728,31,0,1,0,1.2303220014482668,0.00424701008886955,28,8.0,0.0,103.49665724443128
251000,32,756,31,0,1,0,1.2365720014482668,0.00424701008886955,28,1.0,0.0,13.451330905292332
251100,32,758,31,0,1,0,1.242822001448267,0.00424701008886955,28,1.0,0.0,13.479468263940328
251200,31,776,30,0,1,0,1.2605545419646291,0.004210916686164701,28,2.0,0.0,20.64054526310084
251300,29,799,29,0,0,0,1.272461451631239,0.003974376936915149,28,1.0,1.0,0.0
251400,29,814,29,0,0,0,1.2759097274933078,0.003974376936915149,28,2.0,0.0,28.888928750532017
251500,28,807,28,0,0,0,1.2786095220131537,0.004116318970376404,28,1.0,1.0,0.0
251600,27,830,27,0,0,0,1.2857457638878587,0.004171114712950421,28,0.0,0.0,0.0
251700,26,831,26,0,0,0,1.2982395824555744,0.004304153196104965,28,0.0,0.0,0.0
251800,25,857,25,0,0,0,1.298798869965274,0.004146797281985221,28,0.0,0.0,0.0
251900,25,868,25,0,0,0,1.308798869965274,0.004146797281985221,28,0.0,0.0,0.0
252000,24,891,24,0,0,0,1.3102518773105336,0.004319580502067938,28,4.0,0.0,57.89242883939926
252100,20,908,20,0,0,0,1.318410077769377,0.004148331972022128,28,0.0,0.0,0.0
252200,19,935,19,0,0,0,1.3206121091654162,0.003972066738053605,28,2.0,0.0,23.173273681954942
252300,17,960,17,0,0,0,1.3386764436006542,0.004357350376893128,28,1.0,0.0,12.538046800210408
252400,15,992,15,0,0,0,1.326041098123369,0.004938330427145545,28,0.0,0.0,0.0
252500,15,1046,15,0,0,0,1.3293744314567024,0.004938330427145545,28,0.0,0.0,0.0
252600,14,1089,14,0,0,0,1.3489539215091941,0.005031904323489149,28,0.0,0.0,0.0
252700,12,1127,12,0,0,0,1.3642121520967054,0.005547457624556569,28,1.0,0.0,11.30027263155042
252800,11,1181,11,0,0,0,1.3698423758308393,0.005427956873827158,28,0.0,0.0,0.0
252900,11,1225,11,0,0,0,1.3743878303762938,0.005427956873827158,28,2.0,0.0,28.94621441969963
253000,11,1281,11,0,0,0,1.3789332849217484,0.005427956873827158,28,0.0,0.0,0.0
253100,11,1340,11,0,0,0,1.3971151031035665,0.005427956873827158,28,0.0,0.0,0.0
253200,10,1372,10,0,0,0,1.367786169384083,0.004837229360184931,28,0.0,0.0,0.0
253300,10,1418,10,0,0,0,1.3777861693840827,0.004837229360184931,28,0.0,0.0,0.0
253400,10,1463,10,0,0,0,1.3827861693840826,0.004837229360184931,28,0.0,0.0,0.0
253500,8,1482,8,0,0,0,1.4427186922238926,0.004503643528214056,28,3.0,0.0,43.419321629549444
253600,7,1509,7,0,0,0,1.4942056651512492,0.004415777117996409,28,0.0,0.0,0.0
253700,6,1551,6,0,0,0,1.4975857866345186,0.00414998972501695,28,0.0,0.0,0.0
253800,6,1582,6,0,0,0,1.5225857866345187,0.00414998972501695,28,0.0,0.0,0.0
253900,5,1625,5,0,0,0,1.5802689303572164,0.0049799876700203395,28,0.0,0.0,0.0
254000,5,1655,5,0,0,0,1.5902689303572164,0.0049799876700203395,28,0.0,0.0,0.0
254100,4,1713,4,0,0,0,1.6436242443279028,0.004362532150344122,28,0.0,0.0,0.0
254200,4,1759,4,0,0,0,1.6561242443279027,0.004362532150344122,28,0.0,0.0,0.0
254300,4,1806,4,0,0,0,1.6561242443279027,0.004362532150344122,28,0.0,0.0,0.0
254400,3,1861,3,0,0,0,1.8759639038887654,0.002891427579838207,28,0.0,0.0,0.0
254500,3,1918,3,0,0,0,1.892630570555432,0.002891427579838207,28,0.0,0.0,0.0
254600,3,1956,3,0,0,0,1.909297237222099,0.002891427579838207,28,0.0,0.0,0.0
254700,3,1986,3,0,0,0,1.9426305705554323,0.002891427579838207,28,0.0,0.0,0.0
254800,196,279,0,0,0,196,1.1593213442812182,0.005182669794870018,29,39.0,4.0,388.02088793812527
254900,193,145,0,0,0,193,1.161041538767963,0.00521152300422991,29,20.0,2.0,225.85357240670555
255000,189,98,0,0,0,189,1.1593203910774807,0.005206936364490158,29,24.0,3.0,288.3129217577073
255100,181,91,139,9,23,10,1.1593329691314345,0.005146367679660582,29,33.0,8.0,323.6110711463426
255200,174,93,141,9,19,5,1.160678669670282,0.00498482077594316,29,25.0,4.0,211.32913750090466
255300,165,85,129,9,24,3,1.1637901374552935,0.005071163293543323,29,32.0,5.0,323.15775212271546
255400,164,91,129,8,25,2,1.1627036320436945,0.005062098206151309,29,28.0,1.0,323.31798538793976
255500,158,83,127,8,22,1,1.1686132520459946,0.005168200460273951,29,7.0,1.0,65.79245898662367
255600,151,92,122,10,19,0,1.167787346824307,0.005102542903531869,29,9.0,2.0,77.1189681115844
255700,143,94,113,9,21,0,1.1722672055212822,0.005085422190267017,29,20.0,3.0,212.2380479648043
255800,138,104,112,7,19,0,1.1759440708865885,0.005087575555838789,29,13.0,2.0,129.1666541428737
255900,134,83,108,8,18,0,1.172610192452958,0.005008736574650837,29,11.0,2.0,119.28420278824817
256000,131,95,109,6,16,0,1.1681852572171794,0.005066380743849042,29,5.0,1.0,49.78417340123653
256100,128,99,105,6,17,0,1.1729961444962074,0.005120650518672595,29,12.0,1.0,124.44344208993168
256200,122,85,102,6,14,0,1.175427705083096,0.005140499817328255,29,15.0,2.0,155.38723150500317
256300,119,91,100,6,13,0,1.1788070723841313,0.005180543181838487,29,8.0,1.0,87.66459346230658
256400,115,94,96,6,13,0,1.1763190292765893,0.005130210604192002,29,10.0,2.0,108.0629549534923
256500,113,90,95,6,12,0,1.1730417764308345,0.005131125906428442,29,2.0,0.0,19.44392165700656
256600,112,100,94,6,12,0,1.1758384333870642,0.005115293894054242,29,12.0,1.0,130.9189541803824
256700,107,105,89,6,12,0,1.1800234844660036,0.0052599958912239765,29,21.0,3.0,218.1361132334218
256800,104,122,87,6,11,0,1.179590149495318,0.005292423337191065,29,6.0,1.0,56.08815055366238
256900,101,117,83,6,12,0,1.1771541799734835,0.005323630050995995,29,14.0,1.0,143.5155505211261
257000,95,121,79,5,11,0,1.1778047678845691,0.005482467624615652,29,0.0,0.0,0.0
257100,93,128,78,4,11,0,1.1800673858085318,0.005416283923964167,29,6.0,1.0,74.57262922171627
257200,91,134,77,2,12,0,1.181036213002521,0.005489236961216558,29,9.0,0.0,104.13382015527795
257300,89,131,76,2,11,0,1.179929937124068,0.005507102345226858,29,6.0,0.0,77.20608588753204
257400,88,129,76,2,10,0,1.1784018429882224,0.005513824593011596,29,1.0,0.0,8.826831266167364
257500,87,133,75,2,10,0,1.1832066185373722,0.0055772018871841425,29,3.0,0.0,36.701768084346455
257600,84,135,73,2,9,0,1.1830422374246887,0.005562069842513824,29,4.0,1.0,35.19636046020413
257700,81,150,71,1,9,0,1.1758652886231362,0.005441775900931009,29,7.0,1.0,78.69257704190383
257800,79,166,71,1,7,0,1.1828801374906353,0.00557927296287595,29,3.0,1.0,24.47603295023157
257900,76,157,68,1,7,0,1.1951299110001095,0.005678661433881097,29,3.0,0.0,31.228100537381813
258000,75,164,70,0,5,0,1.2012353002295768,0.005676852018748703,29,4.0,0.0,43.50871896151483
258100,73,161,68,0,5,0,1.2079151031093234,0.00578279910761028,29,3.0,0.0,44.90296568760492
258200,72,176,68,0,4,0,1.211392722254744,0.005863115761882646,29,3.0,1.0,28.231239929098752
258300,72,198,68,0,4,0,1.2155593889214107,0.005863115761882646,29,1.0,0.0,15.213271046685957
258400,69,206,66,0,3,0,1.2253019191959045,0.005816844733150185,29,6.0,1.0,63.987457259368476
258500,67,190,64,0,3,0,1.230799031566533,0.005783830820970095,29,12.0,0.0,123.4131382632381
258600,65,196,61,0,4,0,1.2322178156973134,0.005815883603624259,29,3.0,0.0,28.55302937234198
258700,64,208,59,0,5,0,1.2397415773804548,0.005722474210995579,29,3.0,1.0,29.624112184805544
258800,63,235,57,0,6,0,1.2444253403967347,0.005741149415298776,29,10.0,0.0,132.33331795463005
258900,61,243,56,0,5,0,1.2409847911912122,0.005900413892676804,29,8.0,1.0,82.13434422766355
259000,59,259,54,0,5,0,1.2467485591318848,0.005929835585907102,29,2.0,0.0,30.991517362793488
259100,58,278,54,0,4,0,1.246305339512499,0.005992322422902642,29,7.0,0.0,89.47336750000234
259200,55,291,52,0,3,0,1.2454618060947007,0.005889695063613591,29,5.0,1.0,46.02795650031902
259300,55,304,52,0,3,0,1.2490981697310644,0.005889695063613591,29,10.0,0.0,101.22732932018357
259400,51,326,49,0,2,0,1.2567004418880536,0.006008833775808363,29,2.0,0.0,27.656567724041437
259500,49,340,47,0,2,0,1.266786637708479,0.0060802418701446275,29,14.0,0.0,162.1732993793132
259600,49,375,47,0,2,0,1.2688274540350097,0.0060802418701446275,29,2.0,0.0,27.09459540083878
259700,49,398,47,0,2,0,1.2718886785248058,0.0060802418701446275,29,12.0,0.0,137.93654038943765
259800,48,410,46,0,2,0,1.273117604562523,0.006206913575772642,29,0.0,0.0,0.0
259900,43,419,41,0,2,0,1.2684528737689378,0.006115439824866923,29,7.0,0.0,88.65447906613326
260000,42,445,40,0,2,0,1.266979719412837,0.006110037174838745,29,1.0,0.0,15.926626456702941
260100,39,481,37,0,2,0,1.2561545620822725,0.0061869100008153715,29,0.0,0.0,0.0
260200,38,513,36,0,2,0,1.2619905085487755,0.006076824192947819,29,0.0,0.0,0.0
260300,37,548,35,0,2,0,1.2526378756238754,0.005741480346780705,29,1.0,0.0,14.476423594233008
260400,36,587,34,0,2,0,1.2618447200787128,0.005748803279627712,29,1.0,0.0,14.458067858568631
260500,35,618,33,0,2,0,1.254972437892373,0.00581865213119307,29,3.0,0.0,37.98179465029645
260600,34,658,32,0,2,0,1.2661550406903077,0.005949292848013462,29,4.0,0.0,52.77848902310814
260700,34,703,32,0,2,0,1.269096217160896,0.005949292848013462,29,1.0,0.0,9.404285447402254
260800,33,744,31,0,2,0,1.2639061211919023,0.005806676460575331,29,7.0,0.0,92.09439423519356
260900,32,788,30,0,2,0,1.2577286631880455,0.005504951595628402,29,0.0,0.0,0.0
261000,28,838,26,0,2,0,1.2487770620301504,0.005501307150826785,29,2.0,1.0,10.488360648447323
261100,27,876,25,0,2,0,1.2536314014659167,0.00557150729164736,29,1.0,0.0,15.307647482987699
261200,27,906,25,0,2,0,1.2591869570214722,0.00557150729164736,29,0.0,0.0,0.0
261300,26,953,24,0,2,0,1.2563719432004008,0.005410646481621751,29,0.0,0.0,0.0
261400,25,974,23,0,2,0,1.2727385015718518,0.0056270723408866205,29,0.0,0.0,0.0
261500,25,1002,23,0,2,0,1.2807385015718515,0.0056270723408866205,29,6.0,0.0,61.60534843948333
261600,24,1022,22,0,2,0,1.2931580720144467,0.005402437749538288,29,0.0,0.0,0.0
261700,24,1056,22,0,2,0,1.2973247386811133,0.005402437749538288,29,4.0,0.0,59.3796603059273
261800,24,1084,22,0,2,0,1.30149140534778,0.005402437749538288,29,2.0,0.0,20.976721296894645
261900,22,1135,20,0,2,0,1.3045329376555193,0.005260240312442555,29,0.0,0.0,0.0
262000,20,1182,19,0,1,0,1.31314587916783,0.005403758678780611,29,5.0,1.0,62.642386431310285
262100,19,1234,18,0,1,0,1.3285757037799732,0.005253718948212517,29,1.0,0.0,15.778246316107529
262200,15,1268,14,0,1,0,1.3701141755217139,0.005354308300644082,29,3.0,1.0,31.556492632215058
262300,15,1316,14,0,1,0,1.3734475088550473,0.005354308300644082,29,0.0,0.0,0.0
262400,13,1362,12,0,1,0,1.3525926135564839,0.005640096235850054,29,0.0,0.0,0.0
262500,11,1399,10,0,1,0,1.3813203732722406,0.005475705097980372,29,0.0,0.0,0.0
262600,10,1447,9,0,1,0,1.4274283223500022,0.006005465452748388,29,0.0,0.0,0.0
262700,9,1482,8,0,1,0,1.4180309309219108,0.005959958995045599,29,0.0,0.0,0.0
262800,9,1533,8,0,1,0,1.4235864864774663,0.005959958995045599,29,0.0,0.0,0.0
262900,7,1576,6,0,1,0,1.5076590815582214,0.004717507907740432,29,4.0,1.0,47.33473894832259
263000,5,1612,4,0,1,0,1.590475046458226,0.003949306337300717,29,0.0,0.0,0.0
263100,5,1653,4,0,1,0,1.620475046458226,0.003949306337300717,29,0.0,0.0,0.0
263200,5,1670,4,0,1,0,1.6504750464582258,0.003949306337300717,29,0.0,0.0,0.0
263300,4,1704,4,0,0,0,1.6855875244986105,0.004176022825738148,29,0.0,0.0,0.0
263400,4,1721,4,0,0,0,1.6980875244986107,0.004176022825738148,29,0.0,0.0,0.0
263500,4,1763,4,0,0,0,1.7480875244986107,0.004176022825738148,29,0.0,0.0,0.0
263600,4,1818,4,0,0,0,1.7480875244986107,0.004176022825738148,29,0.0,0.0,0.0
263700,4,1837,4,0,0,0,1.7855875244986106,0.004176022825738148,29,0.0,0.0,0.0
263800,193,279,0,0,0,193,1.2613865692202413,0.006472500429811912,30,67.0,7.0,759.0002246649661
263900,183,166,0,0,0,183,1.2614143754550413,0.006526396056763114,30,71.0,10.0,770.705165106797
264000,176,115,0,0,0,176,1.262647061937738,0.006493724073472934,30,50.0,6.0,546.3322290531012
264100,168,102,118,6,36,8,1.262512222453584,0.0065744344792400865,30,43.0,3.0,484.50790980365156
264200,163,94,115,6,38,4,1.2642239753765985,0.00655062536339543,30,34.0,3.0,403.57222589289785
264300,156,87,107,8,38,3,1.2667240452182302,0.006640512191209225,30,36.0,4.0,434.23028655037587
264400,150,93,100,8,40,2,1.2710411195395976,0.006636521582697181,30,33.0,4.0,350.7275892677731
264500,145,75,97,8,39,1,1.268665096989674,0.006618479090907217,30,23.0,3.0,271.5109498607088
264600,140,83,93,9,38,0,1.2638270948187698,0.0065544891342030134,30,24.0,3.0,268.0557809213958
264700,134,96,90,10,34,0,1.2615356013200552,0.006531723500435196,30,18.0,4.0,172.6839637340341
264800,129,109,87,10,32,0,1.2628933276627152,0.0065690501040001,30,15.0,4.0,149.02188238712034
264900,124,111,82,9,33,0,1.267671213231623,0.006772750146551603,30,26.0,4.0,285.676213421801
265000,118,102,78,9,31,0,1.2669669333582751,0.006779986819957425,30,28.0,4.0,321.42880936753005
265100,115,115,76,9,30,0,1.2639824169066938,0.006793003426635733,30,10.0,1.0,124.20556360669411
265200,111,99,77,7,27,0,1.2618893550827528,0.006779027866868531,30,29.0,1.0,385.8006889499637
265300,108,118,76,6,26,0,1.260747335202909,0.006720574642037374,30,16.0,2.0,181.61285018453844
265400,104,113,72,7,25,0,1.2632829764306253,0.006777938636966683,30,20.0,3.0,219.5036446076112
265500,99,120,69,5,25,0,1.2665480330671395,0.006705331034837825,30,24.0,4.0,252.32923360541474
265600,96,121,66,4,26,0,1.278592213001703,0.006841904211722097,30,21.0,2.0,237.9365529199606
265700,91,139,63,4,24,0,1.278775451583164,0.006672486803630874,30,21.0,3.0,234.8710173610441
265800,90,162,64,1,25,0,1.2783790835850226,0.006696103502252214,30,11.0,1.0,137.8457547963046
265900,86,176,63,1,22,0,1.2844194082360934,0.006723746113300643,30,13.0,2.0,157.28827450769165
266000,84,182,62,1,21,0,1.2866776549202237,0.006760987977379186,30,8.0,1.0,100.58574638431459
266100,83,163,61,1,21,0,1.2931270850195216,0.006826133569247298,30,4.0,1.0,40.54573598694489
266200,80,171,58,2,20,0,1.2946618307189806,0.0069972715133415336,30,10.0,2.0,116.61058910739199
266300,79,178,58,2,19,0,1.3012101333425627,0.0069928955080950745,30,15.0,0.0,161.2014772784295
266400,78,201,58,2,18,0,1.2995989178100888,0.0069782246874824615,30,16.0,1.0,207.03809726704273
266500,77,210,58,1,18,0,1.2995321837329161,0.00697726262208898,30,3.0,1.0,24.45875087841172
266600,75,219,56,1,18,0,1.3043980394721517,0.0070861579146461766,30,20.0,0.0,264.84417124486026
266700,71,230,53,1,17,0,1.3158025077050206,0.007138863015204387,30,15.0,3.0,166.48186578360279
266800,69,220,53,0,16,0,1.3149095754585673,0.006925165768977312,30,13.0,1.0,171.9206347664899
266900,67,212,52,0,15,0,1.3234446290126887,0.006778509290191483,30,5.0,1.0,41.695884176064304
267000,67,208,52,0,15,0,1.325683434982838,0.006778509290191483,30,10.0,0.0,129.41157398232195
267100,64,217,50,0,14,0,1.3206103823568307,0.006607695399553795,30,13.0,1.0,171.5319309621806
267200,62,222,47,0,15,0,1.3284603359938558,0.006520447781353442,30,10.0,0.0,133.50051886496988
267300,62,242,48,0,14,0,1.3300732392196624,0.006520447781353442,30,4.0,0.0,56.76702572634347
267400,58,239,47,0,11,0,1.3401831267898325,0.006510309659936509,30,12.0,1.0,157.54921862837344
267500,55,261,45,0,10,0,1.3447513052978046,0.006691778293507716,30,13.0,0.0,175.69090188301683
267600,54,270,44,0,10,0,1.3457973918531256,0.006776009516440345,30,19.0,1.0,242.81433449602068
267700,52,279,42,0,10,0,1.343525514329823,0.006603066170688876,30,1.0,0.0,9.622181629829068
267800,52,276,43,0,9,0,1.3454485912529,0.006603066170688876,30,6.0,0.0,70.31363670634246
267900,50,278,41,0,9,0,1.3447299674394382,0.006772508647345692,30,3.0,0.0,43.71783953933322
268000,48,286,38,0,10,0,1.354865822944493,0.006932372798147499,30,11.0,2.0,126.7748947144922
268100,47,294,37,0,10,0,1.3602648357082583,0.0069735762276861395,30,8.0,1.0,101.29835878862497
268200,46,322,37,0,9,0,1.3643252727671316,0.006920869398414642,30,5.0,0.0,69.26640587627776
268300,46,337,37,0,9,0,1.36649918581061,0.006920869398414642,30,1.0,0.0,13.95392498519388
268400,46,357,37,0,9,0,1.368673098854088,0.006920869398414642,30,9.0,0.0,131.91005815501094
268500,46,383,37,0,9,0,1.3708470118975662,0.006920869398414642,30,3.0,0.0,42.40349948322606
268600,45,399,36,0,9,0,1.3688225611204239,0.006936816919829322,30,7.0,1.0,85.5866922070259
268700,45,406,36,0,9,0,1.3732670055648684,0.006936816919829322,30,8.0,0.0,117.04169214014244
268800,44,421,37,0,7,0,1.385330944251842,0.007094471849825443,30,5.0,1.0,54.35142511117422
268900,42,433,36,0,6,0,1.3892096416234,0.007366042936298286,30,5.0,0.0,72.72024489796384
269000,42,451,36,0,6,0,1.3904001178138763,0.007366042936298286,30,11.0,0.0,158.15503321092265
269100,42,470,36,0,6,0,1.3927810701948284,0.007366042936298286,30,1.0,0.0,14.538801525887656
269200,37,507,31,0,6,0,1.418140378219647,0.007407642058049236,30,6.0,0.0,89.5644455139638
269300,36,539,30,0,6,0,1.4172219620265212,0.007521503211092042,30,0.0,0.0,0.0
269400,34,546,30,0,4,0,1.4168540215899985,0.007648447654237768,30,0.0,0.0,0.0
269500,31,577,27,0,4,0,1.425675058192421,0.007382881765750562,30,6.0,0.0,92.23358897986644
269600,30,608,27,0,3,0,1.430412520928469,0.007320202478175263,30,3.0,0.0,46.67842357556165
269700,29,641,25,0,4,0,1.4247693529368748,0.00735923761335282,30,9.0,1.0,119.11539519915381
269800,28,662,24,0,4,0,1.4301586192400364,0.007286117990570403,30,0.0,0.0,0.0
269900,27,683,23,0,4,0,1.429615154721742,0.007191346740006018,30,0.0,0.0,0.0
270000,26,714,22,0,4,0,1.435241513422927,0.007370955056683327,30,4.0,0.0,49.089072597488055
270100,25,748,21,0,4,0,1.4322602936906725,0.007496971032616446,30,4.0,1.0,44.08779522222304
270200,24,761,20,0,4,0,1.4497816427469647,0.007783527567448198,30,3.0,1.0,33.31195040106788
270300,23,795,19,0,4,0,1.464095051290434,0.0075232284638332555,30,1.0,1.0,0.0
270400,22,823,18,0,4,0,1.4573791482123368,0.007583026039050435,30,0.0,0.0,0.0
270500,22,843,18,0,4,0,1.4596518754850643,0.007583026039050435,30,0.0,0.0,0.0
270600,21,868,17,0,4,0,1.4595479509073308,0.007398784851533485,30,1.0,0.0,14.695931740741015
270700,21,910,17,0,4,0,1.466690808050188,0.007398784851533485,30,1.0,0.0,14.889424399894226
270800,20,941,16,0,4,0,1.4713376249552792,0.007247666569244397,30,0.0,0.0,0.0
270900,18,986,14,0,4,0,1.4560437743543462,0.007182877990223669,30,0.0,0.0,0.0
271000,16,1020,12,0,4,0,1.470083931486399,0.006991609689756577,30,0.0,0.0,0.0
271100,15,1074,11,0,4,0,1.470529864392923,0.0068710716507294715,30,8.0,0.0,122.02130147062664
271200,14,1108,10,0,4,0,1.4994663421456056,0.007314573191591927,30,1.0,0.0,15.185931740741015
271300,13,1138,9,0,4,0,1.492707315130245,0.007462617057358332,30,0.0,0.0,0.0
271400,12,1180,8,0,4,0,1.5260485264458967,0.008084501812138193,30,0.0,0.0,0.0
271500,10,1218,7,0,3,0,1.5186226470773003,0.007790763509746894,30,0.0,0.0,0.0
271600,9,1250,6,0,3,0,1.5594506896700602,0.007762765212538577,30,0.0,0.0,0.0
271700,8,1268,6,0,2,0,1.5794339169407945,0.007663767487699405,30,4.0,0.0,59.557697599576905
271800,8,1305,6,0,2,0,1.5981839169407945,0.007663767487699405,30,0.0,0.0,0.0
271900,5,1343,4,0,1,0,1.5845859893506886,0.006470698577593274,30,2.0,1.0,14.889424399894226
272000,5,1393,4,0,1,0,1.5945859893506886,0.006470698577593274,30,0.0,0.0,0.0
272100,5,1438,4,0,1,0,1.6279349512919086,0.006470698577593274,30,0.0,0.0,0.0
272200,4,1480,3,0,1,0,1.6615337851479346,0.007173861113063366,30,0.0,0.0,0.0
272300,4,1533,3,0,1,0,1.6615337851479346,0.007173861113063366,30,0.0,0.0,0.0
272400,4,1587,3,0,1,0,1.6740337851479345,0.007173861113063366,30,0.0,0.0,0.0
272500,4,1638,3,0,1,0,1.6865337851479345,0.007173861113063366,30,0.0,0.0,0.0
272600,4,1681,3,0,1,0,1.6865337851479345,0.007173861113063366,30,0.0,0.0,0.0
272700,4,1728,3,0,1,0,1.7115337851479344,0.007173861113063366,30,0.0,0.0,0.0
272800,190,299,0,0,0,190,1.3064647991944558,0.0070465429291602525,31,60.0,9.0,638.1302559928791
272900,181,180,0,0,0,181,1.3084429379512117,0.007136756205803001,31,71.0,7.0,871.9659337795122
273000,171,138,0,0,0,171,1.30545299638248,0.007168876431322929,31,78.0,7.0,976.4661833451411
273100,164,117,110,8,39,7,1.3049121958234424,0.007241835728629944,31,57.0,7.0,671.780512724841
273200,153,110,101,8,42,2,1.3068926248943327,0.0074073668606120975,31,50.0,6.0,589.022081688635
273300,141,114,89,8,42,2,1.3007989272184843,0.007347184029650529,31,50.0,5.0,583.5103926019376
273400,135,95,85,8,41,1,1.2945010538734945,0.007003945541782293,31,35.0,4.0,423.07681999559156
273500,125,98,80,7,38,0,1.2984522838957862,0.007084985610333504,31,29.0,7.0,289.33895424588815
273600,116,110,75,8,33,0,1.2914632551146759,0.006937297507059298,31,20.0,6.0,189.75975837910087
273700,113,124,76,8,29,0,1.285906812680997,0.006869564748708441,31,15.0,2.0,179.0391509589846
273800,110,139,74,7,29,0,1.283520916567915,0.0067044563625986075,31,21.0,3.0,253.39801439135374
273900,105,144,73,5,27,0,1.280612167295812,0.006730834882036597,31,18.0,3.0,209.09237680914322
274000,101,146,69,4,28,0,1.278307443899267,0.006680034601118864,31,23.0,1.0,295.4390517345987
274100,101,145,68,4,29,0,1.2797925924141185,0.006680034601118864,31,10.0,0.0,124.1283621876753
274200,94,154,66,4,24,0,1.2803539532736834,0.006714103009754478,31,24.0,4.0,277.3857302278951
274300,90,160,65,3,22,0,1.2784187159066902,0.00660348245498577,31,16.0,3.0,170.0543956272838
274400,88,165,65,3,20,0,1.282839037264052,0.006644904791991055,31,11.0,0.0,143.06640119561226
274500,85,161,63,3,19,0,1.2848715398573174,0.006642434429552106,31,21.0,3.0,250.0766836811573
274600,79,144,57,2,20,0,1.29565990846462,0.006762308833401304,31,19.0,4.0,208.47086226105213
274700,76,163,54,2,20,0,1.299945395028188,0.006705253822496369,31,11.0,1.0,126.73848369425195
274800,70,174,50,1,19,0,1.3030424975701922,0.006838056310440306,31,10.0,1.0,127.38067154841366
274900,68,186,48,1,19,0,1.3141271345817966,0.006871723927502787,31,6.0,1.0,69.55855318203908
275000,68,204,49,1,18,0,1.3163330169347378,0.006871723927502787,31,2.0,0.0,26.06834087521522
275100,65,227,46,2,17,0,1.3159419918641582,0.006623618687860301,31,17.0,3.0,199.99166250637694
275200,64,244,45,1,18,0,1.3236791851598488,0.006556879750160959,31,16.0,0.0,217.47766113966583
275300,63,250,45,1,17,0,1.32267361662114,0.006434927866736529,31,0.0,0.0,0.0
275400,61,259,45,1,15,0,1.3217736074838524,0.006550723851703884,31,12.0,1.0,146.73654655333786
275500,59,288,43,1,15,0,1.3193479122039224,0.006599285698326737,31,1.0,0.0,14.595412005917263
275600,59,312,42,1,16,0,1.32104282745816,0.006599285698326737,31,10.0,0.0,141.21811061318357
275700,58,317,42,1,15,0,1.3230554356692357,0.0066993260426485264,31,6.0,0.0,89.14835528056084
275800,56,326,41,1,14,0,1.3274369699051671,0.006691647684650783,31,6.0,1.0,71.17159827054425
275900,53,346,38,2,13,0,1.3308302014100093,0.006664057512813362,31,2.0,1.0,14.015380658506727
276000,53,352,38,1,14,0,1.3336603900892547,0.006664057512813362,31,4.0,0.0,55.375734260867745
276100,49,356,35,1,13,0,1.3343315407852356,0.006900760308064606,31,7.0,1.0,86.13761246327338
276200,47,356,33,1,13,0,1.3267890731480598,0.00678774448641929,31,0.0,0.0,0.0
276300,44,377,30,1,13,0,1.324781210713024,0.006949937591604904,31,13.0,2.0,150.78635510456118
276400,44,375,30,1,13,0,1.327053937985751,0.006949937591604904,31,4.0,0.0,60.01976813345445
276500,43,395,30,1,12,0,1.328144939252371,0.006820099807118882,31,2.0,1.0,13.672486471927147
276600,41,392,31,1,9,0,1.3228701953023878,0.006732927900281581,31,2.0,0.0,26.613979594675733
276700,40,407,30,1,9,0,1.3304145348865581,0.006695798831220297,31,7.0,1.0,81.22091802384735
276800,39,392,30,1,8,0,1.3214956286235624,0.00648901347479953,31,0.0,0.0,0.0
276900,39,402,31,0,8,0,1.3304699875979218,0.00648901347479953,31,0.0,0.0,0.0
277000,39,412,31,0,8,0,1.3343161414440756,0.00648901347479953,31,7.0,0.0,83.63533867376644
277100,39,428,31,0,8,0,1.3381622952902295,0.00648901347479953,31,0.0,0.0,0.0
277200,37,437,29,0,8,0,1.3307374424199296,0.0064406047928046665,31,0.0,0.0,0.0
277300,36,463,28,0,8,0,1.3179480531181746,0.006252717700143515,31,5.0,0.0,73.36909721151721
277400,35,469,27,0,8,0,1.319337168338769,0.0062555123188681415,31,6.0,1.0,75.42706002958633
277500,34,493,27,0,7,0,1.332895631035564,0.006439497975305441,31,7.0,1.0,80.25393655622658
277600,32,521,27,0,5,0,1.3244581610496384,0.006428060991673375,31,6.0,1.0,67.9211266958504
277700,31,536,26,0,5,0,1.316497312074422,0.006231130336378636,31,0.0,0.0,0.0
277800,31,544,26,0,5,0,1.3245618282034544,0.006231130336378636,31,0.0,0.0,0.0
277900,31,563,26,0,5,0,1.3342392475582932,0.006231130336378636,31,0.0,0.0,0.0
278000,31,572,27,0,4,0,1.3390779572357123,0.006231130336378636,31,1.0,0.0,12.916425470767152
278100,31,592,27,0,4,0,1.345529570138938,0.006231130336378636,31,2.0,0.0,29.38293003830003
278200,30,608,26,0,4,0,1.344235113694257,0.00624507587295903,31,7.0,1.0,82.03491883156288
278300,30,623,26,0,4,0,1.3475684470275906,0.00624507587295903,31,0.0,0.0,0.0
278400,30,618,26,0,4,0,1.3575684470275904,0.00624507587295903,31,2.0,0.0,29.64963734508735
278500,30,645,26,0,4,0,1.359235113694257,0.00624507587295903,31,0.0,0.0,0.0
278600,29,667,26,0,3,0,1.356473298452478,0.006267511447749076,31,0.0,0.0,0.0
278700,29,691,26,0,3,0,1.3616457122455814,0.006267511447749076,31,7.0,0.0,96.60258397215225
278800,27,716,25,0,2,0,1.348700393250928,0.0064617659027485065,31,1.0,0.0,12.261906274369707
278900,24,744,22,0,2,0,1.3194636752589706,0.0062643662127083236,31,2.0,0.0,30.657350825830473
279000,23,782,21,0,2,0,1.3037396379216784,0.0060613444108684215,31,3.0,0.0,45.98602623874571
279100,23,812,21,0,2,0,1.310261377052113,0.0060613444108684215,31,0.0,0.0,0.0
279200,23,844,21,0,2,0,1.3124352900955913,0.0060613444108684215,31,5.0,0.0,69.30155808689054
279300,22,866,20,0,2,0,1.3089014048888166,0.006336860065907895,31,3.0,0.0,42.48870714535623
279400,22,882,20,0,2,0,1.3202650412524528,0.006336860065907895,31,0.0,0.0,0.0
279500,22,920,20,0,2,0,1.32253776852518,0.006336860065907895,31,3.0,0.0,45.32134255306687
279600,20,935,18,0,2,0,1.3260159552047148,0.006538403203347852,31,0.0,0.0,0.0
279700,20,961,18,0,2,0,1.3335159552047147,0.006538403203347852,31,5.0,0.0,68.36243235963573
279800,19,1005,17,0,2,0,1.3116402072889324,0.0059439529896026825,31,0.0,0.0,0.0
279900,16,1067,14,0,2,0,1.2855373643387293,0.006522309794014575,31,4.0,0.0,53.9981889147022
280000,14,1129,12,0,2,0,1.25187012153358,0.006471297110287184,31,0.0,0.0,0.0
280100,13,1182,11,0,2,0,1.270109443992168,0.006296514472579779,31,0.0,0.0,0.0
280200,12,1226,10,0,2,0,1.246590572192819,0.006066539418058532,31,0.0,0.0,0.0
280300,12,1264,10,0,2,0,1.2507572388594856,0.006066539418058532,31,0.0,0.0,0.0
280400,12,1312,10,0,2,0,1.259090572192819,0.006066539418058532,31,0.0,0.0,0.0
280500,12,1358,10,0,2,0,1.2715905721928191,0.006066539418058532,31,3.0,0.0,43.69267601751025
280600,10,1384,8,0,2,0,1.2957835448672548,0.005785846884696446,31,0.0,0.0,0.0
280700,9,1414,7,0,2,0,1.3440173836440574,0.006102099507265002,31,0.0,0.0,0.0
280800,9,1448,7,0,2,0,1.3606840503107243,0.006102099507265002,31,0.0,0.0,0.0
280900,8,1484,6,0,2,0,1.4103510899055598,0.006037393096623736,31,0.0,0.0,0.0
281000,7,1504,5,0,2,0,1.3832549026532348,0.005329937097361799,31,0.0,0.0,0.0
281100,5,1524,4,0,1,0,1.4505538278570471,0.004572082241523055,31,3.0,0.0,43.159276412301466
281200,4,1539,4,0,0,0,1.4666559241281942,0.004761664272527453,31,0.0,0.0,0.0
281300,4,1585,4,0,0,0,1.4916559241281946,0.004761664272527453,31,0.0,0.0,0.0
281400,4,1632,4,0,0,0,1.5041559241281945,0.004761664272527453,31,0.0,0.0,0.0
281500,4,1693,4,0,0,0,1.5166559241281945,0.004761664272527453,31,0.0,0.0,0.0
281600,3,1745,3,0,0,0,1.532873699151635,0.004471600258338175,31,0.0,0.0,0.0
281700,3,1788,3,0,0,0,1.5828736991516352,0.004471600258338175,31,0.0,0.0,0.0
281800,187,305,0,0,0,187,1.04813857012696,0.005933632322455459,32,81.0,12.0,708.8811708633709
281900,186,201,0,0,0,186,1.048117141337151,0.00595419542475107,32,48.0,1.0,490.30576049697504
282000,181,150,0,0,0,181,1.0491934644190597,0.006030842000526979,32,25.0,4.0,243.5341126045009
282100,178,112,137,10,21,10,1.0491607880913756,0.006032098490412734,32,9.0,1.0,87.26770588099754
282200,175,119,137,11,20,7,1.0503427543423953,0.006079881218600342,32,10.0,2.0,89.69748149175552
282300,167,120,137,11,18,1,1.0565099421838406,0.006104860558448334,32,15.0,1.0,185.83403571021364
282400,161,120,130,11,20,0,1.0631147272580228,0.006174284085939588,32,17.0,2.0,172.13344001319336
282500,153,121,123,10,20,0,1.0605808345682153,0.006175341817980344,32,9.0,0.0,100.32131897770427
282600,147,123,119,9,19,0,1.0600945654326184,0.0062356793224527555,32,19.0,2.0,195.38213610016555
282700,139,118,116,9,14,0,1.06192045230995,0.006268930944225328,32,6.0,2.0,40.948993056472176
282800,135,121,112,8,15,0,1.06622026636205,0.0063922788668873375,32,13.0,3.0,104.45738088770389
282900,124,123,106,6,12,0,1.0585889087131468,0.006183556071966873,32,22.0,5.0,210.7433361310308
283000,116,128,100,5,11,0,1.0590216073493042,0.006097517183957152,32,17.0,2.0,187.83003108335916
283100,111,139,95,5,11,0,1.0567183417844312,0.006124428398444731,32,8.0,0.0,83.45128814793006
283200,105,140,91,5,9,0,1.0509201771580325,0.00605775863346914,32,3.0,1.0,18.246932200241247
283300,99,158,86,5,8,0,1.0452807527805643,0.005932243203410266,32,7.0,1.0,70.70613994934747
283400,98,174,86,4,8,0,1.0480309441070839,0.005986078940299389,32,14.0,1.0,153.55138994269117
283500,96,165,84,4,8,0,1.052576459277678,0.005950211343704475,32,8.0,1.0,69.98054746460319
283600,95,158,83,4,8,0,1.049188420809425,0.0057824900810765556,32,12.0,1.0,122.8588400238542
283700,95,176,85,3,7,0,1.0497147365988988,0.0057824900810765556,32,0.0,0.0,0.0
283800,90,202,81,2,7,0,1.0401224766306956,0.00573372549330856,32,8.0,2.0,71.27699122479967
283900,88,199,80,2,6,0,1.039298112142795,0.005668849786556482,32,2.0,1.0,12.1818914812887
284000,87,218,79,2,6,0,1.0411316301017437,0.00568373749349306,32,3.0,0.0,36.690963192077504
284100,85,211,77,2,6,0,1.0417086720458701,0.005653792092307896,32,1.0,0.0,10.292843981337452
284200,81,221,73,3,5,0,1.0510781623262202,0.005808107014992942,32,6.0,3.0,35.03292654689337
284300,81,226,73,3,5,0,1.0541645820793064,0.005808107014992942,32,4.0,0.0,50.54715192475342
284400,80,234,72,3,5,0,1.0564436278770326,0.00585340473650532,32,7.0,0.0,60.34299455999377
284500,77,248,71,2,4,0,1.065066682888688,0.005891876843614058,32,1.0,1.0,0.0
284600,75,281,70,2,3,0,1.0670114528664398,0.005760563187238813,32,1.0,0.0,9.493998922018584
284700,75,295,69,2,4,0,1.0676781195331067,0.005760563187238813,32,7.0,0.0,89.32782181901935
284800,74,296,68,3,3,0,1.0708112125833273,0.005800647027457555,32,9.0,1.0,102.95663776905369
284900,72,302,65,2,5,0,1.0709473496480504,0.005770199012920125,32,13.0,1.0,154.1663385694036
285000,70,301,63,2,5,0,1.0789423675133465,0.005828969960276334,32,2.0,0.0,22.45313216160047
285100,69,315,62,2,5,0,1.0793721016127131,0.005800836769707479,32,3.0,1.0,22.60982583089705
285200,69,308,62,2,5,0,1.0822706523373506,0.005800836769707479,32,0.0,0.0,0.0
285300,68,313,62,2,4,0,1.082447586875248,0.0056952379362542995,32,3.0,0.0,36.4905937019678
285400,67,336,62,2,3,0,1.0849126257500723,0.005677275745658093,32,11.0,0.0,122.86010356633895
285500,64,343,59,2,3,0,1.0732339917485896,0.005631582799271303,32,7.0,0.0,73.4582543831101
285600,59,352,55,1,3,0,1.0762192597471547,0.005475380246224253,32,14.0,1.0,163.35931442994388
285700,57,378,53,1,3,0,1.0834247206879508,0.005376871071971626,32,5.0,0.0,52.806853858756256
285800,55,414,51,1,3,0,1.0904820662850192,0.005103935615510801,32,3.0,1.0,20.26083782972701
285900,53,436,49,1,3,0,1.0935967187228086,0.005042796565914013,32,0.0,0.0,0.0
286000,52,465,49,1,2,0,1.0876369336385205,0.004902677142568556,32,9.0,1.0,95.84260991509551
286100,51,490,48,1,2,0,1.093517573507861,0.0049988080669326465,32,2.0,1.0,12.671891481288702
286200,50,500,48,1,1,0,1.0992109539589785,0.004991110172003196,32,1.0,1.0,0.0
286300,50,493,48,1,1,0,1.1032109539589785,0.004991110172003196,32,0.0,0.0,0.0
286400,50,505,48,1,1,0,1.1052109539589785,0.004991110172003196,32,1.0,0.0,10.304618683519807
286500,49,503,47,1,1,0,1.111952737768073,0.004793250605123113,32,4.0,0.0,46.95259602315251
286600,47,492,45,1,1,0,1.1220765072255738,0.004727525293637797,32,2.0,1.0,15.875442150330448
286700,46,509,44,1,1,0,1.1291197838238411,0.0046760404070954956,32,2.0,0.0,25.588425902498244
286800,44,554,42,1,1,0,1.1143802857034373,0.004657985650500998,32,0.0,0.0,0.0
286900,42,596,40,1,1,0,1.1043808356111957,0.004782888487750547,32,1.0,0.0,14.271082163917557
287000,42,629,40,1,1,0,1.107952264182624,0.004782888487750547,32,4.0,0.0,50.68756592515481
287100,42,660,40,1,1,0,1.1103332165635766,0.004782888487750547,32,1.0,0.0,12.671891481288702
287200,41,701,39,1,1,0,1.113785846230835,0.004809132978921856,32,0.0,0.0,0.0
287300,41,716,39,1,1,0,1.1186638950113228,0.004809132978921856,32,0.0,0.0,0.0
287400,40,727,39,0,1,0,1.117181971248256,0.004923602699131864,32,4.0,1.0,36.09484503176925
287500,40,734,39,0,1,0,1.1196819712482562,0.004923602699131864,32,0.0,0.0,0.0
287600,40,747,39,0,1,0,1.1246819712482563,0.004923602699131864,32,3.0,0.0,42.81324649175267
287700,40,760,39,0,1,0,1.1321819712482564,0.004923602699131864,32,0.0,0.0,0.0
287800,37,760,36,0,1,0,1.119779616896861,0.00505852428842709,32,1.0,0.0,10.1055117304175
287900,36,762,35,0,1,0,1.1343745400027163,0.004983461766313928,32,0.0,0.0,0.0
288000,35,779,34,0,1,0,1.1404614882561823,0.004712989421419627,32,0.0,0.0,0.0
288100,34,811,33,0,1,0,1.1384819062240434,0.004615620486845369,32,1.0,0.0,16.45190397323673
288200,33,817,32,0,1,0,1.1481758245653408,0.004597745365256188,32,6.0,1.0,60.9941695003278
288300,33,822,32,0,1,0,1.154236430625947,0.004597745365256188,32,1.0,0.0,11.337704205874235
288400,31,830,30,0,1,0,1.1672619317540502,0.004368653131936049,32,0.0,0.0,0.0
288500,31,848,30,0,1,0,1.173713544657276,0.004368653131936049,32,0.0,0.0,0.0
288600,28,886,27,0,1,0,1.1725428123749861,0.004642575058913501,32,5.0,1.0,40.486018247698325
288700,28,909,27,0,1,0,1.1761142409464147,0.004642575058913501,32,1.0,0.0,14.271082163917557
288800,26,942,25,0,1,0,1.1904363464857917,0.004572146027406258,32,0.0,0.0,0.0
288900,26,972,25,0,1,0,1.1923594234088686,0.004572146027406258,32,0.0,0.0,0.0
289000,24,1011,23,0,1,0,1.1842939042762728,0.004507740093299466,32,0.0,0.0,0.0
289100,21,1039,20,0,1,0,1.2143216394898975,0.004081292070778073,32,0.0,0.0,0.0
289200,20,1071,19,0,1,0,1.2113515925702159,0.004285356674316976,32,0.0,0.0,0.0
289300,20,1104,19,0,1,0,1.2113515925702159,0.004285356674316976,32,0.0,0.0,0.0
289400,18,1134,17,0,1,0,1.2214329157986077,0.004444837947808363,32,0.0,0.0,0.0
289500,16,1167,15,0,1,0,1.2158473235574583,0.00443456384872355,32,1.0,0.0,11.715178159820914
289600,15,1172,14,0,1,0,1.210385791347084,0.004730201438638453,32,0.0,0.0,0.0
289700,14,1165,14,0,0,0,1.1840729399036778,0.004460787910089927,32,0.0,0.0,0.0
289800,14,1198,14,0,0,0,1.2055015113322494,0.004460787910089927,32,0.0,0.0,0.0
289900,12,1216,12,0,0,0,1.2467360065827888,0.004552415709224652,32,0.0,0.0,0.0
290000,10,1252,10,0,0,0,1.258788343385791,0.004781496176450873,32,0.0,0.0,0.0
290100,10,1277,10,0,0,0,1.278788343385791,0.004781496176450873,32,0.0,0.0,0.0
290200,7,1313,7,0,0,0,1.324305044420582,0.005054169546378771,32,0.0,0.0,0.0
290300,7,1358,7,0,0,0,1.3385907587062964,0.005054169546378771,32,0.0,0.0,0.0
290400,6,1401,6,0,0,0,1.3345644581667093,0.005024804429590176,32,0.0,0.0,0.0
290500,6,1452,6,0,0,0,1.359564458166709,0.005024804429590176,32,0.0,0.0,0.0
290600,6,1495,6,0,0,0,1.3845644581667091,0.005024804429590176,32,0.0,0.0,0.0
290700,6,1539,6,0,0,0,1.3845644581667091,0.005024804429590176,32,0.0,0.0,0.0
290800,195,300,0,0,0,195,0.9788931901129326,0.005595220727053133,33,64.0,4.0,566.8525368172196
290900,188,186,0,0,0,188,0.9817307012210649,0.005550126599087623,33,47.0,4.0,416.5091556136219
291000,181,154,0,0,0,181,0.9829225284424083,0.005651779555689785,33,22.0,3.0,184.79782036825682
291100,174,120,140,3,23,8,0.9833469713362868,0.0054901462009660324,33,18.0,3.0,148.57975761781216
291200,169,102,140,3,21,5,0.9840296377047844,0.005562126471654952,33,7.0,1.0,57.763395289953976
291300,164,112,140,3,20,1,0.9840026882359134,0.0056977966675065585,33,3.0,0.0,33.05818278210971
291400,160,100,141,3,16,0,0.9841490946212076,0.005679538358322134,33,6.0,1.0,48.39536793887908
291500,157,97,138,3,16,0,0.9837166596878151,0.005755055783905911,33,13.0,0.0,128.66994200089238
291600,148,89,132,3,13,0,0.9852392547937207,0.005926875471210994,33,10.0,1.0,82.51549790102511
291700,145,89,130,2,13,0,0.9863658284290164,0.005918681818181112,33,4.0,0.0,44.02874684399916
291800,140,105,124,3,13,0,0.986081381093717,0.006017785878724116,33,9.0,2.0,71.06702883566466
291900,131,121,117,3,11,0,0.9863971039850347,0.005926695463792594,33,14.0,2.0,113.45100658269183
292000,125,132,111,2,12,0,0.9807790746435231,0.006102505772426682,33,12.0,1.0,110.62972241163232
292100,121,150,107,3,11,0,0.9824084138274997,0.0061114714742082354,33,6.0,1.0,46.83211803874134
292200,115,170,102,3,10,0,0.9810450391272765,0.006091768643281314,33,19.0,4.0,155.5443015902975
292300,108,187,96,2,10,0,0.9815663863462815,0.005978098741847853,33,2.0,1.0,7.9426735730402465
292400,107,206,99,2,6,0,0.9827360090303494,0.006033968823547365,33,10.0,0.0,93.32993126768191
292500,104,234,96,2,6,0,0.9846606448596766,0.006016974152964293,33,6.0,0.0,55.20766392259458
292600,98,249,91,1,6,0,0.9889434909964658,0.006034403847340754,33,12.0,1.0,110.97883840262662
292700,93,292,88,1,4,0,0.9877316857049545,0.0059910164597824205,33,7.0,3.0,34.39973869212841
292800,89,325,84,1,4,0,0.9897767935956472,0.006014692308020966,33,6.0,1.0,48.15072751647212
292900,85,344,79,1,5,0,0.9971364970582063,0.006200508438054957,33,7.0,1.0,56.99247124874666
293000,84,369,78,1,5,0,0.999696866005633,0.006197474366842973,33,6.0,0.0,54.6441699468557
293100,77,395,72,1,4,0,1.0027601748037698,0.006193202142418221,33,7.0,1.0,60.13205602973286
293200,76,419,72,0,4,0,1.0053597383037902,0.006206260605701464,33,4.0,0.0,42.381959121037724
293300,75,431,70,1,4,0,1.0091941461343445,0.006215003162717586,33,8.0,1.0,67.68303920171266
293400,73,453,68,1,4,0,1.0094351952324858,0.006176465620274348,33,5.0,0.0,47.77722544043792
293500,69,458,64,0,5,0,1.015390118992599,0.006237876723688973,33,9.0,2.0,70.73251903481548
293600,68,473,63,0,5,0,1.0176949352750742,0.006197420227178079,33,5.0,0.0,48.829484235674386
293700,66,478,61,0,5,0,1.0195678581321526,0.006079557890643512,33,5.0,0.0,49.733081758531775
293800,62,475,58,0,4,0,1.0216139871650192,0.006088427631424946,33,14.0,1.0,128.20814378161626
293900,61,471,58,0,3,0,1.0274016913232937,0.006004626855441192,33,6.0,1.0,50.84393447353988
294000,59,453,56,0,3,0,1.0353426362885396,0.005963320747769122,33,5.0,0.0,51.75757714261494
294100,58,465,55,0,3,0,1.04049620792324,0.005969353223306753,33,3.0,1.0,19.909454182333942
294200,56,456,54,0,2,0,1.0468501574219211,0.006138528288050879,33,8.0,1.0,69.08652221508534
294300,54,469,52,0,2,0,1.0537878627288781,0.006046705819782792,33,3.0,0.0,31.428102362837922
294400,50,479,48,0,2,0,1.0638410067231416,0.005885089064374939,33,4.0,1.0,32.41036652128594
294500,48,500,46,0,2,0,1.0666284946557991,0.005642530784287097,33,5.0,0.0,47.3000966009361
294600,47,531,45,0,2,0,1.0701553495685627,0.005626817505140807,33,0.0,0.0,0.0
294700,47,551,45,0,2,0,1.0744106687174988,0.005626817505140807,33,4.0,0.0,40.92086914894597
294800,47,584,45,0,2,0,1.0754744985047326,0.005626817505140807,33,6.0,0.0,62.11574948671314
294900,46,598,44,0,2,0,1.0768234163184243,0.005557719480202626,33,4.0,0.0,43.62145579578601
295000,43,626,41,0,2,0,1.0769820538933417,0.005454182383906298,33,3.0,0.0,33.84285203043461
295100,41,646,39,0,2,0,1.0922194152533116,0.005428534646045339,33,5.0,1.0,41.06396707363701
295200,40,676,38,0,2,0,1.0889990319422278,0.00533120411737475,33,1.0,0.0,12.284126427084567
295300,40,703,38,0,2,0,1.0889990319422278,0.00533120411737475,33,5.0,0.0,50.39266438075519
295400,40,734,38,0,2,0,1.093999031942228,0.00533120411737475,33,1.0,0.0,10.196580661002637
295500,40,752,38,0,2,0,1.0977490319422278,0.00533120411737475,33,2.0,0.0,22.363544221332884
295600,40,752,38,0,2,0,1.1014990319422278,0.00533120411737475,33,2.0,0.0,22.705975306155104
295700,40,764,38,0,2,0,1.1077490319422278,0.00533120411737475,33,2.0,0.0,20.53489703682228
295800,38,759,36,0,2,0,1.1167140842878074,0.005392650627098952,33,5.0,0.0,52.697211173882856
295900,37,755,35,0,2,0,1.124880150450893,0.005375388629780655,33,6.0,1.0,55.76508195471105
296000,37,769,35,0,2,0,1.1275828531535956,0.005375388629780655,33,1.0,0.0,11.181772110666442
296100,35,763,33,0,2,0,1.1205254108689175,0.005444541973850769,33,3.0,0.0,33.459049172826624
296200,34,776,32,0,2,0,1.125805653713602,0.005498266927187467,33,5.0,0.0,60.32166869700758
296300,32,797,30,0,2,0,1.1267781852248069,0.0056570113948129,33,1.0,0.0,11.119311781481954
296400,32,823,30,0,2,0,1.1314656852248068,0.0056570113948129,33,1.0,0.0,12.064333739401516
296500,31,834,30,0,1,0,1.136813797570277,0.005470131319427461,33,2.0,0.0,19.605446135044375
296600,31,846,30,0,1,0,1.143265410473503,0.005470131319427461,33,0.0,0.0,0.0
296700,30,863,29,0,1,0,1.1502201357835653,0.0051760984485578945,33,2.0,0.0,21.02528308892154
296800,29,884,28,0,1,0,1.1587920032372854,0.005157765029445657,33,0.0,0.0,0.0
296900,29,910,28,0,1,0,1.1674126928924577,0.005157765029445657,33,3.0,0.0,31.729333254563816
297000,29,932,28,0,1,0,1.1725851066855615,0.005157765029445657,33,2.0,0.0,22.931114908381886
297100,28,941,27,0,1,0,1.184872588111962,0.005228696618394519,33,0.0,0.0,0.0
297200,27,964,27,0,0,0,1.1917094297445205,0.005422352048705427,33,2.0,0.0,20.960812493304374
297300,23,971,23,0,0,0,1.1774034100106001,0.004736568577391467,33,7.0,2.0,60.48843783574267
297400,21,1006,21,0,0,0,1.1992101275298677,0.004763158082702787,33,0.0,0.0,0.0
297500,21,1007,21,0,0,0,1.2063529846727248,0.004763158082702787,33,0.0,0.0,0.0
297600,21,1034,21,0,0,0,1.2111148894346297,0.004763158082702787,33,0.0,0.0,0.0
297700,21,1062,21,0,0,0,1.2182577465774869,0.004763158082702787,33,5.0,0.0,73.82396381459766
297800,19,1085,19,0,0,0,1.2196974322296443,0.004649852720892284,33,0.0,0.0,0.0
297900,18,1096,18,0,0,0,1.2224902350292346,0.004876066518903552,33,0.0,0.0,0.0
298000,18,1112,18,0,0,0,1.2308235683625677,0.004876066518903552,33,3.0,0.0,32.89361827433623
298100,18,1143,18,0,0,0,1.2391569016959014,0.004876066518903552,33,0.0,0.0,0.0
298200,18,1166,18,0,0,0,1.2474902350292347,0.004876066518903552,33,0.0,0.0,0.0
298300,18,1207,18,0,0,0,1.2530457905847903,0.004876066518903552,33,1.0,0.0,8.983547691365777
298400,15,1248,15,0,0,0,1.2663945814307345,0.004551762133924661,33,0.0,0.0,0.0
298500,15,1283,15,0,0,0,1.2697279147640677,0.004551762133924661,33,0.0,0.0,0.0
298600,14,1309,14,0,0,0,1.2849660851305413,0.004099026773481116,33,0.0,0.0,0.0
298700,12,1351,12,0,0,0,1.3424836954720625,0.0042859454439915,33,1.0,0.0,11.66661037054469
298800,9,1396,9,0,0,0,1.2832919434573804,0.0037893361448287366,33,0.0,0.0,0.0
298900,9,1436,9,0,0,0,1.2888474990129357,0.0037893361448287366,33,0.0,0.0,0.0
299000,8,1481,8,0,0,0,1.3416173688976425,0.004263003162932329,33,0.0,0.0,0.0
299100,8,1508,8,0,0,0,1.3541173688976424,0.004263003162932329,33,0.0,0.0,0.0
299200,6,1551,6,0,0,0,1.4428322554250734,0.004288467799369171,33,0.0,0.0,0.0
299300,5,1601,5,0,0,0,1.492352430233336,0.004110462124419964,33,0.0,0.0,0.0
299400,5,1645,5,0,0,0,1.5223524302333358,0.004110462124419964,33,0.0,0.0,0.0
299500,4,1696,4,0,0,0,1.4878732071730232,0.005138077655524956,33,0.0,0.0,0.0
299600,2,1760,2,0,0,0,1.643189400285317,0.006287703257062949,33,0.0,0.0,0.0
299700,2,1831,2,0,0,0,1.6931894002853167,0.006287703257062949,33,0.0,0.0,0.0
299800,189,304,0,0,0,189,0.9628219817593359,0.004043255201229922,34,105.0,9.0,863.5601106160992
299900,173,205,0,0,0,173,0.962688524385879,0.004122151066024369,34,150.0,12.0,1210.003593360186
300000,159,134,0,0,0,159,0.9665997515388739,0.004194576699054802,34,83.0,10.0,646.613520604773
300100,155,94,100,4,40,11,0.9680588298281498,0.004302823839675572,34,49.0,3.0,413.34303868870995
300200,146,95,98,5,37,6,0.967731227393038,0.00434883496321296,34,44.0,7.0,339.4498796714978
300300,132,96,92,6,30,4,0.9673604048254246,0.004349150122248844,34,67.0,11.0,507.5035071876344
300400,122,93,84,4,31,3,0.9689482967067556,0.0043678279198361555,34,50.0,8.0,370.19870531857634
300500,114,104,83,4,26,1,0.9665336202848253,0.004539384120193477,34,46.0,5.0,358.4618708411421
300600,110,108,82,3,25,0,0.9674061908133856,0.004587632050398191,34,15.0,0.0,128.04022669052435
300700,106,131,78,3,25,0,0.9685944445270521,0.004709488029972716,34,36.0,1.0,312.06709714897556
300800,101,144,75,2,24,0,0.9720639887781447,0.004775900550141527,34,20.0,3.0,146.31898676755526
300900,96,145,69,1,26,0,0.9696436544616489,0.004769302189019877,34,59.0,3.0,495.9640024188649
301000,92,162,66,1,25,0,0.970914746502733,0.004840121110882637,34,37.0,2.0,302.6790822736375
301100,85,168,64,1,20,0,0.9750152077733214,0.0049618617873188,34,8.0,1.0,61.46514444493716
301200,84,193,65,1,18,0,0.9765524086815738,0.005019341493982431,34,18.0,1.0,148.13095828563075
301300,81,213,64,1,16,0,0.9769443735229412,0.005151414947081619,34,14.0,1.0,113.41990004425048
301400,75,231,59,1,15,0,0.9777680957293147,0.005047539967825479,34,29.0,5.0,215.56179636679596
301500,70,249,55,1,14,0,0.9817858918411768,0.00508871439203728,34,18.0,1.0,152.20812920310618
301600,67,284,53,0,14,0,0.9790015399072103,0.0048130137204146495,34,14.0,2.0,110.15704876625864
301700,66,298,53,0,13,0,0.9818817841254234,0.004734420822628062,34,10.0,0.0,93.7413338650469
301800,66,320,54,0,12,0,0.9856696629133022,0.004734420822628062,34,8.0,0.0,73.87504306601684
301900,62,342,51,0,11,0,0.9838762385150899,0.004261205976639241,34,12.0,3.0,82.68043470031374
302000,61,348,51,0,10,0,0.9864161526616382,0.0041933694756330275,34,14.0,1.0,116.00555955037095
302100,57,353,48,0,9,0,0.9940188786648463,0.0041600166963626775,34,16.0,3.0,119.74022337905896
302200,55,342,47,0,8,0,0.9971847562574505,0.004050888940526765,34,5.0,1.0,35.90284748778345
302300,52,352,44,0,8,0,0.995509924587108,0.004015625168826947,34,23.0,3.0,193.32281795335558
302400,52,368,45,0,7,0,0.9964714630486464,0.004015625168826947,34,8.0,0.0,74.05244317635653
302500,51,383,44,0,7,0,0.9993199010937259,0.003974978276149705,34,10.0,1.0,92.61552900731508
302600,51,395,45,0,6,0,1.0012806854074514,0.003974978276149705,34,6.0,0.0,60.714971907320226
302700,50,439,45,0,5,0,1.0038039685063713,0.003887590508667496,34,5.0,0.0,44.4560984585968
302800,50,464,45,0,5,0,1.0068039685063714,0.003887590508667496,34,3.0,0.0,30.977118439946548
302900,48,479,44,0,4,0,1.0146990792000914,0.004012931542994564,34,13.0,1.0,111.93489994797919
303000,47,504,43,0,4,0,1.0187913607655705,0.004067734792166093,34,7.0,1.0,59.40158016423076
303100,47,521,43,0,4,0,1.0273019990634427,0.004067734792166093,34,3.0,0.0,31.23570864572266
303200,47,533,44,0,3,0,1.0304934884251449,0.004067734792166093,34,3.0,0.0,31.560976591614008
303300,46,541,43,0,3,0,1.0374430372765229,0.0040314351861087065,34,9.0,1.0,76.50298616555575
303400,46,549,43,0,3,0,1.0407039068417403,0.0040314351861087065,34,8.0,0.0,75.20174967933042
303500,45,558,42,0,3,0,1.0436098586487295,0.004094169905678717,34,4.0,0.0,40.8889791251419
303600,44,574,41,0,3,0,1.0451065284002268,0.004184846089118182,34,1.0,0.0,10.628714867137255
303700,44,578,41,0,3,0,1.0541974374911356,0.004184846089118182,34,2.0,0.0,19.589425198425594
303800,42,585,39,0,3,0,1.0561875838672665,0.004303758829501321,34,5.0,0.0,49.25616630448072
303900,41,585,38,0,3,0,1.0633591136958163,0.004249934307605493,34,9.0,0.0,93.27881996037205
304000,41,599,38,0,3,0,1.0682371624763036,0.004249934307605493,34,6.0,0.0,55.826115184566746
304100,40,606,37,0,3,0,1.0672903370798965,0.004015084679271408,34,6.0,1.0,43.956001796351515
304200,40,620,37,0,3,0,1.0685403370798965,0.004015084679271408,34,2.0,0.0,20.5390842642068
304300,40,649,38,0,2,0,1.0735403370798964,0.004015084679271408,34,4.0,0.0,43.04841490841589
304400,40,686,38,0,2,0,1.0772903370798965,0.004015084679271408,34,0.0,0.0,0.0
304500,39,701,37,0,2,0,1.0811749245299187,0.004025605500477309,34,3.0,0.0,31.69188403740413
304600,39,707,37,0,2,0,1.0837390270940213,0.004025605500477309,34,19.0,0.0,201.06349641520913
304700,38,713,36,0,2,0,1.0893025517243815,0.00401521890159227,34,1.0,0.0,10.563961345801376
304800,37,739,35,0,2,0,1.1005015416864006,0.0041237383313650336,34,2.0,0.0,20.765362724552716
304900,36,761,34,0,2,0,1.1021731232137963,0.00396087999277111,34,6.0,1.0,53.75290377569025
305000,36,789,34,0,2,0,1.1035620121026852,0.00396087999277111,34,6.0,0.0,71.728571848075
305100,33,825,32,0,1,0,1.1141426872394136,0.0036101773001758937,34,16.0,0.0,157.42316407813064
305200,32,854,31,0,1,0,1.1164782297418743,0.0037229953408063903,34,9.0,1.0,90.44226725063903
305300,32,874,31,0,1,0,1.1196032297418743,0.0037229953408063903,34,0.0,0.0,0.0
305400,32,894,31,0,1,0,1.127415729741874,0.0037229953408063903,34,4.0,0.0,42.51238726101439
305500,31,905,30,0,1,0,1.137525942847642,0.0037316529238777263,34,1.0,0.0,9.93719140993811
305600,31,907,30,0,1,0,1.1391388460734486,0.0037316529238777263,34,0.0,0.0,0.0
305700,31,910,30,0,1,0,1.1520420718799003,0.0037316529238777263,34,3.0,0.0,31.78819352310842
305800,30,925,29,0,1,0,1.1613783109636342,0.003856041354673651,34,3.0,0.0,29.603945843737023
305900,30,946,29,0,1,0,1.163044977630301,0.003856041354673651,34,1.0,0.0,11.604812967966804
306000,29,963,28,0,1,0,1.155984291846825,0.003989008297938259,34,0.0,0.0,0.0
306100,29,995,28,0,1,0,1.1663291194330319,0.003989008297938259,34,2.0,0.0,20.928495522757743
306200,29,1024,28,0,1,0,1.1680532573640663,0.003989008297938259,34,2.0,0.0,20.661313747485533
306300,26,1051,25,0,1,0,1.1692421262941095,0.003603522260919307,34,3.0,1.0,21.19567729802995
306400,26,1083,25,0,1,0,1.1730882801402633,0.003603522260919307,34,1.0,0.0,10.431245615191825
306500,25,1109,24,0,1,0,1.174390049829567,0.0034096299292810683,34,0.0,0.0,0.0
306600,24,1124,23,0,1,0,1.1845934170487489,0.0033499123604560695,34,10.0,1.0,102.20702106456469
306700,22,1144,21,0,1,0,1.189436236796425,0.0033431640362956774,34,5.0,1.0,48.51357702427752
306800,20,1159,19,0,1,0,1.1853853657613382,0.003677480439925245,34,0.0,0.0,0.0
306900,20,1162,19,0,1,0,1.1953853657613385,0.003677480439925245,34,0.0,0.0,0.0
307000,20,1169,19,0,1,0,1.2028853657613385,0.003677480439925245,34,4.0,0.0,49.37939495240759
307100,20,1171,19,0,1,0,1.2103853657613386,0.003677480439925245,34,2.0,0.0,22.236193630507195
307200,19,1178,18,0,1,0,1.2170991385956622,0.0035459551370659766,34,4.0,0.0,44.87507329873131
307300,18,1194,17,0,1,0,1.232795605098498,0.0037429526446807523,34,0.0,0.0,0.0
307400,16,1202,15,0,1,0,1.2410527074941382,0.003339689842714675,34,0.0,0.0,0.0
307500,14,1227,13,0,1,0,1.2436930202970313,0.003368846023750177,34,8.0,0.0,92.18678905031648
307600,12,1237,11,0,1,0,1.2753898091361435,0.002701294700560706,34,0.0,0.0,0.0
307700,12,1253,11,0,1,0,1.2962231424694768,0.002701294700560706,34,0.0,0.0,0.0
307800,10,1287,10,0,0,0,1.3375867565183632,0.002834701018169958,34,0.0,0.0,0.0
307900,9,1317,9,0,0,0,1.3793229056237102,0.00314966779796662,34,0.0,0.0,0.0
308000,8,1359,8,0,0,0,1.3929890717765456,0.002458038891101119,34,0.0,0.0,0.0
308100,8,1400,8,0,0,0,1.3929890717765456,0.002458038891101119,34,0.0,0.0,0.0
308200,7,1450,7,0,0,0,1.4203150137381944,0.00206392129011699,34,0.0,0.0,0.0
308300,7,1498,7,0,0,0,1.4274578708810515,0.00206392129011699,34,0.0,0.0,0.0
308400,7,1536,7,0,0,0,1.4560292994524802,0.00206392129011699,34,1.0,0.0,15.744591019012303
308500,7,1562,7,0,0,0,1.4560292994524802,0.00206392129011699,34,0.0,0.0,0.0
308600,5,1598,5,0,0,0,1.5306819396487803,0.002889489806163786,34,0.0,0.0,0.0
308700,5,1640,5,0,0,0,1.5606819396487803,0.002889489806163786,34,0.0,0.0,0.0
308800,185,298,0,0,0,185,0.8765112146744214,0.0035081578429788218,35,248.0,14.0,1962.9794154035346
308900,156,166,0,0,0,156,0.8777952621756544,0.0035416260200634908,35,240.0,21.0,1831.4613897331178
309000,138,121,0,0,0,138,0.8816514570657717,0.003475904165937495,35,137.0,13.0,1030.4482833801128
309100,121,105,60,6,53,2,0.8830860254968732,0.00352932300920218,35,100.0,13.0,734.7675133566494
309200,117,95,58,6,52,1,0.881063167390078,0.003512229494111403,35,69.0,3.0,554.6724527903564
309300,103,103,50,6,47,0,0.8849224055434466,0.0032762456295225874,35,75.0,11.0,548.0960369566695
309400,87,122,38,5,44,0,0.8863749701705331,0.0028672589812641703,35,99.0,12.0,722.0085614067266
309500,82,131,35,4,43,0,0.8845682416275402,0.002770616321150192,35,63.0,2.0,516.4568052335734
309600,75,131,31,4,40,0,0.8885832127523375,0.002694130762545036,35,33.0,6.0,228.7060655530318
309700,68,146,29,1,38,0,0.8929344365909074,0.0028095645479315396,35,42.0,2.0,330.93515645199415
309800,64,157,28,2,34,0,0.8885423724302771,0.0026180403830232354,35,24.0,1.0,199.17816200253804
309900,59,178,27,2,30,0,0.8870402541248505,0.00229719205760502,35,28.0,3.0,211.4699152135754
310000,56,185,29,1,26,0,0.8903072487199896,0.002273793213801566,35,29.0,2.0,217.76168915956595
310100,56,192,32,1,23,0,0.8965572487199897,0.002273793213801566,35,12.0,0.0,105.07596266709318
310200,53,182,29,1,23,0,0.8995280376630246,0.0024024984900544843,35,23.0,3.0,166.34960671143344
310300,49,201,26,1,22,0,0.9054633023809596,0.0024439443717908186,35,24.0,4.0,177.1274688054646
310400,47,211,23,1,23,0,0.9085785544415026,0.0025064558877610273,35,29.0,1.0,235.4248675501995
310500,46,232,23,1,22,0,0.915221373462692,0.0025504671392684868,35,25.0,1.0,208.5515399082336
310600,42,259,18,0,24,0,0.9194866079651495,0.0022081003117936644,35,47.0,2.0,376.746528190802
310700,40,276,19,0,21,0,0.9264763209009075,0.0023185053273833476,35,13.0,1.0,102.50363684804881
310800,40,287,20,0,20,0,0.9314763209009076,0.0023185053273833476,35,4.0,0.0,36.00153598719353
310900,39,303,20,0,19,0,0.9371985900087768,0.0023036601672942005,35,15.0,1.0,124.85518166226271
311000,35,323,18,0,17,0,0.9397929598287664,0.0021989309007982532,35,16.0,3.0,118.03368015059596
311100,34,343,17,0,17,0,0.9405120795416181,0.0022192259759061437,35,15.0,0.0,131.42236444951052
311200,33,351,19,0,14,0,0.9438186996387683,0.0021728978175909537,35,9.0,1.0,68.71534837080736
311300,30,380,17,0,13,0,0.9525502507715657,0.0019578680347382715,35,19.0,1.0,157.58162654624456
311400,30,400,19,0,11,0,0.9575502507715657,0.0019578680347382715,35,3.0,0.0,23.14906094158273
311500,27,425,19,0,8,0,0.9674765037409054,0.001978601111541959,35,18.0,1.0,152.96402799378475
311600,25,441,18,0,7,0,0.9681115093964167,0.0018160137998574155,35,6.0,1.0,44.36762014827606
311700,25,446,19,0,6,0,0.9801115093964167,0.0018160137998574155,35,13.0,0.0,119.3444072909029
311800,24,457,19,0,5,0,0.9808434309051145,0.0018447616817490041,35,12.0,1.0,100.23415108059386
311900,22,479,17,0,5,0,0.990867797162051,0.002012467289180732,35,11.0,2.0,81.10716010221698
312000,21,492,17,0,4,0,0.9950046854916904,0.002108299064856005,35,13.0,0.0,113.00845156417508
312100,21,519,18,0,3,0,0.9997665902535952,0.002108299064856005,35,8.0,0.0,70.84471547620139
312200,18,561,14,0,4,0,1.0157939937570286,0.0022258521225783506,35,13.0,2.0,99.27374433949143
312300,18,583,14,0,4,0,1.024127327090362,0.0022258521225783506,35,1.0,0.0,10.226467651987905
312400,18,621,14,0,4,0,1.0324606604236952,0.0022258521225783506,35,10.0,0.0,97.40054191472477
312500,17,656,13,0,4,0,1.0332985506606083,0.002111680609869033,35,4.0,0.0,36.206618599953416
312600,17,676,15,0,2,0,1.0421220800723727,0.002111680609869033,35,2.0,0.0,18.091088750413274
312700,15,709,14,0,1,0,1.027467202117061,0.0021202975501066665,35,10.0,1.0,84.67162232843553
312800,15,754,14,0,1,0,1.0374672021170612,0.0021202975501066665,35,3.0,0.0,27.55906094158273
312900,14,808,13,0,1,0,1.0226647405113245,0.0017505485542953054,35,8.0,0.0,73.49082917755395
313000,14,849,13,0,1,0,1.0298075976541816,0.0017505485542953054,35,0.0,0.0,0.0
313100,14,897,13,0,1,0,1.0333790262256104,0.0017505485542953054,35,3.0,0.0,31.030572088965634
313200,13,937,12,0,1,0,1.0343443053735237,0.0014709457677066784,35,0.0,0.0,0.0
313300,13,985,12,0,1,0,1.0381904592196778,0.0014709457677066784,35,0.0,0.0,0.0
313400,12,1027,10,0,2,0,1.0520332365576546,0.001394663386889888,35,9.0,1.0,79.80215257675692
313500,12,1080,10,0,2,0,1.0561999032243212,0.001394663386889888,35,4.0,0.0,38.428056458136076
313600,12,1105,10,0,2,0,1.0686999032243214,0.001394663386889888,35,0.0,0.0,0.0
313700,12,1130,11,0,1,0,1.0770332365576547,0.001394663386889888,35,0.0,0.0,0.0
313800,12,1161,11,0,1,0,1.0936999032243213,0.001394663386889888,35,0.0,0.0,0.0
313900,12,1173,11,0,1,0,1.1061999032243215,0.001394663386889888,35,0.0,0.0,0.0
314000,12,1213,11,0,1,0,1.1270332365576545,0.001394663386889888,35,0.0,0.0,0.0
314100,10,1253,9,0,1,0,1.1038758761900858,0.0007977348832885875,35,8.0,1.0,75.83466820758647
314200,9,1302,8,0,1,0,1.0955695108700518,0.000886372092542875,35,3.0,0.0,28.60663312561991
314300,8,1359,7,0,1,0,1.0844169835337198,0.0009971686041107344,35,0.0,0.0,0.0
314400,7,1409,6,0,1,0,1.1062549035413347,0.0011396212618408393,35,6.0,1.0,50.127721876033185
314500,7,1466,6,0,1,0,1.113397760684192,0.0011396212618408393,35,0.0,0.0,0.0
314600,7,1519,6,0,1,0,1.1205406178270492,0.0011396212618408393,35,0.0,0.0,0.0
314700,7,1575,6,0,1,0,1.1276834749699063,0.0011396212618408393,35,0.0,0.0,0.0
314800,7,1638,6,0,1,0,1.1348263321127634,0.0011396212618408393,35,0.0,0.0,0.0
314900,6,1690,5,0,1,0,1.1110401848641638,0.0013295581388143125,35,0.0,0.0,0.0
315000,6,1743,5,0,1,0,1.1277068515308304,0.0013295581388143125,35,0.0,0.0,0.0
315100,6,1800,5,0,1,0,1.1277068515308304,0.0013295581388143125,35,0.0,0.0,0.0
315200,4,1857,3,0,1,0,1.1200583328607632,0.0014661619442045775,35,0.0,0.0,0.0
315300,4,1911,3,0,1,0,1.1325583328607634,0.0014661619442045775,35,0.0,0.0,0.0
315400,4,1966,3,0,1,0,1.1450583328607633,0.0014661619442045775,35,0.0,0.0,0.0
315500,4,2007,3,0,1,0,1.1575583328607633,0.0014661619442045775,35,0.0,0.0,0.0
315600,4,2057,3,0,1,0,1.1825583328607634,0.0014661619442045775,35,0.0,0.0,0.0
315700,4,2120,3,0,1,0,1.1950583328607634,0.0014661619442045775,35,0.0,0.0,0.0
315800,4,2165,3,0,1,0,1.2325583328607634,0.0014661619442045775,35,0.0,0.0,0.0
315900,4,2229,3,0,1,0,1.2325583328607634,0.0014661619442045775,35,0.0,0.0,0.0
316000,4,2290,3,0,1,0,1.2450583328607636,0.0014661619442045775,35,0.0,0.0,0.0
316100,4,2342,3,0,1,0,1.2575583328607636,0.0014661619442045775,35,0.0,0.0,0.0
316200,4,2395,3,0,1,0,1.2825583328607635,0.0014661619442045775,35,0.0,0.0,0.0
316300,4,2437,3,0,1,0,1.2950583328607634,0.0014661619442045775,35,0.0,0.0,0.0
316400,4,2480,3,0,1,0,1.3075583328607634,0.0014661619442045775,35,0.0,0.0,0.0
316500,4,2500,3,0,1,0,1.3325583328607635,0.0014661619442045775,35,0.0,0.0,0.0
316600,3,2500,2,0,1,0,1.24159056525465,0.0005546548360559374,35,0.0,0.0,0.0
316700,3,2500,2,0,1,0,1.2749238985879836,0.0005546548360559374,35,0.0,0.0,0.0
316800,3,2500,2,0,1,0,1.2915905652546502,0.0005546548360559374,35,0.0,0.0,0.0
316900,3,2500,2,0,1,0,1.2915905652546502,0.0005546548360559374,35,0.0,0.0,0.0
317000,3,2500,2,0,1,0,1.3415905652546503,0.0005546548360559374,35,0.0,0.0,0.0
317100,3,2500,2,0,1,0,1.3415905652546503,0.0005546548360559374,35,0.0,0.0,0.0
317200,3,2500,2,0,1,0,1.3749238985879835,0.0005546548360559374,35,0.0,0.0,0.0
317300,3,2500,2,0,1,0,1.4082572319213167,0.0005546548360559374,35,0.0,0.0,0.0
317400,3,2500,2,0,1,0,1.4415905652546501,0.0005546548360559374,35,0.0,0.0,0.0
317500,3,2499,2,0,1,0,1.4582572319213167,0.0005546548360559374,35,0.0,0.0,0.0
317600,3,2500,2,0,1,0,1.508257231921317,0.0005546548360559374,35,0.0,0.0,0.0
317700,3,2500,2,0,1,0,1.5249238985879838,0.0005546548360559374,35,0.0,0.0,0.0
317800,165,297,0,0,0,165,0.854646799042712,0.0023728296597682937,36,329.0,34.0,2443.4795967693203
317900,133,194,0,0,0,133,0.8611179507785147,0.0024721362648954734,36,263.0,26.0,1939.3656196916106
318000,104,171,0,0,0,104,0.861632045155386,0.0025204431337822165,36,152.0,23.0,1050.2464935856544
318100,97,175,37,4,56,0,0.8580757545786457,0.002568149531348102,36,94.0,4.0,736.9890349766431
318200,78,176,27,4,47,0,0.8595112143026798,0.002458518638352805,36,108.0,16.0,791.0137943343553
318300,66,200,23,3,40,0,0.856169306476884,0.0023194393269058973,36,44.0,8.0,297.77728957603705
318400,61,215,26,1,34,0,0.8543811510016124,0.002394084279478953,36,56.0,5.0,421.47640255095325
318500,51,233,25,1,25,0,0.8548688525972704,0.0021996715728327555,36,43.0,4.0,334.4529241383011
318600,49,254,26,0,23,0,0.8549696309475355,0.002114786053967374,36,20.0,2.0,145.58020081289877
318700,45,254,26,0,19,0,0.859215991576561,0.002039068712381052,36,35.0,3.0,261.6496397740872
318800,43,268,28,0,15,0,0.8620265195255474,0.0019318065678711187,36,9.0,0.0,73.89357459893294
318900,40,298,31,0,9,0,0.8663572310381807,0.0019991372831469683,36,13.0,2.0,85.88656307632034
319000,37,328,30,0,7,0,0.8668170079794454,0.001784996946515967,36,25.0,2.0,195.04163282289517
319100,34,348,30,0,4,0,0.8774603413193355,0.0016347364375097623,36,29.0,3.0,214.62978986687574
319200,34,368,30,0,4,0,0.883342694260512,0.0016347364375097623,36,9.0,0.0,75.6294457845154
319300,34,383,30,0,4,0,0.8862838707311003,0.0016347364375097623,36,10.0,0.0,91.34782978299637
319400,30,399,29,0,1,0,0.8917626807495399,0.0017516960548023372,36,20.0,2.0,158.33743546673807
319500,28,424,27,0,1,0,0.8870663632949958,0.0018768172015739327,36,14.0,2.0,102.160463168334
319600,28,458,27,0,1,0,0.8942092204378529,0.0018768172015739327,36,0.0,0.0,0.0
319700,27,487,26,0,1,0,0.8988738755971957,0.0019463289497803748,36,2.0,0.0,16.065323576501335
319800,27,515,26,0,1,0,0.9044294311527511,0.0019463289497803748,36,0.0,0.0,0.0
319900,27,547,26,0,1,0,0.9136886904120105,0.0019463289497803748,36,2.0,0.0,15.747749428214556
320000,26,564,25,0,1,0,0.9139355583328471,0.0015374106770195592,36,2.0,0.0,16.573485198043386
320100,26,592,25,0,1,0,0.9235509429482318,0.0015374106770195592,36,7.0,0.0,61.47332900960818
320200,26,608,25,0,1,0,0.9273970967943855,0.0015374106770195592,36,0.0,0.0,0.0
320300,26,633,25,0,1,0,0.9350894044866934,0.0015374106770195592,36,3.0,0.0,28.597829834092348
320400,26,654,26,0,0,0,0.9370124814097702,0.0015374106770195592,36,1.0,0.0,9.48076760897555
320500,25,669,24,0,1,0,0.94457997173643,0.0015989071041003417,36,18.0,1.0,150.12881742496245
320600,24,689,24,0,0,0,0.9519558546654352,0.001488915463652471,36,7.0,0.0,61.639431004104395
320700,24,700,24,0,0,0,0.9540391879987685,0.001488915463652471,36,0.0,0.0,0.0
320800,24,705,24,0,0,0,0.9602891879987685,0.001488915463652471,36,7.0,0.0,61.4001696052811
320900,23,719,23,0,0,0,0.9758455247570932,0.0015536509185938828,36,3.0,1.0,17.433431197048296
321000,22,722,22,0,0,0,0.9858660140072449,0.0013357260384404658,36,0.0,0.0,0.0
321100,22,747,22,0,0,0,0.9904114685526992,0.0013357260384404658,36,4.0,0.0,40.79357976346465
321200,22,772,22,0,0,0,1.0017751049163357,0.0013357260384404658,36,10.0,0.0,100.34022272756772
321300,22,806,22,0,0,0,1.0063205594617903,0.0013357260384404658,36,0.0,0.0,0.0
321400,21,816,21,0,0,0,1.018361700222812,0.0013993320402709642,36,1.0,0.0,8.258169348991991
321500,21,846,21,0,0,0,1.0207426526037644,0.0013993320402709642,36,2.0,0.0,20.39870105721699
321600,21,870,21,0,0,0,1.0255045573656691,0.0013993320402709642,36,2.0,0.0,17.52073838419249
321700,21,882,21,0,0,0,1.0326474145085265,0.0013993320402709642,36,7.0,0.0,64.20040811936553
321800,19,889,19,0,0,0,1.0352986606806904,0.0015466301497731709,36,7.0,1.0,49.54901609395195
321900,19,927,19,0,0,0,1.051088134364901,0.0015466301497731709,36,0.0,0.0,0.0
322000,19,963,19,0,0,0,1.0537197133122695,0.0015466301497731709,36,1.0,0.0,9.502661788250668
322100,19,986,19,0,0,0,1.0589828712070064,0.0015466301497731709,36,0.0,0.0,0.0
322200,18,1020,18,0,0,0,1.0591469348186076,0.0016325540469827916,36,6.0,1.0,43.80184596048123
322300,17,1051,17,0,0,0,1.0728209348120696,0.00158826959618659,36,2.0,0.0,21.298273256168283
322400,17,1079,17,0,0,0,1.0787032877532463,0.00158826959618659,36,6.0,0.0,63.922398738944864
322500,17,1099,17,0,0,0,1.087526817165011,0.00158826959618659,36,0.0,0.0,0.0
322600,17,1134,17,0,0,0,1.0934091701061872,0.00158826959618659,36,0.0,0.0,0.0
322700,16,1176,16,0,0,0,1.0954763444078623,0.0014965761447928863,36,5.0,0.0,50.267528524318976
322800,16,1210,16,0,0,0,1.1079763444078625,0.0014965761447928863,36,3.0,0.0,28.73349292549333
322900,16,1234,16,0,0,0,1.1204763444078623,0.0014965761447928863,36,4.0,0.0,38.91267739596797
323000,15,1255,15,0,0,0,1.1225440490110794,0.0014711956771707654,36,1.0,0.0,13.51380410114907
323100,15,1286,15,0,0,0,1.1325440490110794,0.0014711956771707654,36,0.0,0.0,0.0
323200,14,1304,14,0,0,0,1.1513215263584402,0.001576281082682963,36,0.0,0.0,0.0
323300,14,1352,14,0,0,0,1.1548929549298688,0.001576281082682963,36,0.0,0.0,0.0
323400,13,1376,13,0,0,0,1.1601426749473616,0.0016975334736585755,36,0.0,0.0,0.0
323500,13,1401,13,0,0,0,1.1678349826396692,0.0016975334736585755,36,0.0,0.0,0.0
323600,13,1436,13,0,0,0,1.1832195980242848,0.0016975334736585755,36,0.0,0.0,0.0
323700,13,1484,13,0,0,0,1.1832195980242848,0.0016975334736585755,36,0.0,0.0,0.0
323800,12,1523,12,0,0,0,1.2124022029798607,0.0017765780867995521,36,0.0,0.0,0.0
323900,12,1578,12,0,0,0,1.220735536313194,0.0017765780867995521,36,0.0,0.0,0.0
324000,12,1616,12,0,0,0,1.2290688696465273,0.0017765780867995521,36,1.0,0.0,13.019235383733168
324100,12,1655,12,0,0,0,1.2374022029798606,0.0017765780867995521,36,0.0,0.0,0.0
324200,12,1687,12,0,0,0,1.2540688696465272,0.0017765780867995521,36,2.0,0.0,19.542894887890363
324300,12,1726,12,0,0,0,1.2540688696465272,0.0017765780867995521,36,0.0,0.0,0.0
324400,11,1767,11,0,0,0,1.2835727070049154,0.0019380851855995112,36,0.0,0.0,0.0
324500,10,1809,10,0,0,0,1.3183522579323808,0.0021318937041594622,36,0.0,0.0,0.0
324600,10,1827,10,0,0,0,1.333352257932381,0.0021318937041594622,36,0.0,0.0,0.0
324700,10,1851,10,0,0,0,1.353352257932381,0.0021318937041594622,36,0.0,0.0,0.0
324800,10,1878,10,0,0,0,1.3583522579323808,0.0021318937041594622,36,0.0,0.0,0.0
324900,10,1900,10,0,0,0,1.373352257932381,0.0021318937041594622,36,2.0,0.0,33.66153521795111
325000,8,1938,8,0,0,0,1.3849392452618356,0.0025969008562156076,36,6.0,1.0,79.47077359439301
325100,8,1996,8,0,0,0,1.3849392452618356,0.0025969008562156076,36,0.0,0.0,0.0
325200,8,2052,8,0,0,0,1.3974392452618356,0.0025969008562156076,36,0.0,0.0,0.0
325300,6,2093,6,0,0,0,1.4025003703334553,0.0027150188964574396,36,0.0,0.0,0.0
325400,6,2130,6,0,0,0,1.4358337036667888,0.0027150188964574396,36,0.0,0.0,0.0
325500,6,2179,6,0,0,0,1.4358337036667888,0.0027150188964574396,36,0.0,0.0,0.0
325600,6,2229,6,0,0,0,1.4608337036667889,0.0027150188964574396,36,0.0,0.0,0.0
325700,6,2280,6,0,0,0,1.4775003703334555,0.0027150188964574396,36,0.0,0.0,0.0
325800,6,2325,6,0,0,0,1.4775003703334555,0.0027150188964574396,36,0.0,0.0,0.0
325900,6,2356,6,0,0,0,1.504315728269937,0.0027150188964574396,36,0.0,0.0,0.0
326000,6,2397,6,0,0,0,1.504315728269937,0.0027150188964574396,36,0.0,0.0,0.0
326100,5,2424,5,0,0,0,1.6166448055771494,0.0032580226757489275,36,0.0,0.0,0.0
326200,5,2443,5,0,0,0,1.6266448055771494,0.0032580226757489275,36,0.0,0.0,0.0
326300,5,2464,5,0,0,0,1.6566448055771494,0.0032580226757489275,36,0.0,0.0,0.0
326400,5,2491,5,0,0,0,1.6866448055771492,0.0032580226757489275,36,0.0,0.0,0.0
326500,5,2499,5,0,0,0,1.6966448055771495,0.0032580226757489275,36,0.0,0.0,0.0
326600,5,2496,5,0,0,0,1.7266448055771495,0.0032580226757489275,36,0.0,0.0,0.0
326700,5,2499,5,0,0,0,1.756644805577149,0.0032580226757489275,36,0.0,0.0,0.0
326800,171,234,0,0,0,171,0.857870513572663,0.003134157487934059,37,279.0,24.0,2167.30710778679
326900,135,133,0,0,0,135,0.8610502355217475,0.003322746516937021,37,262.0,30.0,2000.6115481036368
327000,118,109,0,0,0,118,0.8653910732436146,0.0035879157613801127,37,116.0,13.0,874.5367144382631
327100,101,117,51,4,43,3,0.8634097750360761,0.0036323101374013044,37,124.0,9.0,1010.8078791412544
327200,87,122,46,2,38,1,0.8653779032698861,0.003526491149197061,37,85.0,9.0,646.1954569245027
327300,78,125,39,2,36,1,0.8703952283839091,0.003725914002938395,37,31.0,6.0,207.4800114134181
327400,72,137,36,2,34,0,0.8693620237711325,0.0037020843067288095,37,28.0,5.0,183.64297591610122
327500,65,160,33,1,31,0,0.875161204029087,0.0038217099895858885,37,20.0,3.0,145.2778924599201
327600,60,187,32,2,26,0,0.874546302065892,0.0038822929650252505,37,17.0,3.0,119.78853171160293
327700,59,219,33,2,24,0,0.875067174118333,0.003948094540703644,37,23.0,1.0,193.38729505725192
327800,52,246,29,2,21,0,0.8799509855715544,0.0036701202931762734,37,39.0,5.0,296.287671041951
327900,49,283,27,1,21,0,0.8836178300512502,0.0038776625366719612,37,33.0,2.0,271.20665508882416
328000,42,303,24,1,17,0,0.8860980819140646,0.0036539145714958874,37,22.0,3.0,170.40561304789276
328100,41,326,24,0,17,0,0.8876021092631382,0.003624324107629432,37,14.0,1.0,113.8187991790968
328200,39,347,24,0,15,0,0.8938216904945434,0.0036682442260383753,37,6.0,1.0,45.15215708942368
328300,39,354,25,0,14,0,0.8976678443406974,0.0036682442260383753,37,14.0,0.0,118.37489858398646
328400,38,366,25,0,13,0,0.9070701488608051,0.003641531658929519,37,5.0,0.0,45.30413862734274
328500,36,377,25,0,11,0,0.9134624848482041,0.0033624471849688095,37,11.0,1.0,92.46679288637688
328600,35,420,24,0,11,0,0.918254650478198,0.003458517104539347,37,1.0,1.0,0.0
328700,34,462,24,0,10,0,0.9214410838144661,0.003531992942799507,37,0.0,0.0,0.0
328800,32,473,25,0,7,0,0.922713194879996,0.0033498543806208137,37,4.0,0.0,39.67633859445028
328900,31,500,24,0,7,0,0.9243810584559472,0.0034448779728486357,37,1.0,1.0,0.0
329000,31,530,24,0,7,0,0.9276068649075601,0.0034448779728486357,37,0.0,0.0,0.0
329100,31,545,24,0,7,0,0.9356713810365922,0.0034448779728486357,37,0.0,0.0,0.0
329200,30,563,24,0,6,0,0.9383639075370911,0.0032795044018537525,37,0.0,0.0,0.0
329300,30,587,23,0,7,0,0.9383639075370911,0.0032795044018537525,37,6.0,0.0,54.904723346144394
329400,29,588,23,0,6,0,0.9465865778725718,0.0032243982374938144,37,4.0,0.0,38.741126678487504
329500,29,588,24,0,5,0,0.9534831295967099,0.0032243982374938144,37,0.0,0.0,0.0
329600,28,615,24,0,4,0,0.9677311734436113,0.0032428160967724906,37,0.0,0.0,0.0
329700,28,641,24,0,4,0,0.9748740305864684,0.0032428160967724906,37,4.0,0.0,37.115088280694835
329800,28,668,24,0,4,0,0.9855883163007542,0.0032428160967724906,37,0.0,0.0,0.0
329900,27,672,23,0,4,0,0.9960832632139051,0.0028184846759131614,37,4.0,1.0,32.61518868231355
330000,27,714,24,0,3,0,0.9997869669176088,0.0028184846759131614,37,5.0,0.0,52.941992969041834
330100,26,733,23,0,3,0,1.0029817845908535,0.002926887932679053,37,8.0,1.0,71.08616311642727
330200,26,751,25,0,1,0,1.0068279384370074,0.002926887932679053,37,1.0,0.0,7.35
330300,26,787,26,0,0,0,1.0106740922831612,0.002926887932679053,37,0.0,0.0,0.0
330400,26,827,26,0,0,0,1.0106740922831612,0.002926887932679053,37,0.0,0.0,0.0
330500,26,849,26,0,0,0,1.0222125538216227,0.002926887932679053,37,0.0,0.0,0.0
330600,25,889,24,0,1,0,1.0312985680359459,0.0030439634499862143,37,5.0,1.0,40.40727229840184
330700,24,927,23,0,1,0,1.0327744647676742,0.0031707952604023066,37,0.0,0.0,0.0
330800,22,962,21,0,1,0,1.0344999805361932,0.0029324850567834988,37,7.0,0.0,67.96090844760276
330900,21,999,20,0,1,0,1.040771663828976,0.0030721272023446176,37,1.0,0.0,10.130787224357398
331000,19,1041,18,0,1,0,1.0407398975833562,0.003193894312703764,37,16.0,2.0,149.1587368599724
331100,18,1066,17,0,1,0,1.06244766967132,0.0032507928262694476,37,5.0,0.0,50.626239999570586
331200,18,1091,17,0,1,0,1.0735587807824314,0.0032507928262694476,37,5.0,0.0,56.80864780385592
331300,18,1123,17,0,1,0,1.0763365585602092,0.0032507928262694476,37,7.0,0.0,75.82739524332936
331400,18,1163,17,0,1,0,1.0763365585602092,0.0032507928262694476,37,0.0,0.0,0.0
331500,18,1194,17,0,1,0,1.0874476696713204,0.0032507928262694476,37,7.0,0.0,72.9389853176718
331600,17,1206,17,0,0,0,1.1023708385694089,0.0033342708489620993,37,13.0,1.0,127.26135656239816
331700,17,1231,17,0,0,0,1.1082531915105855,0.0033342708489620993,37,0.0,0.0,0.0
331800,16,1256,16,0,0,0,1.1164532020485594,0.0029568370467262187,37,1.0,1.0,0.0
331900,16,1256,16,0,0,0,1.1352032020485594,0.0029568370467262187,37,5.0,0.0,54.42360125490154
332000,15,1265,15,0,0,0,1.1534066492013708,0.003153959516507967,37,8.0,1.0,74.75103440847363
332100,15,1288,15,0,0,0,1.156739982534704,0.003153959516507967,37,0.0,0.0,0.0
332200,15,1311,15,0,0,0,1.1667399825347042,0.003153959516507967,37,3.0,0.0,31.540335346976935
332300,15,1331,15,0,0,0,1.173406649201371,0.003153959516507967,37,0.0,0.0,0.0
332400,15,1361,15,0,0,0,1.1867399825347043,0.003153959516507967,37,3.0,0.0,33.45542390481704
332500,15,1391,15,0,0,0,1.193406649201371,0.003153959516507967,37,0.0,0.0,0.0
332600,15,1418,15,0,0,0,1.200073315868038,0.003153959516507967,37,0.0,0.0,0.0
332700,13,1445,13,0,0,0,1.2124035997443472,0.003463818344612954,37,8.0,1.0,82.96210692539832
332800,13,1489,13,0,0,0,1.2277882151289627,0.003463818344612954,37,0.0,0.0,0.0
332900,12,1529,12,0,0,0,1.2192054709411393,0.003605018916626755,37,0.0,0.0,0.0
333000,12,1560,12,0,0,0,1.2233721376078062,0.003605018916626755,37,8.0,0.0,91.19776432874701
333100,12,1579,12,0,0,0,1.2400388042744728,0.003605018916626755,37,0.0,0.0,0.0
333200,10,1628,10,0,0,0,1.2621763820966465,0.004326022699952106,37,0.0,0.0,0.0
333300,9,1655,9,0,0,0,1.2563203442318067,0.0038800064117273927,37,6.0,1.0,63.286850850765546
333400,9,1681,9,0,0,0,1.278542566454029,0.0038800064117273927,37,0.0,0.0,0.0
333500,9,1709,9,0,0,0,1.3007647886762514,0.0038800064117273927,37,0.0,0.0,0.0
333600,8,1739,8,0,0,0,1.3205164114805692,0.004365007213193318,37,0.0,0.0,0.0
333700,8,1761,8,0,0,0,1.3267664114805693,0.004365007213193318,37,1.0,0.0,9.775926657414695
333800,8,1795,8,0,0,0,1.345516411480569,0.004365007213193318,37,0.0,0.0,0.0
333900,7,1822,7,0,0,0,1.2933601675592123,0.003812449329953523,37,11.0,0.0,140.67127477322654
334000,7,1861,7,0,0,0,1.329074453273498,0.003812449329953523,37,0.0,0.0,0.0
334100,6,1897,6,0,0,0,1.3801201084847445,0.004447857551612444,37,0.0,0.0,0.0
334200,6,1946,6,0,0,0,1.3967867751514114,0.004447857551612444,37,0.0,0.0,0.0
334300,5,1995,5,0,0,0,1.3431759622522237,0.0046649068941203575,37,0.0,0.0,0.0
334400,5,2048,5,0,0,0,1.3631759622522235,0.0046649068941203575,37,0.0,0.0,0.0
334500,5,2075,5,0,0,0,1.3931759622522235,0.0046649068941203575,37,0.0,0.0,0.0
334600,5,2105,5,0,0,0,1.4131759622522235,0.0046649068941203575,37,0.0,0.0,0.0
334700,5,2127,5,0,0,0,1.4331759622522235,0.0046649068941203575,37,0.0,0.0,0.0
334800,5,2137,5,0,0,0,1.4731759622522236,0.0046649068941203575,37,0.0,0.0,0.0
334900,5,2154,5,0,0,0,1.5131759622522234,0.0046649068941203575,37,0.0,0.0,0.0
335000,5,2131,5,0,0,0,1.5731759622522232,0.0046649068941203575,37,0.0,0.0,0.0
335100,5,2152,5,0,0,0,1.5831759622522232,0.0046649068941203575,37,0.0,0.0,0.0
335200,4,2165,4,0,0,0,1.7036758581886025,0.004229545244740578,37,0.0,0.0,0.0
335300,4,2189,4,0,0,0,1.7036758581886025,0.004229545244740578,37,0.0,0.0,0.0
335400,4,2228,4,0,0,0,1.7411758581886025,0.004229545244740578,37,0.0,0.0,0.0
335500,4,2256,4,0,0,0,1.7411758581886025,0.004229545244740578,37,0.0,0.0,0.0
335600,4,2285,4,0,0,0,1.7661758581886027,0.004229545244740578,37,0.0,0.0,0.0
335700,4,2311,4,0,0,0,1.7911758581886028,0.004229545244740578,37,0.0,0.0,0.0
335800,164,256,0,0,0,164,0.8703757210874313,0.004337321892126549,38,341.0,32.0,2684.183424028718
335900,126,151,0,0,0,126,0.8780228353551398,0.004311307017867963,38,252.0,28.0,1961.8967806067542
336000,103,114,0,0,0,103,0.8805625791340781,0.004536748291770366,38,138.0,14.0,1089.8789856860112
336100,86,109,43,6,37,0,0.8848035162236138,0.004300413629432987,38,105.0,13.0,829.694258722361
336200,75,135,38,6,31,0,0.8829047010411675,0.003983118516627244,38,22.0,6.0,143.7408829064536
336300,70,150,33,5,32,0,0.8868372821559042,0.0038692162788085704,38,50.0,4.0,417.0466968687058
336400,63,171,30,4,29,0,0.8887530983860621,0.004119777434832611,38,15.0,4.0,91.18846453990827
336500,60,201,30,4,26,0,0.8882801061662003,0.00421356421655827,38,5.0,0.0,47.426379207560515
336600,56,240,32,2,22,0,0.886671993423615,0.004196509488672236,38,17.0,0.0,142.29679266515944
336700,51,243,30,1,20,0,0.8888504652921645,0.004507199888007707,38,29.0,2.0,223.35753418188466
336800,47,266,29,1,17,0,0.889371015483899,0.004426215192538068,38,8.0,2.0,53.07221026532022
336900,43,279,29,1,13,0,0.8910585052074571,0.004710891027403289,38,15.0,1.0,123.90778051398418
337000,41,307,28,1,12,0,0.8936363300393119,0.00463119938169073,38,7.0,0.0,65.25759932884026
337100,38,332,27,1,10,0,0.9024123552067905,0.0045804584207871715,38,8.0,1.0,63.833992955918376
337200,37,372,26,1,10,0,0.90630172262091,0.004346170682263703,38,7.0,0.0,55.400809021475915
337300,34,407,23,1,10,0,0.9115677954015525,0.004424893802071359,38,10.0,2.0,71.14558366587535
337400,32,436,23,1,8,0,0.916520437153866,0.004528605939834318,38,1.0,1.0,0.0
337500,30,460,21,1,8,0,0.9254430148752087,0.004126153705946357,38,6.0,2.0,33.989422932339785
337600,29,500,20,1,8,0,0.9300263494073695,0.00426843486822037,38,10.0,1.0,91.65074644101486
337700,27,544,19,1,7,0,0.9322146406978495,0.004584615228829286,38,6.0,1.0,52.106500476608524
337800,27,592,19,1,7,0,0.9340664925497012,0.004584615228829286,38,0.0,0.0,0.0
337900,25,630,19,1,5,0,0.9386762176972746,0.004395345795662343,38,8.0,2.0,60.949968182162564
338000,25,678,19,1,5,0,0.9446762176972747,0.004395345795662343,38,2.0,0.0,15.61147429214017
338100,25,714,20,1,4,0,0.9486762176972747,0.004395345795662343,38,5.0,0.0,52.00989512097259
338200,22,742,18,1,3,0,0.9448444635341374,0.004335428645369173,38,4.0,2.0,19.742866517594784
338300,22,773,20,0,2,0,0.9516626453523194,0.004335428645369173,38,7.0,0.0,62.387124007188184
338400,22,801,20,0,2,0,0.9584808271705011,0.004335428645369173,38,0.0,0.0,0.0
338500,22,832,20,0,2,0,0.9675717362614104,0.004335428645369173,38,0.0,0.0,0.0
338600,21,836,18,0,3,0,0.9775697984482348,0.004541877628481991,38,9.0,0.0,85.03483495515314
338700,21,831,18,0,3,0,0.9870936079720443,0.004541877628481991,38,0.0,0.0,0.0
338800,20,840,16,0,4,0,0.989435064307133,0.0040397777975089005,38,12.0,1.0,111.62686170235409
338900,19,863,17,0,2,0,0.9990216935843217,0.004153766633446258,38,0.0,0.0,0.0
339000,18,913,16,0,2,0,0.9950633351191556,0.0043845314464154945,38,11.0,1.0,115.77352991578138
339100,18,946,15,0,3,0,1.003396668452489,0.0043845314464154945,38,18.0,0.0,169.70377068122346
339200,17,972,15,0,2,0,1.0226593134623383,0.004489535490827539,38,10.0,1.0,75.43229225968909
339300,17,1004,15,0,2,0,1.0344240193446912,0.004489535490827539,38,5.0,0.0,49.164345904189545
339400,16,1028,14,0,2,0,1.0406620363689816,0.004518252642543375,38,7.0,1.0,60.72110634027102
339500,16,1039,14,0,2,0,1.0531620363689818,0.004518252642543375,38,12.0,0.0,122.43512805698239
339600,16,1068,14,0,2,0,1.0562870363689818,0.004518252642543375,38,1.0,0.0,11.589905057468753
339700,16,1079,14,0,2,0,1.0625370363689817,0.004518252642543375,38,6.0,0.0,62.35839113741826
339800,16,1076,14,0,2,0,1.0750370363689816,0.004518252642543375,38,6.0,0.0,61.0133805100033
339900,16,1082,15,0,1,0,1.0937870363689817,0.004518252642543375,38,0.0,0.0,0.0
340000,16,1080,15,0,1,0,1.1062870363689816,0.004518252642543375,38,3.0,0.0,34.26342432895326
340100,16,1092,15,0,1,0,1.1187870363689816,0.004518252642543375,38,2.0,0.0,22.842282885968842
340200,16,1103,15,0,1,0,1.1281620363689817,0.004518252642543375,38,0.0,0.0,0.0
340300,16,1097,15,0,1,0,1.140662036368982,0.004518252642543375,38,0.0,0.0,0.0
340400,16,1130,15,0,1,0,1.1531620363689816,0.004518252642543375,38,0.0,0.0,0.0
340500,16,1137,15,0,1,0,1.156287036368982,0.004518252642543375,38,0.0,0.0,0.0
340600,16,1163,15,0,1,0,1.1656620363689818,0.004518252642543375,38,0.0,0.0,0.0
340700,16,1185,15,0,1,0,1.1781620363689815,0.004518252642543375,38,0.0,0.0,0.0
340800,16,1201,15,0,1,0,1.187537036368982,0.004518252642543375,38,0.0,0.0,0.0
340900,16,1208,15,0,1,0,1.2000370363689816,0.004518252642543375,38,0.0,0.0,0.0
341000,16,1235,15,0,1,0,1.2062870363689817,0.004518252642543375,38,0.0,0.0,0.0
341100,15,1257,14,0,1,0,1.2248508833614187,0.004364332158031632,38,0.0,0.0,0.0
341200,15,1274,14,0,1,0,1.2348508833614185,0.004364332158031632,38,0.0,0.0,0.0
341300,15,1311,14,0,1,0,1.2348508833614185,0.004364332158031632,38,4.0,0.0,44.36691405426151
341400,15,1344,14,0,1,0,1.2415175500280853,0.004364332158031632,38,1.0,0.0,12.764936828628004
341500,14,1371,13,0,1,0,1.2314371340864416,0.0034379354680005372,38,4.0,0.0,51.059747314512016
341600,14,1407,13,0,1,0,1.238579991229299,0.0034379354680005372,38,8.0,0.0,88.02070347403613
341700,12,1424,12,0,0,0,1.3120361286860778,0.003172849335381251,38,0.0,0.0,0.0
341800,12,1440,12,0,0,0,1.3162027953527444,0.003172849335381251,38,0.0,0.0,0.0
341900,11,1480,11,0,0,0,1.3310808154439215,0.003461290184052274,38,0.0,0.0,0.0
342000,11,1506,11,0,0,0,1.3356262699893762,0.003461290184052274,38,0.0,0.0,0.0
342100,11,1569,11,0,0,0,1.3447171790802854,0.003461290184052274,38,0.0,0.0,0.0
342200,10,1623,10,0,0,0,1.3618136479474097,0.0038074192024575015,38,0.0,0.0,0.0
342300,10,1669,10,0,0,0,1.3668136479474096,0.0038074192024575015,38,0.0,0.0,0.0
342400,10,1696,10,0,0,0,1.3818136479474095,0.0038074192024575015,38,1.0,0.0,15.553006641484158
342500,9,1740,9,0,0,0,1.4146193315933018,0.0032379250692860114,38,0.0,0.0,0.0
342600,9,1770,9,0,0,0,1.44239710937108,0.0032379250692860114,38,0.0,0.0,0.0
342700,9,1797,9,0,0,0,1.4479526649266354,0.0032379250692860114,38,0.0,0.0,0.0
342800,9,1817,9,0,0,0,1.4701748871488576,0.0032379250692860114,38,0.0,0.0,0.0
342900,9,1829,9,0,0,0,1.4868415538155242,0.0032379250692860114,38,0.0,0.0,0.0
343000,9,1844,9,0,0,0,1.5035082204821908,0.0032379250692860114,38,0.0,0.0,0.0
343100,9,1817,9,0,0,0,1.5368415538155242,0.0032379250692860114,38,0.0,0.0,0.0
343200,9,1814,9,0,0,0,1.5535082204821908,0.0032379250692860114,38,0.0,0.0,0.0
343300,9,1812,9,0,0,0,1.5701748871488574,0.0032379250692860114,38,0.0,0.0,0.0
343400,9,1803,9,0,0,0,1.5923971093710796,0.0032379250692860114,38,0.0,0.0,0.0
343500,9,1794,9,0,0,0,1.6201748871488575,0.0032379250692860114,38,2.0,0.0,26.15066600343837
343600,9,1812,9,0,0,0,1.636841553815524,0.0032379250692860114,38,1.0,0.0,12.41771988106067
343700,9,1840,9,0,0,0,1.6535082204821907,0.0032379250692860114,38,0.0,0.0,0.0
343800,9,1863,9,0,0,0,1.6701748871488575,0.0032379250692860114,38,0.0,0.0,0.0
343900,8,1901,8,0,0,0,1.7155802294387312,0.003463422913394176,38,0.0,0.0,0.0
344000,7,1925,7,0,0,0,1.806443746314877,0.003611113321117097,38,0.0,0.0,0.0
344100,5,1944,5,0,0,0,2.0562976320422406,0.0041284390264966254,38,0.0,0.0,0.0
344200,4,1965,4,0,0,0,1.9835727592468688,0.005160548783120782,38,4.0,1.0,73.5
344300,4,1981,4,0,0,0,2.0210727592468687,0.005160548783120782,38,0.0,0.0,0.0
344400,4,1998,4,0,0,0,2.0585727592468688,0.005160548783120782,38,0.0,0.0,0.0
344500,4,2040,4,0,0,0,2.0585727592468688,0.005160548783120782,38,0.0,0.0,0.0
344600,4,2086,4,0,0,0,2.0835727592468687,0.005160548783120782,38,0.0,0.0,0.0
344700,4,2116,4,0,0,0,2.1210727592468688,0.005160548783120782,38,0.0,0.0,0.0
344800,156,247,0,0,0,156,0.9024809825701333,0.005670739641306817,39,411.0,33.0,3360.986179202116
344900,121,138,0,0,0,121,0.9031959886121007,0.005238041946132998,39,217.0,24.0,1731.5928141276431
345000,106,99,0,0,0,106,0.9054300687432661,0.005452912319535623,39,129.0,10.0,1074.2230964820103
345100,88,94,50,5,33,0,0.9098140042190501,0.00574498259089643,39,77.0,12.0,559.1698900497682
345200,75,114,48,4,23,0,0.9116270553920753,0.005912592764958871,39,57.0,7.0,443.7266144942426
345300,65,137,40,3,22,0,0.9131376490119715,0.006023765714493554,39,54.0,6.0,422.9265518201508
345400,56,146,34,4,18,0,0.921821804784667,0.006375512348501598,39,34.0,5.0,257.12970687232337
345500,49,165,32,2,15,0,0.927354408871115,0.006467193011284475,39,28.0,3.0,231.52730550266438
345600,47,170,32,3,12,0,0.9302611263466487,0.006521095629832889,39,11.0,1.0,95.37793378286226
345700,44,190,30,3,11,0,0.9363781766083931,0.006437123001926979,39,23.0,2.0,201.29820083577647
345800,41,216,29,3,9,0,0.9352056214168685,0.006416225074401205,39,28.0,2.0,245.21806671689342
345900,38,247,26,3,9,0,0.9389516586175858,0.006364814845211095,39,32.0,2.0,288.08747573103875
346000,35,272,26,2,7,0,0.9392708503509322,0.006353674997021717,39,16.0,1.0,141.054427018262
346100,32,287,23,2,7,0,0.955442548424066,0.006366236224556431,39,11.0,1.0,91.11814949097804
346200,30,310,23,1,6,0,0.9596386268984483,0.006489683657618599,39,10.0,0.0,100.81133359311835
346300,29,329,24,1,4,0,0.9695669069169897,0.006466198548571679,39,15.0,1.0,130.3063345761928
346400,28,355,24,0,4,0,0.9738032053575336,0.006312746059010028,39,16.0,0.0,153.75807864307853
346500,26,382,22,0,4,0,0.9819093704033293,0.006209365315310243,39,6.0,1.0,47.772696076147554
346600,25,405,22,0,3,0,0.9918833503911165,0.00614368240241896,39,9.0,0.0,87.42988644200148
346700,25,419,22,0,3,0,0.9978833503911164,0.00614368240241896,39,6.0,0.0,63.103646879243186
346800,23,435,21,0,2,0,1.0054553380383886,0.006245947897710891,39,13.0,2.0,111.78311149202466
346900,23,447,21,0,2,0,1.025020555429693,0.006245947897710891,39,9.0,0.0,95.75833620361794
347000,23,488,21,0,2,0,1.0315422945601276,0.006245947897710891,39,6.0,0.0,60.78527511812236
347100,22,523,21,0,1,0,1.0363619354768543,0.006166829899607843,39,12.0,0.0,125.28618819925158
347200,22,533,21,0,1,0,1.0409073900223087,0.006166829899607843,39,0.0,0.0,0.0
347300,21,541,20,0,1,0,1.043358577906862,0.005956995889186301,39,0.0,0.0,0.0
347400,21,556,20,0,1,0,1.048120482668767,0.005956995889186301,39,4.0,0.0,43.5423636637866
347500,20,569,19,0,1,0,1.0566074359332407,0.0057717476018886394,39,4.0,1.0,33.06108366418647
347600,20,569,19,0,1,0,1.071607435933241,0.0057717476018886394,39,0.0,0.0,0.0
347700,20,565,19,0,1,0,1.076607435933241,0.0057717476018886394,39,9.0,0.0,96.16891909344525
347800,19,533,18,0,1,0,1.0974580172431934,0.0058635366252641295,39,0.0,0.0,0.0
347900,19,528,18,0,1,0,1.107984333032667,0.0058635366252641295,39,7.0,0.0,83.76159511981791
348000,19,544,18,0,1,0,1.1185106488221408,0.0058635366252641295,39,6.0,0.0,66.18208999958816
348100,19,561,18,0,1,0,1.1211422277695093,0.0058635366252641295,39,0.0,0.0,0.0
348200,19,571,18,0,1,0,1.1343001225063511,0.0058635366252641295,39,1.0,0.0,10.442418142697289
348300,19,584,18,0,1,0,1.1421948593484565,0.0058635366252641295,39,7.0,0.0,79.41664239237203
348400,18,615,18,0,0,0,1.143176426243124,0.005928916288386387,39,12.0,0.0,124.69309875539957
348500,17,651,17,0,0,0,1.1497529899189203,0.005589089444926491,39,5.0,0.0,55.19638299115255
348600,17,684,16,0,1,0,1.1556353428600965,0.005589089444926491,39,4.0,0.0,43.015978893736445
348700,16,698,15,0,1,0,1.1827882805161227,0.005785932323058785,39,0.0,0.0,0.0
348800,16,702,15,0,1,0,1.195288280516123,0.005785932323058785,39,0.0,0.0,0.0
348900,16,709,15,0,1,0,1.2015382805161228,0.005785932323058785,39,5.0,0.0,52.21209071348645
349000,16,732,15,0,1,0,1.2109132805161227,0.005785932323058785,39,0.0,0.0,0.0
349100,15,771,14,0,1,0,1.2333407256492572,0.0054652164716587045,39,8.0,1.0,89.09545700482265
349200,14,811,13,0,1,0,1.2589730196254667,0.005653337565622647,39,3.0,1.0,23.57797264093361
349300,14,855,13,0,1,0,1.2661158767683236,0.005653337565622647,39,1.0,0.0,11.788986320466805
349400,13,885,12,0,1,0,1.2751903393401032,0.005622041781778987,39,5.0,1.0,47.15594528186722
349500,13,932,12,0,1,0,1.282882647032411,0.005622041781778987,39,1.0,0.0,10.442418142697289
349600,12,968,11,0,1,0,1.3042066009500577,0.005563177159970143,39,6.0,1.0,67.96748436388906
349700,12,993,11,0,1,0,1.3083732676167246,0.005563177159970143,39,0.0,0.0,0.0
349800,11,1019,10,0,1,0,1.3508152984619548,0.0060572400319465316,39,6.0,1.0,66.16297381157806
349900,10,1035,9,0,1,0,1.3696967687831259,0.005253000817843084,39,5.0,1.0,41.769672570789155
350000,10,1062,9,0,1,0,1.374696768783126,0.005253000817843084,39,0.0,0.0,0.0
350100,10,1090,9,0,1,0,1.399696768783126,0.005253000817843084,39,0.0,0.0,0.0
350200,10,1126,9,0,1,0,1.404696768783126,0.005253000817843084,39,0.0,0.0,0.0
350300,10,1174,9,0,1,0,1.4196967687831261,0.005253000817843084,39,1.0,0.0,16.240815490411382
350400,10,1204,9,0,1,0,1.4196967687831261,0.005253000817843084,39,0.0,0.0,0.0
350500,10,1232,9,0,1,0,1.4396967687831261,0.005253000817843084,39,0.0,0.0,0.0
350600,10,1262,9,0,1,0,1.4546967687831263,0.005253000817843084,39,0.0,0.0,0.0
350700,10,1303,9,0,1,0,1.4596967687831262,0.005253000817843084,39,0.0,0.0,0.0
350800,10,1335,9,0,1,0,1.4746967687831263,0.005253000817843084,39,0.0,0.0,0.0
350900,9,1373,8,0,1,0,1.466340944275813,0.005761636919981118,39,0.0,0.0,0.0
351000,8,1405,7,0,1,0,1.4997161640188594,0.004906181559178135,39,0.0,0.0,0.0
351100,7,1446,6,0,1,0,1.5060267322234722,0.004917698310462957,39,0.0,0.0,0.0
351200,6,1481,5,0,1,0,1.5315382229602614,0.004107601192562969,39,0.0,0.0,0.0
351300,6,1522,5,0,1,0,1.5482048896269285,0.004107601192562969,39,5.0,0.0,54.66209071348644
351400,6,1575,5,0,1,0,1.5732048896269282,0.004107601192562969,39,0.0,0.0,0.0
351500,6,1626,5,0,1,0,1.5732048896269282,0.004107601192562969,39,0.0,0.0,0.0
351600,6,1672,5,0,1,0,1.5898715562935948,0.004107601192562969,39,0.0,0.0,0.0
351700,5,1729,4,0,1,0,1.560979013377658,0.003380933107886702,39,11.0,1.0,165.33496872777815
351800,5,1788,4,0,1,0,1.570979013377658,0.003380933107886702,39,0.0,0.0,0.0
351900,5,1834,4,0,1,0,1.590979013377658,0.003380933107886702,39,4.0,0.0,43.729672570789155
352000,5,1871,4,0,1,0,1.6209790133776578,0.003380933107886702,39,1.0,0.0,11.029961150018611
352100,5,1914,4,0,1,0,1.6309790133776576,0.003380933107886702,39,2.0,0.0,22.059922300037222
352200,5,1948,4,0,1,0,1.6509790133776576,0.003380933107886702,39,0.0,0.0,0.0
352300,5,2004,4,0,1,0,1.6609790133776579,0.003380933107886702,39,0.0,0.0,0.0
352400,5,2042,4,0,1,0,1.6809790133776576,0.003380933107886702,39,1.0,0.0,11.029961150018611
352500,5,2093,4,0,1,0,1.6909790133776574,0.003380933107886702,39,2.0,0.0,36.006993745555626
352600,4,2127,3,0,1,0,1.8555406891600827,0.004079031481623865,39,4.0,1.0,54.010490618333435
352700,4,2173,3,0,1,0,1.868040689160083,0.004079031481623865,39,0.0,0.0,0.0
352800,3,2219,3,0,0,0,2.1188699616455087,0.005438708642165154,39,3.0,1.0,36.98699374555562
352900,3,2260,3,0,0,0,2.152203294978842,0.005438708642165154,39,0.0,0.0,0.0
353000,3,2323,3,0,0,0,2.152203294978842,0.005438708642165154,39,0.0,0.0,0.0
353100,3,2377,3,0,0,0,2.152203294978842,0.005438708642165154,39,0.0,0.0,0.0
353200,3,2419,3,0,0,0,2.1855366283121755,0.005438708642165154,39,0.0,0.0,0.0
353300,3,2451,3,0,0,0,2.2188699616455088,0.005438708642165154,39,0.0,0.0,0.0
353400,3,2485,3,0,0,0,2.252203294978842,0.005438708642165154,39,0.0,0.0,0.0
353500,3,2500,3,0,0,0,2.252203294978842,0.005438708642165154,39,0.0,0.0,0.0
353600,3,2500,3,0,0,0,2.285536628312175,0.005438708642165154,39,0.0,0.0,0.0
353700,3,2500,3,0,0,0,2.285536628312175,0.005438708642165154,39,0.0,0.0,0.0
353800,162,187,0,0,0,162,0.93924815594294,0.006284074985973653,40,329.0,34.0,2731.883348623583
353900,121,95,0,0,0,121,0.940523543739638,0.006013199581604151,40,386.0,35.0,3281.548018956712
354000,100,87,0,0,0,100,0.9467890979294681,0.00586420868918064,40,141.0,14.0,1164.0755470125591
354100,80,90,34,4,42,0,0.9473272135453993,0.005721632449422709,40,133.0,13.0,1106.949787363114
354200,67,112,30,2,35,0,0.9509096907972445,0.005528073438255308,40,85.0,7.0,713.23111353894
354300,61,119,30,2,29,0,0.9555598032936808,0.005303439085199648,40,25.0,4.0,204.52981246249223
354400,49,138,22,2,25,0,0.9542659481207745,0.005551668395439173,40,46.0,7.0,347.1715776124155
354500,47,159,25,1,21,0,0.9588707053613101,0.00535699607959136,40,10.0,2.0,74.99517078671524
354600,45,184,23,1,21,0,0.9585671768290562,0.005537422650937082,40,27.0,2.0,232.42821252857846
354700,42,205,24,1,17,0,0.9626356701507874,0.005189924185593142,40,10.0,1.0,84.02900807416368
354800,39,227,23,0,16,0,0.9628971573958646,0.004984657382296413,40,39.0,3.0,319.71642544447445
354900,34,258,19,0,15,0,0.9713742751867622,0.004620656067090406,40,35.0,3.0,296.7980147576655
355000,31,286,20,0,11,0,0.9748370265804194,0.003971039730713824,40,6.0,0.0,54.629329422595895
355100,28,309,18,0,10,0,0.9814365764377412,0.0029372137235745446,40,20.0,3.0,162.18266224043737
355200,28,337,18,0,10,0,0.9885794335805984,0.0029372137235745446,40,0.0,0.0,0.0
355300,27,341,20,0,7,0,0.9909608676464651,0.0030459994170402684,40,8.0,0.0,80.10572131658259
355400,24,359,17,0,7,0,0.9962023374518786,0.003334579564138606,40,11.0,2.0,87.95110024558436
355500,23,387,16,0,7,0,1.00285978070263,0.00344442393541259,40,12.0,1.0,116.68913535132825
355600,23,412,17,0,6,0,1.0072076067895865,0.00344442393541259,40,0.0,0.0,0.0
355700,22,444,16,0,6,0,1.014081849400158,0.0034014039367443005,40,13.0,1.0,113.29876640761931
355800,20,476,17,0,3,0,1.0269346829526262,0.0036182875487952614,40,2.0,2.0,0.0
355900,19,515,16,0,3,0,1.0259751601746077,0.0034765019604928514,40,13.0,1.0,108.82752381500976
356000,19,552,16,0,3,0,1.033869897016713,0.0034765019604928514,40,0.0,0.0,0.0
356100,19,589,16,0,3,0,1.0417646338588185,0.0034765019604928514,40,0.0,0.0,0.0
356200,17,618,14,0,3,0,1.0545856272998033,0.003310276865588353,40,18.0,1.0,165.6294350066828
356300,16,662,14,0,2,0,1.0604730783217948,0.0031363254947773013,40,3.0,0.0,32.37644719671107
356400,15,691,13,0,2,0,1.077226227663887,0.0029565132645851906,40,4.0,0.0,42.10724538873072
356500,15,708,14,0,1,0,1.0872262276638873,0.0029565132645851906,40,0.0,0.0,0.0
356600,15,749,15,0,0,0,1.0938928943305541,0.0029565132645851906,40,0.0,0.0,0.0
356700,15,783,15,0,0,0,1.1005595609972205,0.0029565132645851906,40,0.0,0.0,0.0
356800,15,805,15,0,0,0,1.1072262276638871,0.0029565132645851906,40,4.0,0.0,45.1134674765862
356900,15,811,15,0,0,0,1.1205595609972205,0.0029565132645851906,40,9.0,0.0,104.97134443190484
357000,15,840,15,0,0,0,1.1305595609972205,0.0029565132645851906,40,1.0,0.0,10.809127811253054
357100,15,879,15,0,0,0,1.1372262276638871,0.0029565132645851906,40,2.0,0.0,22.564298131140713
357200,14,921,13,0,1,0,1.1272756113842808,0.003011013578139828,40,9.0,1.0,86.81683715822221
357300,13,962,12,0,1,0,1.1367346026256644,0.003242630007227507,40,6.0,1.0,56.391834345732754
357400,13,1008,12,0,1,0,1.148273064164126,0.003242630007227507,40,0.0,0.0,0.0
357500,13,1041,12,0,1,0,1.1598115257025876,0.003242630007227507,40,2.0,0.0,22.545398793764438
357600,11,1075,10,0,1,0,1.166038238483125,0.0034906650276585256,40,18.0,2.0,197.28797608009614
357700,11,1094,10,0,1,0,1.175129147574034,0.0034906650276585256,40,2.0,0.0,20.10394276480008
357800,11,1124,10,0,1,0,1.1887655112103979,0.0034906650276585256,40,1.0,0.0,10.05197138240004
357900,11,1154,10,0,1,0,1.206947329392216,0.0034906650276585256,40,0.0,0.0,0.0
358000,11,1193,10,0,1,0,1.2160382384831252,0.0034906650276585256,40,0.0,0.0,0.0
358100,11,1228,10,0,1,0,1.2160382384831252,0.0034906650276585256,40,1.0,0.0,12.059764557488027
358200,11,1256,10,0,1,0,1.234220056664943,0.0034906650276585256,40,1.0,0.0,11.126340391336539
358300,11,1304,10,0,1,0,1.2387655112103977,0.0034906650276585256,40,6.0,0.0,63.25182829440025
358400,11,1352,10,0,1,0,1.2433109657558523,0.0034906650276585256,40,0.0,0.0,0.0
358500,11,1384,10,0,1,0,1.2614927839376706,0.0034906650276585256,40,0.0,0.0,0.0
358600,11,1427,10,0,1,0,1.266038238483125,0.0034906650276585256,40,0.0,0.0,0.0
358700,11,1453,10,0,1,0,1.2751291475740343,0.0034906650276585256,40,0.0,0.0,0.0
358800,11,1465,10,0,1,0,1.288765511210398,0.0034906650276585256,40,0.0,0.0,0.0
358900,11,1439,10,0,1,0,1.3205836930285797,0.0034906650276585256,40,0.0,0.0,0.0
359000,9,1454,8,0,1,0,1.329334676151697,0.004210378929260774,40,0.0,0.0,0.0
359100,9,1489,9,0,0,0,1.3404457872628084,0.004210378929260774,40,0.0,0.0,0.0
359200,9,1502,9,0,0,0,1.3682235650405863,0.004210378929260774,40,0.0,0.0,0.0
359300,9,1525,9,0,0,0,1.3793346761516974,0.004210378929260774,40,0.0,0.0,0.0
359400,9,1550,9,0,0,0,1.396001342818364,0.004210378929260774,40,0.0,0.0,0.0
359500,9,1553,9,0,0,0,1.4237791205961419,0.004210378929260774,40,5.0,0.0,70.65386791993848
359600,9,1553,9,0,0,0,1.434890231707253,0.004210378929260774,40,0.0,0.0,0.0
359700,9,1560,9,0,0,0,1.4626680094850306,0.004210378929260774,40,0.0,0.0,0.0
359800,9,1587,9,0,0,0,1.473779120596142,0.004210378929260774,40,0.0,0.0,0.0
359900,9,1632,9,0,0,0,1.4904457872628085,0.004210378929260774,40,0.0,0.0,0.0
360000,9,1682,9,0,0,0,1.5015568983739196,0.004210378929260774,40,0.0,0.0,0.0
360100,9,1709,9,0,0,0,1.5126680094850309,0.004210378929260774,40,0.0,0.0,0.0
360200,9,1744,9,0,0,0,1.5293346761516975,0.004210378929260774,40,4.0,0.0,73.6148414464548
360300,9,1774,9,0,0,0,1.534890231707253,0.004210378929260774,40,1.0,0.0,11.299127811253054
360400,9,1786,9,0,0,0,1.5515568983739199,0.004210378929260774,40,0.0,0.0,0.0
360500,9,1832,9,0,0,0,1.5682235650405865,0.004210378929260774,40,1.0,0.0,14.22214906557036
360600,8,1862,8,0,0,0,1.6009787643834428,0.0038461998966778407,40,0.0,0.0,0.0
360700,8,1871,8,0,0,0,1.6134787643834425,0.0038461998966778407,40,0.0,0.0,0.0
360800,8,1897,8,0,0,0,1.6322287643834426,0.0038461998966778407,40,0.0,0.0,0.0
360900,8,1921,8,0,0,0,1.6572287643834427,0.0038461998966778407,40,0.0,0.0,0.0
361000,8,1932,8,0,0,0,1.6822287643834426,0.0038461998966778407,40,0.0,0.0,0.0
361100,8,1957,8,0,0,0,1.6884787643834425,0.0038461998966778407,40,3.0,0.0,38.97591414720013
361200,7,1988,7,0,0,0,1.7781292100418873,0.003564028134978174,40,0.0,0.0,0.0
361300,7,2040,7,0,0,0,1.7995577814704589,0.003564028134978174,40,0.0,0.0,0.0
361400,7,2080,7,0,0,0,1.8138434957561729,0.003564028134978174,40,0.0,0.0,0.0
361500,6,2104,6,0,0,0,1.9489887074425238,0.004158032824141203,40,1.0,1.0,0.0
361600,6,2142,6,0,0,0,1.9656553741091907,0.004158032824141203,40,0.0,0.0,0.0
361700,6,2150,6,0,0,0,1.9989887074425237,0.004158032824141203,40,0.0,0.0,0.0
361800,5,2157,5,0,0,0,2.053953564294647,0.004545089430286894,40,8.0,0.0,141.21719252456293
361900,5,2166,5,0,0,0,2.073953564294647,0.004545089430286894,40,0.0,0.0,0.0
362000,5,2193,5,0,0,0,2.088367638547429,0.004545089430286894,40,0.0,0.0,0.0
362100,5,2227,5,0,0,0,2.098367638547429,0.004545089430286894,40,0.0,0.0,0.0
362200,5,2223,5,0,0,0,2.1215078572542536,0.004545089430286894,40,0.0,0.0,0.0
362300,5,2253,5,0,0,0,2.131507857254254,0.004545089430286894,40,0.0,0.0,0.0
362400,5,2297,5,0,0,0,2.151507857254254,0.004545089430286894,40,0.0,0.0,0.0
362500,5,2338,5,0,0,0,2.1715078572542534,0.004545089430286894,40,0.0,0.0,0.0
362600,5,2344,5,0,0,0,2.1815078572542537,0.004545089430286894,40,0.0,0.0,0.0
362700,5,2366,5,0,0,0,2.2015078572542537,0.004545089430286894,40,0.0,0.0,0.0
362800,161,224,0,0,0,161,0.9284689540426903,0.005142547377492481,41,369.0,36.0,3015.081779369541
362900,124,130,0,0,0,124,0.9242091541816876,0.0051888498452341385,41,355.0,26.0,2989.25374927911
363000,94,101,0,0,0,94,0.9285020575518764,0.0052490129307966055,41,170.0,24.0,1315.9524580791433
363100,78,100,40,9,29,0,0.9359901207745446,0.004723258794470309,41,79.0,14.0,596.177303251452
363200,70,114,39,4,27,0,0.9416354528993762,0.004851635192463006,41,52.0,3.0,455.2523352673213
363300,65,127,36,4,25,0,0.9492021046055664,0.004664536852981431,41,37.0,4.0,297.5806456525472
363400,55,137,34,2,19,0,0.9564323363707381,0.004768369218488117,41,44.0,6.0,357.84137644968314
363500,49,156,27,2,20,0,0.9633680500464314,0.004951976191657263,41,51.0,5.0,421.9148463830617
363600,44,175,25,2,17,0,0.9619304510334011,0.004849849247616244,41,15.0,3.0,112.1969171948785
363700,39,213,21,2,16,0,0.9531814215193088,0.005191026510760196,41,44.0,3.0,382.4035977615772
363800,37,239,22,1,14,0,0.9605947464339835,0.004750988493107119,41,17.0,0.0,150.74226161152774
363900,36,261,22,0,14,0,0.9629024376592774,0.004834877916601524,41,22.0,1.0,193.5265097072852
364000,35,254,21,0,14,0,0.9663346011980181,0.004751493730993412,41,19.0,0.0,186.8182526082809
364100,30,283,19,0,11,0,0.9692869732134741,0.004338462554636085,41,19.0,3.0,170.0124229160205
364200,29,290,18,0,11,0,0.9756873045691565,0.004347037455668806,41,10.0,0.0,93.06124488102967
364300,27,316,16,0,11,0,0.9762771327425613,0.0041982591359392175,41,9.0,1.0,95.10480916156645
364400,27,348,16,0,11,0,0.9781289845944132,0.0041982591359392175,41,0.0,0.0,0.0
364500,26,371,19,0,7,0,0.983144491077751,0.003956758165643783,41,4.0,0.0,35.83265090130298
364600,26,397,19,0,7,0,0.9908367987700587,0.003956758165643783,41,3.0,0.0,32.02244530736963
364700,26,414,19,0,7,0,0.9966060295392896,0.003956758165643783,41,9.0,0.0,85.1583925024591
364800,25,440,18,0,7,0,1.0029145519329226,0.003655689806354744,41,9.0,1.0,85.93380263425821
364900,23,450,17,0,6,0,1.0293793843109373,0.003304396078253245,41,10.0,1.0,97.81921220535753
365000,22,482,16,0,6,0,1.037782677467016,0.003348828454715394,41,7.0,0.0,77.7864299802483
365100,19,502,15,0,4,0,1.0502995326499327,0.0034922006716091684,41,14.0,1.0,122.83167904718422
365200,19,515,17,0,2,0,1.0581942694920379,0.0034922006716091684,41,1.0,0.0,10.112751538783298
365300,19,532,17,0,2,0,1.0687205852815114,0.0034922006716091684,41,0.0,0.0,0.0
365400,18,556,16,0,2,0,1.066349418178526,0.003617252700936334,41,14.0,1.0,145.98744339703697
365500,18,585,15,0,3,0,1.0774605292896373,0.003617252700936334,41,6.0,0.0,61.63124803416616
365600,18,602,15,0,3,0,1.0857938626229704,0.003617252700936334,41,6.0,0.0,69.84712815218337
365700,18,612,15,0,3,0,1.094127195956304,0.003617252700936334,41,0.0,0.0,0.0
365800,18,634,15,0,3,0,1.1107938626229705,0.003617252700936334,41,4.0,0.0,51.47240458078323
365900,17,665,15,0,2,0,1.1058680143335518,0.0038180316372187616,41,0.0,0.0,0.0
366000,17,695,15,0,2,0,1.1146915437453166,0.0038180316372187616,41,2.0,0.0,25.268296871579757
366100,17,740,15,0,2,0,1.1176327202159047,0.0038180316372187616,41,0.0,0.0,0.0
366200,15,779,13,0,2,0,1.1465082603990797,0.003500496452282176,41,5.0,1.0,52.32049244275565
366300,15,811,13,0,2,0,1.1498415937324131,0.003500496452282176,41,0.0,0.0,0.0
366400,13,838,11,0,2,0,1.1693975889849197,0.003391226141951815,41,5.0,2.0,39.11639801677556
366500,13,883,11,0,2,0,1.1732437428310738,0.003391226141951815,41,1.0,0.0,13.124148435789879
366600,13,915,11,0,2,0,1.184782204369535,0.003391226141951815,41,0.0,0.0,0.0
366700,13,948,10,0,3,0,1.184782204369535,0.003391226141951815,41,10.0,0.0,117.35426341989553
366800,13,984,10,0,3,0,1.1924745120618427,0.003391226141951815,41,0.0,0.0,0.0
366900,12,1030,10,0,2,0,1.2058546028732609,0.0033878345048780015,41,7.0,1.0,72.4742849764075
367000,11,1064,9,0,2,0,1.2460789071684222,0.0032917783647348074,41,0.0,0.0,0.0
367100,11,1090,9,0,2,0,1.259715270804786,0.0032917783647348074,41,0.0,0.0,0.0
367200,10,1112,8,0,2,0,1.295434030121494,0.0036209562012082886,41,0.0,0.0,0.0
367300,10,1153,8,0,2,0,1.3104340301214938,0.0036209562012082886,41,1.0,0.0,10.889128856840971
367400,10,1181,9,0,1,0,1.315434030121494,0.0036209562012082886,41,2.0,0.0,21.778257713681942
367500,10,1217,9,0,1,0,1.3254340301214937,0.0036209562012082886,41,5.0,0.0,60.363588860914525
367600,10,1243,9,0,1,0,1.3454340301214938,0.0036209562012082886,41,0.0,0.0,0.0
367700,10,1281,9,0,1,0,1.3604340301214939,0.0036209562012082886,41,0.0,0.0,0.0
367800,10,1306,9,0,1,0,1.370434030121494,0.0036209562012082886,41,1.0,0.0,13.848101145195807
367900,9,1351,8,0,1,0,1.3479077538193327,0.0038115215572259837,41,0.0,0.0,0.0
368000,9,1384,8,0,1,0,1.3590188649304438,0.0038115215572259837,41,0.0,0.0,0.0
368100,9,1425,8,0,1,0,1.3701299760415546,0.0038115215572259837,41,0.0,0.0,0.0
368200,9,1450,8,0,1,0,1.3867966427082217,0.0038115215572259837,41,3.0,0.0,33.71490920932334
368300,9,1474,8,0,1,0,1.4034633093748883,0.0038115215572259837,41,2.0,0.0,27.696202290391614
368400,9,1514,8,0,1,0,1.4201299760415549,0.0038115215572259837,41,0.0,0.0,0.0
368500,9,1540,8,0,1,0,1.4312410871526662,0.0038115215572259837,41,0.0,0.0,0.0
368600,9,1574,8,0,1,0,1.4423521982637773,0.0038115215572259837,41,3.0,0.0,41.54430343558742
368700,9,1596,8,0,1,0,1.4590188649304436,0.0038115215572259837,41,0.0,0.0,0.0
368800,8,1634,7,0,1,0,1.4137425606056009,0.0037211945023804473,41,13.0,1.0,176.05715973253996
368900,7,1669,6,0,1,0,1.4913145245712476,0.0029975987194085043,41,1.0,1.0,0.0
369000,7,1700,6,0,1,0,1.505600238856962,0.0029975987194085043,41,0.0,0.0,0.0
369100,7,1747,6,0,1,0,1.5127430959998194,0.0029975987194085043,41,0.0,0.0,0.0
369200,6,1807,5,0,1,0,1.518096181055631,0.0033860085846352836,41,0.0,0.0,0.0
369300,6,1853,5,0,1,0,1.5264295143889643,0.0033860085846352836,41,0.0,0.0,0.0
369400,5,1905,5,0,0,0,1.5491011081811288,0.003155213422193294,41,0.0,0.0,0.0
369500,5,1958,5,0,0,0,1.5591011081811286,0.003155213422193294,41,0.0,0.0,0.0
369600,5,2005,5,0,0,0,1.5791011081811286,0.003155213422193294,41,0.0,0.0,0.0
369700,5,2037,5,0,0,0,1.6091011081811284,0.003155213422193294,41,0.0,0.0,0.0
369800,5,2072,5,0,0,0,1.6391011081811286,0.003155213422193294,41,0.0,0.0,0.0
369900,5,2091,5,0,0,0,1.6491011081811286,0.003155213422193294,41,0.0,0.0,0.0
370000,5,2149,5,0,0,0,1.6691011081811282,0.003155213422193294,41,0.0,0.0,0.0
370100,5,2201,5,0,0,0,1.6891011081811285,0.003155213422193294,41,0.0,0.0,0.0
370200,5,2236,5,0,0,0,1.6891011081811285,0.003155213422193294,41,0.0,0.0,0.0
370300,5,2262,5,0,0,0,1.7091011081811285,0.003155213422193294,41,0.0,0.0,0.0
370400,5,2298,5,0,0,0,1.7391011081811285,0.003155213422193294,41,0.0,0.0,0.0
370500,5,2316,5,0,0,0,1.7791011081811283,0.003155213422193294,41,0.0,0.0,0.0
370600,5,2333,5,0,0,0,1.8091011081811286,0.003155213422193294,41,0.0,0.0,0.0
370700,5,2355,5,0,0,0,1.8391011081811286,0.003155213422193294,41,0.0,0.0,0.0
370800,5,2394,5,0,0,0,1.8491011081811286,0.003155213422193294,41,1.0,0.0,19.769768022916203
370900,5,2436,5,0,0,0,1.8791011081811284,0.003155213422193294,41,0.0,0.0,0.0
371000,4,2496,4,0,0,0,1.8205595788721487,0.0039440167777416175,41,6.0,1.0,101.29884011458101
371100,4,2500,4,0,0,0,1.8232598738775092,0.0039440167777416175,41,0.0,0.0,0.0
371200,4,2500,4,0,0,0,1.8482598738775091,0.0039440167777416175,41,0.0,0.0,0.0
371300,4,2500,4,0,0,0,1.8732598738775093,0.0039440167777416175,41,0.0,0.0,0.0
371400,4,2500,4,0,0,0,1.8857598738775092,0.0039440167777416175,41,0.0,0.0,0.0
371500,3,2500,3,0,0,0,1.8085720759551756,0.0027044088652589423,41,0.0,0.0,0.0
371600,3,2500,3,0,0,0,1.8252387426218422,0.0027044088652589423,41,0.0,0.0,0.0
371700,2,2500,2,0,0,0,2.030567798818417,0.0027766906135730236,41,0.0,0.0,0.0
371800,147,242,0,0,0,147,0.9450823748876342,0.003973194456412576,42,402.0,45.0,3350.840085387149
371900,103,130,0,0,0,103,0.9525320508519439,0.003921407379889929,42,331.0,31.0,2754.4524344669117
372000,81,104,0,0,0,81,0.9519774300771802,0.00395510700447164,42,154.0,16.0,1254.7995873577138
372100,67,112,18,10,39,0,0.9597563561215448,0.0037164742469805337,42,112.0,11.0,947.471092328997
372200,56,106,18,6,32,0,0.9701954018268136,0.0038878035759748798,42,82.0,7.0,695.5143294839543
372300,43,128,10,6,27,0,0.9717911913401208,0.0034241089376730914,42,63.0,8.0,532.2140873132682
372400,35,161,11,6,18,0,0.9759097426249124,0.0030534790960039505,42,23.0,5.0,163.24939707213386
372500,31,182,8,5,18,0,0.9808088866602926,0.002820940112609877,42,20.0,0.0,193.74618114346183
372600,28,215,7,5,16,0,0.986604093021021,0.002914293854851674,42,22.0,3.0,178.17460786670887
372700,27,236,10,4,13,0,0.9913411845960736,0.0028839082507901882,42,14.0,1.0,124.40521401619893
372800,26,270,10,3,13,0,1.0012399931977833,0.0029773150974605105,42,5.0,1.0,38.108482300067465
372900,24,292,11,3,10,0,1.0013555990938157,0.00299152147614702,42,15.0,1.0,136.25515542661626
373000,23,315,10,3,10,0,1.0146711177647945,0.002948873617170007,42,15.0,1.0,136.08038084905812
373100,21,324,11,2,8,0,1.023595795258466,0.0028259182879811894,42,17.0,2.0,150.02170652037617
373200,21,340,12,1,8,0,1.0307386524013231,0.0028259182879811894,42,3.0,0.0,31.165605495088094
373300,20,365,12,0,8,0,1.0386316324187317,0.0024126212035917587,42,9.0,1.0,82.04878802228411
373400,19,399,12,0,7,0,1.0454551591728645,0.0024552786860882014,42,7.0,1.0,67.81097254677611
373500,17,434,10,0,7,0,1.0426495373617488,0.002382642674191186,42,23.0,2.0,209.46749537470046
373600,17,458,10,0,7,0,1.0514730667735135,0.002382642674191186,42,9.0,0.0,83.61377856553992
373700,15,486,10,0,5,0,1.0555376278156494,0.0024280514792177346,42,11.0,2.0,80.41703842660903
373800,15,520,10,0,5,0,1.0588709611489828,0.0024280514792177346,42,8.0,0.0,81.53020801329248
373900,14,554,10,0,4,0,1.0822606952353717,0.0025590152205080797,42,15.0,1.0,148.2098709296357
374000,13,582,9,0,4,0,1.0894193010243574,0.002598207328483333,42,3.0,1.0,20.37793936459014
374100,13,600,9,0,4,0,1.0894193010243574,0.002598207328483333,42,1.0,0.0,9.232960707026763
374200,13,619,9,0,4,0,1.1124962241012808,0.002598207328483333,42,5.0,0.0,53.41632076807474
374300,13,665,9,0,4,0,1.1163423779474344,0.002598207328483333,42,0.0,0.0,0.0
374400,12,687,9,0,3,0,1.1267624487762646,0.002814724605856944,42,0.0,0.0,0.0
374500,12,702,10,0,2,0,1.1475957821095981,0.002814724605856944,42,6.0,0.0,61.660028180804815
374600,12,729,10,0,2,0,1.1559291154429314,0.002814724605856944,42,1.0,0.0,9.619401208601625
374700,12,760,10,0,2,0,1.1684291154429314,0.002814724605856944,42,3.0,0.0,29.168882121080287
374800,12,777,11,0,1,0,1.176762448776265,0.002814724605856944,42,4.0,0.0,38.89184282810705
374900,11,796,10,0,1,0,1.1990525303106412,0.003005787626956402,42,1.0,0.0,12.28182875779602
375000,10,817,10,0,0,0,1.2186330000988888,0.002557538494915769,42,10.0,1.0,105.38508968583639
375100,10,837,10,0,0,0,1.2186330000988888,0.002557538494915769,42,5.0,0.0,59.43075477442726
375200,10,863,10,0,0,0,1.2386330000988885,0.002557538494915769,42,0.0,0.0,0.0
375300,10,883,10,0,0,0,1.2486330000988888,0.002557538494915769,42,0.0,0.0,0.0
375400,10,905,10,0,0,0,1.2736330000988887,0.002557538494915769,42,0.0,0.0,0.0
375500,10,944,10,0,0,0,1.2786330000988886,0.002557538494915769,42,0.0,0.0,0.0
375600,10,972,10,0,0,0,1.3036330000988887,0.002557538494915769,42,0.0,0.0,0.0
375700,10,994,10,0,0,0,1.3136330000988887,0.002557538494915769,42,0.0,0.0,0.0
375800,9,1049,9,0,0,0,1.3493545725925662,0.0021181561079388726,42,0.0,0.0,0.0
375900,9,1071,9,0,0,0,1.3549101281481217,0.0021181561079388726,42,0.0,0.0,0.0
376000,9,1100,9,0,0,0,1.3715767948147883,0.0021181561079388726,42,0.0,0.0,0.0
376100,9,1130,9,0,0,0,1.388243461481455,0.0021181561079388726,42,0.0,0.0,0.0
376200,9,1164,9,0,0,0,1.4104656837036773,0.0021181561079388726,42,3.0,0.0,40.06845286465636
376300,7,1232,7,0,0,0,1.3932126899273585,0.0016069435100663587,42,16.0,2.0,199.44514678510055
376400,7,1291,7,0,0,0,1.4003555470702154,0.0016069435100663587,42,6.0,0.0,91.09030169119764
376500,7,1330,7,0,0,0,1.4074984042130725,0.0016069435100663587,42,4.0,0.0,54.177422546951426
376600,7,1374,7,0,0,0,1.4146412613559298,0.0016069435100663587,42,0.0,0.0,0.0
376700,7,1416,7,0,0,0,1.436069832784501,0.0016069435100663587,42,0.0,0.0,0.0
376800,7,1436,7,0,0,0,1.4503555470702154,0.0016069435100663587,42,0.0,0.0,0.0
376900,7,1458,7,0,0,0,1.478926975641644,0.0016069435100663587,42,0.0,0.0,0.0
377000,7,1495,7,0,0,0,1.4932126899273583,0.0016069435100663587,42,0.0,0.0,0.0
377100,7,1540,7,0,0,0,1.5146412613559301,0.0016069435100663587,42,0.0,0.0,0.0
377200,7,1592,7,0,0,0,1.5217841184987873,0.0016069435100663587,42,0.0,0.0,0.0
377300,7,1628,7,0,0,0,1.536069832784501,0.0016069435100663587,42,0.0,0.0,0.0
377400,7,1658,7,0,0,0,1.5574984042130726,0.0016069435100663587,42,0.0,0.0,0.0
377500,6,1678,6,0,0,0,1.5982693805124377,0.0018747674284107518,42,7.0,1.0,90.83030277281753
377600,6,1712,6,0,0,0,1.6149360471791043,0.0018747674284107518,42,0.0,0.0,0.0
377700,6,1735,6,0,0,0,1.6399360471791045,0.0018747674284107518,42,0.0,0.0,0.0
377800,6,1791,6,0,0,0,1.6566027138457713,0.0018747674284107518,42,0.0,0.0,0.0
377900,6,1848,6,0,0,0,1.6566027138457713,0.0018747674284107518,42,0.0,0.0,0.0
378000,6,1876,6,0,0,0,1.681602713845771,0.0018747674284107518,42,0.0,0.0,0.0
378100,6,1912,6,0,0,0,1.6899360471791045,0.0018747674284107518,42,0.0,0.0,0.0
378200,6,1952,6,0,0,0,1.7149360471791042,0.0018747674284107518,42,0.0,0.0,0.0
378300,6,1998,6,0,0,0,1.7149360471791042,0.0018747674284107518,42,0.0,0.0,0.0
378400,6,2044,6,0,0,0,1.7399360471791046,0.0018747674284107518,42,0.0,0.0,0.0
378500,6,2107,6,0,0,0,1.756602713845771,0.0018747674284107518,42,0.0,0.0,0.0
378600,6,2157,6,0,0,0,1.7732693805124375,0.0018747674284107518,42,0.0,0.0,0.0
378700,6,2204,6,0,0,0,1.7732693805124375,0.0018747674284107518,42,0.0,0.0,0.0
378800,6,2260,6,0,0,0,1.7732693805124375,0.0018747674284107518,42,0.0,0.0,0.0
378900,6,2323,6,0,0,0,1.798269380512438,0.0018747674284107518,42,0.0,0.0,0.0
379000,6,2373,6,0,0,0,1.798269380512438,0.0018747674284107518,42,3.0,0.0,55.61205621793587
379100,6,2396,6,0,0,0,1.823269380512438,0.0018747674284107518,42,0.0,0.0,0.0
379200,6,2400,6,0,0,0,1.8566027138457712,0.0018747674284107518,42,0.0,0.0,0.0
379300,6,2393,6,0,0,0,1.8899360471791045,0.0018747674284107518,42,0.0,0.0,0.0
379400,6,2398,6,0,0,0,1.9232693805124377,0.0018747674284107518,42,0.0,0.0,0.0
379500,6,2400,6,0,0,0,1.9566027138457711,0.0018747674284107518,42,0.0,0.0,0.0
379600,6,2419,6,0,0,0,1.9899360471791046,0.0018747674284107518,42,0.0,0.0,0.0
379700,6,2432,6,0,0,0,2.0149360471791042,0.0018747674284107518,42,0.0,0.0,0.0
379800,6,2441,6,0,0,0,2.0399360471791046,0.0018747674284107518,42,0.0,0.0,0.0
379900,6,2438,6,0,0,0,2.0899360471791044,0.0018747674284107518,42,0.0,0.0,0.0
380000,5,2460,5,0,0,0,2.148976648544117,0.00199019311705683,42,0.0,0.0,0.0
380100,5,2496,5,0,0,0,2.168976648544117,0.00199019311705683,42,0.0,0.0,0.0
380200,5,2499,5,0,0,0,2.1989766485441167,0.00199019311705683,42,0.0,0.0,0.0
380300,5,2500,5,0,0,0,2.208976648544117,0.00199019311705683,42,0.0,0.0,0.0
380400,5,2495,5,0,0,0,2.2391456904107914,0.00199019311705683,42,0.0,0.0,0.0
380500,5,2494,5,0,0,0,2.2691456904107916,0.00199019311705683,42,0.0,0.0,0.0
380600,5,2494,5,0,0,0,2.299145690410792,0.00199019311705683,42,0.0,0.0,0.0
380700,5,2490,5,0,0,0,2.3226862897110356,0.00199019311705683,42,0.0,0.0,0.0
380800,153,249,0,0,0,153,0.9679361554583016,0.003713204526325969,43,391.0,37.0,3363.3340370497576
380900,108,125,0,0,0,108,0.970549604712382,0.0037782433427431253,43,288.0,30.0,2449.624172126976
381000,77,102,0,0,0,77,0.9819844585403714,0.0037444404011973335,43,154.0,17.0,1304.446207294751
381100,59,104,20,3,36,0,0.9773420822072554,0.00392799753562977,43,102.0,9.0,895.4477163150394
381200,47,126,18,3,26,0,0.981529790862341,0.0037395695719622947,43,63.0,7.0,531.5506460936743
381300,37,155,18,2,17,0,0.9836869244328812,0.003984590549150422,43,26.0,3.0,225.23622338192408
381400,32,192,18,2,12,0,0.9897754725882875,0.0040381815666150735,43,12.0,3.0,87.01378781335693
381500,28,215,18,1,9,0,0.9942860505604875,0.0031524818191081307,43,8.0,1.0,67.47205210137312
381600,28,230,18,1,9,0,0.997857479131916,0.0031524818191081307,43,16.0,0.0,147.9763944983416
381700,26,257,19,1,6,0,1.0104070630666286,0.0032256685608759933,43,4.0,1.0,29.888496182919
381800,26,258,19,1,6,0,1.0123301399897056,0.0032256685608759933,43,18.0,0.0,186.14116185865643
381900,26,266,19,1,6,0,1.0219455246050904,0.0032256685608759933,43,8.0,0.0,80.05414529172518
382000,25,285,18,1,6,0,1.0221232077828588,0.003178415086733226,43,8.0,1.0,74.73895857354225
382100,25,282,20,1,4,0,1.0361232077828586,0.003178415086733226,43,5.0,0.0,47.216397644102905
382200,24,304,19,1,4,0,1.0403767845805483,0.003310849048680444,43,15.0,1.0,140.35203481439547
382300,23,314,17,1,5,0,1.0526198937166853,0.0031963909153775124,43,3.0,0.0,29.095806221531262
382400,20,346,16,1,3,0,1.0622726276231083,0.003384127410712963,43,18.0,2.0,158.5417064689682
382500,20,368,16,1,3,0,1.0672726276231081,0.003384127410712963,43,0.0,0.0,0.0
382600,20,389,17,1,2,0,1.0747726276231082,0.003384127410712963,43,0.0,0.0,0.0
382700,20,428,17,1,2,0,1.0822726276231083,0.003384127410712963,43,7.0,0.0,71.85905840689823
382800,20,455,17,1,2,0,1.0897726276231083,0.003384127410712963,43,4.0,0.0,44.04495838008035
382900,20,470,17,1,2,0,1.0972726276231084,0.003384127410712963,43,7.0,0.0,75.60813679003665
383000,19,489,15,1,3,0,1.10045255756072,0.0035622393796978557,43,10.0,1.0,89.28139977258894
383100,19,492,15,1,3,0,1.1083472944028252,0.0035622393796978557,43,0.0,0.0,0.0
383200,18,505,15,1,2,0,1.1257577445606857,0.003306672123821405,43,3.0,1.0,21.56703675023011
383300,18,505,16,1,1,0,1.1285355223384634,0.003306672123821405,43,0.0,0.0,0.0
383400,17,534,15,1,1,0,1.1443674189503048,0.0034110227900480024,43,2.0,0.0,23.714028394612846
383500,17,536,15,1,1,0,1.1502497718914815,0.0034110227900480024,43,6.0,0.0,68.08995395899487
383600,17,550,15,1,1,0,1.1678968307150108,0.0034110227900480024,43,1.0,0.0,11.857014197306423
383700,17,550,15,1,1,0,1.1737791836561873,0.0034110227900480024,43,0.0,0.0,0.0
383800,17,564,15,1,1,0,1.1855438895385404,0.0034110227900480024,43,0.0,0.0,0.0
383900,17,594,15,1,1,0,1.194367418950305,0.0034110227900480024,43,0.0,0.0,0.0
384000,16,631,14,1,1,0,1.1988441790622812,0.003336184027216132,43,1.0,0.0,10.523666874983691
384100,16,640,14,1,1,0,1.2144691790622812,0.003336184027216132,43,1.0,0.0,12.641730127855672
384200,15,641,13,1,1,0,1.2267910736238015,0.0035585962956972074,43,2.0,1.0,12.641730127855672
384300,15,642,13,1,1,0,1.2367910736238015,0.0035585962956972074,43,0.0,0.0,0.0
384400,15,662,13,1,1,0,1.250124406957135,0.0035585962956972074,43,0.0,0.0,0.0
384500,13,682,12,0,1,0,1.2750873342306799,0.0031002086631896795,43,0.0,0.0,0.0
384600,13,688,12,0,1,0,1.2827796419229878,0.0031002086631896795,43,5.0,0.0,62.61197585190553
384700,12,705,11,0,1,0,1.295216859329453,0.003030835567490285,43,7.0,1.0,77.02208518383856
384800,12,733,11,0,1,0,1.3077168593294533,0.003030835567490285,43,0.0,0.0,0.0
384900,11,754,10,0,1,0,1.3094303932157139,0.003306366073625766,43,4.0,0.0,48.577948806325324
385000,11,790,10,0,1,0,1.3139758477611685,0.003306366073625766,43,6.0,0.0,77.8031378408597
385100,11,840,10,0,1,0,1.3230667568520773,0.003306366073625766,43,0.0,0.0,0.0
385200,11,877,10,0,1,0,1.3321576659429866,0.003306366073625766,43,0.0,0.0,0.0
385300,11,912,10,0,1,0,1.34579402957935,0.003306366073625766,43,0.0,0.0,0.0
385400,11,954,10,0,1,0,1.3639758477611685,0.003306366073625766,43,4.0,0.0,42.17503669406064
385500,11,980,10,0,1,0,1.3730667568520776,0.003306366073625766,43,0.0,0.0,0.0
385600,11,1024,10,0,1,0,1.377612211397532,0.003306366073625766,43,0.0,0.0,0.0
385700,11,1065,10,0,1,0,1.3821576659429864,0.003306366073625766,43,0.0,0.0,0.0
385800,11,1105,10,0,1,0,1.3912485750338954,0.003306366073625766,43,0.0,0.0,0.0
385900,11,1147,10,0,1,0,1.4048849386702593,0.003306366073625766,43,0.0,0.0,0.0
386000,10,1186,9,0,1,0,1.4145786196043064,0.0034177902060123443,43,2.0,0.0,27.980182638407626
386100,10,1203,9,0,1,0,1.4195786196043063,0.0034177902060123443,43,0.0,0.0,0.0
386200,10,1238,9,0,1,0,1.4395786196043063,0.0034177902060123443,43,0.0,0.0,0.0
386300,9,1257,8,0,1,0,1.469412102327197,0.0037975446733470495,43,0.0,0.0,0.0
386400,9,1288,8,0,1,0,1.486078768993864,0.0037975446733470495,43,0.0,0.0,0.0
386500,9,1316,8,0,1,0,1.5083009912160863,0.0037975446733470495,43,0.0,0.0,0.0
386600,8,1328,7,0,1,0,1.5371435727813136,0.00348138833607596,43,0.0,0.0,0.0
386700,8,1366,7,0,1,0,1.5496435727813136,0.00348138833607596,43,0.0,0.0,0.0
386800,8,1398,7,0,1,0,1.5558935727813137,0.00348138833607596,43,0.0,0.0,0.0
386900,8,1421,7,0,1,0,1.5808935727813136,0.00348138833607596,43,2.0,0.0,30.168974403162665
387000,8,1478,8,0,0,0,1.5871435727813137,0.00348138833607596,43,0.0,0.0,0.0
387100,8,1500,8,0,0,0,1.5996435727813136,0.00348138833607596,43,0.0,0.0,0.0
387200,8,1516,8,0,0,0,1.6246435727813138,0.00348138833607596,43,1.0,0.0,17.439492805627886
387300,8,1544,8,0,0,0,1.6496435727813137,0.00348138833607596,43,1.0,0.0,16.064487201581333
387400,8,1579,8,0,0,0,1.6558935727813138,0.00348138833607596,43,0.0,0.0,0.0
387500,8,1607,8,0,0,0,1.6746435727813138,0.00348138833607596,43,5.0,0.0,80.32243600790666
387600,8,1639,8,0,0,0,1.6933935727813139,0.00348138833607596,43,0.0,0.0,0.0
387700,7,1672,7,0,0,0,1.7033292890826721,0.0030255513036625235,43,0.0,0.0,0.0
387800,7,1706,7,0,0,0,1.7104721462255292,0.0030255513036625235,43,0.0,0.0,0.0
387900,7,1738,6,0,1,0,1.7319007176541008,0.0030255513036625235,43,9.0,0.0,114.39601664583498
388000,7,1738,6,0,1,0,1.7604721462255293,0.0030255513036625235,43,0.0,0.0,0.0
388100,7,1748,6,0,1,0,1.7819007176541006,0.0030255513036625235,43,0.0,0.0,0.0
388200,7,1763,6,0,1,0,1.8104721462255289,0.0030255513036625235,43,0.0,0.0,0.0
388300,7,1776,6,0,1,0,1.8247578605112433,0.0030255513036625235,43,2.0,0.0,22.06751834703032
388400,6,1794,6,0,0,0,1.974568538393812,0.003529809854272944,43,2.0,1.0,17.044487201581333
388500,6,1816,6,0,0,0,1.9912352050604787,0.003529809854272944,43,0.0,0.0,0.0
388600,5,1841,5,0,0,0,2.0235742296311887,0.0037750318004114774,43,0.0,0.0,0.0
388700,5,1876,5,0,0,0,2.053574229631189,0.0037750318004114774,43,0.0,0.0,0.0
388800,5,1910,5,0,0,0,2.0635742296311888,0.0037750318004114774,43,0.0,0.0,0.0
388900,5,1926,5,0,0,0,2.103574229631189,0.0037750318004114774,43,0.0,0.0,0.0
389000,5,1947,5,0,0,0,2.1335742296311886,0.0037750318004114774,43,0.0,0.0,0.0
389100,4,1993,4,0,0,0,2.1644929350668827,0.003675803261924832,43,0.0,0.0,0.0
389200,4,2012,4,0,0,0,2.214492935066883,0.003675803261924832,43,0.0,0.0,0.0
389300,4,2035,4,0,0,0,2.2394929350668824,0.003675803261924832,43,0.0,0.0,0.0
389400,4,2059,4,0,0,0,2.266581710733565,0.003675803261924832,43,0.0,0.0,0.0
389500,4,2096,4,0,0,0,2.3040817107335645,0.003675803261924832,43,0.0,0.0,0.0
389600,4,2147,4,0,0,0,2.3040817107335645,0.003675803261924832,43,0.0,0.0,0.0
389700,4,2186,4,0,0,0,2.3165817107335647,0.003675803261924832,43,0.0,0.0,0.0
389800,169,212,0,0,0,169,0.9742507393946908,0.003909043982605798,44,314.0,27.0,2702.6366359924623
389900,129,91,0,0,0,129,0.9828344369769257,0.004131545246917125,44,294.0,31.0,2493.648518810281
390000,95,72,0,0,0,95,0.9877987420209249,0.0042038323846099205,44,182.0,20.0,1570.150758407341
390100,79,85,31,7,41,0,0.9936724130196196,0.004681843823467315,44,86.0,9.0,739.3335247737159
390200,61,102,24,5,32,0,0.9918158950894324,0.004635372760726431,44,76.0,11.0,613.5690161079319
390300,58,110,24,4,30,0,0.9936216129985995,0.004511352793229673,44,18.0,1.0,167.29747331551766
390400,50,121,23,3,24,0,1.0052037506728533,0.0044210980716817665,44,50.0,6.0,391.1563915227276
390500,42,153,20,1,21,0,1.0107658627614224,0.004463904948619417,44,52.0,6.0,436.37683457191207
390600,39,164,18,2,19,0,1.015948449938036,0.004646656008632971,44,12.0,2.0,101.35982157437792
390700,36,181,16,2,18,0,1.020542172931456,0.0045182339039939,44,8.0,0.0,75.76214442400922
390800,34,205,17,2,15,0,1.0220108428775876,0.004704944904915459,44,7.0,0.0,64.53218745585885
390900,33,223,17,2,14,0,1.0272853266167425,0.004468438815431238,44,6.0,0.0,54.97918346316244
391000,31,242,18,1,12,0,1.0310318731856878,0.004507881877077621,44,13.0,1.0,120.00019722689895
391100,30,261,18,0,12,0,1.036417128358637,0.00463747726799989,44,5.0,0.0,47.97207662937056
391200,28,279,19,0,9,0,1.0468817211554053,0.0046798574647074894,44,6.0,1.0,47.0494423636892
391300,27,286,19,0,8,0,1.0589681932169814,0.004551163963253064,44,6.0,1.0,54.923122100896045
391400,27,288,19,0,8,0,1.0663756006243887,0.004551163963253064,44,2.0,0.0,18.095457916497196
391500,27,304,19,0,8,0,1.0719311561799443,0.004551163963253064,44,8.0,0.0,81.64088727265343
391600,26,309,20,0,6,0,1.0920016305133347,0.00472620873107049,44,4.0,0.0,47.21447833137832
391700,25,311,19,0,6,0,1.1000982806314916,0.004787457055187069,44,0.0,0.0,0.0
391800,25,332,20,0,5,0,1.1020982806314914,0.004787457055187069,44,6.0,0.0,64.79527836556153
391900,25,359,21,0,4,0,1.1100982806314916,0.004787457055187069,44,8.0,0.0,84.30333308820138
392000,24,371,19,0,5,0,1.119682490535444,0.004658217697189759,44,10.0,1.0,95.27034968508926
392100,22,375,19,0,3,0,1.1107697099459133,0.004710369693485334,44,9.0,1.0,81.76938972626797
392200,20,413,18,0,2,0,1.113292516213511,0.005114411518143564,44,0.0,0.0,0.0
392300,20,435,18,0,2,0,1.1232925162135114,0.005114411518143564,44,6.0,0.0,58.12976431873769
392400,20,466,19,0,1,0,1.1307925162135113,0.005114411518143564,44,1.0,0.0,10.574415325874114
392500,20,470,19,0,1,0,1.1382925162135114,0.005114411518143564,44,1.0,0.0,10.351641751416977
392600,19,498,18,0,1,0,1.146176630527332,0.005024004127659261,44,3.0,0.0,30.482328928418525
392700,18,532,16,0,2,0,1.1652126413992403,0.0053031154680847755,44,9.0,0.0,87.41762649887582
392800,17,573,16,0,1,0,1.1745610335618786,0.005615063436795644,44,0.0,0.0,0.0
392900,16,596,16,0,0,0,1.193973196297753,0.005966004901595372,44,1.0,1.0,0.0
393000,15,626,15,0,0,0,1.2162646555901475,0.006206739924719481,44,5.0,1.0,42.070915832994395
393100,15,664,15,0,0,0,1.2195979889234807,0.006206739924719481,44,0.0,0.0,0.0
393200,15,694,15,0,0,0,1.2262646555901475,0.006206739924719481,44,0.0,0.0,0.0
393300,15,722,15,0,0,0,1.2395979889234807,0.006206739924719481,44,0.0,0.0,0.0
393400,15,760,15,0,0,0,1.2429313222568144,0.006206739924719481,44,3.0,0.0,40.60586105558341
393500,15,773,15,0,0,0,1.2562646555901473,0.006206739924719481,44,1.0,0.0,11.007728958248599
393600,15,787,15,0,0,0,1.2695979889234805,0.006206739924719481,44,4.0,0.0,45.68538084125421
393700,15,799,15,0,0,0,1.2762646555901473,0.006206739924719481,44,1.0,0.0,12.802458815050251
393800,14,830,14,0,0,0,1.2656425442839332,0.0060662506389750894,44,8.0,1.0,98.17700912969462
393900,14,848,14,0,0,0,1.276356829998219,0.0060662506389750894,44,0.0,0.0,0.0
394000,14,845,14,0,0,0,1.290642544283933,0.0060662506389750894,44,0.0,0.0,0.0
394100,14,838,14,0,0,0,1.308499687141076,0.0060662506389750894,44,0.0,0.0,0.0
394200,14,821,14,0,0,0,1.3299282585696475,0.0060662506389750894,44,0.0,0.0,0.0
394300,14,821,14,0,0,0,1.3442139728553617,0.0060662506389750894,44,4.0,0.0,51.025351202565886
394400,14,831,14,0,0,0,1.3549282585696474,0.0060662506389750894,44,3.0,0.0,34.12002424941039
394500,13,856,13,0,0,0,1.3646133575343917,0.006226715514029547,44,0.0,0.0,0.0
394600,13,882,13,0,0,0,1.3761518190728534,0.006226715514029547,44,5.0,0.0,65.47722332826385
394700,13,912,13,0,0,0,1.3915364344574688,0.006226715514029547,44,4.0,0.0,54.22248786363539
394800,13,932,13,0,0,0,1.3992287421497762,0.006226715514029547,44,3.0,0.0,40.756333996958304
394900,13,944,13,0,0,0,1.4146133575343915,0.006226715514029547,44,0.0,0.0,0.0
395000,12,956,12,0,0,0,1.412087486631507,0.006287611674943749,44,10.0,0.0,137.40925531289125
395100,12,980,12,0,0,0,1.4245874866315071,0.006287611674943749,44,0.0,0.0,0.0
395200,12,1021,12,0,0,0,1.4329208199648402,0.006287611674943749,44,4.0,0.0,65.90114807411122
395300,11,1056,11,0,0,0,1.4481485897811892,0.0061640941435603756,44,3.0,0.0,49.42586105558341
395400,11,1089,11,0,0,0,1.4526940443266438,0.0061640941435603756,44,2.0,0.0,32.95057403705561
395500,11,1112,11,0,0,0,1.4708758625084621,0.0061640941435603756,44,0.0,0.0,0.0
395600,10,1122,10,0,0,0,1.496563215830651,0.006511512029835484,44,0.0,0.0,0.0
395700,10,1114,10,0,0,0,1.516563215830651,0.006511512029835484,44,0.0,0.0,0.0
395800,10,1111,10,0,0,0,1.531563215830651,0.006511512029835484,44,6.0,0.0,80.00004849882082
395900,9,1103,9,0,0,0,1.572155730984797,0.006098986428568921,44,6.0,0.0,80.00004849882082
396000,9,1089,9,0,0,0,1.5888223976514635,0.006098986428568921,44,0.0,0.0,0.0
396100,9,1073,9,0,0,0,1.6221557309847972,0.006098986428568921,44,0.0,0.0,0.0
396200,9,1066,9,0,0,0,1.6443779532070195,0.006098986428568921,44,8.0,0.0,121.4627389194479
396300,9,1072,9,0,0,0,1.672155730984797,0.006098986428568921,44,0.0,0.0,0.0
396400,9,1081,9,0,0,0,1.6832668420959083,0.006098986428568921,44,0.0,0.0,0.0
396500,9,1059,9,0,0,0,1.7166001754292415,0.006098986428568921,44,0.0,0.0,0.0
396600,9,1071,9,0,0,0,1.7332668420959083,0.006098986428568921,44,0.0,0.0,0.0
396700,9,1089,9,0,0,0,1.749933508762575,0.006098986428568921,44,0.0,0.0,0.0
396800,9,1104,9,0,0,0,1.761044619873686,0.006098986428568921,44,0.0,0.0,0.0
396900,9,1125,9,0,0,0,1.7832668420959084,0.006098986428568921,44,0.0,0.0,0.0
397000,7,1132,7,0,0,0,1.8314643493267657,0.005205915460034789,44,5.0,1.0,67.24538084125422
397100,7,1154,7,0,0,0,1.838607206469623,0.005205915460034789,44,0.0,0.0,0.0
397200,7,1172,7,0,0,0,1.8743214921839084,0.005205915460034789,44,0.0,0.0,0.0
397300,6,1206,6,0,0,0,1.9182842337984012,0.004151915788792152,44,0.0,0.0,0.0
397400,6,1250,6,0,0,0,1.9349509004650678,0.004151915788792152,44,0.0,0.0,0.0
397500,6,1280,6,0,0,0,1.9766175671317343,0.004151915788792152,44,0.0,0.0,0.0
397600,5,1326,5,0,0,0,1.9557107332411872,0.0039365708477578,44,0.0,0.0,0.0
397700,5,1357,5,0,0,0,1.9657107332411872,0.0039365708477578,44,0.0,0.0,0.0
397800,4,1411,4,0,0,0,1.9734405504841241,0.0048775749661892406,44,0.0,0.0,0.0
397900,4,1458,4,0,0,0,1.9734405504841241,0.0048775749661892406,44,0.0,0.0,0.0
398000,4,1491,4,0,0,0,2.023440550484124,0.0048775749661892406,44,0.0,0.0,0.0
398100,4,1536,4,0,0,0,2.035940550484124,0.0048775749661892406,44,0.0,0.0,0.0
398200,4,1582,4,0,0,0,2.060940550484124,0.0048775749661892406,44,0.0,0.0,0.0
398300,4,1638,4,0,0,0,2.0734405504841242,0.0048775749661892406,44,0.0,0.0,0.0
398400,4,1693,4,0,0,0,2.085940550484124,0.0048775749661892406,44,0.0,0.0,0.0
398500,4,1737,4,0,0,0,2.110940550484124,0.0048775749661892406,44,0.0,0.0,0.0
398600,4,1768,4,0,0,0,2.135940550484124,0.0048775749661892406,44,0.0,0.0,0.0
398700,4,1805,4,0,0,0,2.173440550484124,0.0048775749661892406,44,0.0,0.0,0.0
398800,160,222,0,0,0,160,0.9597989206417132,0.004906409728293126,45,363.0,32.0,3125.557256032382
398900,123,101,0,0,0,123,0.9760256597661157,0.0053431004096126675,45,274.0,26.0,2337.8569158470286
399000,94,85,0,0,0,94,0.9847395187974547,0.0055190577687274835,45,136.0,17.0,1143.8901778003453
399100,77,71,33,5,39,0,0.9907906248156808,0.0057804251897355,45,101.0,15.0,834.5233684349437
399200,67,95,29,5,33,0,1.0001333491268911,0.005975033446079759,45,60.0,8.0,494.8938902229556
399300,57,100,24,2,31,0,0.996749137134147,0.006015298357235143,45,51.0,5.0,432.51548764236196
399400,52,116,20,2,30,0,1.0041416203984417,0.006131463642021059,45,26.0,2.0,235.38915673423514
399500,48,140,19,1,28,0,1.0042679098638632,0.00598987135430485,45,22.0,2.0,190.02315253611184
399600,43,158,17,2,24,0,1.0231018008727093,0.006501914223450573,45,37.0,3.0,326.75076337567424
399700,39,150,16,2,21,0,1.0356068010755488,0.006963152506423094,45,17.0,2.0,149.2150381722846
399800,37,174,18,2,17,0,1.0416317515519729,0.0071071212328809785,45,16.0,2.0,140.4511204048126
399900,35,191,18,1,16,0,1.0459929840981002,0.0071440551765632136,45,3.0,1.0,21.910584754816572
400000,31,219,17,0,14,0,1.0716288988232445,0.00666664750910422,45,32.0,2.0,306.99705247416523
400100,31,238,18,0,13,0,1.073241802049051,0.00666664750910422,45,0.0,0.0,0.0
400200,31,259,18,0,13,0,1.076467608500664,0.00666664750910422,45,5.0,0.0,50.55359397115724
400300,30,274,18,0,12,0,1.0798996742092664,0.00640670967325804,45,15.0,1.0,149.31829712688344
400400,28,285,16,0,12,0,1.0869336944043282,0.006660414028979575,45,6.0,1.0,51.67536278306596
400500,28,290,17,0,11,0,1.0976479801186139,0.006660414028979575,45,2.0,0.0,25.43807590432969
400600,27,301,17,0,10,0,1.1050972234571472,0.0064583615133826594,45,11.0,1.0,112.58680822259643
400700,27,315,18,0,9,0,1.1162083345682583,0.0064583615133826594,45,0.0,0.0,0.0
400800,26,312,20,0,6,0,1.1208122865219463,0.006131090418049101,45,10.0,1.0,98.37658885244673
400900,25,328,21,0,4,0,1.1280971906532922,0.005749696448465782,45,7.0,0.0,80.70626070413194
401000,25,338,22,0,3,0,1.1300971906532922,0.005749696448465782,45,9.0,0.0,99.80873882022868
401100,25,347,23,0,2,0,1.1440971906532922,0.005749696448465782,45,1.0,0.0,11.307419226312621
401200,25,352,23,0,2,0,1.1520971906532922,0.005749696448465782,45,4.0,0.0,44.58057576588928
401300,25,379,24,0,1,0,1.1580971906532924,0.005749696448465782,45,0.0,0.0,0.0
401400,25,398,24,0,1,0,1.1640971906532922,0.005749696448465782,45,3.0,0.0,36.08646818393934
401500,25,412,24,0,1,0,1.1720971906532922,0.005749696448465782,45,0.0,0.0,0.0
401600,23,440,22,0,1,0,1.1785232878670393,0.005254698088323703,45,11.0,1.0,112.63079477979352
401700,23,443,22,0,1,0,1.1850450269974744,0.005254698088323703,45,3.0,0.0,37.1969555181968
401800,23,447,22,0,1,0,1.1959145922148653,0.005254698088323703,45,0.0,0.0,0.0
401900,23,439,22,0,1,0,1.2002624183018218,0.005254698088323703,45,11.0,0.0,128.62159718530006
402000,22,449,21,0,1,0,1.2048731835244404,0.005493548001429325,45,7.0,1.0,75.79610445912336
402100,22,459,21,0,1,0,1.2116913653426222,0.005493548001429325,45,0.0,0.0,0.0
402200,22,461,21,0,1,0,1.225327728978986,0.005493548001429325,45,0.0,0.0,0.0
402300,20,474,20,0,0,0,1.2479435299161803,0.005838343913103532,45,0.0,0.0,0.0
402400,20,483,20,0,0,0,1.2504435299161805,0.005838343913103532,45,0.0,0.0,0.0
402500,20,489,20,0,0,0,1.2604435299161807,0.005838343913103532,45,0.0,0.0,0.0
402600,19,498,19,0,0,0,1.2851358814550253,0.005524427075418764,45,2.0,0.0,25.12210435971777
402700,19,492,19,0,0,0,1.2903990393497622,0.005524427075418764,45,0.0,0.0,0.0
402800,19,471,19,0,0,0,1.3061885130339725,0.005524427075418764,45,0.0,0.0,0.0
402900,18,475,18,0,0,0,1.3146535255136795,0.005831339690719806,45,7.0,1.0,76.41743533323957
403000,17,493,17,0,0,0,1.3250742977284686,0.005680542435493681,45,0.0,0.0,0.0
403100,16,505,16,0,0,0,1.3360404258887517,0.005231872595240985,45,13.0,0.0,164.60476021401107
403200,16,515,16,0,0,0,1.3485404258887517,0.005231872595240985,45,0.0,0.0,0.0
403300,14,526,14,0,0,0,1.3719719893608437,0.005248999644302227,45,2.0,0.0,24.165240224639394
403400,13,561,13,0,0,0,1.3789129102076048,0.005587658009055997,45,3.0,0.0,45.378265667631084
403500,12,567,12,0,0,0,1.3885530862496036,0.00605329617647733,45,0.0,0.0,0.0
403600,12,601,12,0,0,0,1.4052197529162702,0.00605329617647733,45,0.0,0.0,0.0
403700,11,620,11,0,0,0,1.4186377643026096,0.006074554691058681,45,0.0,0.0,0.0
403800,9,640,9,0,0,0,1.4631044705106688,0.004729334458134004,45,5.0,1.0,72.4361518086594
403900,9,673,9,0,0,0,1.47421558162178,0.004729334458134004,45,10.0,0.0,154.0454326245698
404000,9,710,9,0,0,0,1.485326692732891,0.004729334458134004,45,0.0,0.0,0.0
404100,8,760,8,0,0,0,1.5218147681792513,0.005185084112859608,45,0.0,0.0,0.0
404200,7,805,7,0,0,0,1.536930210482219,0.0059258104146966955,45,0.0,0.0,0.0
404300,7,845,7,0,0,0,1.5583587819107902,0.0059258104146966955,45,0.0,0.0,0.0
404400,7,875,7,0,0,0,1.5655016390536474,0.0059258104146966955,45,0.0,0.0,0.0
404500,7,919,7,0,0,0,1.579787353339362,0.0059258104146966955,45,0.0,0.0,0.0
404600,6,958,6,0,0,0,1.6115457136099807,0.006771058322057966,45,3.0,0.0,48.31826566763109
404700,6,1010,6,0,0,0,1.6282123802766473,0.006771058322057966,45,0.0,0.0,0.0
404800,6,1036,6,0,0,0,1.6448790469433139,0.006771058322057966,45,0.0,0.0,0.0
404900,6,1090,6,0,0,0,1.6532123802766474,0.006771058322057966,45,0.0,0.0,0.0
405000,6,1128,6,0,0,0,1.661545713609981,0.006771058322057966,45,0.0,0.0,0.0
405100,6,1181,6,0,0,0,1.6948790469433137,0.006771058322057966,45,5.0,0.0,80.83912688959124
405200,6,1230,6,0,0,0,1.6948790469433137,0.006771058322057966,45,2.0,0.0,36.7268633300831
405300,6,1277,6,0,0,0,1.719879046943314,0.006771058322057966,45,6.0,0.0,99.76174180138582
405400,6,1323,6,0,0,0,1.7282123802766476,0.006771058322057966,45,1.0,0.0,17.08608855587703
405500,6,1371,6,0,0,0,1.7448790469433142,0.006771058322057966,45,0.0,0.0,0.0
405600,6,1415,6,0,0,0,1.7448790469433142,0.006771058322057966,45,4.0,0.0,77.25025301608375
405700,6,1460,6,0,0,0,1.7698790469433139,0.006771058322057966,45,0.0,0.0,0.0
405800,5,1522,5,0,0,0,1.694282653226572,0.006991371358058621,45,6.0,1.0,85.2134203826028
405900,5,1570,5,0,0,0,1.724282653226572,0.006991371358058621,45,0.0,0.0,0.0
406000,5,1625,5,0,0,0,1.724282653226572,0.006991371358058621,45,0.0,0.0,0.0
406100,5,1669,5,0,0,0,1.7542826532265718,0.006991371358058621,45,3.0,0.0,47.07511558540331
406200,5,1715,5,0,0,0,1.7742826532265716,0.006991371358058621,45,0.0,0.0,0.0
406300,5,1758,5,0,0,0,1.7842826532265719,0.006991371358058621,45,0.0,0.0,0.0
406400,4,1799,4,0,0,0,1.8205909676423842,0.008588204979642139,45,0.0,0.0,0.0
406500,4,1849,4,0,0,0,1.8205909676423842,0.008588204979642139,45,0.0,0.0,0.0
406600,4,1890,4,0,0,0,1.8580909676423842,0.008588204979642139,45,0.0,0.0,0.0
406700,4,1928,4,0,0,0,1.8955909676423843,0.008588204979642139,45,0.0,0.0,0.0
406800,4,1988,4,0,0,0,1.8955909676423843,0.008588204979642139,45,0.0,0.0,0.0
406900,4,2012,4,0,0,0,1.9205909676423842,0.008588204979642139,45,0.0,0.0,0.0
407000,4,2024,4,0,0,0,1.970590967642384,0.008588204979642139,45,0.0,0.0,0.0
407100,3,2078,3,0,0,0,2.0608619235939867,0.009068195733496265,45,0.0,0.0,0.0
407200,3,2131,3,0,0,0,2.0608619235939867,0.009068195733496265,45,0.0,0.0,0.0
407300,3,2198,3,0,0,0,2.09419525692732,0.009068195733496265,45,0.0,0.0,0.0
407400,3,2243,3,0,0,0,2.127528590260653,0.009068195733496265,45,0.0,0.0,0.0
407500,3,2295,3,0,0,0,2.1441952569273197,0.009068195733496265,45,0.0,0.0,0.0
407600,3,2345,3,0,0,0,2.1608619235939863,0.009068195733496265,45,0.0,0.0,0.0
407700,3,2380,3,0,0,0,2.210861923593986,0.009068195733496265,45,0.0,0.0,0.0
407800,169,238,0,0,0,169,1.0502620298972862,0.007158624243148034,46,297.0,28.0,2802.7935035153832
407900,123,122,0,0,0,123,1.0520631693774867,0.007241700369405231,46,365.0,35.0,3430.5641471634735
408000,98,114,0,0,0,98,1.0520622444264682,0.007138544417225846,46,154.0,17.0,1425.1636304313533
408100,80,125,29,9,42,0,1.0563130886127376,0.006770404747557806,46,90.0,12.0,808.3487275946319
408200,64,123,21,7,36,0,1.0526117393387218,0.006473382141476167,46,99.0,11.0,926.7807957205615
408300,50,134,17,7,26,0,1.0619239312512783,0.005936643978003067,46,72.0,12.0,619.9424810884786
408400,44,162,19,8,17,0,1.0638921565270274,0.0056736676853201586,46,19.0,5.0,145.165504919027
408500,42,158,19,8,15,0,1.0688195567298986,0.005785357501368206,46,29.0,2.0,278.77686267472586
408600,39,173,16,6,17,0,1.0668431083361756,0.006230385001473452,46,27.0,1.0,270.12189115596647
408700,33,201,15,3,15,0,1.0705527842430589,0.006316881119613971,46,34.0,3.0,331.94567816488956
408800,32,208,14,3,15,0,1.07642000285857,0.006325221586491781,46,9.0,0.0,95.41300321261582
408900,29,231,14,3,12,0,1.0806410659485222,0.005864644917953632,46,15.0,2.0,141.00952580370418
409000,27,252,18,3,6,0,1.0879210548949805,0.005890447099229614,46,13.0,1.0,133.27663646181637
409100,27,282,19,2,6,0,1.0916247585986842,0.005890447099229614,46,0.0,0.0,0.0
409200,23,311,17,1,5,0,1.1017015468589562,0.005660086951522055,46,23.0,1.0,233.77674778323092
409300,21,339,16,1,4,0,1.1109317695169476,0.006016610940223229,46,22.0,2.0,217.380637150084
409400,21,368,16,1,4,0,1.1228365314217095,0.006016610940223229,46,4.0,0.0,42.23877505294247
409500,21,386,16,1,4,0,1.125217483802662,0.006016610940223229,46,0.0,0.0,0.0
409600,21,413,16,1,4,0,1.1299793885645666,0.006016610940223229,46,0.0,0.0,0.0
409700,21,427,17,1,3,0,1.1347412933264716,0.006016610940223229,46,0.0,0.0,0.0
409800,21,440,18,0,3,0,1.1371222457074237,0.006016610940223229,46,0.0,0.0,0.0
409900,21,464,18,0,3,0,1.1514079599931382,0.006016610940223229,46,8.0,0.0,91.48875489282187
410000,20,490,17,0,3,0,1.1491342243373883,0.005822701148516438,46,11.0,1.0,116.5222138118831
410100,19,506,16,0,3,0,1.1628818580914242,0.006129159103701514,46,2.0,1.0,11.325169048130585
410200,18,539,15,0,3,0,1.1684886016041203,0.006469667942796042,46,1.0,0.0,11.304785966987586
410300,18,553,15,0,3,0,1.1768219349374538,0.006469667942796042,46,1.0,0.0,10.371817551917479
410400,17,563,15,0,2,0,1.1839509020098216,0.006608958504605244,46,5.0,0.0,55.80562319972666
410500,17,578,16,0,1,0,1.1957156078921745,0.006608958504605244,46,6.0,0.0,76.19194421159654
410600,15,595,14,0,1,0,1.2236251270337244,0.005948366656358782,46,10.0,2.0,102.6563492360416
410700,15,618,14,0,1,0,1.2302917937003912,0.005948366656358782,46,2.0,0.0,24.26667893827966
410800,14,639,14,0,0,0,1.2440200743791376,0.006114325884789831,46,0.0,0.0,0.0
410900,12,674,12,0,0,0,1.2586062359627048,0.0061155815620399,46,2.0,0.0,27.072285417010107
411000,12,700,12,0,0,0,1.2711062359627048,0.0061155815620399,46,3.0,0.0,40.84808374477012
411100,12,738,12,0,0,0,1.279439569296038,0.0061155815620399,46,0.0,0.0,0.0
411200,12,763,12,0,0,0,1.2836062359627045,0.0061155815620399,46,0.0,0.0,0.0
411300,12,786,12,0,0,0,1.291939569296038,0.0061155815620399,46,0.0,0.0,0.0
411400,12,827,12,0,0,0,1.2961062359627047,0.0061155815620399,46,0.0,0.0,0.0
411500,12,843,12,0,0,0,1.3169395692960382,0.0061155815620399,46,0.0,0.0,0.0
411600,11,853,11,0,0,0,1.3223906462323063,0.006226484278280079,46,9.0,1.0,111.18155893835025
411700,11,864,11,0,0,0,1.3496633735050334,0.006226484278280079,46,0.0,0.0,0.0
411800,11,874,11,0,0,0,1.363299737141397,0.006226484278280079,46,0.0,0.0,0.0
411900,11,896,11,0,0,0,1.3723906462323063,0.006226484278280079,46,0.0,0.0,0.0
412000,10,934,10,0,0,0,1.401877733679663,0.005483122411432535,46,7.0,1.0,67.62090531150487
412100,10,961,10,0,0,0,1.401877733679663,0.005483122411432535,46,0.0,0.0,0.0
412200,8,992,8,0,0,0,1.4094796430956125,0.005845042529641789,46,8.0,1.0,101.27306652811095
412300,8,1026,8,0,0,0,1.4282296430956125,0.005845042529641789,46,4.0,0.0,54.139654635814196
412400,8,1045,8,0,0,0,1.4469796430956126,0.005845042529641789,46,0.0,0.0,0.0
412500,8,1070,8,0,0,0,1.4594796430956125,0.005845042529641789,46,0.0,0.0,0.0
412600,8,1112,8,0,0,0,1.4657296430956126,0.005845042529641789,46,0.0,0.0,0.0
412700,8,1140,8,0,0,0,1.4782296430956126,0.005845042529641789,46,0.0,0.0,0.0
412800,8,1177,8,0,0,0,1.4907296430956127,0.005845042529641789,46,0.0,0.0,0.0
412900,8,1234,8,0,0,0,1.5094796430956126,0.005845042529641789,46,0.0,0.0,0.0
413000,8,1280,8,0,0,0,1.5219796430956127,0.005845042529641789,46,0.0,0.0,0.0
413100,8,1332,8,0,0,0,1.5282296430956126,0.005845042529641789,46,0.0,0.0,0.0
413200,8,1372,8,0,0,0,1.5344796430956125,0.005845042529641789,46,0.0,0.0,0.0
413300,8,1390,8,0,0,0,1.5594796430956126,0.005845042529641789,46,0.0,0.0,0.0
413400,8,1411,8,0,0,0,1.5719796430956126,0.005845042529641789,46,0.0,0.0,0.0
413500,8,1436,8,0,0,0,1.5969796430956125,0.005845042529641789,46,3.0,0.0,36.99545265575244
413600,7,1463,7,0,0,0,1.578505151456639,0.005647694975210676,46,0.0,0.0,0.0
413700,7,1515,7,0,0,0,1.585648008599496,0.005647694975210676,46,0.0,0.0,0.0
413800,7,1553,7,0,0,0,1.6070765800280675,0.005647694975210676,46,0.0,0.0,0.0
413900,6,1598,6,0,0,0,1.619737070254624,0.005440373104957614,46,6.0,1.0,77.43963364208318
414000,6,1629,6,0,0,0,1.636403736921291,0.005440373104957614,46,0.0,0.0,0.0
414100,6,1666,6,0,0,0,1.6530704035879575,0.005440373104957614,46,0.0,0.0,0.0
414200,6,1700,6,0,0,0,1.6697370702546241,0.005440373104957614,46,0.0,0.0,0.0
414300,6,1721,6,0,0,0,1.6864037369212908,0.005440373104957614,46,0.0,0.0,0.0
414400,5,1755,5,0,0,0,1.7046472139729154,0.003106498460578905,46,7.0,1.0,120.71674010500355
414500,5,1792,5,0,0,0,1.7246472139729154,0.003106498460578905,46,0.0,0.0,0.0
414600,5,1846,5,0,0,0,1.7346472139729152,0.003106498460578905,46,4.0,0.0,71.38480855861138
414700,5,1894,5,0,0,0,1.7446472139729152,0.003106498460578905,46,2.0,0.0,26.623635103834964
414800,5,1940,5,0,0,0,1.7746472139729152,0.003106498460578905,46,0.0,0.0,0.0
414900,4,1986,4,0,0,0,1.8787218350192698,0.0026503016507295604,46,0.0,0.0,0.0
415000,4,2032,4,0,0,0,1.91622183501927,0.0026503016507295604,46,0.0,0.0,0.0
415100,4,2081,4,0,0,0,1.9412218350192694,0.0026503016507295604,46,0.0,0.0,0.0
415200,3,2130,3,0,0,0,2.038494629291747,0.0035337355343060804,46,0.0,0.0,0.0
415300,3,2172,3,0,0,0,2.0718279626250804,0.0035337355343060804,46,0.0,0.0,0.0
415400,3,2205,3,0,0,0,2.1051612959584136,0.0035337355343060804,46,0.0,0.0,0.0
415500,3,2250,3,0,0,0,2.154159367925514,0.0035337355343060804,46,0.0,0.0,0.0
415600,3,2289,3,0,0,0,2.170826034592181,0.0035337355343060804,46,0.0,0.0,0.0
415700,3,2344,3,0,0,0,2.187492701258847,0.0035337355343060804,46,0.0,0.0,0.0
415800,3,2401,3,0,0,0,2.187492701258847,0.0035337355343060804,46,0.0,0.0,0.0
415900,2,2446,2,0,0,0,2.3605205173292267,0.005058854436192796,46,0.0,0.0,0.0
416000,2,2488,2,0,0,0,2.385520517329226,0.005058854436192796,46,0.0,0.0,0.0
416100,2,2498,2,0,0,0,2.385520517329226,0.005058854436192796,46,0.0,0.0,0.0
416200,2,2500,2,0,0,0,2.4105205173292266,0.005058854436192796,46,0.0,0.0,0.0
416300,2,2500,2,0,0,0,2.4105205173292266,0.005058854436192796,46,0.0,0.0,0.0
416400,2,2500,2,0,0,0,2.435520517329226,0.005058854436192796,46,0.0,0.0,0.0
416500,2,2500,2,0,0,0,2.435520517329226,0.005058854436192796,46,0.0,0.0,0.0
416600,2,2500,2,0,0,0,2.4605205173292264,0.005058854436192796,46,0.0,0.0,0.0
416700,2,2500,2,0,0,0,2.4605205173292264,0.005058854436192796,46,0.0,0.0,0.0
416800,164,240,0,0,0,164,1.091517824038684,0.006499577213998758,47,319.0,33.0,2990.268462620016
416900,134,110,0,0,0,134,1.0915531837268404,0.006683009720486136,47,244.0,26.0,2329.474465989109
417000,103,76,0,0,0,103,1.090813206818203,0.006666138578581578,47,231.0,24.0,2205.837812002237
417100,81,85,32,4,45,0,1.0957142588482631,0.006846541455780021,47,115.0,11.0,1111.7059832229124
417200,68,97,26,5,37,0,1.0962827168478986,0.006541536881724042,47,72.0,6.0,695.7509881540324
417300,51,112,21,4,26,0,1.099149168289111,0.005538709271779607,47,64.0,12.0,543.4463663480892
417400,43,130,18,4,21,0,1.090021594791806,0.0057936721662270405,47,34.0,4.0,297.6024931451089
417500,38,159,18,3,17,0,1.0977232087020474,0.00567659442152037,47,16.0,2.0,147.58251562749146
417600,37,185,20,2,15,0,1.0990718419479355,0.00558154207135826,47,18.0,0.0,199.23158035673242
417700,32,204,17,2,13,0,1.1012381076233269,0.005015557189653772,47,12.0,1.0,111.51496534020058
417800,30,227,17,2,11,0,1.1100755662713604,0.004917804196743859,47,18.0,0.0,195.84048875414442
417900,30,245,18,2,10,0,1.1134088996046938,0.004917804196743859,47,15.0,0.0,153.50455774023203
418000,28,266,18,2,8,0,1.1189279932055447,0.00460233376601694,47,9.0,1.0,84.80316359166856
418100,27,302,19,1,7,0,1.1256794625715778,0.0043283465879013616,47,10.0,0.0,107.95012613951613
418200,25,334,20,1,4,0,1.131926325573201,0.004259827218641824,47,5.0,0.0,51.01339649635349
418300,25,360,21,1,3,0,1.141926325573201,0.004259827218641824,47,5.0,0.0,55.28282652908318
418400,24,382,21,1,2,0,1.1483812185154796,0.004093080602369984,47,6.0,1.0,70.42376194108196
418500,21,404,20,1,0,0,1.1694149578514101,0.00458165039759046,47,12.0,3.0,91.621182227274
418600,21,440,20,1,0,0,1.181319719756172,0.00458165039759046,47,7.0,0.0,83.09497768419112
418700,21,488,20,1,0,0,1.1860816245180767,0.00458165039759046,47,3.0,0.0,33.33559841640103
418800,20,491,19,1,0,0,1.1940284069265883,0.0048107329174699835,47,3.0,1.0,22.223732277600682
418900,20,502,19,1,0,0,1.2065284069265885,0.0048107329174699835,47,0.0,0.0,0.0
419000,20,515,19,0,1,0,1.2165284069265883,0.0048107329174699835,47,6.0,0.0,76.2914486552664
419100,19,540,18,0,1,0,1.2291090506958735,0.005063929386810509,47,9.0,1.0,87.79229735830641
419200,19,576,18,0,1,0,1.2422669454327158,0.005063929386810509,47,1.0,0.0,12.511369945936051
419300,19,615,18,0,1,0,1.2475301033274524,0.005063929386810509,47,6.0,0.0,79.81631487100225
419400,19,649,18,0,1,0,1.2475301033274524,0.005063929386810509,47,3.0,0.0,34.42439339138785
419500,19,676,18,0,1,0,1.2580564191169263,0.005063929386810509,47,2.0,0.0,26.506738384339748
419600,17,710,17,0,0,0,1.248725988791533,0.0051355715926041,47,1.0,0.0,13.776602678130534
419700,17,746,17,0,0,0,1.2546083417327096,0.0051355715926041,47,1.0,0.0,12.511369945936051
419800,17,780,17,0,0,0,1.2604906946738859,0.0051355715926041,47,0.0,0.0,0.0
419900,16,807,16,0,0,0,1.2626044629255953,0.00529536358521145,47,8.0,0.0,93.66090579039366
420000,15,832,15,0,0,0,1.2815387144021055,0.005391790517811418,47,2.0,0.0,28.533205356261067
420100,13,872,13,0,0,0,1.2744094641417796,0.0048965494849438915,47,6.0,0.0,79.0138582830147
420200,12,910,12,0,0,0,1.274293860508972,0.005021939518792766,47,0.0,0.0,0.0
420300,12,949,12,0,0,0,1.2826271938423053,0.005021939518792766,47,1.0,0.0,14.42474273270979
420400,11,983,11,0,0,0,1.3006965849448495,0.005478479475046654,47,5.0,0.0,72.4555736089697
420500,11,1020,11,0,0,0,1.3052420394903042,0.005478479475046654,47,2.0,0.0,24.84397199224671
420600,10,1042,10,0,0,0,1.322805048463469,0.005008478758835358,47,6.0,1.0,74.58929349981118
420700,9,1084,9,0,0,0,1.3479761671017059,0.004573332265130302,47,2.0,0.0,30.49320535626107
420800,9,1137,9,0,0,0,1.3535317226572614,0.004573332265130302,47,0.0,0.0,0.0
420900,9,1180,9,0,0,0,1.3757539448794835,0.004573332265130302,47,0.0,0.0,0.0
421000,9,1236,9,0,0,0,1.3757539448794835,0.004573332265130302,47,0.0,0.0,0.0
421100,9,1291,9,0,0,0,1.3757539448794835,0.004573332265130302,47,0.0,0.0,0.0
421200,9,1354,9,0,0,0,1.3757539448794835,0.004573332265130302,47,0.0,0.0,0.0
421300,9,1407,9,0,0,0,1.3924206115461506,0.004573332265130302,47,0.0,0.0,0.0
421400,9,1461,9,0,0,0,1.4035317226572614,0.004573332265130302,47,0.0,0.0,0.0
421500,9,1524,9,0,0,0,1.409087278212817,0.004573332265130302,47,0.0,0.0,0.0
421600,9,1570,9,0,0,0,1.4146428337683727,0.004573332265130302,47,0.0,0.0,0.0
421700,9,1624,9,0,0,0,1.4257539448794838,0.004573332265130302,47,0.0,0.0,0.0
421800,8,1675,8,0,0,0,1.4392794890592744,0.004625179224322283,47,4.0,1.0,46.45540374266808
421900,8,1729,8,0,0,0,1.4517794890592746,0.004625179224322283,47,0.0,0.0,0.0
422000,8,1795,8,0,0,0,1.4580294890592744,0.004625179224322283,47,0.0,0.0,0.0
422100,8,1847,8,0,0,0,1.4705294890592744,0.004625179224322283,47,0.0,0.0,0.0
422200,8,1871,8,0,0,0,1.4830294890592743,0.004625179224322283,47,0.0,0.0,0.0
422300,8,1913,8,0,0,0,1.4955294890592743,0.004625179224322283,47,0.0,0.0,0.0
422400,8,1959,8,0,0,0,1.5017794890592744,0.004625179224322283,47,0.0,0.0,0.0
422500,8,2007,8,0,0,0,1.5267794890592745,0.004625179224322283,47,0.0,0.0,0.0
422600,8,2067,8,0,0,0,1.5392794890592745,0.004625179224322283,47,0.0,0.0,0.0
422700,8,2104,8,0,0,0,1.5392794890592745,0.004625179224322283,47,0.0,0.0,0.0
422800,8,2163,8,0,0,0,1.5517794890592747,0.004625179224322283,47,0.0,0.0,0.0
422900,7,2209,7,0,0,0,1.5923220465167156,0.003727219926497077,47,0.0,0.0,0.0
423000,6,2267,6,0,0,0,1.6231035393617017,0.004348423247579923,47,0.0,0.0,0.0
423100,6,2321,6,0,0,0,1.6481035393617018,0.004348423247579923,47,0.0,0.0,0.0
423200,6,2383,6,0,0,0,1.6481035393617018,0.004348423247579923,47,0.0,0.0,0.0
423300,6,2430,6,0,0,0,1.6481035393617018,0.004348423247579923,47,0.0,0.0,0.0
423400,6,2479,6,0,0,0,1.6647702060283684,0.004348423247579923,47,0.0,0.0,0.0
423500,6,2500,6,0,0,0,1.6647702060283684,0.004348423247579923,47,0.0,0.0,0.0
423600,6,2500,6,0,0,0,1.6897702060283686,0.004348423247579923,47,0.0,0.0,0.0
423700,5,2500,5,0,0,0,1.7133417424848627,0.005218107897095908,47,5.0,1.0,72.74641071252215
423800,4,2500,4,0,0,0,1.7989378803953087,0.00618490769271219,47,0.0,0.0,0.0
423900,4,2500,4,0,0,0,1.8364378803953088,0.00618490769271219,47,0.0,0.0,0.0
424000,4,2500,4,0,0,0,1.8614378803953087,0.00618490769271219,47,0.0,0.0,0.0
424100,3,2498,3,0,0,0,1.8966585793661757,0.006103445628280589,47,0.0,0.0,0.0
424200,2,2500,2,0,0,0,1.954929982269194,0.008780817754676342,47,0.0,0.0,0.0
424300,2,2500,2,0,0,0,2.0049299822691937,0.008780817754676342,47,0.0,0.0,0.0
424400,2,2500,2,0,0,0,2.0549299822691935,0.008780817754676342,47,0.0,0.0,0.0
424500,2,2500,2,0,0,0,2.079929982269194,0.008780817754676342,47,0.0,0.0,0.0
424600,2,2500,2,0,0,0,2.1049299822691934,0.008780817754676342,47,0.0,0.0,0.0
424700,2,2500,2,0,0,0,2.1299299822691937,0.008780817754676342,47,0.0,0.0,0.0
424800,2,2500,2,0,0,0,2.154929982269193,0.008780817754676342,47,0.0,0.0,0.0
424900,2,2500,2,0,0,0,2.2299299822691934,0.008780817754676342,47,0.0,0.0,0.0
425000,2,2500,2,0,0,0,2.254929982269193,0.008780817754676342,47,0.0,0.0,0.0
425100,2,2499,2,0,0,0,2.254929982269193,0.008780817754676342,47,0.0,0.0,0.0
425200,170,235,0,0,0,170,1.0797096578856906,0.00799640398250953,48,283.0,27.0,2660.7083883946966
425300,126,110,0,0,0,126,1.0687871737103085,0.007760411534080602,48,288.0,28.0,2741.409498512622
425400,102,67,0,0,0,102,1.0701884368023165,0.007675775746889922,48,152.0,19.0,1379.2585264476375
425500,78,62,31,5,42,0,1.0685101892144748,0.00755301219433149,48,98.0,13.0,894.8328218274453
425600,62,78,24,3,35,0,1.0661054107180037,0.007180887298404361,48,62.0,8.0,583.6074964695434
425700,50,96,24,3,23,0,1.0755095311847322,0.006867848002493756,48,29.0,5.0,251.59729658691754
425800,43,123,21,2,20,0,1.0783035583677274,0.006237488874962812,48,54.0,4.0,556.2756630777063
425900,38,138,20,1,17,0,1.0772581221383506,0.006012556704944469,48,30.0,2.0,290.55050792009206
426000,33,171,18,0,15,0,1.0903901879895914,0.005167020041442795,48,13.0,2.0,114.33969952025447
426100,31,206,18,0,13,0,1.0927731370020592,0.004659418917312039,48,11.0,0.0,122.72453541015138
426200,29,248,19,0,10,0,1.1009156293312208,0.0043484142025113975,48,11.0,2.0,97.8764887799248
426300,25,282,18,0,7,0,1.1234493189365684,0.004348648041185627,48,11.0,3.0,88.29236681257042
426400,23,303,19,0,4,0,1.1212900016566167,0.00435201777380847,48,7.0,0.0,78.8004337861736
426500,22,342,18,0,4,0,1.1290051369471965,0.004549836763527037,48,1.0,0.0,10.944448675054824
426600,20,356,15,0,5,0,1.1159606789695646,0.0044789229660270715,48,16.0,2.0,150.80015295875037
426700,20,366,17,0,3,0,1.1309606789695645,0.0044789229660270715,48,0.0,0.0,0.0
426800,20,385,18,0,2,0,1.1384606789695644,0.0044789229660270715,48,1.0,0.0,8.885636222367925
426900,19,398,18,0,1,0,1.1474964790707833,0.0039391620335437446,48,0.0,0.0,0.0
427000,18,431,17,0,1,0,1.1636519738129927,0.003855193065217702,48,0.0,0.0,0.0
427100,18,463,17,0,1,0,1.1692075293685482,0.003855193065217702,48,4.0,0.0,43.853065797523115
427200,18,490,17,0,1,0,1.1914297515907704,0.003855193065217702,48,0.0,0.0,0.0
427300,17,504,16,0,1,0,1.197187897048663,0.003899481192598622,48,0.0,0.0,0.0
427400,17,521,16,0,1,0,1.2001290735192514,0.003899481192598622,48,5.0,0.0,58.10841306776339
427500,17,559,16,0,1,0,1.2148349558721925,0.003899481192598622,48,2.0,0.0,24.526702627874386
427600,17,577,16,0,1,0,1.2207173088133687,0.003899481192598622,48,4.0,0.0,40.61272633929745
427700,17,593,17,0,0,0,1.2295408382251336,0.003899481192598622,48,0.0,0.0,0.0
427800,17,623,17,0,0,0,1.2383643676368985,0.003899481192598622,48,8.0,0.0,108.31267148616801
427900,16,661,16,0,0,0,1.2288689323780582,0.004143198767136036,48,1.0,1.0,0.0
428000,16,700,16,0,0,0,1.238243932378058,0.004143198767136036,48,0.0,0.0,0.0
428100,16,742,16,0,0,0,1.2476189323780584,0.004143198767136036,48,6.0,0.0,85.24594121909409
428200,16,791,16,0,0,0,1.2476189323780584,0.004143198767136036,48,2.0,0.0,19.88353363470227
428300,15,820,15,0,0,0,1.2522856326634115,0.0035450162238255508,48,0.0,0.0,0.0
428400,15,864,15,0,0,0,1.2656189659967447,0.0035450162238255508,48,5.0,0.0,66.83870101484294
428500,14,895,14,0,0,0,1.290127815312503,0.002728224625521813,48,6.0,0.0,81.99177281846943
428600,14,943,14,0,0,0,1.3008421010267885,0.002728224625521813,48,0.0,0.0,0.0
428700,14,981,14,0,0,0,1.3115563867410742,0.002728224625521813,48,3.0,0.0,41.67032968658404
428800,14,1006,14,0,0,0,1.315127815312503,0.002728224625521813,48,20.0,0.0,271.9663519357162
428900,14,1008,14,0,0,0,1.3294135295982177,0.002728224625521813,48,0.0,0.0,0.0
429000,14,1009,14,0,0,0,1.3472706724553605,0.002728224625521813,48,0.0,0.0,0.0
429100,13,1012,13,0,0,0,1.361525714523731,0.0029380880582542605,48,2.0,0.0,31.351625471196755
429200,13,1055,13,0,0,0,1.3653718683698846,0.0029380880582542605,48,4.0,0.0,49.074027121913424
429300,13,1085,13,0,0,0,1.3730641760621924,0.0029380880582542605,48,1.0,0.0,13.58168261355268
429400,13,1111,13,0,0,0,1.3846026376006542,0.0029380880582542605,48,2.0,0.0,30.538647073031367
429500,12,1145,12,0,0,0,1.3873726591529436,0.0031829287297754486,48,6.0,1.0,77.7500192495985
429600,12,1188,12,0,0,0,1.39153932581961,0.0031829287297754486,48,3.0,0.0,38.27552034143507
429700,11,1241,11,0,0,0,1.4193120884189407,0.0034011757179038347,48,0.0,0.0,0.0
429800,11,1280,11,0,0,0,1.4374939066007588,0.0034011757179038347,48,5.0,0.0,63.79253390239178
429900,11,1305,11,0,0,0,1.4420393611462134,0.0034011757179038347,48,0.0,0.0,0.0
430000,10,1358,10,0,0,0,1.4370438631202835,0.0037412932896942184,48,9.0,0.0,118.1192643566025
430100,10,1400,10,0,0,0,1.4470438631202835,0.0037412932896942184,48,0.0,0.0,0.0
430200,10,1435,10,0,0,0,1.4670438631202833,0.0037412932896942184,48,2.0,0.0,28.1144657821918
430300,10,1484,10,0,0,0,1.4670438631202833,0.0037412932896942184,48,8.0,0.0,108.37088340830914
430400,9,1514,8,0,1,0,1.4907846892542078,0.0031099224423439898,48,7.0,1.0,83.46242262367397
430500,9,1568,8,0,1,0,1.4963402448097634,0.0031099224423439898,48,0.0,0.0,0.0
430600,9,1604,8,0,1,0,1.5185624670319857,0.0031099224423439898,48,0.0,0.0,0.0
430700,9,1640,9,0,0,0,1.5296735781430968,0.0031099224423439898,48,0.0,0.0,0.0
430800,9,1683,9,0,0,0,1.5296735781430968,0.0031099224423439898,48,0.0,0.0,0.0
430900,9,1729,9,0,0,0,1.5407846892542079,0.0031099224423439898,48,0.0,0.0,0.0
431000,8,1770,8,0,0,0,1.5940745251896682,0.0034986627476369884,48,0.0,0.0,0.0
431100,8,1815,8,0,0,0,1.6065745251896684,0.0034986627476369884,48,0.0,0.0,0.0
431200,8,1857,8,0,0,0,1.6253245251896682,0.0034986627476369884,48,0.0,0.0,0.0
431300,8,1881,8,0,0,0,1.6378245251896684,0.0034986627476369884,48,0.0,0.0,0.0
431400,8,1916,8,0,0,0,1.6503245251896683,0.0034986627476369884,48,0.0,0.0,0.0
431500,8,1957,8,0,0,0,1.6628245251896683,0.0034986627476369884,48,0.0,0.0,0.0
431600,8,2000,8,0,0,0,1.6815745251896685,0.0034986627476369884,48,0.0,0.0,0.0
431700,8,2030,8,0,0,0,1.7003245251896684,0.0034986627476369884,48,0.0,0.0,0.0
431800,8,2079,8,0,0,0,1.7003245251896684,0.0034986627476369884,48,0.0,0.0,0.0
431900,8,2135,8,0,0,0,1.7128245251896685,0.0034986627476369884,48,0.0,0.0,0.0
432000,8,2192,8,0,0,0,1.7190745251896686,0.0034986627476369884,48,0.0,0.0,0.0
432100,8,2239,8,0,0,0,1.7315745251896684,0.0034986627476369884,48,0.0,0.0,0.0
432200,8,2284,8,0,0,0,1.7378245251896685,0.0034986627476369884,48,1.0,0.0,17.022084159011456
432300,7,2316,7,0,0,0,1.7522355483361305,0.0036836245241617526,48,6.0,1.0,77.22881461322217
432400,7,2351,7,0,0,0,1.7665212626218445,0.0036836245241617526,48,0.0,0.0,0.0
432500,7,2409,7,0,0,0,1.7736641197647016,0.0036836245241617526,48,0.0,0.0,0.0
432600,7,2459,7,0,0,0,1.787949834050416,0.0036836245241617526,48,0.0,0.0,0.0
432700,4,2500,4,0,0,0,1.956622501385354,0.0033509357100392333,48,0.0,0.0,0.0
432800,3,2500,3,0,0,0,1.9256390924730438,0.004467914280052311,48,0.0,0.0,0.0
432900,3,2498,3,0,0,0,1.958972425806377,0.004467914280052311,48,0.0,0.0,0.0
433000,3,2500,3,0,0,0,1.9923057591397104,0.004467914280052311,48,0.0,0.0,0.0
433100,3,2500,3,0,0,0,2.0089724258063772,0.004467914280052311,48,0.0,0.0,0.0
433200,3,2500,3,0,0,0,2.025639092473044,0.004467914280052311,48,0.0,0.0,0.0
433300,3,2500,3,0,0,0,2.0423057591397105,0.004467914280052311,48,0.0,0.0,0.0
433400,3,2500,3,0,0,0,2.0423057591397105,0.004467914280052311,48,0.0,0.0,0.0
433500,3,2500,3,0,0,0,2.0423057591397105,0.004467914280052311,48,0.0,0.0,0.0
433600,173,274,0,0,0,173,1.0981114054740282,0.0038183270244005704,49,260.0,22.0,2592.101220089497
433700,129,96,0,0,0,129,1.0944525664093931,0.0036761722790411826,49,293.0,33.0,2800.8682535357902
433800,96,68,0,0,0,96,1.0915574901751501,0.0038886465521227633,49,138.0,15.0,1325.1816935119723
433900,74,76,30,5,39,0,1.0964703506378832,0.003374041474303671,49,91.0,13.0,845.3564022661022
434000,60,107,26,2,32,0,1.0961018570882894,0.0037766106172592005,49,63.0,6.0,608.9786669520524
434100,50,122,21,1,28,0,1.094995384423217,0.004445497157471193,49,40.0,3.0,409.4316357757804
434200,43,136,20,1,22,0,1.08273995716112,0.00417515455377633,49,20.0,1.0,196.35249391361788
434300,42,139,20,1,21,0,1.0853284340483536,0.004274562995532909,49,7.0,0.0,71.58302090238962
434400,34,178,17,1,16,0,1.0872134141890761,0.004275505810309618,49,24.0,4.0,219.32418611191363
434500,32,196,16,1,15,0,1.098040541747912,0.0043532675396414176,49,7.0,1.0,62.34036870087308
434600,29,239,15,0,14,0,1.0999634657942576,0.0045826543580384325,49,10.0,1.0,91.35890353795106
434700,28,264,14,0,14,0,1.1014672165241326,0.004308091655150027,49,2.0,0.0,22.53965421639345
434800,27,281,13,0,14,0,1.1107086239666482,0.004184400027460954,49,6.0,1.0,56.66423484301963
434900,25,294,13,0,12,0,1.1292335094391277,0.0037280182937423985,49,13.0,0.0,140.083798275279
435000,25,314,13,0,12,0,1.1352335094391277,0.0037280182937423985,49,2.0,0.0,21.664794808613408
435100,22,318,14,0,8,0,1.1293774664018599,0.0032411115579368058,49,6.0,0.0,69.47673422418899
435200,21,339,13,0,8,0,1.1352195005379788,0.0033374159661427242,49,7.0,1.0,75.01544899016346
435300,21,329,15,0,6,0,1.1471242624427407,0.0033374159661427242,49,1.0,0.0,11.271749328144029
435400,21,348,15,0,6,0,1.1637909291094073,0.0033374159661427242,49,0.0,0.0,0.0
435500,21,344,15,0,6,0,1.1733147386332168,0.0033374159661427242,49,13.0,0.0,146.63420349530935
435600,20,352,15,0,5,0,1.1726531213792408,0.003491889389251543,49,7.0,1.0,72.08288124797353
435700,20,374,15,0,5,0,1.1751531213792412,0.003491889389251543,49,0.0,0.0,0.0
435800,20,402,17,0,3,0,1.180153121379241,0.003491889389251543,49,0.0,0.0,0.0
435900,20,429,17,0,3,0,1.190153121379241,0.003491889389251543,49,0.0,0.0,0.0
436000,20,463,16,0,4,0,1.1926531213792413,0.003491889389251543,49,11.0,0.0,129.54214419431355
436100,20,474,16,0,4,0,1.207653121379241,0.003491889389251543,49,0.0,0.0,0.0
436200,20,471,18,0,2,0,1.2201531213792411,0.003491889389251543,49,6.0,0.0,73.7911612652455
436300,20,482,18,0,2,0,1.227653121379241,0.003491889389251543,49,3.0,0.0,39.52199155700352
436400,19,504,18,0,1,0,1.234362311826999,0.0036756730413174134,49,7.0,1.0,79.04398311400705
436500,19,498,18,0,1,0,1.2448886276164728,0.0036756730413174134,49,6.0,0.0,77.3164102599882
436600,18,501,18,0,0,0,1.2526572759932333,0.0035470382981002083,49,5.0,0.0,56.61934390569214
436700,17,516,17,0,0,0,1.2592752499682818,0.003598385716427637,49,6.0,1.0,55.5823213315019
436800,17,507,17,0,0,0,1.273981132321223,0.003598385716427637,49,0.0,0.0,0.0
436900,17,541,17,0,0,0,1.2769223087918111,0.003598385716427637,49,4.0,0.0,54.65598874267136
437000,16,576,16,0,0,0,1.278962113896989,0.0038232848237043635,49,8.0,1.0,102.11591308428198
437100,16,604,16,0,0,0,1.2883371138969892,0.0038232848237043635,49,0.0,0.0,0.0
437200,16,637,16,0,0,0,1.3008371138969892,0.0038232848237043635,49,0.0,0.0,0.0
437300,16,651,16,0,0,0,1.3133371138969892,0.0038232848237043635,49,0.0,0.0,0.0
437400,16,657,16,0,0,0,1.3195871138969892,0.0038232848237043635,49,0.0,0.0,0.0
437500,15,683,15,0,0,0,1.3393942603955284,0.003918400508352683,49,2.0,0.0,28.251159189299955
437600,15,711,15,0,0,0,1.3460609270621948,0.003918400508352683,49,2.0,0.0,30.341103807493102
437700,15,740,15,0,0,0,1.3560609270621948,0.003918400508352683,49,8.0,0.0,100.61015464380498
437800,14,759,14,0,0,0,1.3573102674538906,0.004016230292538278,49,1.0,1.0,0.0
437900,14,786,14,0,0,0,1.364453124596748,0.004016230292538278,49,0.0,0.0,0.0
438000,14,794,14,0,0,0,1.371595981739605,0.004016230292538278,49,1.0,0.0,14.767345647971029
438100,12,819,12,0,0,0,1.4153268639072303,0.0038108444091401617,49,25.0,2.0,278.95470507324313
438200,11,834,11,0,0,0,1.42957489434755,0.0037102738144994363,49,5.0,1.0,59.069382591884114
438300,11,829,11,0,0,0,1.4477567125293678,0.0037102738144994363,49,0.0,0.0,0.0
438400,11,820,11,0,0,0,1.4795748943475495,0.0037102738144994363,49,0.0,0.0,0.0
438500,11,833,11,0,0,0,1.4841203488930041,0.0037102738144994363,49,1.0,0.0,17.403845047487525
438600,11,831,11,0,0,0,1.5068476216202769,0.0037102738144994363,49,0.0,0.0,0.0
438700,11,831,11,0,0,0,1.5250294398020954,0.0037102738144994363,49,3.0,0.0,42.69043338647585
438800,11,823,11,0,0,0,1.5341203488930042,0.0037102738144994363,49,0.0,0.0,0.0
438900,11,827,11,0,0,0,1.556847621620277,0.0037102738144994363,49,0.0,0.0,0.0
439000,11,825,11,0,0,0,1.5795748943475496,0.0037102738144994363,49,0.0,0.0,0.0
439100,11,835,11,0,0,0,1.5932112579839133,0.0037102738144994363,49,0.0,0.0,0.0
439200,11,864,11,0,0,0,1.606847621620277,0.0037102738144994363,49,2.0,0.0,28.112928532600765
439300,11,883,11,0,0,0,1.6204839852566406,0.0037102738144994363,49,0.0,0.0,0.0
439400,11,912,11,0,0,0,1.6295748943475497,0.0037102738144994363,49,0.0,0.0,0.0
439500,11,936,11,0,0,0,1.6432112579839133,0.0037102738144994363,49,0.0,0.0,0.0
439600,10,945,10,0,0,0,1.634942128195697,0.00408130119594938,49,0.0,0.0,0.0
439700,9,972,9,0,0,0,1.6372136801229438,0.003215093711410243,49,0.0,0.0,0.0
439800,9,996,9,0,0,0,1.6483247912340548,0.003215093711410243,49,0.0,0.0,0.0
439900,9,1032,9,0,0,0,1.6594359023451661,0.003215093711410243,49,0.0,0.0,0.0
440000,9,1073,9,0,0,0,1.6705470134562774,0.003215093711410243,49,0.0,0.0,0.0
440100,9,1104,9,0,0,0,1.6872136801229436,0.003215093711410243,49,0.0,0.0,0.0
440200,8,1146,8,0,0,0,1.67886329664671,0.0029802631327147415,49,0.0,0.0,0.0
440300,8,1177,8,0,0,0,1.69136329664671,0.0029802631327147415,49,0.0,0.0,0.0
440400,8,1222,8,0,0,0,1.70386329664671,0.0029802631327147415,49,2.0,0.0,34.89027780762932
440500,8,1278,8,0,0,0,1.71011329664671,0.0029802631327147415,49,0.0,0.0,0.0
440600,7,1326,7,0,0,0,1.7745099144457546,0.0034060150088168475,49,0.0,0.0,0.0
440700,6,1367,6,0,0,0,1.7691162327042127,0.003890960337673247,49,0.0,0.0,0.0
440800,6,1418,6,0,0,0,1.7691162327042127,0.003890960337673247,49,0.0,0.0,0.0
440900,5,1470,5,0,0,0,1.8260728615654558,0.004009439288670253,49,0.0,0.0,0.0
441000,5,1518,5,0,0,0,1.8260728615654558,0.004009439288670253,49,0.0,0.0,0.0
441100,5,1569,5,0,0,0,1.8360728615654558,0.004009439288670253,49,0.0,0.0,0.0
441200,5,1621,5,0,0,0,1.846072861565456,0.004009439288670253,49,0.0,0.0,0.0
441300,5,1687,5,0,0,0,1.8660728615654556,0.004009439288670253,49,0.0,0.0,0.0
441400,3,1741,3,0,0,0,1.7688164888310152,0.004514157453532618,49,0.0,0.0,0.0
441500,3,1808,3,0,0,0,1.7854831554976818,0.004514157453532618,49,0.0,0.0,0.0
441600,3,1869,3,0,0,0,1.8188164888310154,0.004514157453532618,49,0.0,0.0,0.0
441700,3,1918,3,0,0,0,1.8354831554976816,0.004514157453532618,49,0.0,0.0,0.0
441800,2,1980,2,0,0,0,1.936578338834501,0.0047544719338573896,49,0.0,0.0,0.0
441900,2,2055,2,0,0,0,1.936578338834501,0.0047544719338573896,49,0.0,0.0,0.0
442000,162,235,0,0,0,162,0.9782365922169689,0.004590237005839164,50,370.0,33.0,3239.0027592415377
442100,120,112,0,0,0,120,0.9822706024226915,0.004753329432599346,50,208.0,30.0,1700.6993041276078
442200,105,71,0,0,0,105,0.9911561873441249,0.004770441107600054,50,126.0,8.0,1174.2584081031684
442300,85,79,35,6,44,0,0.9975607767077967,0.004893643364593064,50,116.0,13.0,1000.9270701397845
442400,67,90,29,6,32,0,0.9981850185805309,0.004687426395044797,50,49.0,8.0,405.9331093092028
442500,60,103,25,5,30,0,0.9991053758179093,0.004697483009223619,50,26.0,2.0,213.41769625895066
442600,46,125,28,2,16,0,0.9945367134895584,0.004755311343151185,50,38.0,3.0,342.9177950318854
442700,42,156,25,2,15,0,0.9999084180770749,0.0046702584131949245,50,9.0,1.0,96.51522095183319
442800,37,160,22,2,13,0,1.0112354216993422,0.004518096219569346,50,28.0,5.0,233.14022084338484
442900,31,181,22,1,8,0,1.0190880333637642,0.0034731453665666117,50,5.0,0.0,58.25342436480386
443000,30,203,23,0,7,0,1.0334006452985003,0.0035281707818118307,50,0.0,0.0,0.0
443100,29,244,23,0,6,0,1.036687687767987,0.003304352312885182,50,0.0,0.0,0.0
443200,29,275,23,0,6,0,1.0401359636300558,0.003304352312885182,50,0.0,0.0,0.0
443300,29,276,23,0,6,0,1.0435842394921249,0.003304352312885182,50,0.0,0.0,0.0
443400,29,292,23,0,6,0,1.0487566532852284,0.003304352312885182,50,4.0,0.0,55.70972704118149
443500,27,302,20,0,7,0,1.0458546276598988,0.003545209826005926,50,12.0,2.0,131.22827082879581
443600,26,307,20,0,6,0,1.0557110707205601,0.0034389786994382357,50,14.0,1.0,130.49250762467685
443700,26,312,21,0,5,0,1.0634033784128676,0.0034389786994382357,50,2.0,0.0,17.069131931324694
443800,26,321,21,0,5,0,1.0730187630282524,0.0034389786994382357,50,5.0,0.0,55.034737697450105
443900,25,326,20,0,5,0,1.0661634575753176,0.003454545534442321,50,13.0,1.0,131.2368813438594
444000,25,329,20,0,5,0,1.0801634575753178,0.003454545534442321,50,0.0,0.0,0.0
444100,25,342,20,0,5,0,1.0821634575753176,0.003454545534442321,50,11.0,0.0,108.30686650019882
444200,25,359,21,0,4,0,1.0861634575753178,0.003454545534442321,50,11.0,0.0,121.5524883956405
444300,24,377,21,0,3,0,1.095587382803809,0.0034005787385618796,50,11.0,1.0,108.83629999555713
444400,23,392,20,0,3,0,1.1138662971228919,0.00354842998806457,50,3.0,1.0,20.867425660911053
444500,21,409,18,0,3,0,1.1447145570828625,0.0034142708833760213,50,4.0,1.0,38.4292718303553
444600,21,434,18,0,3,0,1.1518574142257196,0.0034142708833760213,50,4.0,0.0,48.081191430662145
444700,21,458,19,0,2,0,1.1613812237495291,0.0034142708833760213,50,4.0,0.0,50.61180381463249
444800,20,478,18,0,2,0,1.180608731764026,0.0031798146806389207,50,0.0,0.0,0.0
444900,19,492,17,0,2,0,1.187338907264173,0.003165440619314373,50,9.0,1.0,92.81906544940489
445000,19,529,17,0,2,0,1.200496802001015,0.003165440619314373,50,0.0,0.0,0.0
445100,19,553,17,0,2,0,1.2031283809483835,0.003165440619314373,50,3.0,0.0,38.29204653784738
445200,18,556,16,0,2,0,1.2077781919263553,0.0030066865152809635,50,17.0,1.0,208.56988244607135
445300,18,560,16,0,2,0,1.221667080815244,0.0030066865152809635,50,0.0,0.0,0.0
445400,18,576,16,0,2,0,1.2300004141485774,0.0030066865152809635,50,1.0,0.0,17.736780134369763
445500,17,599,15,0,2,0,1.2348393044938557,0.0028169512734200273,50,5.0,0.0,64.07322918364395
445600,16,635,14,0,2,0,1.2113995407800167,0.002993010728008779,50,17.0,0.0,211.26077622211187
445700,16,662,14,0,2,0,1.2238995407800166,0.002993010728008779,50,0.0,0.0,0.0
445800,15,695,14,0,1,0,1.221684970867493,0.0031925447765426976,50,3.0,0.0,37.90460995179546
445900,15,716,14,0,1,0,1.2350183042008267,0.0031925447765426976,50,1.0,0.0,12.63486998393182
446000,15,748,15,0,0,0,1.2383516375341597,0.0031925447765426976,50,6.0,0.0,74.61952065394487
446100,14,783,14,0,0,0,1.2408127263520978,0.00342058368915289,50,8.0,1.0,95.56772388994032
446200,13,816,13,0,0,0,1.2409312093530298,0.0036837055113954206,50,11.0,1.0,132.45467184139042
446300,13,854,13,0,0,0,1.2486235170453375,0.0036837055113954206,50,0.0,0.0,0.0
446400,13,882,13,0,0,0,1.2563158247376454,0.0036837055113954206,50,0.0,0.0,0.0
446500,13,908,13,0,0,0,1.2717004401222605,0.0036837055113954206,50,1.0,0.0,14.14253198427719
446600,13,947,13,0,0,0,1.2832389016607222,0.0036837055113954206,50,2.0,0.0,22.44816175019227
446700,12,968,12,0,0,0,1.2957132261399875,0.003664706442727332,50,0.0,0.0,0.0
446800,12,995,12,0,0,0,1.3040465594733208,0.003664706442727332,50,0.0,0.0,0.0
446900,12,1028,12,0,0,0,1.3123798928066541,0.003664706442727332,50,0.0,0.0,0.0
447000,12,1052,12,0,0,0,1.3290465594733207,0.003664706442727332,50,0.0,0.0,0.0
447100,12,1093,12,0,0,0,1.3332132261399876,0.003664706442727332,50,0.0,0.0,0.0
447200,12,1139,12,0,0,0,1.337379892806654,0.003664706442727332,50,4.0,0.0,62.17910745545714
447300,12,1187,12,0,0,0,1.349879892806654,0.003664706442727332,50,0.0,0.0,0.0
447400,11,1233,11,0,0,0,1.3752879102494362,0.003384564890508415,50,5.0,0.0,73.16265992138595
447500,9,1277,9,0,0,0,1.392770614021679,0.004136690421732507,50,0.0,0.0,0.0
447600,9,1297,9,0,0,0,1.4094372806883455,0.004136690421732507,50,3.0,0.0,39.530693734469466
447700,9,1308,9,0,0,0,1.4261039473550121,0.004136690421732507,50,2.0,0.0,24.40816175019227
447800,8,1350,8,0,0,0,1.462269696682418,0.003482344948607665,50,0.0,0.0,0.0
447900,8,1390,8,0,0,0,1.4747696966824182,0.003482344948607665,50,3.0,0.0,43.42914484365052
448000,8,1410,8,0,0,0,1.487269696682418,0.003482344948607665,50,3.0,0.0,36.6122426252884
448100,8,1436,8,0,0,0,1.5060196966824182,0.003482344948607665,50,0.0,0.0,0.0
448200,8,1463,8,0,0,0,1.531019696682418,0.003482344948607665,50,0.0,0.0,0.0
448300,8,1479,8,0,0,0,1.543519696682418,0.003482344948607665,50,1.0,0.0,16.102531984277192
448400,8,1511,8,0,0,0,1.549769696682418,0.003482344948607665,50,14.0,0.0,177.71713225134593
448500,8,1527,8,0,0,0,1.574769696682418,0.003482344948607665,50,4.0,0.0,64.41012793710877
448600,7,1542,7,0,0,0,1.6546656578798278,0.0025816935884886505,50,2.0,0.0,32.205063968554384
448700,7,1567,7,0,0,0,1.6832370864512565,0.0025816935884886505,50,0.0,0.0,0.0
448800,7,1584,7,0,0,0,1.697522800736971,0.0025816935884886505,50,0.0,0.0,0.0
448900,7,1616,7,0,0,0,1.711808515022685,0.0025816935884886505,50,0.0,0.0,0.0
449000,7,1649,7,0,0,0,1.7332370864512563,0.0025816935884886505,50,0.0,0.0,0.0
449100,6,1694,6,0,0,0,1.733526148293306,0.0021515402133901007,50,0.0,0.0,0.0
449200,6,1738,6,0,0,0,1.7585261482933061,0.0021515402133901007,50,0.0,0.0,0.0
449300,5,1768,5,0,0,0,1.8411685029500053,0.0025818482560681206,50,0.0,0.0,0.0
449400,5,1820,5,0,0,0,1.8511685029500051,0.0025818482560681206,50,0.0,0.0,0.0
449500,4,1859,4,0,0,0,1.8336690021493591,0.003227310320085151,50,0.0,0.0,0.0
449600,4,1898,4,0,0,0,1.8711690021493592,0.003227310320085151,50,0.0,0.0,0.0
449700,3,1954,3,0,0,0,1.9418848826196768,0.004303080426780201,50,0.0,0.0,0.0
449800,3,2012,3,0,0,0,1.9418848826196768,0.004303080426780201,50,0.0,0.0,0.0
449900,3,2074,3,0,0,0,1.9585515492863435,0.004303080426780201,50,0.0,0.0,0.0
450000,3,2124,3,0,0,0,1.9918848826196769,0.004303080426780201,50,0.0,0.0,0.0
450100,3,2185,3,0,0,0,2.0085515492863437,0.004303080426780201,50,0.0,0.0,0.0
450200,3,2222,3,0,0,0,2.0252182159530103,0.004303080426780201,50,0.0,0.0,0.0
450300,3,2265,3,0,0,0,2.0585515492863435,0.004303080426780201,50,0.0,0.0,0.0
450400,3,2312,3,0,0,0,2.0918848826196768,0.004303080426780201,50,0.0,0.0,0.0
450500,3,2359,3,0,0,0,2.12521821595301,0.004303080426780201,50,0.0,0.0,0.0
450600,3,2421,3,0,0,0,2.1418848826196766,0.004303080426780201,50,0.0,0.0,0.0
450700,2,2495,2,0,0,0,2.278890041567996,0.004689082944141089,50,0.0,0.0,0.0
450800,2,2500,2,0,0,0,2.3038900415679953,0.004689082944141089,50,0.0,0.0,0.0
450900,2,2500,2,0,0,0,2.3038900415679953,0.004689082944141089,50,0.0,0.0,0.0
451000,163,242,0,0,0,163,1.0065654493514118,0.00489226429822827,51,353.0,31.0,3207.425167826878
451100,116,128,0,0,0,116,1.0148938547821975,0.005067933591155023,51,282.0,32.0,2478.716215667851
451200,92,86,0,0,0,92,1.0134455585662199,0.0055479840451301094,51,166.0,17.0,1585.6920119127394
451300,68,94,22,3,43,0,1.0187482831301862,0.005677207089422784,51,136.0,16.0,1195.721426843848
451400,54,114,15,3,36,0,1.0303443169140938,0.005737970308530785,51,86.0,12.0,763.988661633344
451500,46,133,16,2,28,0,1.0209293860035773,0.005799852296602697,51,44.0,3.0,406.3961881008057
451600,37,157,16,2,19,0,1.0284401218376926,0.006135971594386505,51,11.0,3.0,85.60950849971921
451700,31,183,14,2,15,0,1.0213147200084653,0.005903729139543495,51,44.0,3.0,405.9536157721465
451800,30,206,14,2,14,0,1.025796953248025,0.005728497655456547,51,11.0,1.0,100.99246334245777
451900,25,237,12,0,13,0,1.0068476788054597,0.0059121561164500215,51,27.0,3.0,241.57293395976086
452000,24,250,14,0,10,0,1.0124376055729336,0.0058438802186351335,51,1.0,0.0,7.197888831367402
452100,23,276,13,0,10,0,1.0179962543223735,0.005943600910402684,51,14.0,1.0,132.66539263436306
452200,20,294,10,0,10,0,1.0459001916926263,0.006416348412462804,51,40.0,3.0,377.0416280364262
452300,19,334,9,0,10,0,1.0488992719220955,0.006574213863947268,51,11.0,1.0,107.13884515511909
452400,16,362,7,0,9,0,1.0883648559798624,0.005932091945367081,51,25.0,3.0,233.8268359319703
452500,15,390,11,0,4,0,1.094502798653366,0.0063275647417248854,51,8.0,0.0,75.2614206694523
452600,14,418,9,0,5,0,1.0845379021082306,0.006302706254338693,51,13.0,1.0,127.88471233578419
452700,13,457,11,0,2,0,1.0914954431960906,0.005683498248146014,51,1.0,0.0,10.55645568997903
452800,13,491,12,0,1,0,1.0991877508883983,0.005683498248146014,51,6.0,0.0,64.16494445564824
452900,12,527,11,0,1,0,1.107663682672643,0.005139822546448077,51,0.0,0.0,0.0
453000,12,546,11,0,1,0,1.1159970160059762,0.005139822546448077,51,0.0,0.0,0.0
453100,12,575,11,0,1,0,1.1284970160059762,0.005139822546448077,51,0.0,0.0,0.0
453200,12,585,11,0,1,0,1.1368303493393095,0.005139822546448077,51,0.0,0.0,0.0
453300,12,614,11,0,1,0,1.1451636826726428,0.005139822546448077,51,0.0,0.0,0.0
453400,12,645,12,0,0,0,1.1618303493393094,0.005139822546448077,51,4.0,0.0,56.299507812612056
453500,12,689,12,0,0,0,1.178497016005976,0.005139822546448077,51,3.0,0.0,40.81668699425483
453600,12,726,12,0,0,0,1.1868303493393093,0.005139822546448077,51,0.0,0.0,0.0
453700,12,760,12,0,0,0,1.1868303493393093,0.005139822546448077,51,0.0,0.0,0.0
453800,12,781,12,0,0,0,1.1993303493393095,0.005139822546448077,51,2.0,0.0,24.951715364948132
453900,12,832,12,0,0,0,1.2076636826726428,0.005139822546448077,51,5.0,0.0,62.50742085109973
454000,10,877,10,0,0,0,1.235480773557574,0.005607469028516445,51,5.0,0.0,71.49099489451172
454100,10,925,10,0,0,0,1.235480773557574,0.005607469028516445,51,6.0,0.0,75.00890502131968
454200,10,948,10,0,0,0,1.255480773557574,0.005607469028516445,51,6.0,0.0,73.97971934827989
454300,10,978,10,0,0,0,1.2604807735575738,0.005607469028516445,51,0.0,0.0,0.0
454400,10,1024,10,0,0,0,1.265480773557574,0.005607469028516445,51,0.0,0.0,0.0
454500,10,1061,10,0,0,0,1.2804807735575738,0.005607469028516445,51,0.0,0.0,0.0
454600,10,1115,10,0,0,0,1.2854807735575737,0.005607469028516445,51,1.0,0.0,11.962298497180159
454700,9,1156,9,0,0,0,1.3169796989843832,0.004623802390190734,51,0.0,0.0,0.0
454800,9,1207,9,0,0,0,1.3280908100954942,0.004623802390190734,51,3.0,0.0,35.88689549154048
454900,9,1233,9,0,0,0,1.3392019212066055,0.004623802390190734,51,0.0,0.0,0.0
455000,9,1276,9,0,0,0,1.3503130323177166,0.004623802390190734,51,0.0,0.0,0.0
455100,8,1319,8,0,0,0,1.3573030980039478,0.004109085052142429,51,0.0,0.0,0.0
455200,8,1336,8,0,0,0,1.3760530980039478,0.004109085052142429,51,0.0,0.0,0.0
455300,8,1363,8,0,0,0,1.388553098003948,0.004109085052142429,51,0.0,0.0,0.0
455400,8,1409,8,0,0,0,1.4073030980039478,0.004109085052142429,51,0.0,0.0,0.0
455500,8,1456,8,0,0,0,1.4073030980039478,0.004109085052142429,51,1.0,0.0,14.951484170219947
455600,7,1515,7,0,0,0,1.3979111545340446,0.004696097202448491,51,0.0,0.0,0.0
455700,7,1559,7,0,0,0,1.4121968688197588,0.004696097202448491,51,0.0,0.0,0.0
455800,7,1600,7,0,0,0,1.4193397259626157,0.004696097202448491,51,0.0,0.0,0.0
455900,7,1624,7,0,0,0,1.4550540116769015,0.004696097202448491,51,0.0,0.0,0.0
456000,7,1661,7,0,0,0,1.4621968688197586,0.004696097202448491,51,0.0,0.0,0.0
456100,7,1690,7,0,0,0,1.48362544024833,0.004696097202448491,51,0.0,0.0,0.0
456200,7,1729,7,0,0,0,1.4979111545340442,0.004696097202448491,51,3.0,0.0,49.264452510659844
456300,7,1753,7,0,0,0,1.519339725962616,0.004696097202448491,51,0.0,0.0,0.0
456400,7,1793,7,0,0,0,1.5336254402483305,0.004696097202448491,51,0.0,0.0,0.0
456500,7,1801,7,0,0,0,1.562196868819759,0.004696097202448491,51,0.0,0.0,0.0
456600,7,1805,7,0,0,0,1.5907682973911874,0.004696097202448491,51,0.0,0.0,0.0
456700,7,1812,7,0,0,0,1.6193397259626159,0.004696097202448491,51,0.0,0.0,0.0
456800,7,1816,7,0,0,0,1.6336254402483301,0.004696097202448491,51,0.0,0.0,0.0
456900,7,1833,7,0,0,0,1.6693397259626157,0.004696097202448491,51,0.0,0.0,0.0
457000,7,1851,7,0,0,0,1.6836254402483297,0.004696097202448491,51,2.0,0.0,27.844596994360323
457100,7,1873,7,0,0,0,1.7050540116769015,0.004696097202448491,51,3.0,0.0,37.687649500426545
457200,7,1896,7,0,0,0,1.7264825831054726,0.004696097202448491,51,0.0,0.0,0.0
457300,7,1913,7,0,0,0,1.740768297391187,0.004696097202448491,51,0.0,0.0,0.0
457400,7,1947,7,0,0,0,1.7621968688197585,0.004696097202448491,51,0.0,0.0,0.0
457500,7,1980,7,0,0,0,1.7764825831054725,0.004696097202448491,51,0.0,0.0,0.0
457600,7,2005,7,0,0,0,1.8029590724574331,0.004696097202448491,51,2.0,0.0,28.82459699436032
457700,5,2042,5,0,0,0,1.8548514820669422,0.0054996015517824156,51,0.0,0.0,0.0
457800,5,2092,5,0,0,0,1.8548514820669422,0.0054996015517824156,51,0.0,0.0,0.0
457900,4,2134,4,0,0,0,1.9980911425460368,0.006874501939728019,51,1.0,0.0,15.517801817467861
458000,4,2174,4,0,0,0,1.9980911425460368,0.006874501939728019,51,0.0,0.0,0.0
458100,4,2213,4,0,0,0,2.0105911425460365,0.006874501939728019,51,0.0,0.0,0.0
458200,4,2265,4,0,0,0,2.0105911425460365,0.006874501939728019,51,0.0,0.0,0.0
458300,4,2295,4,0,0,0,2.0105911425460365,0.006874501939728019,51,3.0,0.0,73.5
458400,3,2355,3,0,0,0,2.119638468378802,0.008391924306713787,51,1.0,1.0,0.0
458500,3,2412,3,0,0,0,2.1363051350454687,0.008391924306713787,51,0.0,0.0,0.0
458600,3,2459,3,0,0,0,2.1363051350454687,0.008391924306713787,51,0.0,0.0,0.0
458700,3,2500,3,0,0,0,2.1363051350454687,0.008391924306713787,51,0.0,0.0,0.0
458800,3,2499,3,0,0,0,2.1529718017121353,0.008391924306713787,51,0.0,0.0,0.0
458900,2,2500,2,0,0,0,1.9794577025682032,0.009495172939509161,51,0.0,0.0,0.0
459000,2,2500,2,0,0,0,2.004457702568203,0.009495172939509161,51,0.0,0.0,0.0
459100,2,2500,2,0,0,0,2.004457702568203,0.009495172939509161,51,0.0,0.0,0.0
459200,2,2499,2,0,0,0,2.029457702568203,0.009495172939509161,51,0.0,0.0,0.0
459300,2,2500,2,0,0,0,2.029457702568203,0.009495172939509161,51,0.0,0.0,0.0
459400,2,2500,2,0,0,0,2.054457702568203,0.009495172939509161,51,0.0,0.0,0.0
459500,2,2500,2,0,0,0,2.054457702568203,0.009495172939509161,51,0.0,0.0,0.0
459600,2,2500,2,0,0,0,2.054457702568203,0.009495172939509161,51,0.0,0.0,0.0
459700,2,2500,2,0,0,0,2.0794577025682033,0.009495172939509161,51,0.0,0.0,0.0
459800,2,2500,2,0,0,0,2.0794577025682033,0.009495172939509161,51,0.0,0.0,0.0
459900,2,2500,2,0,0,0,2.104457702568203,0.009495172939509161,51,0.0,0.0,0.0
460000,173,216,0,0,0,173,0.9991426554606038,0.00632977192458371,52,305.0,25.0,2754.894463880709
460100,115,128,0,0,0,115,1.0032757460985031,0.006246794415727366,52,366.0,37.0,3207.224767275803
460200,78,110,0,0,0,78,1.0016420987843093,0.005979309939007155,52,207.0,26.0,1708.0661458356087
460300,64,103,19,4,41,0,1.0066217162349331,0.00623400830389608,52,106.0,12.0,888.0863451184542
460400,50,120,18,0,32,0,1.0160634378791382,0.006312645373395237,52,45.0,8.0,369.83362432917465
460500,41,138,15,0,26,0,1.02465105013789,0.0059488600076166315,52,24.0,2.0,201.10332065896105
460600,33,167,11,1,21,0,1.0250091325631248,0.006145723294198702,52,45.0,5.0,389.15644718326985
460700,30,197,10,0,20,0,1.0347858697987453,0.005621332128145544,52,15.0,2.0,121.76625469517884
460800,27,209,11,0,16,0,1.0452131293539688,0.005535851871310605,52,21.0,1.0,213.2456525522074
460900,24,238,12,0,12,0,1.0481780917406713,0.0051341205968686195,52,28.0,3.0,268.62811416962074
461000,22,266,10,0,12,0,1.0574353537524326,0.005144839074416036,52,30.0,2.0,304.8271695353361
461100,19,292,9,0,10,0,1.0742656256261114,0.005198453018908979,52,13.0,3.0,102.97534522013852
461200,18,320,11,0,7,0,1.0759640552453513,0.004972665369623113,52,0.0,0.0,0.0
461300,18,331,11,0,7,0,1.0815196108009069,0.004972665369623113,52,7.0,0.0,66.58807272947364
461400,15,360,7,0,8,0,1.0939423977494258,0.005399743166933934,52,33.0,2.0,299.3706309597664
461500,15,399,8,0,7,0,1.1039423977494256,0.005399743166933934,52,20.0,0.0,195.7730513278334
461600,15,434,8,0,7,0,1.1039423977494256,0.005399743166933934,52,6.0,0.0,61.46162492273226
461700,14,462,8,0,6,0,1.1340172891356866,0.005102534026908966,52,0.0,0.0,0.0
461800,14,513,8,0,6,0,1.1411601462785437,0.005102534026908966,52,0.0,0.0,0.0
461900,14,552,8,0,6,0,1.1483030034214006,0.005102534026908966,52,1.0,0.0,11.929099258259242
462000,13,598,8,0,5,0,1.1549702279166778,0.005495036644363502,52,3.0,0.0,34.23544310970492
462100,12,633,7,0,5,0,1.1713092044506663,0.00527933057596902,52,3.0,1.0,27.480082406377633
462200,12,658,7,0,5,0,1.1796425377839994,0.00527933057596902,52,0.0,0.0,0.0
462300,12,687,7,0,5,0,1.2004758711173331,0.00527933057596902,52,5.0,0.0,68.94168777160772
462400,12,726,7,0,5,0,1.2046425377839995,0.00527933057596902,52,1.0,0.0,10.843158031183595
462500,12,744,7,0,5,0,1.2171425377839993,0.00527933057596902,52,0.0,0.0,0.0
462600,12,772,8,0,4,0,1.2254758711173328,0.00527933057596902,52,0.0,0.0,0.0
462700,12,818,8,0,4,0,1.2296425377839995,0.00527933057596902,52,0.0,0.0,0.0
462800,12,851,8,0,4,0,1.2421425377839994,0.00527933057596902,52,3.0,0.0,34.214589116387614
462900,11,868,8,0,3,0,1.2489504933686373,0.005091034834297616,52,12.0,1.0,132.55019771999505
463000,11,902,8,0,3,0,1.253495947914092,0.005091034834297616,52,0.0,0.0,0.0
463100,11,957,8,0,3,0,1.2671323115504556,0.005091034834297616,52,3.0,0.0,39.52836654262491
463200,11,976,8,0,3,0,1.2807686751868192,0.005091034834297616,52,3.0,0.0,42.78332791300737
463300,11,1024,8,0,3,0,1.2898595842777285,0.005091034834297616,52,0.0,0.0,0.0
463400,11,1075,8,0,3,0,1.294405038823183,0.005091034834297616,52,0.0,0.0,0.0
463500,10,1125,7,0,3,0,1.285288370602785,0.0056001383177273776,52,14.0,1.0,180.64352101135765
463600,9,1163,6,0,3,0,1.2406720767681918,0.005440319444975812,52,12.0,1.0,140.56019368724063
463700,9,1199,6,0,3,0,1.2517831878793029,0.005440319444975812,52,0.0,0.0,0.0
463800,9,1239,6,0,3,0,1.2573387434348584,0.005440319444975812,52,0.0,0.0,0.0
463900,9,1282,6,0,3,0,1.2684498545459695,0.005440319444975812,52,0.0,0.0,0.0
464000,9,1315,6,0,3,0,1.2906720767681918,0.005440319444975812,52,9.0,0.0,120.49930244253869
464100,9,1341,7,0,2,0,1.2962276323237476,0.005440319444975812,52,10.0,0.0,136.43271870246636
464200,9,1381,7,0,2,0,1.301783187879303,0.005440319444975812,52,0.0,0.0,0.0
464300,9,1420,7,0,2,0,1.3240054101015253,0.005440319444975812,52,4.0,0.0,62.83494094098866
464400,9,1454,7,0,2,0,1.3406720767681921,0.005440319444975812,52,0.0,0.0,0.0
464500,9,1505,7,0,2,0,1.3406720767681921,0.005440319444975812,52,0.0,0.0,0.0
464600,9,1547,7,0,2,0,1.3628942989904143,0.005440319444975812,52,1.0,0.0,15.136122180874969
464700,8,1593,7,0,1,0,1.4370297969456423,0.0035092949538320104,52,6.0,1.0,77.95599181457457
464800,7,1652,6,0,1,0,1.511511027312393,0.0024666024688645015,52,6.0,1.0,71.94611173164257
464900,7,1718,6,0,1,0,1.511511027312393,0.0024666024688645015,52,4.0,0.0,56.25549551064009
465000,7,1766,6,0,1,0,1.5186538844552502,0.0024666024688645015,52,0.0,0.0,0.0
465100,7,1822,6,0,1,0,1.5257967415981073,0.0024666024688645015,52,0.0,0.0,0.0
465200,7,1866,6,0,1,0,1.5400824558838215,0.0024666024688645015,52,2.0,0.0,31.85928021205857
465300,7,1911,6,0,1,0,1.5472253130266789,0.0024666024688645015,52,0.0,0.0,0.0
465400,7,1966,6,0,1,0,1.554368170169536,0.0024666024688645015,52,0.0,0.0,0.0
465500,6,2008,5,0,1,0,1.5485836205259458,0.002493625608941766,52,0.0,0.0,0.0
465600,6,2068,5,0,1,0,1.5652502871926124,0.002493625608941766,52,0.0,0.0,0.0
465700,6,2113,5,0,1,0,1.5652502871926124,0.002493625608941766,52,0.0,0.0,0.0
465800,6,2149,5,0,1,0,1.5902502871926123,0.002493625608941766,52,0.0,0.0,0.0
465900,6,2192,5,0,1,0,1.6069169538592794,0.002493625608941766,52,0.0,0.0,0.0
466000,6,2238,5,0,1,0,1.6235836205259455,0.002493625608941766,52,3.0,0.0,51.288366542624914
466100,6,2281,5,0,1,0,1.6235836205259455,0.002493625608941766,52,5.0,0.0,83.7586535418237
466200,6,2328,5,0,1,0,1.6569169538592792,0.002493625608941766,52,2.0,0.0,37.3663160623672
466300,6,2377,5,0,1,0,1.6569169538592792,0.002493625608941766,52,0.0,0.0,0.0
466400,6,2426,5,0,1,0,1.673583620525946,0.002493625608941766,52,0.0,0.0,0.0
466500,6,2474,5,0,1,0,1.6902502871926124,0.002493625608941766,52,0.0,0.0,0.0
466600,6,2497,5,0,1,0,1.7152502871926123,0.002493625608941766,52,1.0,0.0,14.684233467756327
466700,6,2500,5,0,1,0,1.7485836205259455,0.002493625608941766,52,3.0,0.0,61.92947409355079
466800,6,2500,5,0,1,0,1.7735836205259456,0.002493625608941766,52,0.0,0.0,0.0
466900,6,2499,5,0,1,0,1.7985836205259458,0.002493625608941766,52,0.0,0.0,0.0
467000,6,2497,5,0,1,0,1.8235836205259455,0.002493625608941766,52,0.0,0.0,0.0
467100,6,2498,5,0,1,0,1.831916953859279,0.002493625608941766,52,0.0,0.0,0.0
467200,6,2500,5,0,1,0,1.856916953859279,0.002493625608941766,52,0.0,0.0,0.0
467300,6,2500,5,0,1,0,1.881916953859279,0.002493625608941766,52,3.0,0.0,67.80947409355076
467400,6,2499,5,0,1,0,1.881916953859279,0.002493625608941766,52,0.0,0.0,0.0
467500,5,2500,4,0,1,0,1.9586221105952912,0.002992350730730119,52,0.0,0.0,0.0
467600,5,2499,5,0,0,0,1.9886221105952913,0.002992350730730119,52,0.0,0.0,0.0
467700,5,2500,5,0,0,0,1.9886221105952913,0.002992350730730119,52,0.0,0.0,0.0
467800,4,2500,4,0,0,0,1.8966664639792263,0.0027546835505135466,52,0.0,0.0,0.0
467900,3,2500,3,0,0,0,1.8362317311167857,0.0018170863582180664,52,0.0,0.0,0.0
468000,2,2500,2,0,0,0,2.1817147316859584,0.0027256295373270997,52,0.0,0.0,0.0
468100,155,280,0,0,0,155,1.0298099444428526,0.005381514242150016,53,378.0,42.0,3396.232664887639
468200,115,157,0,0,0,115,1.028482940169092,0.005140682438379072,53,262.0,25.0,2486.8948333191006
468300,88,123,0,0,0,88,1.0169574336944935,0.005335829993526651,53,147.0,19.0,1320.3671694555414
468400,70,118,24,6,40,0,1.0272734085997128,0.005109410271424729,53,94.0,9.0,851.9115731542901
468500,58,127,20,4,34,0,1.0235508623521652,0.005159053925980002,53,62.0,8.0,527.9367756545588
468600,47,147,13,4,30,0,1.022276582471793,0.005346091103176371,53,35.0,3.0,325.5764493912167
468700,39,179,9,4,26,0,1.0406123150425783,0.00449075505908782,53,48.0,3.0,417.0265613972323
468800,36,210,9,3,24,0,1.0434045761500736,0.004551559994442042,53,23.0,1.0,219.03655227904466
468900,32,246,9,3,20,0,1.0519259869377238,0.004676405899317171,53,18.0,3.0,164.99594194047884
469000,29,269,10,2,17,0,1.054225010192975,0.005008929763674057,53,6.0,1.0,52.90125407340799
469100,28,288,11,2,15,0,1.0616264826628632,0.005144557713158837,53,6.0,0.0,76.27367898627696
469200,25,318,14,0,11,0,1.0553400083910083,0.005006468615999896,53,8.0,1.0,78.5870195777171
469300,24,336,14,0,10,0,1.0694471649516497,0.005215071474999893,53,2.0,0.0,21.782709362277163
469400,23,364,15,0,8,0,1.0712228807075148,0.005441813713043365,53,8.0,1.0,76.7041206434038
469500,23,383,15,0,8,0,1.079918532881428,0.005441813713043365,53,12.0,0.0,126.24831192895317
469600,22,394,16,0,6,0,1.1012908703041453,0.005229353671344339,53,2.0,0.0,21.40018733593268
469700,22,398,18,0,4,0,1.108109052122327,0.005229353671344339,53,0.0,0.0,0.0
469800,22,419,18,0,4,0,1.1126545066677815,0.005229353671344339,53,0.0,0.0,0.0
469900,21,428,17,1,3,0,1.1230609240060774,0.005143559392852189,53,5.0,1.0,40.794777946440384
470000,20,439,18,0,2,0,1.1108623391215642,0.0052958963782013795,53,1.0,0.0,10.326748594893955
470100,20,460,19,0,1,0,1.118362339121564,0.0052958963782013795,53,0.0,0.0,0.0
470200,20,482,19,0,1,0,1.1233623391215641,0.0052958963782013795,53,10.0,0.0,112.91916924332942
470300,20,508,19,0,1,0,1.135862339121564,0.0052958963782013795,53,0.0,0.0,0.0
470400,20,519,19,0,1,0,1.155862339121564,0.0052958963782013795,53,0.0,0.0,0.0
470500,19,536,18,0,1,0,1.1671875616606686,0.00526820246838697,53,4.0,1.0,34.3978496619438
470600,19,555,18,0,1,0,1.1724507195554055,0.00526820246838697,53,0.0,0.0,0.0
470700,19,559,18,0,1,0,1.1803454563975107,0.00526820246838697,53,5.0,0.0,56.562879333148565
470800,18,594,17,0,1,0,1.1910068564433316,0.0052208624073544155,53,3.0,0.0,33.730610392816686
470900,17,624,17,0,0,0,1.1951840311481936,0.005267059109024461,53,10.0,1.0,109.37779522781807
471000,16,635,16,0,0,0,1.2141163036506062,0.005476776918326054,53,2.0,0.0,24.36420442049744
471100,15,649,15,0,0,0,1.2096380846241226,0.00584189537954779,53,0.0,0.0,0.0
471200,15,672,15,0,0,0,1.2129714179574558,0.00584189537954779,53,0.0,0.0,0.0
471300,15,699,15,0,0,0,1.2296380846241228,0.00584189537954779,53,5.0,0.0,58.27241728834445
471400,15,723,15,0,0,0,1.2363047512907894,0.00584189537954779,53,11.0,0.0,147.97793459608266
471500,15,746,15,0,0,0,1.2496380846241228,0.00584189537954779,53,1.0,0.0,13.868514925776793
471600,15,773,15,0,0,0,1.252971417957456,0.00584189537954779,53,0.0,0.0,0.0
471700,15,799,15,0,0,0,1.2596380846241226,0.00584189537954779,53,0.0,0.0,0.0
471800,15,836,15,0,0,0,1.2663047512907892,0.00584189537954779,53,0.0,0.0,0.0
471900,15,865,15,0,0,0,1.2863047512907893,0.00584189537954779,53,1.0,0.0,14.358514925776792
472000,14,879,14,0,0,0,1.3264480873115172,0.00458335008274368,53,4.0,1.0,37.05893537886203
472100,14,898,14,0,0,0,1.3300195158829458,0.00458335008274368,53,10.0,0.0,118.98526039872617
472200,14,916,14,0,0,0,1.351448087311517,0.00458335008274368,53,4.0,0.0,42.5369803550833
472300,14,916,13,0,1,0,1.3585909444543742,0.00458335008274368,53,5.0,0.0,53.17122544385413
472400,14,923,14,0,0,0,1.3728766587400887,0.00458335008274368,53,0.0,0.0,0.0
472500,13,947,13,0,0,0,1.3966596556555895,0.004529135796294165,53,4.0,0.0,61.354059703107175
472600,12,992,12,0,0,0,1.4267873728040072,0.004906563779318679,53,5.0,1.0,55.49819399861735
472700,11,1018,11,0,0,0,1.4283754985015686,0.004850955507350935,53,0.0,0.0,0.0
472800,11,1045,11,0,0,0,1.4465573166833867,0.004850955507350935,53,0.0,0.0,0.0
472900,10,1050,10,0,0,0,1.4348316421600427,0.004730237251361665,53,0.0,0.0,0.0
473000,10,1076,10,0,0,0,1.4398316421600428,0.004730237251361665,53,0.0,0.0,0.0
473100,10,1094,10,0,0,0,1.4498316421600428,0.004730237251361665,53,0.0,0.0,0.0
473200,9,1121,9,0,0,0,1.4908990519838343,0.005255819168179628,53,3.0,0.0,35.95107667303122
473300,8,1176,8,0,0,0,1.4769361189040713,0.00470389035192128,53,9.0,1.0,95.5664814241997
473400,8,1227,8,0,0,0,1.489436118904071,0.00470389035192128,53,0.0,0.0,0.0
473500,7,1268,7,0,0,0,1.4791741475329272,0.005025932522098135,53,16.0,1.0,214.16999570937597
473600,7,1323,7,0,0,0,1.486317004675784,0.005025932522098135,53,3.0,0.0,39.80024578468188
473700,7,1368,7,0,0,0,1.5006027189614985,0.005025932522098135,53,5.0,0.0,66.33374297446979
473800,7,1415,7,0,0,0,1.5148884332472128,0.005025932522098135,53,0.0,0.0,0.0
473900,7,1462,7,0,0,0,1.529174147532927,0.005025932522098135,53,0.0,0.0,0.0
474000,6,1497,6,0,0,0,1.582250096927094,0.0030767027076232683,53,0.0,0.0,0.0
474100,6,1533,6,0,0,0,1.5989167635937607,0.0030767027076232683,53,0.0,0.0,0.0
474200,6,1579,6,0,0,0,1.5989167635937607,0.0030767027076232683,53,0.0,0.0,0.0
474300,6,1632,6,0,0,0,1.6155834302604273,0.0030767027076232683,53,0.0,0.0,0.0
474400,6,1674,6,0,0,0,1.640583430260427,0.0030767027076232683,53,0.0,0.0,0.0
474500,6,1714,6,0,0,0,1.6572500969270936,0.0030767027076232683,53,0.0,0.0,0.0
474600,6,1758,6,0,0,0,1.6739167635937606,0.0030767027076232683,53,0.0,0.0,0.0
474700,6,1815,6,0,0,0,1.6739167635937606,0.0030767027076232683,53,0.0,0.0,0.0
474800,6,1864,6,0,0,0,1.6822500969270937,0.0030767027076232683,53,4.0,0.0,49.288656156274534
474900,5,1924,5,0,0,0,1.575669199459925,0.0030005007218064537,53,6.0,0.0,77.77747124991919
475000,3,1992,3,0,0,0,1.6570283888374167,0.002127860423211543,53,1.0,1.0,0.0
475100,3,2031,3,0,0,0,1.6903617221707499,0.002127860423211543,53,0.0,0.0,0.0
475200,3,2066,3,0,0,0,1.723695055504083,0.002127860423211543,53,0.0,0.0,0.0
475300,3,2116,3,0,0,0,1.7403617221707492,0.002127860423211543,53,0.0,0.0,0.0
475400,3,2168,3,0,0,0,1.7736950555040825,0.002127860423211543,53,0.0,0.0,0.0
475500,3,2224,3,0,0,0,1.7903617221707495,0.002127860423211543,53,0.0,0.0,0.0
475600,3,2285,3,0,0,0,1.8001451105209985,0.002127860423211543,53,0.0,0.0,0.0
475700,2,2349,2,0,0,0,1.9036818387279917,0.0,53,0.0,0.0,0.0
475800,2,2424,2,0,0,0,1.9036818387279917,0.0,53,0.0,0.0,0.0
475900,2,2486,2,0,0,0,1.9036818387279917,0.0,53,0.0,0.0,0.0
476000,2,2500,2,0,0,0,1.9036818387279917,0.0,53,0.0,0.0,0.0
476100,2,2500,2,0,0,0,1.9036818387279917,0.0,53,0.0,0.0,0.0
476200,2,2500,2,0,0,0,1.9036818387279917,0.0,53,0.0,0.0,0.0
476300,2,2500,2,0,0,0,1.9036818387279917,0.0,53,0.0,0.0,0.0
476400,153,368,0,0,0,153,1.0407539148967626,0.004582146560599225,54,323.0,39.0,2929.1568356810785
476500,109,244,0,0,0,109,1.0503632996423986,0.00461226868886652,54,255.0,32.0,2282.009567628708
476600,79,179,0,0,0,79,1.0645697356155277,0.004307922279537171,54,199.0,18.0,1860.2163568158987
476700,65,165,19,3,43,0,1.0656674910430546,0.003954955084490847,54,121.0,9.0,1173.4763000455928
476800,49,161,15,4,30,0,1.0523327360154535,0.003847746561995284,54,103.0,10.0,977.7080122706187
476900,40,171,10,2,28,0,1.0573970552470573,0.0038631315805575384,54,57.0,5.0,545.5989200330391
477000,31,201,8,1,22,0,1.0588287741752538,0.00371480212551364,54,48.0,5.0,437.84758015780335
477100,27,224,7,1,19,0,1.0691826857301425,0.0034443030431121216,54,25.0,1.0,249.6179733431138
477200,25,258,7,2,16,0,1.0698150327965954,0.003308446800581808,54,11.0,2.0,90.89667102604207
477300,21,291,8,1,12,0,1.0592859118248876,0.0034359624539062276,54,5.0,2.0,30.121827238231
477400,20,333,8,1,11,0,1.0594370891616571,0.0032324378488423414,54,9.0,1.0,85.1852270725418
477500,19,362,8,1,10,0,1.068790559292664,0.0032575747746608433,54,0.0,0.0,0.0
477600,18,406,10,1,7,0,1.0847916514502836,0.003197722463360019,54,6.0,1.0,53.89790273255617
477700,17,422,9,1,7,0,1.0816264308301298,0.0031268176506480325,54,3.0,0.0,31.411513977065542
477800,17,453,10,0,7,0,1.0933911367124827,0.0031268176506480325,54,0.0,0.0,0.0
477900,17,485,11,0,6,0,1.0992734896536593,0.0031268176506480325,54,4.0,0.0,45.83610511346336
478000,17,518,11,0,6,0,1.1080970190654238,0.0031268176506480325,54,3.0,0.0,35.760712573822616
478100,16,552,10,0,6,0,1.1159081915298683,0.0033222437538135345,54,11.0,1.0,102.58731840937979
478200,14,597,7,0,7,0,1.1002881591433222,0.00303472359815506,54,12.0,2.0,106.84502087296082
478300,14,647,8,0,6,0,1.1038595877147508,0.00303472359815506,54,3.0,0.0,32.13916411190414
478400,14,680,9,0,5,0,1.1038595877147508,0.00303472359815506,54,2.0,0.0,20.04325834348954
478500,14,720,9,0,5,0,1.1217167305718936,0.00303472359815506,54,0.0,0.0,0.0
478600,14,755,9,0,5,0,1.1252881591433224,0.00303472359815506,54,0.0,0.0,0.0
478700,13,788,10,0,3,0,1.130802560739235,0.002870366461481295,54,1.0,1.0,0.0
478800,13,822,10,0,3,0,1.1384948684315428,0.002870366461481295,54,8.0,0.0,91.1447739323522
478900,13,845,10,0,3,0,1.1538794838161581,0.002870366461481295,54,3.0,0.0,31.23415205551464
479000,13,861,12,0,1,0,1.1654179453546196,0.002870366461481295,54,0.0,0.0,0.0
479100,11,909,11,0,0,0,1.173623928878859,0.0026315758707355368,54,0.0,0.0,0.0
479200,11,951,11,0,0,0,1.182714837969768,0.0026315758707355368,54,0.0,0.0,0.0
479300,11,993,11,0,0,0,1.1918057470606769,0.0026315758707355368,54,0.0,0.0,0.0
479400,10,1030,10,0,0,0,1.2032551561442002,0.0027820109042764225,54,0.0,0.0,0.0
479500,10,1053,10,0,0,0,1.2182551561442,0.0027820109042764225,54,0.0,0.0,0.0
479600,10,1061,10,0,0,0,1.2532551561442,0.0027820109042764225,54,1.0,0.0,11.488733356717757
479700,10,1085,10,0,0,0,1.2632551561442003,0.0027820109042764225,54,0.0,0.0,0.0
479800,9,1121,9,0,0,0,1.2682631794850665,0.003091123226973803,54,10.0,1.0,99.24986766673628
479900,9,1161,9,0,0,0,1.2793742905961776,0.003091123226973803,54,0.0,0.0,0.0
480000,9,1194,9,0,0,0,1.2904854017072886,0.003091123226973803,54,3.0,0.0,37.431428013003625
480100,9,1219,9,0,0,0,1.3071520683739553,0.003091123226973803,54,0.0,0.0,0.0
480200,8,1260,8,0,0,0,1.3068654552654646,0.0022896765379559003,54,0.0,0.0,0.0
480300,6,1298,6,0,0,0,1.3886607835405755,0.0024882603860493136,54,3.0,1.0,23.121940144522856
480400,6,1335,6,0,0,0,1.4053274502072421,0.0024882603860493136,54,0.0,0.0,0.0
480500,6,1390,6,0,0,0,1.4136607835405757,0.0024882603860493136,54,0.0,0.0,0.0
480600,6,1422,6,0,0,0,1.4303274502072423,0.0024882603860493136,54,0.0,0.0,0.0
480700,6,1468,6,0,0,0,1.446994116873909,0.0024882603860493136,54,0.0,0.0,0.0
480800,6,1511,6,0,0,0,1.4636607835405762,0.0024882603860493136,54,0.0,0.0,0.0
480900,6,1556,6,0,0,0,1.4886607835405758,0.0024882603860493136,54,0.0,0.0,0.0
481000,6,1597,6,0,0,0,1.4886607835405758,0.0024882603860493136,54,0.0,0.0,0.0
481100,6,1642,6,0,0,0,1.5053274502072427,0.0024882603860493136,54,0.0,0.0,0.0
481200,6,1681,6,0,0,0,1.5303274502072426,0.0024882603860493136,54,0.0,0.0,0.0
481300,6,1719,6,0,0,0,1.5469941168739094,0.0024882603860493136,54,0.0,0.0,0.0
481400,6,1760,6,0,0,0,1.563660783540576,0.0024882603860493136,54,0.0,0.0,0.0
481500,6,1801,6,0,0,0,1.571994116873909,0.0024882603860493136,54,0.0,0.0,0.0
481600,6,1828,6,0,0,0,1.6136607835405758,0.0024882603860493136,54,0.0,0.0,0.0
481700,6,1870,6,0,0,0,1.6303274502072425,0.0024882603860493136,54,0.0,0.0,0.0
481800,5,1885,5,0,0,0,1.661487843531006,0.0018655274743606127,54,0.0,0.0,0.0
481900,5,1911,5,0,0,0,1.7014878435310063,0.0018655274743606127,54,0.0,0.0,0.0
482000,5,1930,5,0,0,0,1.7414878435310062,0.0018655274743606127,54,0.0,0.0,0.0
482100,5,1964,5,0,0,0,1.7414878435310062,0.0018655274743606127,54,0.0,0.0,0.0
482200,4,2007,4,0,0,0,1.8403494065344475,0.0,54,7.0,1.0,92.93078780142633
482300,4,2019,4,0,0,0,1.8653494065344476,0.0,54,7.0,0.0,107.77735477186879
482400,4,2055,4,0,0,0,1.8903494065344477,0.0,54,2.0,0.0,31.956929267142115
482500,4,2084,4,0,0,0,1.9028494065344475,0.0,54,0.0,0.0,0.0
482600,4,2088,4,0,0,0,1.9278494065344476,0.0,54,0.0,0.0,0.0
482700,4,2134,4,0,0,0,1.9528494065344475,0.0,54,0.0,0.0,0.0
482800,4,2144,4,0,0,0,2.0028494065344473,0.0,54,0.0,0.0,0.0
482900,4,2186,4,0,0,0,2.0153494065344475,0.0,54,0.0,0.0,0.0
483000,4,2201,4,0,0,0,2.0528494065344476,0.0,54,0.0,0.0,0.0
483100,4,2231,4,0,0,0,2.0778494065344475,0.0,54,0.0,0.0,0.0
483200,4,2271,4,0,0,0,2.0903494065344477,0.0,54,1.0,0.0,24.5
483300,3,2299,3,0,0,0,2.0630259652868226,0.0,54,11.0,1.0,245.0
483400,3,2338,3,0,0,0,2.079692631953489,0.0,54,0.0,0.0,0.0
483500,3,2396,3,0,0,0,2.096359298620156,0.0,54,0.0,0.0,0.0
483600,3,2455,3,0,0,0,2.1130259652868224,0.0,54,0.0,0.0,0.0
483700,3,2500,3,0,0,0,2.129692631953489,0.0,54,0.0,0.0,0.0
483800,3,2499,3,0,0,0,2.1463592986201556,0.0,54,0.0,0.0,0.0
483900,3,2500,3,0,0,0,2.1630259652868222,0.0,54,0.0,0.0,0.0
484000,3,2500,3,0,0,0,2.1630259652868222,0.0,54,0.0,0.0,0.0
484100,3,2500,3,0,0,0,2.179692631953489,0.0,54,0.0,0.0,0.0
484200,3,2500,3,0,0,0,2.2130259652868225,0.0,54,0.0,0.0,0.0
484300,3,2500,3,0,0,0,2.229692631953489,0.0,54,0.0,0.0,0.0
484400,3,2500,3,0,0,0,2.2630259652868223,0.0,54,0.0,0.0,0.0
484500,3,2500,3,0,0,0,2.2695407736687594,0.0,54,0.0,0.0,0.0
484600,3,2500,3,0,0,0,2.286207440335426,0.0,54,0.0,0.0,0.0
484700,3,2500,3,0,0,0,2.3028741070020926,0.0,54,0.0,0.0,0.0
484800,3,2500,3,0,0,0,2.3028741070020926,0.0,54,0.0,0.0,0.0
484900,2,2500,2,0,0,0,2.254311160503139,0.0,54,0.0,0.0,0.0
485000,2,2499,2,0,0,0,2.2793111605031386,0.0,54,0.0,0.0,0.0
485100,2,2500,2,0,0,0,2.2793111605031386,0.0,54,0.0,0.0,0.0
485200,2,2500,2,0,0,0,2.2793111605031386,0.0,54,0.0,0.0,0.0
485300,2,2499,2,0,0,0,2.304311160503139,0.0,54,0.0,0.0,0.0
485400,165,329,0,0,0,165,1.0099644034064932,0.0027382062338366727,55,294.0,28.0,2628.156337237772
485500,103,176,0,0,0,103,1.0108260025059406,0.0025357699496401116,55,423.0,45.0,3756.2133714474066
485600,67,151,0,0,0,67,1.0097329096316963,0.0029541577116042263,55,203.0,29.0,1731.0405586306001
485700,48,148,8,4,36,0,1.0123869864050556,0.0031398052205469603,55,127.0,17.0,1109.023511961207
485800,35,158,7,4,24,0,1.0080183458162753,0.003860300341058835,55,60.0,8.0,536.6371030747616
485900,28,188,8,4,16,0,1.0192034556572838,0.0038729254359784484,55,37.0,5.0,328.82459361954847
486000,22,216,8,4,10,0,1.0365395834593985,0.0038289603603529816,55,25.0,3.0,227.5404657290608
486100,18,259,9,1,8,0,1.0404498827331237,0.004125790641841511,55,25.0,2.0,236.17283165506487
486200,16,294,8,1,7,0,1.0540390714886907,0.004574234654523054,55,18.0,2.0,163.25949051451659
486300,13,349,9,1,3,0,1.0609453312044805,0.0050091712489495396,55,8.0,2.0,65.22743919125153
486400,13,394,10,1,2,0,1.0686376388967884,0.0050091712489495396,55,0.0,0.0,0.0
486500,13,430,11,0,2,0,1.072483792742942,0.0050091712489495396,55,0.0,0.0,0.0
486600,13,487,11,0,2,0,1.0840222542814038,0.0050091712489495396,55,0.0,0.0,0.0
486700,13,533,11,0,2,0,1.0955607158198652,0.0050091712489495396,55,0.0,0.0,0.0
486800,13,564,11,0,2,0,1.1032530235121731,0.0050091712489495396,55,2.0,0.0,22.722479730417177
486900,13,596,11,0,2,0,1.1032530235121731,0.0050091712489495396,55,1.0,0.0,11.361239865208589
487000,13,623,11,0,2,0,1.1186376388967885,0.0050091712489495396,55,0.0,0.0,0.0
487100,11,667,9,0,2,0,1.1006265932482584,0.004794245409758847,55,31.0,2.0,336.9141117861424
487200,11,712,9,0,2,0,1.1097175023391674,0.004794245409758847,55,0.0,0.0,0.0
487300,11,745,9,0,2,0,1.127899320520986,0.004794245409758847,55,0.0,0.0,0.0
487400,11,785,9,0,2,0,1.1324447750664406,0.004794245409758847,55,0.0,0.0,0.0
487500,10,816,8,0,2,0,1.1642309389491285,0.004986462733727308,55,0.0,0.0,0.0
487600,10,862,8,0,2,0,1.1792309389491282,0.004986462733727308,55,0.0,0.0,0.0
487700,10,914,8,0,2,0,1.189230938949128,0.004986462733727308,55,1.0,0.0,12.341239865208589
487800,10,942,8,0,2,0,1.1992309389491282,0.004986462733727308,55,4.0,0.0,44.69063040669828
487900,8,971,6,0,2,0,1.2442288692477885,0.003158151464200964,55,11.0,2.0,111.07115878687732
488000,7,1006,5,0,2,0,1.2824954927128736,0.0021327025367914175,55,3.0,1.0,24.682479730417178
488100,7,1055,5,0,2,0,1.2896383498557307,0.0021327025367914175,55,0.0,0.0,0.0
488200,7,1101,5,0,2,0,1.2896383498557307,0.0021327025367914175,55,0.0,0.0,0.0
488300,7,1137,5,0,2,0,1.303924064141445,0.0021327025367914175,55,0.0,0.0,0.0
488400,7,1188,5,0,2,0,1.3253526355700165,0.0021327025367914175,55,0.0,0.0,0.0
488500,7,1228,5,0,2,0,1.3324954927128734,0.0021327025367914175,55,0.0,0.0,0.0
488600,7,1258,5,0,2,0,1.353924064141445,0.0021327025367914175,55,0.0,0.0,0.0
488700,7,1298,5,0,2,0,1.3682097784271594,0.0021327025367914175,55,6.0,0.0,80.40735987699816
488800,7,1323,5,0,2,0,1.3967812069985879,0.0021327025367914175,55,0.0,0.0,0.0
488900,7,1371,6,0,1,0,1.4039240641414448,0.0021327025367914175,55,0.0,0.0,0.0
489000,6,1430,6,0,0,0,1.419693043110451,0.0024881529595899873,55,6.0,1.0,88.8069671030671
489100,6,1486,6,0,0,0,1.419693043110451,0.0024881529595899873,55,0.0,0.0,0.0
489200,6,1536,6,0,0,0,1.4446930431104512,0.0024881529595899873,55,0.0,0.0,0.0
489300,6,1592,6,0,0,0,1.4530263764437847,0.0024881529595899873,55,5.0,0.0,72.70600104040953
489400,6,1637,6,0,0,0,1.461359709777118,0.0024881529595899873,55,0.0,0.0,0.0
489500,6,1683,6,0,0,0,1.4780263764437844,0.0024881529595899873,55,0.0,0.0,0.0
489600,5,1727,5,0,0,0,1.516990979021209,0.0005015329918140508,55,7.0,1.0,85.50133330968556
489700,5,1780,5,0,0,0,1.5369909790212088,0.0005015329918140508,55,4.0,0.0,58.16480083232762
489800,5,1836,5,0,0,0,1.5369909790212088,0.0005015329918140508,55,0.0,0.0,0.0
489900,5,1879,5,0,0,0,1.5669909790212089,0.0005015329918140508,55,0.0,0.0,0.0
490000,5,1917,5,0,0,0,1.5869909790212087,0.0005015329918140508,55,0.0,0.0,0.0
490100,5,1960,5,0,0,0,1.6069909790212091,0.0005015329918140508,55,0.0,0.0,0.0
490200,5,2010,5,0,0,0,1.626990979021209,0.0005015329918140508,55,0.0,0.0,0.0
490300,4,2062,4,0,0,0,1.7018389797556015,0.0004612691324774491,55,4.0,0.0,87.24572723785846
490400,4,2108,4,0,0,0,1.7268389797556012,0.0004612691324774491,55,0.0,0.0,0.0
490500,4,2142,4,0,0,0,1.7518389797556013,0.0004612691324774491,55,0.0,0.0,0.0
490600,4,2167,4,0,0,0,1.8018389797556011,0.0004612691324774491,55,0.0,0.0,0.0
490700,4,2205,4,0,0,0,1.8143389797556013,0.0004612691324774491,55,0.0,0.0,0.0
490800,4,2232,4,0,0,0,1.8643389797556011,0.0004612691324774491,55,0.0,0.0,0.0
490900,4,2239,4,0,0,0,1.870424902983545,0.0004612691324774491,55,0.0,0.0,0.0
491000,4,2264,4,0,0,0,1.895424902983545,0.0004612691324774491,55,0.0,0.0,0.0
491100,4,2283,4,0,0,0,1.920424902983545,0.0004612691324774491,55,0.0,0.0,0.0
491200,4,2319,4,0,0,0,1.9329249029835447,0.0004612691324774491,55,0.0,0.0,0.0
491300,4,2343,4,0,0,0,1.9454249029835449,0.0004612691324774491,55,0.0,0.0,0.0
491400,4,2357,4,0,0,0,1.982924902983545,0.0004612691324774491,55,0.0,0.0,0.0
491500,4,2378,4,0,0,0,2.020424902983545,0.0004612691324774491,55,0.0,0.0,0.0
491600,4,2412,4,0,0,0,2.020424902983545,0.0004612691324774491,55,0.0,0.0,0.0
491700,4,2459,4,0,0,0,2.032924902983545,0.0004612691324774491,55,0.0,0.0,0.0
491800,4,2500,4,0,0,0,2.045424902983545,0.0004612691324774491,55,0.0,0.0,0.0
491900,4,2500,4,0,0,0,2.0579249029835447,0.0004612691324774491,55,0.0,0.0,0.0
492000,4,2500,4,0,0,0,2.0579249029835447,0.0004612691324774491,55,0.0,0.0,0.0
492100,4,2499,4,0,0,0,2.082924902983545,0.0004612691324774491,55,0.0,0.0,0.0
492200,4,2500,4,0,0,0,2.0954249029835452,0.0004612691324774491,55,0.0,0.0,0.0
492300,4,2500,4,0,0,0,2.107924902983545,0.0004612691324774491,55,0.0,0.0,0.0
492400,4,2500,4,0,0,0,2.132924902983545,0.0004612691324774491,55,0.0,0.0,0.0
492500,4,2500,4,0,0,0,2.157924902983545,0.0004612691324774491,55,0.0,0.0,0.0
492600,4,2500,4,0,0,0,2.170424902983545,0.0004612691324774491,55,0.0,0.0,0.0
492700,4,2500,4,0,0,0,2.195424902983545,0.0004612691324774491,55,0.0,0.0,0.0
492800,4,2498,4,0,0,0,2.2079249029835446,0.0004612691324774491,55,0.0,0.0,0.0
492900,4,2498,4,0,0,0,2.2454249029835447,0.0004612691324774491,55,0.0,0.0,0.0
493000,4,2500,4,0,0,0,2.2454249029835447,0.0004612691324774491,55,0.0,0.0,0.0
493100,4,2497,4,0,0,0,2.2704249029835446,0.0004612691324774491,55,0.0,0.0,0.0
493200,4,2500,4,0,0,0,2.2829249029835443,0.0004612691324774491,55,0.0,0.0,0.0
493300,4,2500,4,0,0,0,2.2954249029835445,0.0004612691324774491,55,0.0,0.0,0.0
493400,4,2484,4,0,0,0,2.332924902983544,0.0004612691324774491,55,0.0,0.0,0.0
493500,4,2488,4,0,0,0,2.3704249029835442,0.0004612691324774491,55,0.0,0.0,0.0
493600,4,2497,4,0,0,0,2.407924902983544,0.0004612691324774491,55,0.0,0.0,0.0
493700,4,2500,4,0,0,0,2.4244759180834956,0.0004612691324774491,55,0.0,0.0,0.0
493800,4,2499,4,0,0,0,2.4494759180834955,0.0004612691324774491,55,0.0,0.0,0.0
493900,4,2498,4,0,0,0,2.4494759180834955,0.0004612691324774491,55,0.0,0.0,0.0
494000,4,2500,4,0,0,0,2.4734498410865333,0.0004612691324774491,55,3.0,0.0,73.5
494100,4,2500,4,0,0,0,2.4734498410865333,0.0004612691324774491,55,0.0,0.0,0.0
494200,4,2500,4,0,0,0,2.4734498410865333,0.0004612691324774491,55,0.0,0.0,0.0
494300,4,2500,4,0,0,0,2.4734498410865333,0.0004612691324774491,55,0.0,0.0,0.0
494400,166,277,0,0,0,166,1.0710948963687714,0.0037742587050802394,56,293.0,32.0,2735.8550419705894
494500,108,154,0,0,0,108,1.0743271391046616,0.004203069734237792,56,432.0,48.0,4060.1218558065516
494600,80,101,0,0,0,80,1.0719444606529547,0.004796113217622933,56,231.0,20.0,2197.276975548324
494700,51,112,13,6,32,0,1.0815254719010592,0.004992649549764217,56,145.0,21.0,1293.3196033354802
494800,40,128,10,3,27,0,1.0858247914857324,0.004745763300535066,56,69.0,10.0,594.1150514965136
494900,33,160,10,2,21,0,1.0908227342618988,0.004628349488647071,56,45.0,3.0,436.0792171068152
495000,23,202,7,2,14,0,1.0976023924204985,0.0044383946019198135,56,43.0,9.0,366.32322035492695
495100,22,243,7,1,14,0,1.1003057785210002,0.004574588718917249,56,15.0,1.0,154.53657404469993
495200,15,287,4,0,11,0,1.083600412655451,0.004700805612298321,56,33.0,5.0,301.3200116261141
495300,15,340,4,0,11,0,1.0902670793221176,0.004700805612298321,56,4.0,0.0,41.09369663561973
495400,15,382,4,0,11,0,1.0969337459887842,0.004700805612298321,56,5.0,0.0,51.931023367330276
495500,13,434,4,0,9,0,1.0993062505473143,0.003623049506968849,56,17.0,2.0,167.27705676267476
495600,11,481,4,0,7,0,1.0884306124158594,0.004281785780963185,56,14.0,2.0,119.13837824083507
495700,11,531,4,0,7,0,1.102066976052223,0.004281785780963185,56,0.0,0.0,0.0
495800,9,585,2,0,7,0,1.1029101894854412,0.0043504565673059305,56,12.0,2.0,115.7252171262002
495900,9,644,2,0,7,0,1.1140213005965522,0.0043504565673059305,56,0.0,0.0,0.0
496000,9,689,2,0,7,0,1.1140213005965522,0.0043504565673059305,56,2.0,0.0,24.867889602135378
496100,7,751,3,0,4,0,1.1284103287468101,0.002979665435776872,56,1.0,0.0,11.6342598628327
496200,7,802,3,0,4,0,1.1355531858896672,0.002979665435776872,56,0.0,0.0,0.0
496300,7,860,3,0,4,0,1.1426960430325244,0.002979665435776872,56,0.0,0.0,0.0
496400,7,911,4,0,3,0,1.1569817573182388,0.002979665435776872,56,0.0,0.0,0.0
496500,7,960,4,0,3,0,1.1569817573182388,0.002979665435776872,56,0.0,0.0,0.0
496600,6,1018,3,0,3,0,1.1525127269379132,0.00345288475882543,56,14.0,1.0,148.11552225013804
496700,5,1085,2,0,3,0,1.1544214228525902,0.003822311759003598,56,4.0,1.0,34.9027795884981
496800,5,1152,2,0,3,0,1.1644214228525904,0.003822311759003598,56,0.0,0.0,0.0
496900,4,1209,2,0,2,0,1.1837344351261283,0.0038681919375916298,56,0.0,0.0,0.0
497000,4,1271,2,0,2,0,1.1962344351261285,0.0038681919375916298,56,0.0,0.0,0.0
497100,4,1336,2,0,2,0,1.1962344351261285,0.0038681919375916298,56,0.0,0.0,0.0
497200,4,1397,2,0,2,0,1.2087344351261287,0.0038681919375916298,56,0.0,0.0,0.0
497300,4,1461,2,0,2,0,1.2212344351261284,0.0038681919375916298,56,0.0,0.0,0.0
497400,4,1516,2,0,2,0,1.2337344351261286,0.0038681919375916298,56,0.0,0.0,0.0
497500,4,1583,2,0,2,0,1.2337344351261286,0.0038681919375916298,56,0.0,0.0,0.0
497600,4,1654,2,0,2,0,1.2462344351261283,0.0038681919375916298,56,0.0,0.0,0.0
497700,3,1720,2,0,1,0,1.3279667519815035,0.0048495462227455734,56,0.0,0.0,0.0
497800,2,1789,2,0,0,0,1.3774610217068095,0.00016118114924028337,56,0.0,0.0,0.0
497900,2,1859,2,0,0,0,1.4024610217068094,0.00016118114924028337,56,0.0,0.0,0.0
498000,2,1930,2,0,0,0,1.4024610217068094,0.00016118114924028337,56,0.0,0.0,0.0
498100,2,1988,2,0,0,0,1.4274610217068096,0.00016118114924028337,56,0.0,0.0,0.0
498200,2,2050,2,0,0,0,1.4774610217068096,0.00016118114924028337,56,0.0,0.0,0.0
498300,2,2105,2,0,0,0,1.5024610217068095,0.00016118114924028337,56,0.0,0.0,0.0
498400,2,2160,2,0,0,0,1.5274610217068096,0.00016118114924028337,56,0.0,0.0,0.0
498500,2,2203,2,0,0,0,1.5774610217068097,0.00016118114924028337,56,0.0,0.0,0.0
498600,2,2260,2,0,0,0,1.6024610217068096,0.00016118114924028337,56,0.0,0.0,0.0
498700,2,2323,2,0,0,0,1.6274610217068097,0.00016118114924028337,56,0.0,0.0,0.0
498800,2,2400,2,0,0,0,1.6274610217068097,0.00016118114924028337,56,0.0,0.0,0.0
498900,2,2449,2,0,0,0,1.6774610217068098,0.00016118114924028337,56,0.0,0.0,0.0
499000,2,2500,2,0,0,0,1.6774610217068098,0.00016118114924028337,56,0.0,0.0,0.0
499100,2,2500,2,0,0,0,1.7024610217068097,0.00016118114924028337,56,0.0,0.0,0.0
499200,2,2500,2,0,0,0,1.75246102170681,0.00016118114924028337,56,0.0,0.0,0.0
499300,2,2500,2,0,0,0,1.75246102170681,0.00016118114924028337,56,0.0,0.0,0.0
499400,2,2500,2,0,0,0,1.7774610217068099,0.00016118114924028337,56,0.0,0.0,0.0
499500,2,2500,2,0,0,0,1.7774610217068099,0.00016118114924028337,56,0.0,0.0,0.0
499600,2,2499,2,0,0,0,1.8274610217068097,0.00016118114924028337,56,0.0,0.0,0.0
499700,2,2500,2,0,0,0,1.8274610217068097,0.00016118114924028337,56,0.0,0.0,0.0
499800,2,2500,2,0,0,0,1.8774610217068095,0.00016118114924028337,56,0.0,0.0,0.0
499900,2,2500,2,0,0,0,1.8774610217068095,0.00016118114924028337,56,0.0,0.0,0.0
500000,2,2500,2,0,0,0,1.8774610217068095,0.00016118114924028337,56,0.0,0.0,0.0
500100,2,2500,2,0,0,0,1.9024610217068096,0.00016118114924028337,56,0.0,0.0,0.0
500200,176,369,0,0,0,176,1.059969145579072,0.004011109878881296,57,195.0,22.0,1794.9809981974656
500300,104,215,0,0,0,104,1.0628424381505468,0.004170961988593453,57,478.0,60.0,4279.617867313313
500400,71,174,0,0,0,71,1.067664258851767,0.0038746944613041673,57,230.0,27.0,2123.578491679495
500500,46,187,12,5,29,0,1.0700778705214633,0.004197838312036694,57,128.0,19.0,1118.163405334707
500600,39,185,9,4,26,0,1.0752055799297937,0.003995029266672856,57,49.0,6.0,460.96163943851906
500700,29,217,7,5,17,0,1.0819948304204705,0.0042134710182582255,57,39.0,9.0,325.3647511622201
500800,26,240,8,5,13,0,1.0912965792743095,0.003870128512745818,57,14.0,1.0,136.13520455645147
500900,20,274,5,2,13,0,1.105582842055198,0.004001357985511293,57,24.0,3.0,238.72632172843055
501000,19,304,6,1,12,0,1.09880791686791,0.0036627151575319952,57,6.0,0.0,64.97075342183064
501100,17,341,7,1,9,0,1.1063112175283911,0.0038759658082898117,57,13.0,1.0,132.4067112200181
501200,16,389,7,1,8,0,1.116124293437679,0.00409170363412977,57,0.0,0.0,0.0
501300,14,438,9,1,4,0,1.1236368730181285,0.003920043376383878,57,0.0,0.0,0.0
501400,14,489,11,0,3,0,1.1236368730181285,0.003920043376383878,57,0.0,0.0,0.0
501500,13,537,10,0,3,0,1.1290889939666238,0.004221585174567254,57,6.0,1.0,58.07471723261777
501600,13,588,10,0,3,0,1.1329351478127776,0.004221585174567254,57,0.0,0.0,0.0
501700,13,620,10,0,3,0,1.144473609351239,0.004221585174567254,57,0.0,0.0,0.0
501800,13,650,10,0,3,0,1.1560120708897008,0.004221585174567254,57,0.0,0.0,0.0
501900,13,693,10,0,3,0,1.167550532428162,0.004221585174567254,57,0.0,0.0,0.0
502000,12,725,9,0,3,0,1.1706678542089872,0.003990098128795181,57,7.0,1.0,72.62966067914134
502100,12,760,9,0,3,0,1.1790011875423205,0.003990098128795181,57,0.0,0.0,0.0
502200,12,773,10,0,2,0,1.1915011875423207,0.003990098128795181,57,0.0,0.0,0.0
502300,12,811,10,0,2,0,1.2040011875423209,0.003990098128795181,57,0.0,0.0,0.0
502400,11,836,8,0,3,0,1.2133073155332574,0.004226116399070849,57,8.0,1.0,84.40966786288136
502500,11,860,8,0,3,0,1.217852770078712,0.004226116399070849,57,0.0,0.0,0.0
502600,11,896,8,0,3,0,1.2314891337150757,0.004226116399070849,57,3.0,0.0,40.72483033957067
502700,11,909,10,0,1,0,1.2405800428059848,0.004226116399070849,57,0.0,0.0,0.0
502800,11,926,11,0,0,0,1.2542164064423484,0.004226116399070849,57,4.0,0.0,46.18663231200111
502900,11,926,11,0,0,0,1.2723982246241667,0.004226116399070849,57,6.0,0.0,77.96944969812344
503000,11,973,11,0,0,0,1.2860345882605304,0.004226116399070849,57,0.0,0.0,0.0
503100,10,1005,10,0,0,0,1.2761182159996083,0.003744359203725902,57,12.0,1.0,135.45374496870542
503200,10,1035,10,0,0,0,1.2861182159996083,0.003744359203725902,57,0.0,0.0,0.0
503300,10,1042,10,0,0,0,1.3161182159996083,0.003744359203725902,57,0.0,0.0,0.0
503400,10,1066,10,0,0,0,1.3261182159996083,0.003744359203725902,57,0.0,0.0,0.0
503500,10,1106,10,0,0,0,1.3311182159996084,0.003744359203725902,57,0.0,0.0,0.0
503600,10,1143,10,0,0,0,1.3411182159996082,0.003744359203725902,57,0.0,0.0,0.0
503700,10,1184,10,0,0,0,1.3561182159996084,0.003744359203725902,57,0.0,0.0,0.0
503800,10,1209,10,0,0,0,1.3661182159996081,0.003744359203725902,57,0.0,0.0,0.0
503900,9,1253,9,0,0,0,1.3811911699268706,0.0038317153752471444,57,0.0,0.0,0.0
504000,9,1276,9,0,0,0,1.392302281037982,0.0038317153752471444,57,0.0,0.0,0.0
504100,9,1289,9,0,0,0,1.4200800588157596,0.0038317153752471444,57,0.0,0.0,0.0
504200,9,1298,9,0,0,0,1.4423022810379817,0.0038317153752471444,57,0.0,0.0,0.0
504300,9,1326,9,0,0,0,1.453413392149093,0.0038317153752471444,57,0.0,0.0,0.0
504400,9,1372,9,0,0,0,1.4645245032602041,0.0038317153752471444,57,0.0,0.0,0.0
504500,9,1392,9,0,0,0,1.4811911699268707,0.0038317153752471444,57,4.0,0.0,51.99443614202548
504600,9,1420,9,0,0,0,1.4867467254824263,0.0038317153752471444,57,0.0,0.0,0.0
504700,9,1431,9,0,0,0,1.5089689477046486,0.0038317153752471444,57,0.0,0.0,0.0
504800,8,1449,8,0,0,0,1.5315612641524199,0.004310679797153038,57,10.0,1.0,152.25529225438754
504900,8,1482,8,0,0,0,1.5378112641524198,0.004310679797153038,57,0.0,0.0,0.0
505000,7,1525,7,0,0,0,1.5999266650414004,0.0021447458517679374,57,4.0,1.0,46.16427601813992
505100,7,1577,7,0,0,0,1.5999266650414004,0.0021447458517679374,57,0.0,0.0,0.0
505200,7,1627,7,0,0,0,1.6284980936128293,0.0021447458517679374,57,1.0,0.0,15.019922273981656
505300,5,1676,5,0,0,0,1.6695093960331746,0.0025049120840347923,57,0.0,0.0,0.0
505400,4,1732,4,0,0,0,1.6059428556002304,0.003106299457210611,57,0.0,0.0,0.0
505500,4,1803,4,0,0,0,1.6184428556002304,0.003106299457210611,57,0.0,0.0,0.0
505600,4,1851,4,0,0,0,1.6309428556002303,0.003106299457210611,57,0.0,0.0,0.0
505700,4,1905,4,0,0,0,1.6434428556002303,0.003106299457210611,57,0.0,0.0,0.0
505800,4,1950,4,0,0,0,1.6684428556002304,0.003106299457210611,57,0.0,0.0,0.0
505900,4,1994,4,0,0,0,1.6934428556002303,0.003106299457210611,57,0.0,0.0,0.0
506000,4,2052,4,0,0,0,1.7059428556002303,0.003106299457210611,57,0.0,0.0,0.0
506100,4,2109,4,0,0,0,1.7184428556002302,0.003106299457210611,57,0.0,0.0,0.0
506200,4,2169,4,0,0,0,1.7309428556002302,0.003106299457210611,57,0.0,0.0,0.0
506300,4,2211,4,0,0,0,1.7684428556002303,0.003106299457210611,57,0.0,0.0,0.0
506400,4,2262,4,0,0,0,1.7684428556002303,0.003106299457210611,57,0.0,0.0,0.0
506500,4,2323,4,0,0,0,1.7934428556002302,0.003106299457210611,57,0.0,0.0,0.0
506600,4,2379,4,0,0,0,1.8184428556002301,0.003106299457210611,57,0.0,0.0,0.0
506700,4,2424,4,0,0,0,1.83094285560023,0.003106299457210611,57,0.0,0.0,0.0
506800,4,2483,4,0,0,0,1.84344285560023,0.003106299457210611,57,0.0,0.0,0.0
506900,4,2500,4,0,0,0,1.86844285560023,0.003106299457210611,57,0.0,0.0,0.0
507000,4,2500,4,0,0,0,1.8730214067156012,0.003106299457210611,57,0.0,0.0,0.0
507100,3,2500,3,0,0,0,2.0592833320428996,0.0027938183697011937,57,0.0,0.0,0.0
507200,3,2500,3,0,0,0,2.0926166653762333,0.0027938183697011937,57,0.0,0.0,0.0
507300,3,2500,3,0,0,0,2.1092833320428994,0.0027938183697011937,57,0.0,0.0,0.0
507400,3,2500,3,0,0,0,2.1259499987095665,0.0027938183697011937,57,0.0,0.0,0.0
507500,3,2500,3,0,0,0,2.1592833320428997,0.0027938183697011937,57,0.0,0.0,0.0
507600,3,2500,3,0,0,0,2.1759499987095663,0.0027938183697011937,57,0.0,0.0,0.0
507700,3,2500,3,0,0,0,2.192616665376233,0.0027938183697011937,57,0.0,0.0,0.0
507800,3,2500,3,0,0,0,2.225949998709566,0.0027938183697011937,57,0.0,0.0,0.0
507900,3,2500,3,0,0,0,2.225949998709566,0.0027938183697011937,57,0.0,0.0,0.0
508000,3,2500,3,0,0,0,2.2426166653762327,0.0027938183697011937,57,0.0,0.0,0.0
508100,3,2500,3,0,0,0,2.2426166653762327,0.0027938183697011937,57,0.0,0.0,0.0
508200,3,2500,3,0,0,0,2.2926166653762325,0.0027938183697011937,57,0.0,0.0,0.0
508300,2,2500,2,0,0,0,2.213924998064349,0.001551621408351462,57,0.0,0.0,0.0
508400,2,2500,2,0,0,0,2.288924998064349,0.001551621408351462,57,0.0,0.0,0.0
508500,2,2500,2,0,0,0,2.288924998064349,0.001551621408351462,57,0.0,0.0,0.0
508600,2,2500,2,0,0,0,2.3139249980643486,0.001551621408351462,57,0.0,0.0,0.0
508700,2,2500,2,0,0,0,2.3139249980643486,0.001551621408351462,57,0.0,0.0,0.0
508800,2,2500,2,0,0,0,2.35381826306197,0.001551621408351462,57,0.0,0.0,0.0
508900,2,2500,2,0,0,0,2.35381826306197,0.001551621408351462,57,0.0,0.0,0.0
509000,192,456,0,0,0,192,1.0343645217739394,0.003022271910941844,58,70.0,8.0,614.7234293995863
509100,134,197,0,0,0,134,1.0369548262965378,0.0030341927288484024,58,396.0,50.0,3504.1887031175524
509200,94,126,0,0,0,94,1.0399046157538292,0.0034476429614087967,58,260.0,30.0,2311.575347143917
509300,67,115,24,2,41,0,1.0434101696570235,0.0031511088718797794,58,147.0,21.0,1246.3596097326108
509400,53,137,20,2,31,0,1.0535090862058356,0.003368652280827287,58,66.0,9.0,547.3139656436189
509500,40,164,17,0,23,0,1.0569602418910988,0.003337476343840142,58,50.0,6.0,444.85416597849695
509600,32,191,15,0,17,0,1.0596963420669514,0.0037443020873491337,58,24.0,5.0,190.74771195002944
509700,30,222,16,0,14,0,1.0614670486629723,0.003764400484180419,58,10.0,1.0,86.68802933133728
509800,26,260,17,0,9,0,1.0805631184046325,0.004086424795886808,58,27.0,4.0,219.56216894584557
509900,23,282,15,0,8,0,1.0896538271116623,0.0033361456039571326,58,11.0,1.0,102.13498415299088
510000,21,326,13,0,8,0,1.0987626666562391,0.003304513893388951,58,9.0,1.0,83.92083510997182
510100,20,362,12,0,8,0,1.09706224317036,0.0033805328385255475,58,6.0,1.0,49.21206705337283
510200,19,410,11,0,8,0,1.1064820268608395,0.0035584556195005757,58,13.0,1.0,128.84153522756637
510300,16,456,12,0,4,0,1.1144019862978345,0.0030077853497424106,58,21.0,2.0,206.42127147005888
510400,13,491,10,0,3,0,1.1349992183322484,0.003204502654487442,58,8.0,1.0,71.2915741224511
510500,12,539,10,0,2,0,1.138325328753785,0.0034715445423613954,58,2.0,0.0,21.326361268303334
510600,12,585,10,0,2,0,1.1508253287537848,0.0034715445423613954,58,0.0,0.0,0.0
510700,12,629,10,0,2,0,1.1591586620871184,0.0034715445423613954,58,3.0,0.0,37.38444266893853
510800,12,662,11,0,1,0,1.1674919954204515,0.0034715445423613954,58,0.0,0.0,0.0
510900,12,684,11,0,1,0,1.1841586620871183,0.0034715445423613954,58,0.0,0.0,0.0
511000,11,726,10,0,1,0,1.1897354718956856,0.003737515253757118,58,7.0,1.0,66.9140096143418
511100,11,759,10,0,1,0,1.2079172900775041,0.003737515253757118,58,0.0,0.0,0.0
511200,11,781,10,0,1,0,1.2215536537138678,0.003737515253757118,58,0.0,0.0,0.0
511300,11,814,10,0,1,0,1.2306445628047769,0.003737515253757118,58,1.0,0.0,11.153180634151669
511400,11,833,10,0,1,0,1.2351900173502313,0.003737515253757118,58,0.0,0.0,0.0
511500,11,869,10,0,1,0,1.248826380986595,0.003737515253757118,58,0.0,0.0,0.0
511600,11,911,10,0,1,0,1.2715536537138676,0.003737515253757118,58,0.0,0.0,0.0
511700,11,935,10,0,1,0,1.2715536537138676,0.003737515253757118,58,0.0,0.0,0.0
511800,11,955,10,0,1,0,1.289735471895686,0.003737515253757118,58,6.0,0.0,71.46905908829672
511900,10,991,9,0,1,0,1.2754937170454663,0.0032289721968150886,58,9.0,1.0,118.90546582742245
512000,10,1025,9,0,1,0,1.2904937170454662,0.0032289721968150886,58,0.0,0.0,0.0
512100,10,1059,9,0,1,0,1.3054937170454664,0.0032289721968150886,58,0.0,0.0,0.0
512200,10,1094,9,0,1,0,1.3104937170454665,0.0032289721968150886,58,0.0,0.0,0.0
512300,10,1125,9,0,1,0,1.3204937170454665,0.0032289721968150886,58,14.0,0.0,165.49187141320726
512400,9,1156,8,0,1,0,1.3092619430930788,0.002886960248517223,58,2.0,1.0,11.545414655658547
512500,9,1172,8,0,1,0,1.3203730542041896,0.002886960248517223,58,0.0,0.0,0.0
512600,9,1191,8,0,1,0,1.3370397208708564,0.002886960248517223,58,0.0,0.0,0.0
512700,9,1226,8,0,1,0,1.353706387537523,0.002886960248517223,58,4.0,0.0,49.47493269482445
512800,9,1249,8,0,1,0,1.3648174986486343,0.002886960248517223,58,0.0,0.0,0.0
512900,9,1296,8,0,1,0,1.3759286097597454,0.002886960248517223,58,1.0,0.0,13.779086188499821
513000,8,1343,7,0,1,0,1.4056597289114525,0.002213993058612972,58,5.0,1.0,55.116344753999286
513100,7,1390,6,0,1,0,1.4560550430743469,0.0018055639865858573,58,2.0,1.0,13.779086188499821
513200,6,1435,5,0,1,0,1.4301955779822224,0.0021064913176835,58,0.0,0.0,0.0
513300,6,1488,5,0,1,0,1.438528911315556,0.0021064913176835,58,1.0,0.0,12.044979611549888
513400,5,1546,5,0,0,0,1.5106139863203294,0.0025277895812202003,58,0.0,0.0,0.0
513500,3,1607,3,0,0,0,1.4750940827510537,0.0,58,0.0,0.0,0.0
513600,3,1675,3,0,0,0,1.4917607494177203,0.0,58,0.0,0.0,0.0
513700,3,1726,3,0,0,0,1.5250940827510535,0.0,58,0.0,0.0,0.0
513800,3,1793,3,0,0,0,1.5250940827510535,0.0,58,0.0,0.0,0.0
513900,3,1862,3,0,0,0,1.5584274160843872,0.0,58,0.0,0.0,0.0
514000,3,1912,3,0,0,0,1.575094082751054,0.0,58,0.0,0.0,0.0
514100,3,1976,3,0,0,0,1.575094082751054,0.0,58,0.0,0.0,0.0
514200,3,2029,3,0,0,0,1.6250940827510538,0.0,58,0.0,0.0,0.0
514300,3,2075,3,0,0,0,1.6250940827510538,0.0,58,0.0,0.0,0.0
514400,3,2116,3,0,0,0,1.6750940827510539,0.0,58,0.0,0.0,0.0
514500,3,2169,3,0,0,0,1.6917607494177205,0.0,58,0.0,0.0,0.0
514600,3,2221,3,0,0,0,1.708427416084387,0.0,58,0.0,0.0,0.0
514700,3,2251,3,0,0,0,1.758427416084387,0.0,58,0.0,0.0,0.0
514800,3,2288,3,0,0,0,1.7917607494177201,0.0,58,0.0,0.0,0.0
514900,3,2349,3,0,0,0,1.8084274160843872,0.0,58,0.0,0.0,0.0
515000,3,2406,3,0,0,0,1.8417607494177204,0.0,58,0.0,0.0,0.0
515100,3,2468,3,0,0,0,1.8417607494177204,0.0,58,0.0,0.0,0.0
515200,3,2500,3,0,0,0,1.8750940827510538,0.0,58,5.0,0.0,101.32978054287493
515300,2,2500,2,0,0,0,2.0481013480270964,0.0,58,4.0,1.0,64.39110069849379
515400,2,2500,2,0,0,0,2.0981013480270962,0.0,58,0.0,0.0,0.0
515500,2,2500,2,0,0,0,2.0981013480270962,0.0,58,0.0,0.0,0.0
515600,2,2500,2,0,0,0,2.148101348027096,0.0,58,0.0,0.0,0.0
515700,2,2500,2,0,0,0,2.173101348027096,0.0,58,0.0,0.0,0.0
515800,2,2500,2,0,0,0,2.1981013480270963,0.0,58,0.0,0.0,0.0
515900,2,2500,2,0,0,0,2.1981013480270963,0.0,58,0.0,0.0,0.0
516000,2,2500,2,0,0,0,2.248101348027096,0.0,58,0.0,0.0,0.0
516100,2,2500,2,0,0,0,2.248101348027096,0.0,58,0.0,0.0,0.0
516200,2,2500,2,0,0,0,2.248101348027096,0.0,58,0.0,0.0,0.0
516300,2,2500,2,0,0,0,2.298101348027096,0.0,58,0.0,0.0,0.0
516400,2,2500,2,0,0,0,2.328014601454073,0.0,58,0.0,0.0,0.0
516500,2,2500,2,0,0,0,2.328014601454073,0.0,58,0.0,0.0,0.0
516600,2,2500,2,0,0,0,2.3530146014540723,0.0,58,0.0,0.0,0.0
516700,2,2500,2,0,0,0,2.3780146014540726,0.0,58,0.0,0.0,0.0
516800,2,2500,2,0,0,0,2.3780146014540726,0.0,58,0.0,0.0,0.0
516900,2,2500,2,0,0,0,2.403014601454072,0.0,58,0.0,0.0,0.0
517000,2,2499,2,0,0,0,2.4280146014540724,0.0,58,0.0,0.0,0.0
517100,2,2500,2,0,0,0,2.453014601454072,0.0,58,0.0,0.0,0.0
517200,2,2500,2,0,0,0,2.453014601454072,0.0,58,0.0,0.0,0.0
517300,2,2500,2,0,0,0,2.4780146014540723,0.0,58,0.0,0.0,0.0
517400,2,2500,2,0,0,0,2.4780146014540723,0.0,58,0.0,0.0,0.0
517500,2,2500,2,0,0,0,2.4780146014540723,0.0,58,0.0,0.0,0.0
517600,2,2500,2,0,0,0,2.5,0.0,58,0.0,0.0,0.0
517700,2,2500,2,0,0,0,2.5,0.0,58,0.0,0.0,0.0
517800,159,273,0,0,0,159,1.0738860103354047,0.0035130573162360833,59,354.0,38.0,3450.560316151783
517900,98,159,0,0,0,98,1.080369901362195,0.0030624315539658424,59,377.0,49.0,3468.6424378222523
518000,64,123,0,0,0,64,1.0918220482206693,0.0029817004972821663,59,262.0,28.0,2519.9013473681084
518100,44,130,9,2,33,0,1.1037103213405048,0.002561892886658575,59,106.0,14.0,972.0107968810605
518200,32,159,8,1,23,0,1.1028298869370572,0.0030407368306574973,59,80.0,7.0,780.3256499958688
518300,27,185,7,1,19,0,1.1072017765640272,0.003498598933019409,59,12.0,3.0,93.7075903583531
518400,24,225,7,1,16,0,1.1011118085871663,0.003535473444095939,59,20.0,1.0,206.60906510624358
518500,19,260,6,0,13,0,1.094075770764413,0.0029391725785938064,59,39.0,4.0,361.92858338486724
518600,15,303,5,0,10,0,1.1052211514506118,0.002726108745913527,59,11.0,2.0,90.07751419197865
518700,12,341,4,0,8,0,1.1096209738569693,0.0020324157713018736,59,9.0,1.0,90.4748778769915
518800,11,391,4,0,7,0,1.1252221275985772,0.0022171808414202256,59,14.0,1.0,145.94085916349147
518900,11,426,4,0,7,0,1.1252221275985772,0.0022171808414202256,59,7.0,0.0,78.17260303101583
519000,10,466,4,0,6,0,1.1279431404478202,0.0020397329898094634,59,3.0,0.0,35.26646705087063
519100,10,516,4,0,6,0,1.1279431404478202,0.0020397329898094634,59,0.0,0.0,0.0
519200,10,547,4,0,6,0,1.1429431404478203,0.0020397329898094634,59,0.0,0.0,0.0
519300,10,599,5,0,5,0,1.1529431404478205,0.0020397329898094634,59,3.0,0.0,33.310582510571535
519400,10,644,5,0,5,0,1.1629431404478203,0.0020397329898094634,59,12.0,0.0,140.19924668999545
519500,10,684,5,0,5,0,1.1779431404478202,0.0020397329898094634,59,0.0,0.0,0.0
519600,10,710,5,0,5,0,1.1929431404478203,0.0020397329898094634,59,0.0,0.0,0.0
519700,10,734,6,0,4,0,1.2079431404478203,0.0020397329898094634,59,0.0,0.0,0.0
519800,8,771,4,0,4,0,1.215262590147522,0.0021595437804482346,59,22.0,2.0,229.15670095483262
519900,8,819,4,0,4,0,1.2277625901475222,0.0021595437804482346,59,0.0,0.0,0.0
520000,7,858,5,0,2,0,1.2711645973537191,0.0009917485228517265,59,10.0,1.0,110.35355591606078
520100,7,901,5,0,2,0,1.2711645973537191,0.0009917485228517265,59,0.0,0.0,0.0
520200,7,958,5,0,2,0,1.2854503116394334,0.0009917485228517265,59,2.0,0.0,22.019488012660585
520300,6,1015,4,0,2,0,1.2680078368071614,0.0010853583072013811,59,7.0,1.0,74.85149380598254
520400,6,1048,4,0,2,0,1.284674503473828,0.0010853583072013811,59,0.0,0.0,0.0
520500,6,1085,4,0,2,0,1.3180078368071615,0.0010853583072013811,59,0.0,0.0,0.0
520600,6,1139,4,0,2,0,1.3346745034738283,0.0010853583072013811,59,0.0,0.0,0.0
520700,6,1171,5,0,1,0,1.3430078368071614,0.0010853583072013811,59,0.0,0.0,0.0
520800,5,1215,4,0,1,0,1.3391785959074993,0.0013024299686416572,59,9.0,0.0,103.49769605697263
520900,5,1255,4,0,1,0,1.3591785959074996,0.0013024299686416572,59,0.0,0.0,0.0
521000,5,1280,5,0,0,0,1.3891785959074994,0.0013024299686416572,59,0.0,0.0,0.0
521100,5,1310,5,0,0,0,1.4191785959074994,0.0013024299686416572,59,0.0,0.0,0.0
521200,5,1342,5,0,0,0,1.4291785959074994,0.0013024299686416572,59,0.0,0.0,0.0
521300,5,1376,5,0,0,0,1.4691785959074994,0.0013024299686416572,59,0.0,0.0,0.0
521400,5,1414,5,0,0,0,1.4891785959074995,0.0013024299686416572,59,0.0,0.0,0.0
521500,5,1470,5,0,0,0,1.4891785959074995,0.0013024299686416572,59,0.0,0.0,0.0
521600,5,1511,5,0,0,0,1.5291785959074997,0.0013024299686416572,59,0.0,0.0,0.0
521700,4,1564,4,0,0,0,1.556379599900386,0.0,59,0.0,0.0,0.0
521800,4,1594,4,0,0,0,1.568879599900386,0.0,59,0.0,0.0,0.0
521900,4,1624,4,0,0,0,1.618879599900386,0.0,59,0.0,0.0,0.0
522000,4,1666,4,0,0,0,1.631379599900386,0.0,59,0.0,0.0,0.0
522100,4,1710,4,0,0,0,1.656379599900386,0.0,59,0.0,0.0,0.0
522200,4,1756,4,0,0,0,1.681379599900386,0.0,59,0.0,0.0,0.0
522300,4,1781,4,0,0,0,1.718879599900386,0.0,59,0.0,0.0,0.0
522400,4,1816,4,0,0,0,1.743879599900386,0.0,59,0.0,0.0,0.0
522500,4,1849,4,0,0,0,1.768879599900386,0.0,59,0.0,0.0,0.0
522600,4,1894,4,0,0,0,1.7938795999003858,0.0,59,0.0,0.0,0.0
522700,4,1926,4,0,0,0,1.8188795999003857,0.0,59,0.0,0.0,0.0
522800,4,1970,4,0,0,0,1.843879599900386,0.0,59,0.0,0.0,0.0
522900,4,2007,4,0,0,0,1.856379599900386,0.0,59,0.0,0.0,0.0
523000,4,2022,4,0,0,0,1.893879599900386,0.0,59,0.0,0.0,0.0
523100,3,2070,3,0,0,0,2.000691711216491,0.0,59,0.0,0.0,0.0
523200,3,2119,3,0,0,0,2.034025044549824,0.0,59,0.0,0.0,0.0
523300,3,2173,3,0,0,0,2.0506917112164906,0.0,59,0.0,0.0,0.0
523400,3,2232,3,0,0,0,2.0673583778831572,0.0,59,0.0,0.0,0.0
523500,3,2283,3,0,0,0,2.1006917112164905,0.0,59,0.0,0.0,0.0
523600,3,2331,3,0,0,0,2.1006917112164905,0.0,59,0.0,0.0,0.0
523700,3,2374,3,0,0,0,2.1441821973127637,0.0,59,0.0,0.0,0.0
523800,3,2435,3,0,0,0,2.177515530646097,0.0,59,0.0,0.0,0.0
523900,3,2485,3,0,0,0,2.177515530646097,0.0,59,0.0,0.0,0.0
524000,3,2500,3,0,0,0,2.1941821973127635,0.0,59,0.0,0.0,0.0
524100,3,2500,3,0,0,0,2.227515530646097,0.0,59,0.0,0.0,0.0
524200,3,2499,3,0,0,0,2.244182197312764,0.0,59,0.0,0.0,0.0
524300,3,2500,3,0,0,0,2.2608488639794304,0.0,59,0.0,0.0,0.0
524400,3,2500,3,0,0,0,2.277515530646097,0.0,59,0.0,0.0,0.0
524500,3,2500,3,0,0,0,2.3108488639794302,0.0,59,0.0,0.0,0.0
524600,3,2500,3,0,0,0,2.327515530646097,0.0,59,0.0,0.0,0.0
524700,174,315,0,0,0,174,1.0740346220202215,0.0024606332388230918,60,243.0,26.0,2361.214559848497
524800,92,164,0,0,0,92,1.075362391088461,0.002411998886174031,60,572.0,73.0,5198.474557200121
524900,64,138,0,0,0,64,1.0668577049025396,0.0020837177696992255,60,248.0,22.0,2425.8822888630225
525000,38,138,9,0,29,0,1.0709886925053433,0.0011732403788058778,60,168.0,22.0,1561.1509829432239
525100,31,160,7,1,23,0,1.0854341220117267,0.0012044490129912086,60,34.0,4.0,312.98225240653784
525200,25,177,5,1,19,0,1.0820497706245868,0.0014655843476057496,60,64.0,6.0,588.5095557073038
525300,20,220,4,0,16,0,1.080014720878887,0.0018174206763523382,60,39.0,5.0,355.64587174168014
525400,19,258,4,0,15,0,1.085253983634706,0.0019130743961603563,60,4.0,0.0,45.84218975142108
525500,17,295,2,0,15,0,1.0996066134027311,0.0015981127627708654,60,16.0,2.0,147.69576539180068
525600,14,331,2,0,12,0,1.1166902257984617,0.0019405654976503365,60,16.0,2.0,146.7020668073276
525700,13,377,2,0,11,0,1.113721879414864,0.001850562926128792,60,5.0,0.0,59.3221759108653
525800,12,413,4,0,8,0,1.1203237596545297,0.0019652190207165646,60,0.0,0.0,0.0
525900,10,452,4,0,6,0,1.1514692197398613,0.002207905974216979,60,12.0,1.0,124.43383119756416
526000,8,515,4,0,4,0,1.163927648596615,0.0027598824677712236,60,16.0,2.0,147.9716073696464
526100,8,573,4,0,4,0,1.163927648596615,0.0027598824677712236,60,0.0,0.0,0.0
526200,8,624,5,0,3,0,1.170177648596615,0.0027598824677712236,60,0.0,0.0,0.0
526300,8,672,5,0,3,0,1.182677648596615,0.0027598824677712236,60,0.0,0.0,0.0
526400,8,724,5,0,3,0,1.1951776485966152,0.0027598824677712236,60,9.0,0.0,95.84833099591636
526500,7,775,5,0,2,0,1.2359831270540707,0.0031541513917385413,60,2.0,1.0,11.595226331397352
526600,7,823,5,0,2,0,1.2431259841969275,0.0031541513917385413,60,0.0,0.0,0.0
526700,7,873,5,0,2,0,1.2431259841969275,0.0031541513917385413,60,0.0,0.0,0.0
526800,7,930,5,0,2,0,1.2502688413397849,0.0031541513917385413,60,0.0,0.0,0.0
526900,6,978,4,0,2,0,1.224542938287561,0.0036798432903616314,60,0.0,0.0,0.0
527000,6,1026,4,0,2,0,1.2412096049542276,0.0036798432903616314,60,0.0,0.0,0.0
527100,6,1070,4,0,2,0,1.2495429382875611,0.0036798432903616314,60,0.0,0.0,0.0
527200,6,1107,6,0,0,0,1.2662096049542277,0.0036798432903616314,60,0.0,0.0,0.0
527300,6,1147,6,0,0,0,1.274542938287561,0.0036798432903616314,60,0.0,0.0,0.0
527400,6,1190,6,0,0,0,1.2912096049542277,0.0036798432903616314,60,0.0,0.0,0.0
527500,4,1252,4,0,0,0,1.2948007144999116,0.003745670274854186,60,1.0,0.0,14.638542440296249
527600,3,1311,3,0,0,0,1.3221715785566215,0.004994227033138915,60,0.0,0.0,0.0
527700,3,1376,3,0,0,0,1.3221715785566215,0.004994227033138915,60,0.0,0.0,0.0
527800,3,1440,3,0,0,0,1.3388382452232885,0.004994227033138915,60,0.0,0.0,0.0
527900,3,1510,3,0,0,0,1.3555049118899551,0.004994227033138915,60,0.0,0.0,0.0
528000,3,1570,3,0,0,0,1.3555049118899551,0.004994227033138915,60,0.0,0.0,0.0
528100,3,1640,3,0,0,0,1.3555049118899551,0.004994227033138915,60,0.0,0.0,0.0
528200,3,1695,3,0,0,0,1.3888382452232884,0.004994227033138915,60,0.0,0.0,0.0
528300,3,1751,3,0,0,0,1.405504911889955,0.004994227033138915,60,0.0,0.0,0.0
528400,3,1817,3,0,0,0,1.4221715785566218,0.004994227033138915,60,0.0,0.0,0.0
528500,3,1885,3,0,0,0,1.455504911889955,0.004994227033138915,60,0.0,0.0,0.0
528600,2,1951,2,0,0,0,1.596921505794409,0.003443681616547383,60,6.0,1.0,75.12613165698679
528700,2,2007,2,0,0,0,1.6219215057944092,0.003443681616547383,60,0.0,0.0,0.0
528800,2,2060,2,0,0,0,1.6719215057944092,0.003443681616547383,60,0.0,0.0,0.0
528900,2,2115,2,0,0,0,1.6719215057944092,0.003443681616547383,60,0.0,0.0,0.0
529000,2,2173,2,0,0,0,1.7219215057944093,0.003443681616547383,60,0.0,0.0,0.0
529100,2,2229,2,0,0,0,1.7469215057944094,0.003443681616547383,60,0.0,0.0,0.0
529200,2,2297,2,0,0,0,1.7469215057944094,0.003443681616547383,60,0.0,0.0,0.0
529300,2,2337,2,0,0,0,1.7969215057944092,0.003443681616547383,60,0.0,0.0,0.0
529400,2,2387,2,0,0,0,1.8469215057944095,0.003443681616547383,60,0.0,0.0,0.0
529500,2,2430,2,0,0,0,1.8969215057944093,0.003443681616547383,60,0.0,0.0,0.0
529600,2,2484,2,0,0,0,1.8969215057944093,0.003443681616547383,60,0.0,0.0,0.0
529700,2,2499,2,0,0,0,1.9469215057944096,0.003443681616547383,60,0.0,0.0,0.0
529800,2,2500,2,0,0,0,1.9719215057944095,0.003443681616547383,60,0.0,0.0,0.0
529900,2,2500,2,0,0,0,1.9969215057944094,0.003443681616547383,60,0.0,0.0,0.0
530000,2,2500,2,0,0,0,2.0469215057944092,0.003443681616547383,60,0.0,0.0,0.0
530100,2,2500,2,0,0,0,2.096921505794409,0.003443681616547383,60,0.0,0.0,0.0
530200,2,2500,2,0,0,0,2.146921505794409,0.003443681616547383,60,0.0,0.0,0.0
530300,2,2500,2,0,0,0,2.1719215057944092,0.003443681616547383,60,0.0,0.0,0.0
530400,2,2499,2,0,0,0,2.2469215057944085,0.003443681616547383,60,0.0,0.0,0.0
530500,2,2499,2,0,0,0,2.2969215057944083,0.003443681616547383,60,0.0,0.0,0.0
530600,2,2500,2,0,0,0,2.396921505794408,0.003443681616547383,60,0.0,0.0,0.0
530700,2,2499,2,0,0,0,2.471921505794408,0.003443681616547383,60,0.0,0.0,0.0
530800,2,2497,2,0,0,0,2.5,0.003443681616547383,60,0.0,0.0,0.0
530900,2,2500,2,0,0,0,2.5,0.003443681616547383,60,0.0,0.0,0.0
531000,2,2500,2,0,0,0,2.5,0.003443681616547383,60,0.0,0.0,0.0
531100,2,2500,2,0,0,0,2.5,0.003443681616547383,60,0.0,0.0,0.0
531200,2,2498,2,0,0,0,2.5,0.003443681616547383,60,0.0,0.0,0.0
531300,2,2500,2,0,0,0,2.5,0.003443681616547383,60,0.0,0.0,0.0
531400,2,2500,2,0,0,0,2.5,0.003443681616547383,60,0.0,0.0,0.0
531500,2,2500,2,0,0,0,2.5,0.003443681616547383,60,0.0,0.0,0.0
531600,2,2500,2,0,0,0,2.5,0.003443681616547383,60,0.0,0.0,0.0
531700,2,2499,2,0,0,0,2.5,0.003443681616547383,60,0.0,0.0,0.0
531800,2,2499,2,0,0,0,2.5,0.003443681616547383,60,0.0,0.0,0.0
531900,2,2500,2,0,0,0,2.5,0.003443681616547383,60,0.0,0.0,0.0
532000,2,2500,2,0,0,0,2.5,0.003443681616547383,60,0.0,0.0,0.0
532100,2,2500,2,0,0,0,2.5,0.003443681616547383,60,0.0,0.0,0.0
532200,2,2500,2,0,0,0,2.5,0.003443681616547383,60,0.0,0.0,0.0
532300,2,2497,2,0,0,0,2.5,0.003443681616547383,60,0.0,0.0,0.0
532400,2,2500,2,0,0,0,2.5,0.003443681616547383,60,0.0,0.0,0.0
532500,2,2500,2,0,0,0,2.5,0.003443681616547383,60,0.0,0.0,0.0
532600,2,2500,2,0,0,0,2.5,0.003443681616547383,60,0.0,0.0,0.0
532700,2,2500,2,0,0,0,2.5,0.003443681616547383,60,0.0,0.0,0.0
532800,2,2500,2,0,0,0,2.5,0.003443681616547383,60,0.0,0.0,0.0
532900,2,2500,2,0,0,0,2.5,0.003443681616547383,60,0.0,0.0,0.0
533000,2,2500,2,0,0,0,2.5,0.003443681616547383,60,0.0,0.0,0.0
533100,2,2500,2,0,0,0,2.5,0.003443681616547383,60,0.0,0.0,0.0
533200,2,2500,2,0,0,0,2.5,0.003443681616547383,60,0.0,0.0,0.0
533300,168,332,0,0,0,168,1.114289277638083,0.004058906665798602,61,275.0,31.0,2725.782311206432
533400,93,168,0,0,0,93,1.130638525268888,0.004122012255358318,61,518.0,64.0,5083.003557436832
533500,62,142,0,0,0,62,1.1407604008923213,0.004279054945377902,61,207.0,23.0,2055.423094493583
533600,42,122,9,1,32,0,1.1516612400778403,0.004210988782837849,61,129.0,16.0,1261.2952882248628
533700,32,151,6,0,26,0,1.1627826543403987,0.003742938865195808,61,54.0,5.0,561.9252281139812
533800,22,184,5,0,17,0,1.1702867696341088,0.004449966352750782,61,65.0,9.0,645.2264306121274
533900,20,234,6,0,14,0,1.1677639860603741,0.004186433654582653,61,5.0,1.0,46.810413561020006
534000,17,257,5,0,12,0,1.144239934481614,0.004734250914829834,61,14.0,2.0,148.97211989253213
534100,17,295,5,0,12,0,1.147181110952202,0.004734250914829834,61,1.0,0.0,11.389090337731837
534200,16,331,5,0,11,0,1.1576966660504178,0.0046674401357125125,61,15.0,1.0,163.13363864033846
534300,15,374,5,0,10,0,1.1661552943128917,0.0045486701855353565,61,6.0,1.0,56.94545168865918
534400,13,415,4,0,9,0,1.1953785789950446,0.00438563349383618,61,6.0,1.0,57.55347639568433
534500,12,450,4,0,8,0,1.2071535054231488,0.004113164212219955,61,8.0,1.0,80.17343384809708
534600,11,482,3,0,8,0,1.2410113089847412,0.0032504511578354597,61,5.0,1.0,46.04278111654746
534700,11,513,3,0,8,0,1.2591931271665593,0.0032504511578354597,61,0.0,0.0,0.0
534800,10,555,6,0,4,0,1.2726563656063086,0.0034084715885641147,61,0.0,0.0,0.0
534900,10,587,6,0,4,0,1.2826563656063086,0.0034084715885641147,61,0.0,0.0,0.0
535000,10,626,6,0,4,0,1.2976563656063085,0.0034084715885641147,61,0.0,0.0,0.0
535100,10,673,6,0,4,0,1.3126563656063086,0.0034084715885641147,61,2.0,0.0,28.144013342453697
535200,10,719,6,0,4,0,1.3176563656063085,0.0034084715885641147,61,0.0,0.0,0.0
535300,10,767,6,0,4,0,1.3326563656063086,0.0034084715885641147,61,1.0,0.0,14.931136512701386
535400,9,811,6,0,3,0,1.3315973392211313,0.0034198106372556243,61,10.0,1.0,124.57077514616948
535500,9,851,8,0,1,0,1.337152894776687,0.0034198106372556243,61,0.0,0.0,0.0
535600,9,896,8,0,1,0,1.3427084503322426,0.0034198106372556243,61,0.0,0.0,0.0
535700,9,944,8,0,1,0,1.3593751169989092,0.0034198106372556243,61,0.0,0.0,0.0
535800,9,960,9,0,0,0,1.3760417836655758,0.0034198106372556243,61,0.0,0.0,0.0
535900,9,992,9,0,0,0,1.387152894776687,0.0034198106372556243,61,0.0,0.0,0.0
536000,9,1030,9,0,0,0,1.398264005887798,0.0034198106372556243,61,0.0,0.0,0.0
536100,9,1069,9,0,0,0,1.4093751169989093,0.0034198106372556243,61,1.0,0.0,15.200376412782164
536200,9,1095,9,0,0,0,1.437152894776687,0.0034198106372556243,61,0.0,0.0,0.0
536300,9,1138,8,0,1,0,1.437152894776687,0.0034198106372556243,61,15.0,0.0,206.0759091255266
536400,9,1158,9,0,0,0,1.4482640058877982,0.0034198106372556243,61,0.0,0.0,0.0
536500,8,1207,8,0,0,0,1.438848836818908,0.003847286966912578,61,8.0,1.0,109.83263488947517
536600,8,1244,8,0,0,0,1.4513488368189083,0.003847286966912578,61,3.0,0.0,41.78105727268691
536700,8,1280,8,0,0,0,1.4575988368189083,0.003847286966912578,61,2.0,0.0,27.67818067546368
536800,6,1332,6,0,0,0,1.5249963257925072,0.004382640777658477,61,12.0,2.0,138.39090337731844
536900,6,1370,6,0,0,0,1.5416629924591738,0.004382640777658477,61,0.0,0.0,0.0
537000,6,1389,6,0,0,0,1.5583296591258406,0.004382640777658477,61,0.0,0.0,0.0
537100,6,1428,6,0,0,0,1.5666629924591737,0.004382640777658477,61,0.0,0.0,0.0
537200,6,1454,6,0,0,0,1.6083296591258405,0.004382640777658477,61,0.0,0.0,0.0
537300,6,1482,6,0,0,0,1.6333296591258406,0.004382640777658477,61,3.0,0.0,53.05927807259925
537400,5,1537,5,0,0,0,1.6037586508623114,0.004653818329497006,61,7.0,1.0,105.3410040247592
537500,5,1572,5,0,0,0,1.6137586508623112,0.004653818329497006,61,0.0,0.0,0.0
537600,5,1603,5,0,0,0,1.6437586508623112,0.004653818329497006,61,0.0,0.0,0.0
537700,5,1631,5,0,0,0,1.6637586508623112,0.004653818329497006,61,0.0,0.0,0.0
537800,4,1684,4,0,0,0,1.6419336091701808,0.005665369460168873,61,10.0,1.0,133.37181303958656
537900,3,1739,3,0,0,0,1.5898272329836314,0.004366066616628028,61,0.0,0.0,0.0
538000,3,1805,3,0,0,0,1.5898272329836314,0.004366066616628028,61,0.0,0.0,0.0
538100,3,1844,3,0,0,0,1.6231605663169646,0.004366066616628028,61,0.0,0.0,0.0
538200,3,1894,3,0,0,0,1.6398272329836312,0.004366066616628028,61,0.0,0.0,0.0
538300,3,1953,3,0,0,0,1.6731605663169644,0.004366066616628028,61,0.0,0.0,0.0
538400,3,1993,3,0,0,0,1.689827232983631,0.004366066616628028,61,0.0,0.0,0.0
538500,3,2035,3,0,0,0,1.7231605663169642,0.004366066616628028,61,0.0,0.0,0.0
538600,3,2096,3,0,0,0,1.7398272329836308,0.004366066616628028,61,0.0,0.0,0.0
538700,2,2154,2,0,0,0,1.4139840125302157,0.004921502938829239,61,14.0,1.0,211.7581743905139
538800,2,2207,2,0,0,0,1.4389840125302156,0.004921502938829239,61,0.0,0.0,0.0
538900,2,2269,2,0,0,0,1.4389840125302156,0.004921502938829239,61,0.0,0.0,0.0
539000,2,2337,2,0,0,0,1.4889840125302158,0.004921502938829239,61,0.0,0.0,0.0
539100,2,2403,2,0,0,0,1.5139840125302158,0.004921502938829239,61,0.0,0.0,0.0
539200,2,2450,2,0,0,0,1.5389840125302157,0.004921502938829239,61,0.0,0.0,0.0
539300,2,2500,2,0,0,0,1.588984012530216,0.004921502938829239,61,0.0,0.0,0.0
539400,2,2499,2,0,0,0,1.6139840125302158,0.004921502938829239,61,0.0,0.0,0.0
539500,2,2500,2,0,0,0,1.6139840125302158,0.004921502938829239,61,0.0,0.0,0.0
539600,2,2500,2,0,0,0,1.6389840125302158,0.004921502938829239,61,0.0,0.0,0.0
539700,2,2500,2,0,0,0,1.6389840125302158,0.004921502938829239,61,0.0,0.0,0.0
539800,2,2500,2,0,0,0,1.6639840125302157,0.004921502938829239,61,0.0,0.0,0.0
539900,2,2500,2,0,0,0,1.6639840125302157,0.004921502938829239,61,0.0,0.0,0.0
540000,2,2500,2,0,0,0,1.6889840125302156,0.004921502938829239,61,0.0,0.0,0.0
540100,2,2499,2,0,0,0,1.7139840125302155,0.004921502938829239,61,0.0,0.0,0.0
540200,2,2500,2,0,0,0,1.7139840125302155,0.004921502938829239,61,0.0,0.0,0.0
540300,2,2500,2,0,0,0,1.7639840125302153,0.004921502938829239,61,0.0,0.0,0.0
540400,2,2500,2,0,0,0,1.7889840125302152,0.004921502938829239,61,0.0,0.0,0.0
540500,2,2500,2,0,0,0,1.8139840125302151,0.004921502938829239,61,0.0,0.0,0.0
540600,2,2500,2,0,0,0,1.8139840125302151,0.004921502938829239,61,0.0,0.0,0.0
540700,2,2500,2,0,0,0,1.863984012530215,0.004921502938829239,61,0.0,0.0,0.0
540800,2,2500,2,0,0,0,1.863984012530215,0.004921502938829239,61,0.0,0.0,0.0
540900,2,2500,2,0,0,0,1.882907974890836,0.004921502938829239,61,0.0,0.0,0.0
541000,2,2500,2,0,0,0,1.907907974890836,0.004921502938829239,61,0.0,0.0,0.0
541100,2,2500,2,0,0,0,1.907907974890836,0.004921502938829239,61,0.0,0.0,0.0
541200,2,2500,2,0,0,0,1.9329079748908362,0.004921502938829239,61,0.0,0.0,0.0
541300,2,2500,2,0,0,0,1.9579079748908361,0.004921502938829239,61,0.0,0.0,0.0
541400,2,2500,2,0,0,0,1.9579079748908361,0.004921502938829239,61,0.0,0.0,0.0
541500,2,2500,2,0,0,0,1.9579079748908361,0.004921502938829239,61,0.0,0.0,0.0
541600,2,2500,2,0,0,0,1.9579079748908361,0.004921502938829239,61,0.0,0.0,0.0
541700,2,2500,2,0,0,0,1.982907974890836,0.004921502938829239,61,0.0,0.0,0.0
541800,2,2496,2,0,0,0,1.982907974890836,0.004921502938829239,61,0.0,0.0,0.0
541900,2,2499,2,0,0,0,1.982907974890836,0.004921502938829239,61,0.0,0.0,0.0
542000,2,2500,2,0,0,0,1.982907974890836,0.004921502938829239,61,0.0,0.0,0.0
542100,2,2500,2,0,0,0,1.982907974890836,0.004921502938829239,61,0.0,0.0,0.0
542200,137,229,0,0,0,137,1.1521225272814561,0.004022605811413718,62,490.0,60.0,5055.8171344584125
542300,77,154,0,0,0,77,1.1583037838576762,0.004188342811890529,62,398.0,53.0,4072.1151678040155
542400,53,139,0,0,0,53,1.1530292865085547,0.004134222124221414,62,194.0,18.0,2048.307924487764
542500,33,161,7,1,25,0,1.146372348240308,0.0037127673122026453,62,125.0,16.0,1280.1693156515776
542600,26,197,6,1,19,0,1.160998453587146,0.0038037149716732325,62,46.0,7.0,468.9162243495731
542700,20,230,4,1,15,0,1.1593235766126881,0.003501504376983592,62,23.0,2.0,253.9438909815779
542800,17,257,4,1,12,0,1.1537957211966263,0.003236646317326893,62,14.0,2.0,143.2272545110122
542900,17,297,4,0,13,0,1.1655604270789794,0.003236646317326893,62,3.0,0.0,32.092323012611956
543000,17,328,4,0,13,0,1.171442780020156,0.003236646317326893,62,6.0,0.0,74.11972834502217
543100,14,366,4,0,10,0,1.1658786597087458,0.0032606081595426767,62,20.0,3.0,207.11673113678597
543200,14,387,5,0,9,0,1.1765929454230317,0.0032606081595426767,62,0.0,0.0,0.0
543300,13,427,6,0,7,0,1.1923062582216284,0.0033088964375347805,62,9.0,1.0,83.73501409006202
543400,12,459,6,0,6,0,1.213200478683941,0.0030123869609051494,62,9.0,1.0,101.86042081097939
543500,11,503,5,0,6,0,1.2394584324316653,0.003005224786843658,62,22.0,1.0,259.94186446515477
543600,8,543,3,0,5,0,1.253321331155446,0.002549978375867643,62,19.0,3.0,213.34493987196313
543700,8,587,4,0,4,0,1.265821331155446,0.002549978375867643,62,0.0,0.0,0.0
543800,8,639,4,0,4,0,1.2720713311554461,0.002549978375867643,62,0.0,0.0,0.0
543900,8,684,4,0,4,0,1.284571331155446,0.002549978375867643,62,0.0,0.0,0.0
544000,8,736,5,0,3,0,1.284571331155446,0.002549978375867643,62,0.0,0.0,0.0
544100,8,792,4,0,4,0,1.2970713311554463,0.002549978375867643,62,4.0,0.0,49.81269254377854
544200,8,819,5,0,3,0,1.3158213311554463,0.002549978375867643,62,0.0,0.0,0.0
544300,8,860,5,0,3,0,1.3345713311554461,0.002549978375867643,62,0.0,0.0,0.0
544400,8,900,7,0,1,0,1.3408213311554462,0.002549978375867643,62,0.0,0.0,0.0
544500,8,942,8,0,0,0,1.3470713311554463,0.002549978375867643,62,2.0,0.0,27.26641759466657
544600,8,997,7,0,1,0,1.3533213311554464,0.002549978375867643,62,5.0,0.0,70.26699604496312
544700,8,1044,8,0,0,0,1.3783213311554463,0.002549978375867643,62,0.0,0.0,0.0
544800,7,1093,7,0,0,0,1.3678328372319954,0.0027644404381152498,62,7.0,1.0,91.91254278644855
544900,7,1125,7,0,0,0,1.3964042658034241,0.0027644404381152498,62,0.0,0.0,0.0
545000,7,1164,7,0,0,0,1.3964042658034241,0.0027644404381152498,62,5.0,0.0,68.0874674282507
545100,7,1196,7,0,0,0,1.4249756943748528,0.0027644404381152498,62,0.0,0.0,0.0
545200,7,1221,7,0,0,0,1.4464042658034244,0.0027644404381152498,62,0.0,0.0,0.0
545300,7,1239,7,0,0,0,1.4606899800891389,0.0027644404381152498,62,0.0,0.0,0.0
545400,7,1277,7,0,0,0,1.4749756943748529,0.0027644404381152498,62,0.0,0.0,0.0
545500,7,1306,7,0,0,0,1.5035471229462813,0.0027644404381152498,62,1.0,0.0,14.193701818906714
545600,6,1342,6,0,0,0,1.5867812009626139,0.001967747630389434,62,0.0,0.0,0.0
545700,6,1365,6,0,0,0,1.6201145342959473,0.001967747630389434,62,0.0,0.0,0.0
545800,6,1390,6,0,0,0,1.636781200962614,0.001967747630389434,62,0.0,0.0,0.0
545900,6,1412,6,0,0,0,1.6701145342959471,0.001967747630389434,62,0.0,0.0,0.0
546000,5,1463,5,0,0,0,1.684470057095816,0.002361297156467321,62,8.0,1.0,126.30246158133303
546100,5,1506,5,0,0,0,1.6944700570958162,0.002361297156467321,62,0.0,0.0,0.0
546200,5,1525,5,0,0,0,1.734470057095816,0.002361297156467321,62,0.0,0.0,0.0
546300,5,1549,5,0,0,0,1.764470057095816,0.002361297156467321,62,0.0,0.0,0.0
546400,5,1578,5,0,0,0,1.784470057095816,0.002361297156467321,62,4.0,0.0,71.07502852429904
546500,5,1597,5,0,0,0,1.8044700570958163,0.002361297156467321,62,3.0,0.0,53.30627139322428
546600,5,1615,5,0,0,0,1.8444700570958161,0.002361297156467321,62,0.0,0.0,0.0
546700,5,1652,5,0,0,0,1.874470057095816,0.002361297156467321,62,0.0,0.0,0.0
546800,5,1679,5,0,0,0,1.8944700570958162,0.002361297156467321,62,3.0,0.0,53.91722177887152
546900,4,1725,4,0,0,0,1.9148029506790871,0.002951621445584151,62,5.0,1.0,71.88962903849536
547000,4,1759,4,0,0,0,1.9398029506790875,0.002951621445584151,62,0.0,0.0,0.0
547100,4,1816,4,0,0,0,1.9648029506790872,0.002951621445584151,62,0.0,0.0,0.0
547200,4,1856,4,0,0,0,1.9773029506790873,0.002951621445584151,62,0.0,0.0,0.0
547300,4,1897,4,0,0,0,2.0023029506790873,0.002951621445584151,62,0.0,0.0,0.0
547400,4,1929,4,0,0,0,2.027302950679087,0.002951621445584151,62,0.0,0.0,0.0
547500,4,1958,4,0,0,0,2.077302950679087,0.002951621445584151,62,0.0,0.0,0.0
547600,4,1997,4,0,0,0,2.1023029506790873,0.002951621445584151,62,0.0,0.0,0.0
547700,4,2023,4,0,0,0,2.114802950679087,0.002951621445584151,62,0.0,0.0,0.0
547800,4,2029,4,0,0,0,2.164802950679087,0.002951621445584151,62,0.0,0.0,0.0
547900,4,2051,4,0,0,0,2.214802950679087,0.002951621445584151,62,0.0,0.0,0.0
548000,4,2069,4,0,0,0,2.239802950679087,0.002951621445584151,62,0.0,0.0,0.0
548100,4,2083,4,0,0,0,2.2773029506790867,0.002951621445584151,62,0.0,0.0,0.0
548200,4,2106,4,0,0,0,2.3081519150311878,0.002951621445584151,62,0.0,0.0,0.0
548300,4,2125,4,0,0,0,2.322865976323706,0.002951621445584151,62,0.0,0.0,0.0
548400,4,2142,4,0,0,0,2.3353659763237062,0.002951621445584151,62,0.0,0.0,0.0
548500,4,2172,4,0,0,0,2.3603659763237057,0.002951621445584151,62,0.0,0.0,0.0
548600,4,2197,4,0,0,0,2.372865976323706,0.002951621445584151,62,0.0,0.0,0.0
548700,4,2217,4,0,0,0,2.385365976323706,0.002951621445584151,62,0.0,0.0,0.0
548800,4,2255,4,0,0,0,2.397865976323706,0.002951621445584151,62,0.0,0.0,0.0
548900,4,2294,4,0,0,0,2.4103659763237055,0.002951621445584151,62,0.0,0.0,0.0
549000,4,2340,4,0,0,0,2.4103659763237055,0.002951621445584151,62,0.0,0.0,0.0
549100,4,2370,4,0,0,0,2.435365976323706,0.002951621445584151,62,0.0,0.0,0.0
549200,4,2401,4,0,0,0,2.4478659763237056,0.002951621445584151,62,0.0,0.0,0.0
549300,4,2444,4,0,0,0,2.4603659763237054,0.002951621445584151,62,0.0,0.0,0.0
549400,4,2492,4,0,0,0,2.4603659763237054,0.002951621445584151,62,0.0,0.0,0.0
549500,4,2500,4,0,0,0,2.4643861992924854,0.002951621445584151,62,0.0,0.0,0.0
549600,4,2500,4,0,0,0,2.4643861992924854,0.002951621445584151,62,0.0,0.0,0.0
549700,4,2500,4,0,0,0,2.4768861992924855,0.002951621445584151,62,0.0,0.0,0.0
549800,4,2500,4,0,0,0,2.4768861992924855,0.002951621445584151,62,0.0,0.0,0.0
549900,4,2500,4,0,0,0,2.4893861992924853,0.002951621445584151,62,0.0,0.0,0.0
550000,4,2499,4,0,0,0,2.4893861992924853,0.002951621445584151,62,0.0,0.0,0.0
550100,4,2500,4,0,0,0,2.5,0.002951621445584151,62,0.0,0.0,0.0
550200,4,2500,4,0,0,0,2.5,0.002951621445584151,62,0.0,0.0,0.0
550300,4,2500,4,0,0,0,2.5,0.002951621445584151,62,0.0,0.0,0.0
550400,4,2500,4,0,0,0,2.5,0.002951621445584151,62,0.0,0.0,0.0
550500,4,2500,4,0,0,0,2.5,0.002951621445584151,62,0.0,0.0,0.0
550600,4,2500,4,0,0,0,2.5,0.002951621445584151,62,0.0,0.0,0.0
550700,4,2500,4,0,0,0,2.5,0.002951621445584151,62,0.0,0.0,0.0
550800,4,2496,4,0,0,0,2.5,0.002951621445584151,62,0.0,0.0,0.0
550900,4,2500,4,0,0,0,2.5,0.002951621445584151,62,0.0,0.0,0.0
551000,4,2500,4,0,0,0,2.5,0.002951621445584151,62,0.0,0.0,0.0
551100,4,2500,4,0,0,0,2.5,0.002951621445584151,62,0.0,0.0,0.0
551200,141,227,0,0,0,141,1.167186724276113,0.0034852862514385325,63,471.0,55.0,4793.196840833223
551300,78,142,0,0,0,78,1.1650668314343076,0.003715793925873695,63,397.0,54.0,4007.3936532652756
551400,47,155,0,0,0,47,1.174986186552267,0.0032721412458917858,63,133.0,25.0,1254.191414931961
551500,36,158,11,1,24,0,1.1970994976774076,0.003606490312505305,63,47.0,4.0,505.0725346311212
551600,28,187,8,1,19,0,1.21423262085241,0.003300804607745054,63,39.0,4.0,415.502735094059
551700,21,206,4,1,16,0,1.2333268490145557,0.0036089520624658657,63,14.0,4.0,124.00235752952001
551800,20,248,6,0,14,0,1.2403392706657594,0.00347344321493871,63,28.0,1.0,316.32403638571805
551900,18,271,6,0,12,0,1.262079879929906,0.0035253848078155314,63,19.0,2.0,205.90688590819255
552000,17,303,6,0,11,0,1.2696662683876796,0.0032632822574974567,63,12.0,1.0,123.17812816384246
552100,16,317,7,0,9,0,1.2814229899848812,0.0031674047449854656,63,7.0,1.0,66.81389073100408
552200,14,349,6,0,8,0,1.2932412489759868,0.0030851006634793413,63,14.0,2.0,152.293373264894
552300,12,377,5,0,7,0,1.2983615439647094,0.0034337234840291094,63,10.0,2.0,109.45217871858742
552400,12,432,5,0,7,0,1.3025282106313758,0.0034337234840291094,63,6.0,0.0,75.87160195626944
552500,10,474,5,0,5,0,1.2879786327462601,0.004120468180834931,63,16.0,2.0,176.26963315021416
552600,10,530,6,0,4,0,1.2879786327462601,0.004120468180834931,63,0.0,0.0,0.0
552700,9,565,5,0,4,0,1.287483559691574,0.003829992545438201,63,10.0,1.0,105.03624502551354
552800,9,602,5,0,4,0,1.3041502263582407,0.003829992545438201,63,5.0,0.0,60.81149597311706
552900,8,660,5,0,3,0,1.3352045451440575,0.004308741613617976,63,8.0,1.0,82.8088053613854
553000,8,701,5,0,3,0,1.3477045451440577,0.004308741613617976,63,0.0,0.0,0.0
553100,7,765,5,0,2,0,1.3634067703739385,0.004649271330665485,63,7.0,1.0,75.6744556929914
553200,7,817,5,0,2,0,1.3705496275167959,0.004649271330665485,63,0.0,0.0,0.0
553300,7,861,5,0,2,0,1.3919781989453672,0.004649271330665485,63,0.0,0.0,0.0
553400,7,891,5,0,2,0,1.3991210560882243,0.004649271330665485,63,0.0,0.0,0.0
553500,7,927,5,0,2,0,1.4062639132310815,0.004649271330665485,63,2.0,0.0,26.78133311357889
553600,7,960,5,0,2,0,1.4276924846596528,0.004649271330665485,63,0.0,0.0,0.0
553700,6,993,4,0,2,0,1.4462421410010668,0.0054241498857764,63,8.0,1.0,91.71686497515665
553800,6,1039,4,0,2,0,1.4545754743344002,0.0054241498857764,63,0.0,0.0,0.0
553900,6,1088,4,0,2,0,1.471242141001067,0.0054241498857764,63,0.0,0.0,0.0
554000,6,1140,4,0,2,0,1.4879088076677336,0.0054241498857764,63,0.0,0.0,0.0
554100,6,1188,4,0,2,0,1.5045754743344004,0.0054241498857764,63,0.0,0.0,0.0
554200,6,1232,4,0,2,0,1.5295754743344003,0.0054241498857764,63,0.0,0.0,0.0
554300,6,1277,4,0,2,0,1.5295754743344003,0.0054241498857764,63,0.0,0.0,0.0
554400,6,1313,4,0,2,0,1.5462421410010672,0.0054241498857764,63,0.0,0.0,0.0
554500,6,1353,4,0,2,0,1.5712421410010673,0.0054241498857764,63,0.0,0.0,0.0
554600,6,1386,4,0,2,0,1.5795754743344006,0.0054241498857764,63,0.0,0.0,0.0
554700,6,1417,4,0,2,0,1.6129088076677336,0.0054241498857764,63,0.0,0.0,0.0
554800,6,1447,5,0,1,0,1.6212421410010671,0.0054241498857764,63,0.0,0.0,0.0
554900,6,1498,4,0,2,0,1.6462421410010675,0.0054241498857764,63,6.0,0.0,83.86862371443706
555000,6,1538,6,0,0,0,1.6462421410010675,0.0054241498857764,63,0.0,0.0,0.0
555100,6,1566,6,0,0,0,1.6712421410010674,0.0054241498857764,63,0.0,0.0,0.0
555200,4,1607,3,0,1,0,1.7895730650267014,0.0021372673522705213,63,16.0,2.0,202.82511929079521
555300,4,1640,3,0,1,0,1.8145730650267016,0.0021372673522705213,63,0.0,0.0,0.0
555400,4,1661,3,0,1,0,1.8520730650267014,0.0021372673522705213,63,0.0,0.0,0.0
555500,3,1708,2,0,1,0,1.956158900145656,0.002849689803027362,63,7.0,1.0,120.26248189647175
555600,3,1753,2,0,1,0,1.972825566812323,0.002849689803027362,63,0.0,0.0,0.0
555700,3,1794,3,0,0,0,2.0061589001456563,0.002849689803027362,63,0.0,0.0,0.0
555800,3,1843,3,0,0,0,2.0394922334789896,0.002849689803027362,63,0.0,0.0,0.0
555900,3,1879,3,0,0,0,2.0561589001456557,0.002849689803027362,63,0.0,0.0,0.0
556000,3,1922,3,0,0,0,2.106158900145656,0.002849689803027362,63,0.0,0.0,0.0
556100,3,1971,3,0,0,0,2.106158900145656,0.002849689803027362,63,0.0,0.0,0.0
556200,3,2021,3,0,0,0,2.144086947786072,0.002849689803027362,63,0.0,0.0,0.0
556300,3,2075,3,0,0,0,2.144086947786072,0.002849689803027362,63,0.0,0.0,0.0
556400,3,2136,3,0,0,0,2.144086947786072,0.002849689803027362,63,0.0,0.0,0.0
556500,3,2192,3,0,0,0,2.177420281119405,0.002849689803027362,63,0.0,0.0,0.0
556600,3,2250,3,0,0,0,2.177420281119405,0.002849689803027362,63,0.0,0.0,0.0
556700,3,2297,3,0,0,0,2.1940869477860723,0.002849689803027362,63,0.0,0.0,0.0
556800,3,2354,3,0,0,0,2.2107536144527384,0.002849689803027362,63,0.0,0.0,0.0
556900,3,2409,3,0,0,0,2.2107536144527384,0.002849689803027362,63,0.0,0.0,0.0
557000,3,2465,3,0,0,0,2.2274202811194055,0.002849689803027362,63,0.0,0.0,0.0
557100,3,2499,3,0,0,0,2.2274202811194055,0.002849689803027362,63,0.0,0.0,0.0
557200,3,2499,3,0,0,0,2.2607536144527387,0.002849689803027362,63,0.0,0.0,0.0
557300,2,2499,2,0,0,0,2.4726401521808814,0.002610122167654225,63,6.0,1.0,122.5
557400,2,2500,2,0,0,0,2.4976401521808818,0.002610122167654225,63,0.0,0.0,0.0
557500,2,2500,2,0,0,0,2.5,0.002610122167654225,63,0.0,0.0,0.0
557600,2,2500,2,0,0,0,2.5,0.002610122167654225,63,0.0,0.0,0.0
557700,2,2500,2,0,0,0,2.5,0.002610122167654225,63,0.0,0.0,0.0
557800,2,2500,2,0,0,0,2.5,0.002610122167654225,63,0.0,0.0,0.0
557900,2,2500,2,0,0,0,2.5,0.002610122167654225,63,0.0,0.0,0.0
558000,2,2500,2,0,0,0,2.5,0.002610122167654225,63,0.0,0.0,0.0
558100,2,2499,2,0,0,0,2.5,0.002610122167654225,63,0.0,0.0,0.0
558200,2,2500,2,0,0,0,2.5,0.002610122167654225,63,0.0,0.0,0.0
558300,2,2500,2,0,0,0,2.5,0.002610122167654225,63,0.0,0.0,0.0
558400,2,2500,2,0,0,0,2.5,0.002610122167654225,63,0.0,0.0,0.0
558500,2,2500,2,0,0,0,2.5,0.002610122167654225,63,0.0,0.0,0.0
558600,2,2500,2,0,0,0,2.5,0.002610122167654225,63,0.0,0.0,0.0
558700,2,2500,2,0,0,0,2.5,0.002610122167654225,63,0.0,0.0,0.0
558800,2,2499,2,0,0,0,2.5,0.002610122167654225,63,0.0,0.0,0.0
558900,2,2500,2,0,0,0,2.5,0.002610122167654225,63,0.0,0.0,0.0
559000,2,2500,2,0,0,0,2.5,0.002610122167654225,63,0.0,0.0,0.0
559100,2,2500,2,0,0,0,2.5,0.002610122167654225,63,0.0,0.0,0.0
559200,2,2500,2,0,0,0,2.5,0.002610122167654225,63,0.0,0.0,0.0
559300,2,2500,2,0,0,0,2.5,0.002610122167654225,63,0.0,0.0,0.0
559400,2,2500,2,0,0,0,2.5,0.002610122167654225,63,0.0,0.0,0.0
559500,2,2500,2,0,0,0,2.5,0.002610122167654225,63,0.0,0.0,0.0
559600,2,2500,2,0,0,0,2.5,0.002610122167654225,63,0.0,0.0,0.0
559700,2,2500,2,0,0,0,2.5,0.002610122167654225,63,0.0,0.0,0.0
559800,2,2500,2,0,0,0,2.5,0.002610122167654225,63,0.0,0.0,0.0
559900,2,2500,2,0,0,0,2.5,0.002610122167654225,63,0.0,0.0,0.0
560000,2,2500,2,0,0,0,2.5,0.002610122167654225,63,0.0,0.0,0.0
560100,2,2500,2,0,0,0,2.5,0.002610122167654225,63,0.0,0.0,0.0
560200,144,172,0,0,0,144,1.2274628910035272,0.0036448922857464424,64,492.0,51.0,5364.272003386943
560300,73,120,0,0,0,73,1.2423878699856208,0.003717765987507257,64,391.0,54.0,3969.8014148700668
560400,44,131,0,0,0,44,1.2457657104759747,0.003128941513610078,64,146.0,18.0,1554.5381204706937
560500,33,147,4,1,28,0,1.2347254184162288,0.00343632506057038,64,71.0,7.0,744.2522519255701
560600,23,176,4,0,19,0,1.226677044850834,0.003617828709039375,64,46.0,7.0,443.6032982814043
560700,20,190,4,0,16,0,1.23189146355767,0.0032519341128683004,64,11.0,1.0,122.4608947493206
560800,15,230,5,0,10,0,1.2405174198656204,0.0027039189905156734,64,18.0,1.0,210.61153601612818
560900,13,279,4,0,9,0,1.2478019849790978,0.0029733895345302745,64,13.0,2.0,135.1742291857003
561000,13,320,4,0,9,0,1.2554942926714052,0.0029733895345302745,64,0.0,0.0,0.0
561100,13,355,5,0,8,0,1.263186600363713,0.0029733895345302745,64,0.0,0.0,0.0
561200,12,409,5,0,7,0,1.284513129366884,0.0032211719957411307,64,2.0,1.0,13.626528637319737
561300,11,439,5,0,6,0,1.2837438042005145,0.0033025422791423138,64,2.0,1.0,12.657958159133717
561400,9,477,4,0,5,0,1.3318805090769095,0.004036440563396162,64,9.0,1.0,98.61135539785701
561500,8,517,4,0,4,0,1.3370578094804042,0.0028892265040788836,64,6.0,1.0,63.72273391248486
561600,8,556,4,0,4,0,1.3433078094804043,0.0028892265040788836,64,0.0,0.0,0.0
561700,8,597,4,0,4,0,1.3683078094804044,0.0028892265040788836,64,0.0,0.0,0.0
561800,8,640,5,0,3,0,1.3745578094804043,0.0028892265040788836,64,0.0,0.0,0.0
561900,8,685,5,0,3,0,1.3808078094804044,0.0028892265040788836,64,0.0,0.0,0.0
562000,8,729,5,0,3,0,1.3995578094804044,0.0028892265040788836,64,0.0,0.0,0.0
562100,8,773,5,0,3,0,1.4058078094804043,0.0028892265040788836,64,0.0,0.0,0.0
562200,7,821,4,0,3,0,1.414976298894023,0.0030558719061804626,64,9.0,1.0,89.46196526805771
562300,7,873,4,0,3,0,1.4364048703225945,0.0030558719061804626,64,0.0,0.0,0.0
562400,7,913,5,0,2,0,1.4364048703225945,0.0030558719061804626,64,9.0,0.0,141.59109976153294
562500,7,955,6,0,1,0,1.4435477274654518,0.0030558719061804626,64,0.0,0.0,0.0
562600,7,977,6,0,1,0,1.4864048703225945,0.0030558719061804626,64,0.0,0.0,0.0
562700,6,1009,4,0,2,0,1.466227441266932,0.0022874586219314512,64,9.0,1.0,97.3019652680577
562800,6,1055,5,0,1,0,1.4828941079335987,0.0022874586219314512,64,0.0,0.0,0.0
562900,6,1101,6,0,0,0,1.4828941079335987,0.0022874586219314512,64,3.0,0.0,50.62810003779606
563000,5,1134,5,0,0,0,1.4756691433796065,0.0021797089746385416,64,5.0,0.0,85.87981455469725
563100,5,1161,5,0,0,0,1.4956691433796065,0.0021797089746385416,64,0.0,0.0,0.0
563200,5,1188,5,0,0,0,1.5156691433796068,0.0021797089746385416,64,0.0,0.0,0.0
563300,5,1224,5,0,0,0,1.5456691433796066,0.0021797089746385416,64,0.0,0.0,0.0
563400,5,1242,5,0,0,0,1.5656691433796066,0.0021797089746385416,64,0.0,0.0,0.0
563500,4,1284,4,0,0,0,1.6559953215091205,0.0027246362182981767,64,3.0,0.0,45.87134857546502
563600,3,1336,3,0,0,0,1.7442949300901465,0.0023928624506399277,64,7.0,1.0,99.65580875087342
563700,3,1387,3,0,0,0,1.7776282634234801,0.0023928624506399277,64,0.0,0.0,0.0
563800,3,1428,3,0,0,0,1.8109615967568136,0.0023928624506399277,64,0.0,0.0,0.0
563900,3,1470,3,0,0,0,1.8609615967568134,0.0023928624506399277,64,0.0,0.0,0.0
564000,3,1511,3,0,0,0,1.87762826342348,0.0023928624506399277,64,0.0,0.0,0.0
564100,3,1563,3,0,0,0,1.9109615967568132,0.0023928624506399277,64,0.0,0.0,0.0
564200,3,1609,3,0,0,0,1.9442949300901466,0.0023928624506399277,64,0.0,0.0,0.0
564300,3,1634,3,0,0,0,1.9776282634234803,0.0023928624506399277,64,0.0,0.0,0.0
564400,3,1660,3,0,0,0,2.0109615967568133,0.0023928624506399277,64,0.0,0.0,0.0
564500,3,1693,3,0,0,0,2.060961596756813,0.0023928624506399277,64,0.0,0.0,0.0
564600,3,1743,3,0,0,0,2.0776282634234797,0.0023928624506399277,64,0.0,0.0,0.0
564700,3,1800,3,0,0,0,2.110961596756813,0.0023928624506399277,64,0.0,0.0,0.0
564800,3,1847,3,0,0,0,2.144294930090146,0.0023928624506399277,64,0.0,0.0,0.0
564900,3,1897,3,0,0,0,2.160961596756813,0.0023928624506399277,64,0.0,0.0,0.0
565000,3,1940,3,0,0,0,2.1942949300901464,0.0023928624506399277,64,0.0,0.0,0.0
565100,3,1989,3,0,0,0,2.210961596756813,0.0023928624506399277,64,0.0,0.0,0.0
565200,3,2033,3,0,0,0,2.2442949300901462,0.0023928624506399277,64,0.0,0.0,0.0
565300,3,2076,3,0,0,0,2.2776282634234795,0.0023928624506399277,64,0.0,0.0,0.0
565400,3,2128,3,0,0,0,2.294294930090146,0.0023928624506399277,64,0.0,0.0,0.0
565500,3,2176,3,0,0,0,2.3109615967568127,0.0023928624506399277,64,0.0,0.0,0.0
565600,3,2217,3,0,0,0,2.344294930090146,0.0023928624506399277,64,0.0,0.0,0.0
565700,3,2265,3,0,0,0,2.3614426423877455,0.0023928624506399277,64,0.0,0.0,0.0
565800,3,2287,3,0,0,0,2.3947759757210783,0.0023928624506399277,64,0.0,0.0,0.0
565900,3,2329,3,0,0,0,2.428109309054412,0.0023928624506399277,64,0.0,0.0,0.0
566000,3,2363,3,0,0,0,2.4447759757210785,0.0023928624506399277,64,0.0,0.0,0.0
566100,3,2400,3,0,0,0,2.4781093090544113,0.0023928624506399277,64,0.0,0.0,0.0
566200,3,2452,3,0,0,0,2.480155063921149,0.0023928624506399277,64,0.0,0.0,0.0
566300,3,2497,3,0,0,0,2.496821730587816,0.0023928624506399277,64,0.0,0.0,0.0
566400,3,2500,3,0,0,0,2.5,0.0023928624506399277,64,0.0,0.0,0.0
566500,3,2500,3,0,0,0,2.5,0.0023928624506399277,64,0.0,0.0,0.0
566600,3,2500,3,0,0,0,2.5,0.0023928624506399277,64,0.0,0.0,0.0
566700,3,2500,3,0,0,0,2.5,0.0023928624506399277,64,0.0,0.0,0.0
566800,3,2500,3,0,0,0,2.5,0.0023928624506399277,64,0.0,0.0,0.0
566900,3,2497,3,0,0,0,2.5,0.0023928624506399277,64,0.0,0.0,0.0
567000,3,2500,3,0,0,0,2.5,0.0023928624506399277,64,0.0,0.0,0.0
567100,3,2500,3,0,0,0,2.5,0.0023928624506399277,64,0.0,0.0,0.0
567200,3,2500,3,0,0,0,2.5,0.0023928624506399277,64,0.0,0.0,0.0
567300,3,2500,3,0,0,0,2.5,0.0023928624506399277,64,0.0,0.0,0.0
567400,3,2500,3,0,0,0,2.5,0.0023928624506399277,64,0.0,0.0,0.0
567500,3,2493,3,0,0,0,2.5,0.0023928624506399277,64,0.0,0.0,0.0
567600,3,2499,3,0,0,0,2.5,0.0023928624506399277,64,0.0,0.0,0.0
567700,3,2500,3,0,0,0,2.5,0.0023928624506399277,64,0.0,0.0,0.0
567800,3,2498,3,0,0,0,2.5,0.0023928624506399277,64,0.0,0.0,0.0
567900,3,2499,3,0,0,0,2.5,0.0023928624506399277,64,0.0,0.0,0.0
568000,3,2500,3,0,0,0,2.5,0.0023928624506399277,64,0.0,0.0,0.0
568100,3,2500,3,0,0,0,2.5,0.0023928624506399277,64,0.0,0.0,0.0
568200,3,2500,3,0,0,0,2.5,0.0023928624506399277,64,0.0,0.0,0.0
568300,2,2500,2,0,0,0,2.5,0.0031721975602775065,64,7.0,1.0,147.0
568400,2,2500,2,0,0,0,2.5,0.0031721975602775065,64,0.0,0.0,0.0
568500,2,2500,2,0,0,0,2.5,0.0031721975602775065,64,0.0,0.0,0.0
568600,2,2499,2,0,0,0,2.5,0.0031721975602775065,64,0.0,0.0,0.0
568700,2,2500,2,0,0,0,2.5,0.0031721975602775065,64,0.0,0.0,0.0
568800,114,220,0,0,0,114,1.3062740955554764,0.003455760313651337,65,583.0,78.0,6304.958947171071
568900,72,189,0,0,0,72,1.3026096076396074,0.0036912267896765483,65,271.0,35.0,2910.0500380908074
569000,48,187,0,0,0,48,1.296216561017731,0.003398124493916842,65,128.0,14.0,1431.697188560271
569100,32,215,8,3,21,0,1.2679749101531839,0.003327117857208412,65,63.0,11.0,637.1296968346772
569200,25,241,5,2,18,0,1.2564658660498107,0.0033446187063370884,65,61.0,5.0,661.5061237270354
569300,21,277,4,2,15,0,1.2926754056927823,0.0030108051449412427,65,19.0,3.0,193.8194384853771
569400,18,305,4,2,12,0,1.3000627323249023,0.002707036766290552,65,17.0,0.0,210.9522022614571
569500,14,340,3,2,9,0,1.3303687132580728,0.003480475842373567,65,2.0,0.0,24.146622044529366
569600,14,369,4,1,9,0,1.344654427543787,0.003480475842373567,65,15.0,0.0,189.0839313588456
569700,10,406,2,1,7,0,1.3380593717642284,0.0032576688571335118,65,19.0,3.0,209.4236834364026
569800,10,438,2,1,7,0,1.3530593717642285,0.0032576688571335118,65,0.0,0.0,0.0
569900,9,468,3,1,5,0,1.3673590173835817,0.0036196320634816798,65,6.0,0.0,80.28257459719175
570000,8,502,4,0,4,0,1.4078052569980462,0.0037853679898076377,65,1.0,1.0,0.0
570100,8,553,5,0,3,0,1.4203052569980463,0.0037853679898076377,65,0.0,0.0,0.0
570200,8,591,6,0,2,0,1.4390552569980462,0.0037853679898076377,65,0.0,0.0,0.0
570300,8,634,7,0,1,0,1.4390552569980462,0.0037853679898076377,65,0.0,0.0,0.0
570400,7,695,6,0,1,0,1.4365832115088826,0.0031541279854269163,65,4.0,1.0,39.244996034782346
570500,7,737,6,0,1,0,1.44372606865174,0.0031541279854269163,65,0.0,0.0,0.0
570600,7,785,6,0,1,0,1.4508689257945968,0.0031541279854269163,65,0.0,0.0,0.0
570700,7,832,6,0,1,0,1.4722974972231686,0.0031541279854269163,65,0.0,0.0,0.0
570800,6,875,5,0,1,0,1.4898867831125389,0.0024274435453633127,65,9.0,1.0,112.88886445840673
570900,6,929,5,0,1,0,1.4898867831125389,0.0024274435453633127,65,0.0,0.0,0.0
571000,6,977,5,0,1,0,1.5065534497792055,0.0024274435453633127,65,0.0,0.0,0.0
571100,6,1033,5,0,1,0,1.523220116445872,0.0024274435453633127,65,0.0,0.0,0.0
571200,6,1080,5,0,1,0,1.5315534497792054,0.0024274435453633127,65,5.0,0.0,75.21103720144501
571300,6,1125,5,0,1,0,1.548220116445872,0.0024274435453633127,65,0.0,0.0,0.0
571400,6,1165,5,0,1,0,1.5565534497792053,0.0024274435453633127,65,0.0,0.0,0.0
571500,6,1214,5,0,1,0,1.5815534497792054,0.0024274435453633127,65,0.0,0.0,0.0
571600,5,1260,4,0,1,0,1.6098823426472741,0.002912932254435975,65,10.0,1.0,131.06387352909383
571700,5,1317,4,0,1,0,1.6198823426472742,0.002912932254435975,65,0.0,0.0,0.0
571800,5,1372,4,0,1,0,1.6298823426472744,0.002912932254435975,65,0.0,0.0,0.0
571900,5,1418,4,0,1,0,1.6398823426472742,0.002912932254435975,65,0.0,0.0,0.0
572000,5,1466,4,0,1,0,1.6498823426472744,0.002912932254435975,65,0.0,0.0,0.0
572100,5,1507,4,0,1,0,1.6798823426472744,0.002912932254435975,65,0.0,0.0,0.0
572200,5,1561,4,0,1,0,1.6798823426472744,0.002912932254435975,65,7.0,0.0,97.66859272047569
572300,4,1605,3,0,1,0,1.8015822215599633,0.003641165318044969,65,6.0,1.0,82.09383549411575
572400,4,1657,3,0,1,0,1.8015822215599633,0.003641165318044969,65,0.0,0.0,0.0
572500,4,1698,4,0,0,0,1.8265822215599632,0.003641165318044969,65,0.0,0.0,0.0
572600,4,1730,4,0,0,0,1.876582221559963,0.003641165318044969,65,0.0,0.0,0.0
572700,4,1749,4,0,0,0,1.9015822215599631,0.003641165318044969,65,0.0,0.0,0.0
572800,4,1774,4,0,0,0,1.939082221559963,0.003641165318044969,65,0.0,0.0,0.0
572900,4,1805,4,0,0,0,1.964082221559963,0.003641165318044969,65,0.0,0.0,0.0
573000,4,1822,4,0,0,0,2.001582221559963,0.003641165318044969,65,0.0,0.0,0.0
573100,4,1841,4,0,0,0,2.0515822215599626,0.003641165318044969,65,0.0,0.0,0.0
573200,4,1879,4,0,0,0,2.076582221559963,0.003641165318044969,65,0.0,0.0,0.0
573300,4,1908,4,0,0,0,2.1140822215599626,0.003641165318044969,65,0.0,0.0,0.0
573400,4,1937,4,0,0,0,2.1390822215599625,0.003641165318044969,65,0.0,0.0,0.0
573500,4,1997,4,0,0,0,2.1515822215599627,0.003641165318044969,65,0.0,0.0,0.0
573600,4,2023,4,0,0,0,2.1863125772214778,0.003641165318044969,65,0.0,0.0,0.0
573700,4,2077,4,0,0,0,2.1863125772214778,0.003641165318044969,65,0.0,0.0,0.0
573800,4,2106,4,0,0,0,2.223812577221478,0.003641165318044969,65,0.0,0.0,0.0
573900,4,2160,4,0,0,0,2.223812577221478,0.003641165318044969,65,0.0,0.0,0.0
574000,4,2179,4,0,0,0,2.2613125772214775,0.003641165318044969,65,0.0,0.0,0.0
574100,4,2210,4,0,0,0,2.2738125772214777,0.003641165318044969,65,0.0,0.0,0.0
574200,4,2240,4,0,0,0,2.2863125772214774,0.003641165318044969,65,0.0,0.0,0.0
574300,4,2264,4,0,0,0,2.3238125772214775,0.003641165318044969,65,0.0,0.0,0.0
574400,4,2290,4,0,0,0,2.3363125772214772,0.003641165318044969,65,0.0,0.0,0.0
574500,4,2316,4,0,0,0,2.3488125772214774,0.003641165318044969,65,0.0,0.0,0.0
574600,4,2342,4,0,0,0,2.3775620521364944,0.003641165318044969,65,0.0,0.0,0.0
574700,3,2384,3,0,0,0,2.425128132613032,0.003730545851677844,65,8.0,1.0,156.09136969176197
574800,3,2429,3,0,0,0,2.4417947992796987,0.003730545851677844,65,0.0,0.0,0.0
574900,3,2479,3,0,0,0,2.4417947992796987,0.003730545851677844,65,0.0,0.0,0.0
575000,3,2500,3,0,0,0,2.4584614659463653,0.003730545851677844,65,0.0,0.0,0.0
575100,3,2500,3,0,0,0,2.4584614659463653,0.003730545851677844,65,0.0,0.0,0.0
575200,3,2499,3,0,0,0,2.475128132613032,0.003730545851677844,65,0.0,0.0,0.0
575300,3,2500,3,0,0,0,2.475128132613032,0.003730545851677844,65,0.0,0.0,0.0
575400,3,2500,3,0,0,0,2.4917947992796985,0.003730545851677844,65,0.0,0.0,0.0
575500,3,2500,3,0,0,0,2.4917947992796985,0.003730545851677844,65,0.0,0.0,0.0
575600,3,2499,3,0,0,0,2.5,0.003730545851677844,65,0.0,0.0,0.0
575700,3,2500,3,0,0,0,2.5,0.003730545851677844,65,0.0,0.0,0.0
575800,3,2500,3,0,0,0,2.5,0.003730545851677844,65,0.0,0.0,0.0
575900,3,2500,3,0,0,0,2.5,0.003730545851677844,65,0.0,0.0,0.0
576000,3,2499,3,0,0,0,2.5,0.003730545851677844,65,0.0,0.0,0.0
576100,3,2500,3,0,0,0,2.5,0.003730545851677844,65,0.0,0.0,0.0
576200,3,2500,3,0,0,0,2.5,0.003730545851677844,65,0.0,0.0,0.0
576300,3,2500,3,0,0,0,2.5,0.003730545851677844,65,0.0,0.0,0.0
576400,3,2500,3,0,0,0,2.5,0.003730545851677844,65,0.0,0.0,0.0
576500,3,2500,3,0,0,0,2.5,0.003730545851677844,65,0.0,0.0,0.0
576600,3,2500,3,0,0,0,2.5,0.003730545851677844,65,0.0,0.0,0.0
576700,3,2500,3,0,0,0,2.5,0.003730545851677844,65,0.0,0.0,0.0
576800,3,2499,3,0,0,0,2.5,0.003730545851677844,65,0.0,0.0,0.0
576900,3,2499,3,0,0,0,2.5,0.003730545851677844,65,0.0,0.0,0.0
577000,3,2500,3,0,0,0,2.5,0.003730545851677844,65,0.0,0.0,0.0
577100,3,2500,3,0,0,0,2.5,0.003730545851677844,65,0.0,0.0,0.0
577200,3,2499,3,0,0,0,2.5,0.003730545851677844,65,0.0,0.0,0.0
577300,3,2500,3,0,0,0,2.5,0.003730545851677844,65,0.0,0.0,0.0
577400,2,2500,2,0,0,0,2.5,0.005595818777516766,65,0.0,0.0,0.0
577500,2,2500,2,0,0,0,2.5,0.005595818777516766,65,0.0,0.0,0.0
577600,2,2500,2,0,0,0,2.5,0.005595818777516766,65,0.0,0.0,0.0
577700,2,2499,2,0,0,0,2.5,0.005595818777516766,65,0.0,0.0,0.0
577800,116,182,0,0,0,116,1.3393462683386321,0.00478486330493688,66,593.0,70.0,6954.530813728245
577900,69,129,0,0,0,69,1.336402301227292,0.005273352412232413,66,385.0,38.0,4545.14710598139
578000,41,126,0,0,0,41,1.3535928055709014,0.005640670344937329,66,162.0,23.0,1817.1838451669867
578100,30,147,5,1,24,0,1.3572747594407155,0.005515082930928191,66,83.0,9.0,969.1993400139208
578200,17,194,4,0,13,0,1.3420577484461806,0.0036510292147313174,66,89.0,11.0,1028.9428231542338
578300,14,256,4,0,10,0,1.3616441873597245,0.0033561886672494774,66,12.0,3.0,129.39485273806108
578400,12,317,4,0,8,0,1.3353780663576948,0.002849719283858836,66,2.0,1.0,14.390213375161485
578500,11,366,4,0,7,0,1.3566698075542758,0.0029620705243164954,66,3.0,0.0,40.061882099636954
578600,11,406,4,0,7,0,1.3793970802815485,0.0029620705243164954,66,3.0,0.0,39.70887402286823
578700,8,462,3,0,5,0,1.3820061807582862,0.0018370615850706986,66,11.0,2.0,117.23661927487419
578800,7,520,3,0,4,0,1.4028298035106175,0.0018206404545493772,66,0.0,0.0,0.0
578900,7,568,4,0,3,0,1.4099726606534746,0.0018206404545493772,66,0.0,0.0,0.0
579000,7,613,4,0,3,0,1.4242583749391888,0.0018206404545493772,66,0.0,0.0,0.0
579100,7,659,5,0,2,0,1.431401232082046,0.0018206404545493772,66,0.0,0.0,0.0
579200,7,722,5,0,2,0,1.4528298035106175,0.0018206404545493772,66,0.0,0.0,0.0
579300,7,778,5,0,2,0,1.4528298035106175,0.0018206404545493772,66,6.0,0.0,93.84148618319448
579400,6,828,4,0,2,0,1.4370003616378801,0.000286288549865388,66,10.0,1.0,117.89072910530535
579500,6,890,4,0,2,0,1.4370003616378801,0.000286288549865388,66,0.0,0.0,0.0
579600,6,945,4,0,2,0,1.4536670283045472,0.000286288549865388,66,0.0,0.0,0.0
579700,6,985,6,0,0,0,1.478667028304547,0.000286288549865388,66,0.0,0.0,0.0
579800,6,1042,6,0,0,0,1.4870003616378806,0.000286288549865388,66,0.0,0.0,0.0
579900,6,1097,6,0,0,0,1.5120003616378803,0.000286288549865388,66,0.0,0.0,0.0
580000,5,1156,5,0,0,0,1.4531781456919093,0.00034354625983846565,66,0.0,0.0,0.0
580100,5,1211,5,0,0,0,1.4631781456919093,0.00034354625983846565,66,0.0,0.0,0.0
580200,5,1261,5,0,0,0,1.4731781456919095,0.00034354625983846565,66,0.0,0.0,0.0
580300,5,1312,5,0,0,0,1.5031781456919096,0.00034354625983846565,66,0.0,0.0,0.0
580400,5,1378,5,0,0,0,1.5031781456919096,0.00034354625983846565,66,0.0,0.0,0.0
580500,5,1448,5,0,0,0,1.5031781456919096,0.00034354625983846565,66,0.0,0.0,0.0
580600,5,1501,5,0,0,0,1.5131781456919096,0.00034354625983846565,66,0.0,0.0,0.0
580700,5,1556,5,0,0,0,1.5331781456919096,0.00034354625983846565,66,0.0,0.0,0.0
580800,5,1602,5,0,0,0,1.5431781456919094,0.00034354625983846565,66,0.0,0.0,0.0
580900,5,1651,5,0,0,0,1.5731781456919096,0.00034354625983846565,66,0.0,0.0,0.0
581000,5,1690,5,0,0,0,1.5931781456919096,0.00034354625983846565,66,0.0,0.0,0.0
581100,5,1738,5,0,0,0,1.6031781456919094,0.00034354625983846565,66,0.0,0.0,0.0
581200,5,1773,5,0,0,0,1.6231781456919094,0.00034354625983846565,66,0.0,0.0,0.0
581300,5,1805,5,0,0,0,1.6431781456919095,0.00034354625983846565,66,0.0,0.0,0.0
581400,5,1824,5,0,0,0,1.6631781456919097,0.00034354625983846565,66,0.0,0.0,0.0
581500,5,1846,5,0,0,0,1.6931781456919097,0.00034354625983846565,66,0.0,0.0,0.0
581600,5,1886,5,0,0,0,1.7231781456919095,0.00034354625983846565,66,0.0,0.0,0.0
581700,5,1923,5,0,0,0,1.7331781456919095,0.00034354625983846565,66,0.0,0.0,0.0
581800,5,1966,5,0,0,0,1.7631781456919096,0.00034354625983846565,66,0.0,0.0,0.0
581900,5,1989,5,0,0,0,1.7731781456919093,0.00034354625983846565,66,0.0,0.0,0.0
582000,5,2016,5,0,0,0,1.8131781456919096,0.00034354625983846565,66,0.0,0.0,0.0
582100,5,2059,5,0,0,0,1.8331781456919096,0.00034354625983846565,66,0.0,0.0,0.0
582200,5,2084,5,0,0,0,1.8531781456919094,0.00034354625983846565,66,0.0,0.0,0.0
582300,5,2108,5,0,0,0,1.8831781456919097,0.00034354625983846565,66,0.0,0.0,0.0
582400,5,2153,5,0,0,0,1.8931781456919095,0.00034354625983846565,66,0.0,0.0,0.0
582500,5,2200,5,0,0,0,1.923178145691909,0.00034354625983846565,66,0.0,0.0,0.0
582600,5,2246,5,0,0,0,1.9331781456919093,0.00034354625983846565,66,0.0,0.0,0.0
582700,5,2252,5,0,0,0,1.9631781456919093,0.00034354625983846565,66,0.0,0.0,0.0
582800,5,2270,5,0,0,0,1.993178145691909,0.00034354625983846565,66,0.0,0.0,0.0
582900,5,2304,5,0,0,0,2.033178145691909,0.00034354625983846565,66,6.0,0.0,132.89614392687227
583000,4,2337,4,0,0,0,2.0158551045266884,0.00042943282479808204,66,6.0,1.0,113.57252800416697
583100,4,2387,4,0,0,0,2.028355104526688,0.00042943282479808204,66,0.0,0.0,0.0
583200,4,2440,4,0,0,0,2.0408551045266883,0.00042943282479808204,66,0.0,0.0,0.0
583300,4,2499,4,0,0,0,2.0533551045266885,0.00042943282479808204,66,0.0,0.0,0.0
583400,4,2500,4,0,0,0,2.0658551045266877,0.00042943282479808204,66,0.0,0.0,0.0
583500,2,2500,2,0,0,0,1.9131423258833316,0.0,66,20.0,2.0,435.5808402119013
583600,2,2500,2,0,0,0,1.9131423258833316,0.0,66,0.0,0.0,0.0
583700,2,2500,2,0,0,0,1.9381423258833317,0.0,66,0.0,0.0,0.0
583800,2,2500,2,0,0,0,1.9381423258833317,0.0,66,0.0,0.0,0.0
583900,2,2500,2,0,0,0,1.9381423258833317,0.0,66,0.0,0.0,0.0
584000,2,2500,2,0,0,0,1.9381423258833317,0.0,66,0.0,0.0,0.0
584100,2,2499,2,0,0,0,1.9381423258833317,0.0,66,0.0,0.0,0.0
584200,2,2500,2,0,0,0,1.9381423258833317,0.0,66,0.0,0.0,0.0
584300,2,2499,2,0,0,0,1.9381423258833317,0.0,66,0.0,0.0,0.0
584400,2,2500,2,0,0,0,1.9381423258833317,0.0,66,0.0,0.0,0.0
584500,2,2500,2,0,0,0,1.9381423258833317,0.0,66,0.0,0.0,0.0
584600,2,2500,2,0,0,0,1.9381423258833317,0.0,66,0.0,0.0,0.0
584700,2,2500,2,0,0,0,1.9381423258833317,0.0,66,0.0,0.0,0.0
584800,2,2500,2,0,0,0,1.9381423258833317,0.0,66,0.0,0.0,0.0
584900,2,2500,2,0,0,0,1.9631423258833318,0.0,66,0.0,0.0,0.0
585000,2,2500,2,0,0,0,1.9631423258833318,0.0,66,0.0,0.0,0.0
585100,2,2500,2,0,0,0,1.9631423258833318,0.0,66,0.0,0.0,0.0
585200,2,2500,2,0,0,0,1.9631423258833318,0.0,66,0.0,0.0,0.0
585300,2,2500,2,0,0,0,1.9631423258833318,0.0,66,0.0,0.0,0.0
585400,2,2500,2,0,0,0,1.9631423258833318,0.0,66,0.0,0.0,0.0
585500,2,2500,2,0,0,0,1.9631423258833318,0.0,66,0.0,0.0,0.0
585600,2,2500,2,0,0,0,1.9631423258833318,0.0,66,0.0,0.0,0.0
585700,2,2500,2,0,0,0,1.9631423258833318,0.0,66,0.0,0.0,0.0
585800,2,2500,2,0,0,0,1.9631423258833318,0.0,66,0.0,0.0,0.0
585900,197,485,0,0,0,197,1.272807336730033,0.0022062483532281052,67,24.0,2.0,283.77045992082384
586000,114,207,0,0,0,114,1.280934827172362,0.0025894853215133774,67,573.0,77.0,6341.398019670302
586100,74,140,0,0,0,74,1.2713821850373521,0.0025738991860418613,67,271.0,32.0,3040.4727753942566
586200,45,129,11,1,33,0,1.2683263627036654,0.002710588108372824,67,154.0,23.0,1665.4021040250886
586300,34,132,8,1,25,0,1.2603965138013677,0.0022171921375778426,67,63.0,8.0,706.5105689223913
586400,28,157,7,1,20,0,1.2553656155117152,0.0023671816141853375,67,51.0,4.0,552.6899082225696
586500,21,197,6,0,15,0,1.2878769423428005,0.0026871461593746047,67,22.0,4.0,216.9663549578838
586600,16,250,4,0,12,0,1.254236776777356,0.0018530056240921838,67,14.0,2.0,149.87427136748124
586700,14,296,3,0,11,0,1.2730874009748092,0.0020897465652408346,67,13.0,2.0,135.6614295496399
586800,14,332,3,0,11,0,1.2802302581176666,0.0020897465652408346,67,2.0,0.0,23.43805213935652
586900,13,364,3,0,10,0,1.286723432841959,0.002250496301028591,67,8.0,1.0,93.65418041419925
587000,12,407,3,0,9,0,1.2718636771632428,0.002065344037927212,67,4.0,0.0,50.7225510033595
587100,11,441,3,0,8,0,1.2938080758806967,0.002253102586829686,67,10.0,0.0,120.122839404521
587200,10,473,4,0,6,0,1.2756660491821334,0.0021902666082925498,67,14.0,1.0,154.11047819936124
587300,10,525,4,0,6,0,1.2806660491821336,0.0021902666082925498,67,3.0,0.0,37.26178920833595
587400,9,558,3,0,6,0,1.2851654982869243,0.002346609289463859,67,11.0,1.0,113.60478199523061
587500,9,594,3,0,6,0,1.3018321649535909,0.002346609289463859,67,0.0,0.0,0.0
587600,9,632,3,0,6,0,1.3073877205091464,0.002346609289463859,67,0.0,0.0,0.0
587700,9,679,3,0,6,0,1.312943276064702,0.002346609289463859,67,0.0,0.0,0.0
587800,9,713,3,0,6,0,1.329609942731369,0.002346609289463859,67,3.0,0.0,39.016914877828896
587900,8,760,3,0,5,0,1.3348638326711992,0.0021587771076574287,67,6.0,1.0,62.3216060258605
588000,8,810,3,0,5,0,1.3411138326711993,0.0021587771076574287,67,1.0,0.0,12.970358948946354
588100,6,869,2,0,4,0,1.3448794457088862,0.002747372290982523,67,16.0,2.0,178.93895887730326
588200,6,911,3,0,3,0,1.3615461123755528,0.002747372290982523,67,0.0,0.0,0.0
588300,6,968,3,0,3,0,1.3782127790422196,0.002747372290982523,67,0.0,0.0,0.0
588400,6,1007,3,0,3,0,1.3865461123755531,0.002747372290982523,67,0.0,0.0,0.0
588500,6,1052,3,0,3,0,1.4032127790422197,0.002747372290982523,67,0.0,0.0,0.0
588600,6,1092,3,0,3,0,1.4198794457088864,0.002747372290982523,67,0.0,0.0,0.0
588700,6,1142,3,0,3,0,1.436546112375553,0.002747372290982523,67,0.0,0.0,0.0
588800,6,1172,3,0,3,0,1.4532127790422198,0.002747372290982523,67,7.0,0.0,97.01660666615703
588900,6,1210,3,0,3,0,1.4698794457088864,0.002747372290982523,67,0.0,0.0,0.0
589000,6,1262,3,0,3,0,1.4782127790422195,0.002747372290982523,67,0.0,0.0,0.0
589100,5,1310,2,0,3,0,1.4948994467972336,0.003296846749179028,67,10.0,1.0,129.9632305405172
589200,5,1360,2,0,3,0,1.5048994467972339,0.003296846749179028,67,0.0,0.0,0.0
589300,5,1402,2,0,3,0,1.5248994467972339,0.003296846749179028,67,0.0,0.0,0.0
589400,5,1442,3,0,2,0,1.544899446797234,0.003296846749179028,67,0.0,0.0,0.0
589500,5,1474,3,0,2,0,1.584899446797234,0.003296846749179028,67,0.0,0.0,0.0
589600,5,1520,4,0,1,0,1.594899446797234,0.003296846749179028,67,0.0,0.0,0.0
589700,5,1576,4,0,1,0,1.604899446797234,0.003296846749179028,67,0.0,0.0,0.0
589800,5,1623,4,0,1,0,1.6248994467972337,0.003296846749179028,67,0.0,0.0,0.0
589900,5,1673,4,0,1,0,1.644899446797234,0.003296846749179028,67,5.0,0.0,86.16844154632227
590000,5,1711,4,0,1,0,1.664899446797234,0.003296846749179028,67,0.0,0.0,0.0
590100,5,1740,4,0,1,0,1.684899446797234,0.003296846749179028,67,0.0,0.0,0.0
590200,5,1783,4,0,1,0,1.7048994467972338,0.003296846749179028,67,0.0,0.0,0.0
590300,5,1812,4,0,1,0,1.7248994467972338,0.003296846749179028,67,0.0,0.0,0.0
590400,5,1862,4,0,1,0,1.744899446797234,0.003296846749179028,67,0.0,0.0,0.0
590500,5,1899,4,0,1,0,1.7648994467972337,0.003296846749179028,67,0.0,0.0,0.0
590600,5,1946,4,0,1,0,1.7948994467972341,0.003296846749179028,67,0.0,0.0,0.0
590700,5,2005,4,0,1,0,1.7948994467972341,0.003296846749179028,67,4.0,0.0,59.65728482068841
590800,4,2056,3,0,1,0,1.8202007977701518,0.002694281933103224,67,3.0,1.0,29.828642410344205
590900,4,2112,3,0,1,0,1.832700797770152,0.002694281933103224,67,0.0,0.0,0.0
591000,4,2159,3,0,1,0,1.8577007977701518,0.002694281933103224,67,0.0,0.0,0.0
591100,4,2185,3,0,1,0,1.8952007977701517,0.002694281933103224,67,0.0,0.0,0.0
591200,4,2213,3,0,1,0,1.9327007977701518,0.002694281933103224,67,0.0,0.0,0.0
591300,4,2252,3,0,1,0,1.9452007977701518,0.002694281933103224,67,0.0,0.0,0.0
591400,4,2268,4,0,0,0,1.9952007977701516,0.002694281933103224,67,0.0,0.0,0.0
591500,3,2307,3,0,0,0,2.1363112267829196,0.002487856949859643,67,6.0,1.0,113.85179474473173
591600,3,2347,3,0,0,0,2.1529778934495867,0.002487856949859643,67,0.0,0.0,0.0
591700,3,2378,3,0,0,0,2.2029778934495865,0.002487856949859643,67,0.0,0.0,0.0
591800,3,2409,3,0,0,0,2.2363112267829197,0.002487856949859643,67,0.0,0.0,0.0
591900,3,2425,3,0,0,0,2.278475888383384,0.002487856949859643,67,0.0,0.0,0.0
592000,3,2458,3,0,0,0,2.311809221716717,0.002487856949859643,67,0.0,0.0,0.0
592100,3,2497,3,0,0,0,2.3451425550500504,0.002487856949859643,67,0.0,0.0,0.0
592200,3,2500,3,0,0,0,2.361809221716717,0.002487856949859643,67,0.0,0.0,0.0
592300,3,2500,3,0,0,0,2.361809221716717,0.002487856949859643,67,0.0,0.0,0.0
592400,3,2500,3,0,0,0,2.3951425550500502,0.002487856949859643,67,0.0,0.0,0.0
592500,3,2499,3,0,0,0,2.4284758883833835,0.002487856949859643,67,0.0,0.0,0.0
592600,3,2500,3,0,0,0,2.44514255505005,0.002487856949859643,67,0.0,0.0,0.0
592700,3,2500,3,0,0,0,2.44514255505005,0.002487856949859643,67,0.0,0.0,0.0
592800,3,2500,3,0,0,0,2.4618092217167167,0.002487856949859643,67,0.0,0.0,0.0
592900,2,2500,2,0,0,0,2.4834954940483196,0.0018941147740491986,67,8.0,1.0,171.5
593000,2,2499,2,0,0,0,2.4834954940483196,0.0018941147740491986,67,0.0,0.0,0.0
593100,2,2500,2,0,0,0,2.5,0.0018941147740491986,67,0.0,0.0,0.0
593200,2,2500,2,0,0,0,2.5,0.0018941147740491986,67,0.0,0.0,0.0
593300,2,2500,2,0,0,0,2.5,0.0018941147740491986,67,0.0,0.0,0.0
593400,2,2500,2,0,0,0,2.5,0.0018941147740491986,67,0.0,0.0,0.0
593500,2,2499,2,0,0,0,2.5,0.0018941147740491986,67,0.0,0.0,0.0
593600,2,2500,2,0,0,0,2.5,0.0018941147740491986,67,0.0,0.0,0.0
593700,2,2500,2,0,0,0,2.5,0.0018941147740491986,67,0.0,0.0,0.0
593800,2,2500,2,0,0,0,2.5,0.0018941147740491986,67,0.0,0.0,0.0
593900,2,2499,2,0,0,0,2.5,0.0018941147740491986,67,0.0,0.0,0.0
594000,2,2500,2,0,0,0,2.5,0.0018941147740491986,67,0.0,0.0,0.0
594100,2,2500,2,0,0,0,2.5,0.0018941147740491986,67,0.0,0.0,0.0
594200,2,2500,2,0,0,0,2.5,0.0018941147740491986,67,0.0,0.0,0.0
594300,2,2499,2,0,0,0,2.5,0.0018941147740491986,67,0.0,0.0,0.0
594400,2,2500,2,0,0,0,2.5,0.0018941147740491986,67,0.0,0.0,0.0
594500,2,2500,2,0,0,0,2.5,0.0018941147740491986,67,0.0,0.0,0.0
594600,2,2500,2,0,0,0,2.5,0.0018941147740491986,67,0.0,0.0,0.0
594700,174,348,0,0,0,174,1.2144974610031956,0.002625443820294535,68,214.0,24.0,2240.933444197205
594800,81,189,0,0,0,81,1.2077101361502292,0.002692514784303513,68,621.0,78.0,6393.908922624696
594900,55,173,0,0,0,55,1.198506072997863,0.0028091604801867556,68,188.0,19.0,1957.7092724009296
595000,37,178,7,1,29,0,1.2034416319734937,0.0022358256099230533,68,84.0,15.0,799.2492236856398
595100,26,213,2,0,24,0,1.2049913241615544,0.002226149042847884,68,69.0,9.0,725.69152201377
595200,23,237,2,0,21,0,1.2020338942600868,0.0023686999826848755,68,25.0,3.0,247.12847524942168
595300,18,289,2,0,16,0,1.2079613129887592,0.0023244920718829484,68,24.0,3.0,241.17016956279812
595400,17,334,1,0,16,0,1.2189416027375686,0.002461226899640769,68,12.0,1.0,135.29665060102062
595500,15,373,3,0,12,0,1.2113068085457974,0.0023745989614737373,68,3.0,1.0,25.94817818542966
595600,14,391,3,0,11,0,1.2154661068440389,0.002544213173007576,68,12.0,1.0,134.37945064839192
595700,14,429,3,0,11,0,1.229751821129753,0.002544213173007576,68,4.0,0.0,45.520297369448905
595800,13,471,3,0,10,0,1.2290049046284544,0.00262119992422036,68,3.0,0.0,32.63842783209536
595900,13,509,4,0,9,0,1.2366972123207622,0.00262119992422036,68,0.0,0.0,0.0
596000,13,540,5,0,8,0,1.248235673859224,0.00262119992422036,68,11.0,0.0,131.40182641561222
596100,10,571,4,0,6,0,1.2311524373551053,0.003155388494506352,68,22.0,3.0,227.89510353955234
596200,9,630,3,0,6,0,1.2573449686607636,0.0028212621356081794,68,5.0,1.0,49.77478540126782
596300,9,692,4,0,5,0,1.2629005242163194,0.0028212621356081794,68,3.0,0.0,35.96862977405519
596400,8,731,3,0,5,0,1.2615272594791394,0.0030102080416213274,68,7.0,0.0,85.97655725314716
596500,8,784,3,0,5,0,1.2740272594791393,0.0030102080416213274,68,0.0,0.0,0.0
596600,8,829,3,0,5,0,1.2865272594791395,0.0030102080416213274,68,0.0,0.0,0.0
596700,8,880,3,0,5,0,1.2865272594791395,0.0030102080416213274,68,0.0,0.0,0.0
596800,8,927,4,0,4,0,1.2865272594791395,0.0030102080416213274,68,0.0,0.0,0.0
596900,8,985,4,0,4,0,1.2927772594791394,0.0030102080416213274,68,0.0,0.0,0.0
597000,8,1043,4,0,4,0,1.3052772594791393,0.0030102080416213274,68,0.0,0.0,0.0
597100,8,1095,4,0,4,0,1.3052772594791393,0.0030102080416213274,68,4.0,0.0,47.22671464242423
597200,8,1139,4,0,4,0,1.3240272594791394,0.0030102080416213274,68,0.0,0.0,0.0
597300,8,1174,5,0,3,0,1.3365272594791395,0.0030102080416213274,68,1.0,0.0,12.479543258018396
597400,7,1186,4,0,3,0,1.386231054414514,0.0027443923773198503,68,8.0,1.0,79.42944770473837
597500,7,1214,4,0,3,0,1.4005167687002282,0.0027443923773198503,68,0.0,0.0,0.0
597600,7,1246,5,0,2,0,1.4148024829859427,0.0027443923773198503,68,0.0,0.0,0.0
597700,7,1284,5,0,2,0,1.429088197271657,0.0027443923773198503,68,0.0,0.0,0.0
597800,7,1327,5,0,2,0,1.4362310544145143,0.0027443923773198503,68,0.0,0.0,0.0
597900,7,1366,5,0,2,0,1.4505167687002285,0.0027443923773198503,68,7.0,0.0,99.72179217055117
598000,7,1391,6,0,1,0,1.4862310544145143,0.0027443923773198503,68,4.0,0.0,56.63000570119279
598100,7,1436,6,0,1,0,1.4933739115573714,0.0027443923773198503,68,0.0,0.0,0.0
598200,7,1472,6,0,1,0,1.5005167687002285,0.0027443923773198503,68,1.0,0.0,15.266783618761982
598300,6,1500,5,0,1,0,1.5286944064796133,0.002647800819314426,68,19.0,1.0,252.7546281892357
598400,6,1524,5,0,1,0,1.5536944064796134,0.002647800819314426,68,0.0,0.0,0.0
598500,6,1551,5,0,1,0,1.5870277398129466,0.002647800819314426,68,0.0,0.0,0.0
598600,6,1588,5,0,1,0,1.59536107314628,0.002647800819314426,68,0.0,0.0,0.0
598700,6,1629,6,0,0,0,1.59536107314628,0.002647800819314426,68,2.0,0.0,27.899086516036792
598800,6,1662,6,0,0,0,1.62036107314628,0.002647800819314426,68,1.0,0.0,14.731854211437636
598900,6,1683,6,0,0,0,1.6453610731462798,0.002647800819314426,68,0.0,0.0,0.0
599000,6,1694,6,0,0,0,1.6703610731462801,0.002647800819314426,68,0.0,0.0,0.0
599100,6,1725,6,0,0,0,1.6870277398129467,0.002647800819314426,68,0.0,0.0,0.0
599200,6,1750,6,0,0,0,1.7120277398129469,0.002647800819314426,68,0.0,0.0,0.0
599300,6,1780,6,0,0,0,1.737027739812947,0.002647800819314426,68,0.0,0.0,0.0
599400,6,1823,6,0,0,0,1.7536944064796136,0.002647800819314426,68,0.0,0.0,0.0
599500,6,1863,6,0,0,0,1.7536944064796136,0.002647800819314426,68,3.0,0.0,54.44269672030764
599600,6,1902,6,0,0,0,1.7786944064796135,0.002647800819314426,68,0.0,0.0,0.0
599700,5,1943,5,0,0,0,1.8328605539424796,0.003177360983177311,68,8.0,1.0,121.6568028061288
599800,5,1963,5,0,0,0,1.8628605539424796,0.003177360983177311,68,0.0,0.0,0.0
599900,5,2003,5,0,0,0,1.8828605539424796,0.003177360983177311,68,0.0,0.0,0.0
600000,5,2045,5,0,0,0,1.9028605539424799,0.003177360983177311,68,0.0,0.0,0.0
600100,5,2085,5,0,0,0,1.9128605539424797,0.003177360983177311,68,0.0,0.0,0.0
600200,5,2116,5,0,0,0,1.9328605539424797,0.003177360983177311,68,0.0,0.0,0.0
600300,5,2149,5,0,0,0,1.9628605539424797,0.003177360983177311,68,2.0,0.0,43.668840963055175
600400,5,2162,5,0,0,0,2.0028605539424795,0.003177360983177311,68,0.0,0.0,0.0
600500,5,2182,5,0,0,0,2.0228605539424795,0.003177360983177311,68,0.0,0.0,0.0
600600,5,2201,5,0,0,0,2.0528605539424793,0.003177360983177311,68,0.0,0.0,0.0
600700,5,2242,5,0,0,0,2.072860553942479,0.003177360983177311,68,3.0,0.0,54.62035085628595
600800,4,2280,4,0,0,0,2.158262562505517,0.002153338999383543,68,3.0,1.0,36.41356723752397
600900,4,2318,4,0,0,0,2.1707625625055167,0.002153338999383543,68,0.0,0.0,0.0
601000,4,2363,4,0,0,0,2.208262562505517,0.002153338999383543,68,0.0,0.0,0.0
601100,4,2391,4,0,0,0,2.208262562505517,0.002153338999383543,68,0.0,0.0,0.0
601200,4,2436,4,0,0,0,2.2207625625055165,0.002153338999383543,68,0.0,0.0,0.0
601300,4,2474,4,0,0,0,2.245762562505517,0.002153338999383543,68,0.0,0.0,0.0
601400,4,2500,4,0,0,0,2.245762562505517,0.002153338999383543,68,0.0,0.0,0.0
601500,4,2500,4,0,0,0,2.2703144611423567,0.002153338999383543,68,0.0,0.0,0.0
601600,3,2499,3,0,0,0,2.2270859481898087,0.0005123722246501023,68,11.0,1.0,186.9678361876198
601700,3,2500,3,0,0,0,2.2604192815231423,0.0005123722246501023,68,0.0,0.0,0.0
601800,3,2500,3,0,0,0,2.277085948189809,0.0005123722246501023,68,0.0,0.0,0.0
601900,3,2500,3,0,0,0,2.293752614856475,0.0005123722246501023,68,4.0,0.0,91.07817303207356
602000,2,2500,2,0,0,0,2.411711390715224,0.000329044065893639,68,3.0,1.0,45.53908651603678
602100,2,2500,2,0,0,0,2.436711390715224,0.000329044065893639,68,0.0,0.0,0.0
602200,2,2500,2,0,0,0,2.436711390715224,0.000329044065893639,68,0.0,0.0,0.0
602300,2,2500,2,0,0,0,2.436711390715224,0.000329044065893639,68,0.0,0.0,0.0
602400,2,2500,2,0,0,0,2.461711390715224,0.000329044065893639,68,0.0,0.0,0.0
602500,2,2500,2,0,0,0,2.461711390715224,0.000329044065893639,68,0.0,0.0,0.0
602600,2,2500,2,0,0,0,2.461711390715224,0.000329044065893639,68,0.0,0.0,0.0
602700,2,2499,2,0,0,0,2.461711390715224,0.000329044065893639,68,0.0,0.0,0.0
602800,2,2500,2,0,0,0,2.486711390715224,0.000329044065893639,68,0.0,0.0,0.0
602900,2,2500,2,0,0,0,2.486711390715224,0.000329044065893639,68,0.0,0.0,0.0
603000,2,2500,2,0,0,0,2.486711390715224,0.000329044065893639,68,0.0,0.0,0.0
603100,2,2500,2,0,0,0,2.5,0.000329044065893639,68,0.0,0.0,0.0
603200,2,2500,2,0,0,0,2.5,0.000329044065893639,68,0.0,0.0,0.0
603300,2,2500,2,0,0,0,2.5,0.000329044065893639,68,0.0,0.0,0.0
603400,2,2500,2,0,0,0,2.5,0.000329044065893639,68,0.0,0.0,0.0
603500,2,2499,2,0,0,0,2.5,0.000329044065893639,68,0.0,0.0,0.0
603600,2,2500,2,0,0,0,2.5,0.000329044065893639,68,0.0,0.0,0.0
603700,177,350,0,0,0,177,1.1910806647157328,0.002816714158564916,69,218.0,23.0,2279.311115207787
603800,91,199,0,0,0,91,1.198443164570345,0.003065332540606018,69,597.0,69.0,6105.591268255148
603900,44,183,0,0,0,44,1.2106701741654342,0.0027830790179412092,69,341.0,39.0,3524.2190284616786
604000,36,211,9,1,26,0,1.2011247092663444,0.002787379124582735,69,64.0,6.0,639.6204336275837
604100,31,238,7,1,23,0,1.2070401839120324,0.002995923440553273,69,58.0,3.0,614.1312972560751
604200,24,280,2,1,21,0,1.1915889953528744,0.0030549240386221377,69,42.0,6.0,433.5187712166171
604300,21,316,2,1,18,0,1.2034406873996375,0.0032626337704983375,69,14.0,1.0,159.69394039094365
604400,21,337,3,1,17,0,1.208202592161542,0.0032626337704983375,69,0.0,0.0,0.0
604500,18,351,5,1,12,0,1.1823737806475203,0.0035012545987959556,69,40.0,2.0,454.0365999548704
604600,17,385,5,1,11,0,1.1896001601715849,0.0035056678772011378,69,13.0,0.0,148.1073249118377
604700,15,414,4,1,10,0,1.196064340715402,0.003973090260827956,69,19.0,2.0,196.7869026946744
604800,13,456,2,1,10,0,1.186072033097723,0.0034646074962467912,69,9.0,2.0,84.73801718910744
604900,12,497,1,1,10,0,1.1981835627998436,0.0037533247876006906,69,8.0,1.0,74.56056712999421
605000,11,539,1,0,10,0,1.180969031732056,0.002657410013262843,69,12.0,1.0,132.3776085572336
605100,11,583,1,0,10,0,1.1946053953684197,0.002657410013262843,69,4.0,0.0,45.28160172905292
605200,10,646,1,0,9,0,1.219462167320749,0.002480871814423484,69,10.0,1.0,101.78578573342648
605300,9,691,2,0,7,0,1.2199344417662157,0.0025979386746299675,69,10.0,1.0,100.82757743179435
605400,8,740,1,0,7,0,1.2426172046035489,0.0029226810089587134,69,6.0,1.0,66.79101728857093
605500,8,796,1,0,7,0,1.2488672046035487,0.0029226810089587134,69,0.0,0.0,0.0
605600,7,852,1,0,6,0,1.2373223761424175,0.0022253633715716113,69,9.0,1.0,91.65418799496594
605700,7,908,2,0,5,0,1.2373223761424175,0.0022253633715716113,69,4.0,0.0,47.54629299065959
605800,6,974,1,0,5,0,1.2736996854421614,0.0023927037550483237,69,4.0,1.0,36.08951949128885
605900,6,1032,2,0,4,0,1.2820330187754945,0.0023927037550483237,69,0.0,0.0,0.0
606000,6,1096,2,0,4,0,1.2903663521088278,0.0023927037550483237,69,0.0,0.0,0.0
606100,6,1159,2,0,4,0,1.2986996854421613,0.0023927037550483237,69,10.0,0.0,127.3105686280044
606200,5,1214,3,0,2,0,1.2958232254343858,0.0028712445060579883,69,11.0,1.0,122.34955032151612
606300,4,1273,3,0,1,0,1.268689514422252,0.002336916925193538,69,0.0,0.0,0.0
606400,4,1338,3,0,1,0,1.281189514422252,0.002336916925193538,69,0.0,0.0,0.0
606500,4,1402,3,0,1,0,1.281189514422252,0.002336916925193538,69,0.0,0.0,0.0
606600,4,1460,3,0,1,0,1.281189514422252,0.002336916925193538,69,0.0,0.0,0.0
606700,4,1503,3,0,1,0,1.3186895144222521,0.002336916925193538,69,0.0,0.0,0.0
606800,4,1564,3,0,1,0,1.3436895144222523,0.002336916925193538,69,0.0,0.0,0.0
606900,4,1622,3,0,1,0,1.3436895144222523,0.002336916925193538,69,0.0,0.0,0.0
607000,4,1672,3,0,1,0,1.3561895144222524,0.002336916925193538,69,0.0,0.0,0.0
607100,4,1734,3,0,1,0,1.3686895144222524,0.002336916925193538,69,0.0,0.0,0.0
607200,4,1789,3,0,1,0,1.3936895144222523,0.002336916925193538,69,6.0,0.0,83.04984144377028
607300,3,1847,3,0,0,0,1.4322811603940353,0.0023419876348138215,69,6.0,1.0,77.4889751117492
607400,3,1898,3,0,0,0,1.4656144937273687,0.0023419876348138215,69,0.0,0.0,0.0
607500,3,1964,3,0,0,0,1.4656144937273687,0.0023419876348138215,69,0.0,0.0,0.0
607600,3,2029,3,0,0,0,1.4822811603940353,0.0023419876348138215,69,0.0,0.0,0.0
607700,3,2091,3,0,0,0,1.4822811603940353,0.0023419876348138215,69,0.0,0.0,0.0
607800,3,2143,3,0,0,0,1.5322811603940354,0.0023419876348138215,69,0.0,0.0,0.0
607900,3,2203,3,0,0,0,1.5322811603940354,0.0023419876348138215,69,0.0,0.0,0.0
608000,3,2261,3,0,0,0,1.548947827060702,0.0023419876348138215,69,0.0,0.0,0.0
608100,3,2319,3,0,0,0,1.5656144937273686,0.0023419876348138215,69,0.0,0.0,0.0
608200,3,2382,3,0,0,0,1.5656144937273686,0.0023419876348138215,69,0.0,0.0,0.0
608300,3,2443,3,0,0,0,1.5989478270607023,0.0023419876348138215,69,0.0,0.0,0.0
608400,3,2500,3,0,0,0,1.6156144937273689,0.0023419876348138215,69,0.0,0.0,0.0
608500,3,2500,3,0,0,0,1.6156144937273689,0.0023419876348138215,69,0.0,0.0,0.0
608600,3,2500,3,0,0,0,1.6322811603940355,0.0023419876348138215,69,0.0,0.0,0.0
608700,3,2499,3,0,0,0,1.6489478270607023,0.0023419876348138215,69,0.0,0.0,0.0
608800,2,2500,2,0,0,0,1.7294711659581359,0.0035129814522207323,69,8.0,1.0,108.21887881300732
608900,2,2500,2,0,0,0,1.7544711659581358,0.0035129814522207323,69,0.0,0.0,0.0
609000,2,2500,2,0,0,0,1.7794711659581357,0.0035129814522207323,69,0.0,0.0,0.0
609100,2,2500,2,0,0,0,1.8044711659581358,0.0035129814522207323,69,0.0,0.0,0.0
609200,2,2500,2,0,0,0,1.829471165958136,0.0035129814522207323,69,0.0,0.0,0.0
609300,2,2500,2,0,0,0,1.829471165958136,0.0035129814522207323,69,0.0,0.0,0.0
609400,2,2500,2,0,0,0,1.829471165958136,0.0035129814522207323,69,0.0,0.0,0.0
609500,2,2500,2,0,0,0,1.8794711659581358,0.0035129814522207323,69,0.0,0.0,0.0
609600,2,2500,2,0,0,0,1.8794711659581358,0.0035129814522207323,69,0.0,0.0,0.0
609700,2,2500,2,0,0,0,1.904471165958136,0.0035129814522207323,69,0.0,0.0,0.0
609800,2,2500,2,0,0,0,1.904471165958136,0.0035129814522207323,69,0.0,0.0,0.0
609900,2,2500,2,0,0,0,1.904471165958136,0.0035129814522207323,69,0.0,0.0,0.0
610000,2,2500,2,0,0,0,1.929471165958136,0.0035129814522207323,69,0.0,0.0,0.0
610100,2,2500,2,0,0,0,1.929471165958136,0.0035129814522207323,69,0.0,0.0,0.0
610200,2,2500,2,0,0,0,1.929471165958136,0.0035129814522207323,69,0.0,0.0,0.0
610300,2,2500,2,0,0,0,1.954471165958136,0.0035129814522207323,69,0.0,0.0,0.0
610400,2,2500,2,0,0,0,1.9794711659581359,0.0035129814522207323,69,0.0,0.0,0.0
610500,2,2500,2,0,0,0,1.9794711659581359,0.0035129814522207323,69,0.0,0.0,0.0
610600,2,2500,2,0,0,0,1.9794711659581359,0.0035129814522207323,69,0.0,0.0,0.0
610700,2,2500,2,0,0,0,2.004471165958136,0.0035129814522207323,69,0.0,0.0,0.0
610800,2,2500,2,0,0,0,2.004471165958136,0.0035129814522207323,69,0.0,0.0,0.0
610900,2,2499,2,0,0,0,2.029471165958136,0.0035129814522207323,69,0.0,0.0,0.0
611000,2,2500,2,0,0,0,2.0544711659581356,0.0035129814522207323,69,0.0,0.0,0.0
611100,2,2500,2,0,0,0,2.1044711659581354,0.0035129814522207323,69,0.0,0.0,0.0
611200,111,263,0,0,0,111,1.1132070056083794,0.0033179854864385603,70,660.0,77.0,6458.099923519039
611300,64,201,0,0,0,64,1.1038070370275213,0.003173740043785709,70,335.0,39.0,3216.072750252848
611400,44,208,0,0,0,44,1.1032710955746288,0.002839767770010804,70,178.0,17.0,1744.6149299406188
611500,30,218,5,5,20,0,1.0913641619327974,0.0020330500716677093,70,68.0,10.0,623.5674682522936
611600,25,248,4,3,18,0,1.0959004048721823,0.002439660086001251,70,23.0,2.0,220.50621187071067
611700,24,272,4,2,18,0,1.0954443027484706,0.002388112146437331,70,22.0,1.0,220.15724063000533
611800,16,311,4,2,10,0,1.102369310271123,0.002478249413543016,70,14.0,0.0,144.79180040938314
611900,15,336,4,2,9,0,1.1192319508886006,0.0024755388387084297,70,19.0,1.0,207.87751401932707
612000,11,380,5,1,5,0,1.1231179027800315,0.002289768043396026,70,6.0,1.0,55.50283209215539
612100,11,422,7,0,4,0,1.1322088118709404,0.002289768043396026,70,0.0,0.0,0.0
612200,10,447,7,0,3,0,1.1343500189661586,0.002224619075568483,70,14.0,1.0,146.24532187500228
612300,8,500,5,0,3,0,1.1428270212997103,0.0027141202250306274,70,20.0,2.0,201.97565217084272
612400,8,555,5,0,3,0,1.1490770212997101,0.0027141202250306274,70,0.0,0.0,0.0
612500,8,603,6,0,2,0,1.1615770212997103,0.0027141202250306274,70,0.0,0.0,0.0
612600,8,648,6,0,2,0,1.1740770212997103,0.0027141202250306274,70,0.0,0.0,0.0
612700,8,697,6,0,2,0,1.1740770212997103,0.0027141202250306274,70,1.0,0.0,11.803177553196157
612800,8,749,6,0,2,0,1.1865770212997102,0.0027141202250306274,70,1.0,0.0,11.803177553196157
612900,8,794,6,0,2,0,1.1990770212997102,0.0027141202250306274,70,0.0,0.0,0.0
613000,8,831,6,0,2,0,1.2115770212997101,0.0027141202250306274,70,0.0,0.0,0.0
613100,8,859,6,0,2,0,1.2303270212997104,0.0027141202250306274,70,1.0,0.0,12.29317755319616
613200,8,906,7,0,1,0,1.2365770212997103,0.0027141202250306274,70,2.0,0.0,24.46247567332083
613300,6,938,5,0,1,0,1.241074197220688,0.002953331534762389,70,16.0,2.0,167.29542299704673
613400,6,979,5,0,1,0,1.2577408638873548,0.002953331534762389,70,0.0,0.0,0.0
613500,6,1026,5,0,1,0,1.2744075305540215,0.002953331534762389,70,7.0,0.0,81.94896870234092
613600,5,1072,4,0,1,0,1.3151330501643095,0.003464910672797243,70,6.0,1.0,67.94239704762154
613700,5,1124,4,0,1,0,1.3351330501643095,0.003464910672797243,70,0.0,0.0,0.0
613800,5,1171,4,0,1,0,1.3351330501643095,0.003464910672797243,70,0.0,0.0,0.0
613900,5,1217,4,0,1,0,1.3551330501643095,0.003464910672797243,70,0.0,0.0,0.0
614000,5,1264,4,0,1,0,1.3651330501643095,0.003464910672797243,70,0.0,0.0,0.0
614100,5,1326,4,0,1,0,1.3851330501643093,0.003464910672797243,70,0.0,0.0,0.0
614200,5,1377,5,0,0,0,1.3851330501643093,0.003464910672797243,70,0.0,0.0,0.0
614300,5,1442,5,0,0,0,1.4051330501643096,0.003464910672797243,70,0.0,0.0,0.0
614400,5,1490,5,0,0,0,1.4151330501643096,0.003464910672797243,70,0.0,0.0,0.0
614500,5,1536,5,0,0,0,1.4351330501643094,0.003464910672797243,70,3.0,0.0,43.70543822857293
614600,5,1603,5,0,0,0,1.4351330501643094,0.003464910672797243,70,0.0,0.0,0.0
614700,5,1654,5,0,0,0,1.4551330501643096,0.003464910672797243,70,0.0,0.0,0.0
614800,5,1705,5,0,0,0,1.4651330501643096,0.003464910672797243,70,0.0,0.0,0.0
614900,5,1762,5,0,0,0,1.4851330501643099,0.003464910672797243,70,0.0,0.0,0.0
615000,5,1801,5,0,0,0,1.5051330501643094,0.003464910672797243,70,0.0,0.0,0.0
615100,5,1835,5,0,0,0,1.5251330501643097,0.003464910672797243,70,0.0,0.0,0.0
615200,5,1875,5,0,0,0,1.5451330501643095,0.003464910672797243,70,0.0,0.0,0.0
615300,5,1929,5,0,0,0,1.5551330501643097,0.003464910672797243,70,0.0,0.0,0.0
615400,5,1967,5,0,0,0,1.5751330501643097,0.003464910672797243,70,0.0,0.0,0.0
615500,5,2016,5,0,0,0,1.5851330501643097,0.003464910672797243,70,0.0,0.0,0.0
615600,5,2059,5,0,0,0,1.6051330501643097,0.003464910672797243,70,0.0,0.0,0.0
615700,4,2106,4,0,0,0,1.557637054732121,0.003176156898399717,70,9.0,1.0,115.25369900404702
615800,4,2156,4,0,0,0,1.582637054732121,0.003176156898399717,70,0.0,0.0,0.0
615900,4,2206,4,0,0,0,1.5951370547321209,0.003176156898399717,70,1.0,0.0,13.846928963148052
616000,3,2257,3,0,0,0,1.5646562291147899,0.0042348758645329556,70,9.0,1.0,110.77543170518445
616100,3,2319,3,0,0,0,1.581322895781457,0.0042348758645329556,70,0.0,0.0,0.0
616200,3,2378,3,0,0,0,1.5979895624481235,0.0042348758645329556,70,0.0,0.0,0.0
616300,3,2427,3,0,0,0,1.6146562291147901,0.0042348758645329556,70,0.0,0.0,0.0
616400,3,2463,3,0,0,0,1.6479895624481233,0.0042348758645329556,70,0.0,0.0,0.0
616500,3,2500,3,0,0,0,1.6646562291147902,0.0042348758645329556,70,0.0,0.0,0.0
616600,3,2500,3,0,0,0,1.7313228957814566,0.0042348758645329556,70,0.0,0.0,0.0
616700,3,2499,3,0,0,0,1.7813228957814566,0.0042348758645329556,70,0.0,0.0,0.0
616800,3,2500,3,0,0,0,1.8146562291147899,0.0042348758645329556,70,0.0,0.0,0.0
616900,3,2500,3,0,0,0,1.8646562291147901,0.0042348758645329556,70,0.0,0.0,0.0
617000,3,2500,3,0,0,0,1.8979895624481233,0.0042348758645329556,70,0.0,0.0,0.0
617100,3,2500,3,0,0,0,1.9646562291147898,0.0042348758645329556,70,3.0,0.0,47.63013712651764
617200,2,2500,2,0,0,0,1.916512313196629,0.0034673615509277743,70,7.0,1.0,95.26027425303528
617300,2,2500,2,0,0,0,1.941512313196629,0.0034673615509277743,70,0.0,0.0,0.0
617400,2,2500,2,0,0,0,1.966512313196629,0.0034673615509277743,70,0.0,0.0,0.0
617500,2,2500,2,0,0,0,1.9915123131966288,0.0034673615509277743,70,0.0,0.0,0.0
617600,2,2500,2,0,0,0,1.9915123131966288,0.0034673615509277743,70,0.0,0.0,0.0
617700,2,2500,2,0,0,0,2.0165123131966287,0.0034673615509277743,70,0.0,0.0,0.0
617800,2,2500,2,0,0,0,2.066512313196629,0.0034673615509277743,70,0.0,0.0,0.0
617900,2,2500,2,0,0,0,2.0915123131966284,0.0034673615509277743,70,0.0,0.0,0.0
618000,2,2500,2,0,0,0,2.0915123131966284,0.0034673615509277743,70,0.0,0.0,0.0
618100,2,2500,2,0,0,0,2.1350363456890755,0.0034673615509277743,70,0.0,0.0,0.0
618200,2,2500,2,0,0,0,2.1350363456890755,0.0034673615509277743,70,0.0,0.0,0.0
618300,2,2500,2,0,0,0,2.1350363456890755,0.0034673615509277743,70,0.0,0.0,0.0
618400,2,2499,2,0,0,0,2.1350363456890755,0.0034673615509277743,70,0.0,0.0,0.0
618500,2,2500,2,0,0,0,2.1600363456890754,0.0034673615509277743,70,0.0,0.0,0.0
618600,2,2500,2,0,0,0,2.1600363456890754,0.0034673615509277743,70,0.0,0.0,0.0
618700,2,2500,2,0,0,0,2.185036345689076,0.0034673615509277743,70,0.0,0.0,0.0
618800,2,2500,2,0,0,0,2.185036345689076,0.0034673615509277743,70,0.0,0.0,0.0
618900,2,2499,2,0,0,0,2.2100363456890757,0.0034673615509277743,70,0.0,0.0,0.0
619000,2,2500,2,0,0,0,2.2350363456890756,0.0034673615509277743,70,0.0,0.0,0.0
619100,2,2500,2,0,0,0,2.260036345689076,0.0034673615509277743,70,0.0,0.0,0.0
619200,2,2500,2,0,0,0,2.2850363456890754,0.0034673615509277743,70,0.0,0.0,0.0
619300,2,2500,2,0,0,0,2.2850363456890754,0.0034673615509277743,70,0.0,0.0,0.0
619400,2,2500,2,0,0,0,2.310036345689076,0.0034673615509277743,70,0.0,0.0,0.0
619500,2,2500,2,0,0,0,2.3350363456890753,0.0034673615509277743,70,0.0,0.0,0.0
619600,2,2500,2,0,0,0,2.3600363456890756,0.0034673615509277743,70,0.0,0.0,0.0
619700,2,2500,2,0,0,0,2.385036345689075,0.0034673615509277743,70,0.0,0.0,0.0
619800,2,2500,2,0,0,0,2.385036345689075,0.0034673615509277743,70,0.0,0.0,0.0
619900,2,2500,2,0,0,0,2.385036345689075,0.0034673615509277743,70,0.0,0.0,0.0
620000,2,2500,2,0,0,0,2.385036345689075,0.0034673615509277743,70,0.0,0.0,0.0
620100,2,2499,2,0,0,0,2.4100363456890754,0.0034673615509277743,70,0.0,0.0,0.0
620200,120,221,0,0,0,120,1.0652556042441212,0.004029556350731451,71,606.0,68.0,5605.542396017248
620300,65,183,0,0,0,65,1.0593225161500577,0.003968147239788164,71,360.0,45.0,3289.3564182444024
620400,42,184,0,0,0,42,1.0653568506262778,0.003448856242434772,71,143.0,17.0,1308.1425599581519
620500,27,220,4,1,22,0,1.0649592858900372,0.003901411763071618,71,60.0,8.0,554.0593511285632
620600,20,260,4,0,16,0,1.0724732352750592,0.004371974743561308,71,27.0,3.0,248.82397255502892
620700,18,289,6,0,12,0,1.0718967904152,0.0044794493244990794,71,20.0,1.0,190.4954310142094
620800,15,326,5,0,10,0,1.076256530607353,0.003704989838415302,71,15.0,1.0,140.03599248689108
620900,14,365,6,0,8,0,1.0894504564508165,0.0038435242848350267,71,10.0,1.0,90.21207441252834
621000,14,388,6,0,8,0,1.100164742165102,0.0038435242848350267,71,7.0,0.0,74.20786075801776
621100,13,422,6,0,7,0,1.1005136128787532,0.0034429191431546166,71,10.0,1.0,96.50368110952142
621200,11,447,4,0,7,0,1.1168794466831296,0.0029613744743761158,71,15.0,2.0,141.61901114291814
621300,10,508,4,0,6,0,1.1222698291573887,0.003257511921813727,71,9.0,1.0,85.68332988004451
621400,10,560,4,0,6,0,1.1272698291573886,0.003257511921813727,71,0.0,0.0,0.0
621500,10,596,5,0,5,0,1.1372698291573886,0.003257511921813727,71,3.0,0.0,34.04902873034618
621600,9,648,5,0,4,0,1.1570542590609387,0.002940957696578823,71,6.0,1.0,56.8722921618392
621700,9,684,5,0,4,0,1.162609814616494,0.002940957696578823,71,0.0,0.0,0.0
621800,9,725,5,0,4,0,1.162609814616494,0.002940957696578823,71,1.0,0.0,10.684747129376936
621900,8,773,4,0,4,0,1.185393850518651,0.0026738309489645657,71,0.0,0.0,0.0
622000,8,809,4,0,4,0,1.185393850518651,0.0026738309489645657,71,0.0,0.0,0.0
622100,7,862,3,0,4,0,1.2021593218125843,0.0030558067988166464,71,11.0,1.0,116.92472676606435
622200,7,905,3,0,4,0,1.2093021789554417,0.0030558067988166464,71,0.0,0.0,0.0
622300,7,958,3,0,4,0,1.2307307503840128,0.0030558067988166464,71,4.0,0.0,47.0156149787132
622400,7,1005,3,0,4,0,1.2378736075268701,0.0030558067988166464,71,0.0,0.0,0.0
622500,7,1059,4,0,3,0,1.2450164646697275,0.0030558067988166464,71,0.0,0.0,0.0
622600,7,1117,4,0,3,0,1.2521593218125844,0.0030558067988166464,71,0.0,0.0,0.0
622700,7,1153,4,0,3,0,1.273587893241156,0.0030558067988166464,71,0.0,0.0,0.0
622800,6,1215,3,0,3,0,1.2798537245233843,0.003565107931952754,71,5.0,1.0,50.41933846000662
622900,6,1274,3,0,3,0,1.2881870578567176,0.003565107931952754,71,0.0,0.0,0.0
623000,6,1331,3,0,3,0,1.3048537245233844,0.003565107931952754,71,0.0,0.0,0.0
623100,6,1374,4,0,2,0,1.3131870578567175,0.003565107931952754,71,0.0,0.0,0.0
623200,6,1422,4,0,2,0,1.3298537245233841,0.003565107931952754,71,0.0,0.0,0.0
623300,6,1466,4,0,2,0,1.3381870578567174,0.003565107931952754,71,4.0,0.0,56.373396227955055
623400,6,1508,4,0,2,0,1.3548537245233845,0.003565107931952754,71,0.0,0.0,0.0
623500,6,1547,4,0,2,0,1.371520391190051,0.003565107931952754,71,0.0,0.0,0.0
623600,6,1584,4,0,2,0,1.396520391190051,0.003565107931952754,71,0.0,0.0,0.0
623700,6,1616,4,0,2,0,1.413187057856718,0.003565107931952754,71,0.0,0.0,0.0
623800,6,1643,4,0,2,0,1.4465203911900513,0.003565107931952754,71,0.0,0.0,0.0
623900,6,1677,5,0,1,0,1.4465203911900513,0.003565107931952754,71,0.0,0.0,0.0
624000,6,1706,5,0,1,0,1.4881870578567178,0.003565107931952754,71,5.0,0.0,75.58785466032289
624100,5,1726,4,0,1,0,1.4327175371503127,0.004278129518343305,71,9.0,1.0,106.67566745894273
624200,4,1762,3,0,1,0,1.4326170802008487,0.003603201525086759,71,11.0,1.0,147.08808131150698
624300,4,1793,3,0,1,0,1.4576170802008486,0.003603201525086759,71,0.0,0.0,0.0
624400,4,1818,3,0,1,0,1.4826170802008487,0.003603201525086759,71,0.0,0.0,0.0
624500,4,1832,3,0,1,0,1.5326170802008485,0.003603201525086759,71,0.0,0.0,0.0
624600,4,1855,3,0,1,0,1.5576170802008487,0.003603201525086759,71,0.0,0.0,0.0
624700,4,1888,3,0,1,0,1.5951170802008485,0.003603201525086759,71,0.0,0.0,0.0
624800,4,1939,3,0,1,0,1.6076170802008487,0.003603201525086759,71,8.0,0.0,110.59566745894276
624900,3,2000,2,0,1,0,1.5967293338264057,0.0019168081554473172,71,3.0,1.0,30.389205561744788
625000,3,2042,2,0,1,0,1.630062667159739,0.0019168081554473172,71,0.0,0.0,0.0
625100,2,2090,2,0,0,0,1.7897644888841064,0.0009239387959756661,71,0.0,0.0,0.0
625200,2,2150,2,0,0,0,1.8147644888841064,0.0009239387959756661,71,0.0,0.0,0.0
625300,2,2202,2,0,0,0,1.8397644888841063,0.0009239387959756661,71,0.0,0.0,0.0
625400,2,2251,2,0,0,0,1.8897644888841065,0.0009239387959756661,71,0.0,0.0,0.0
625500,2,2295,2,0,0,0,1.9397644888841064,0.0009239387959756661,71,0.0,0.0,0.0
625600,2,2338,2,0,0,0,2.0147644888841065,0.0009239387959756661,71,0.0,0.0,0.0
625700,2,2386,2,0,0,0,2.0397644888841064,0.0009239387959756661,71,0.0,0.0,0.0
625800,2,2430,2,0,0,0,2.0647644888841064,0.0009239387959756661,71,0.0,0.0,0.0
625900,2,2464,2,0,0,0,2.114764488884106,0.0009239387959756661,71,0.0,0.0,0.0
626000,2,2500,2,0,0,0,2.189764488884106,0.0009239387959756661,71,0.0,0.0,0.0
626100,2,2498,2,0,0,0,2.2397644888841057,0.0009239387959756661,71,0.0,0.0,0.0
626200,2,2497,2,0,0,0,2.2897644888841056,0.0009239387959756661,71,0.0,0.0,0.0
626300,2,2500,2,0,0,0,2.3397644888841054,0.0009239387959756661,71,0.0,0.0,0.0
626400,2,2500,2,0,0,0,2.389764488884105,0.0009239387959756661,71,0.0,0.0,0.0
626500,2,2499,2,0,0,0,2.439764488884105,0.0009239387959756661,71,0.0,0.0,0.0
626600,2,2500,2,0,0,0,2.4681038068878394,0.0009239387959756661,71,0.0,0.0,0.0
626700,2,2500,2,0,0,0,2.4681038068878394,0.0009239387959756661,71,0.0,0.0,0.0
626800,2,2500,2,0,0,0,2.493103806887839,0.0009239387959756661,71,0.0,0.0,0.0
626900,2,2500,2,0,0,0,2.5,0.0009239387959756661,71,0.0,0.0,0.0
627000,2,2500,2,0,0,0,2.5,0.0009239387959756661,71,0.0,0.0,0.0
627100,2,2500,2,0,0,0,2.5,0.0009239387959756661,71,0.0,0.0,0.0
627200,2,2500,2,0,0,0,2.5,0.0009239387959756661,71,0.0,0.0,0.0
627300,2,2500,2,0,0,0,2.5,0.0009239387959756661,71,0.0,0.0,0.0
627400,2,2500,2,0,0,0,2.5,0.0009239387959756661,71,0.0,0.0,0.0
627500,2,2500,2,0,0,0,2.5,0.0009239387959756661,71,0.0,0.0,0.0
627600,2,2500,2,0,0,0,2.5,0.0009239387959756661,71,0.0,0.0,0.0
627700,2,2499,2,0,0,0,2.5,0.0009239387959756661,71,0.0,0.0,0.0
627800,2,2500,2,0,0,0,2.5,0.0009239387959756661,71,0.0,0.0,0.0
627900,2,2500,2,0,0,0,2.5,0.0009239387959756661,71,0.0,0.0,0.0
628000,2,2499,2,0,0,0,2.5,0.0009239387959756661,71,0.0,0.0,0.0
628100,2,2499,2,0,0,0,2.5,0.0009239387959756661,71,0.0,0.0,0.0
628200,2,2500,2,0,0,0,2.5,0.0009239387959756661,71,0.0,0.0,0.0
628300,2,2500,2,0,0,0,2.5,0.0009239387959756661,71,0.0,0.0,0.0
628400,2,2500,2,0,0,0,2.5,0.0009239387959756661,71,0.0,0.0,0.0
628500,2,2500,2,0,0,0,2.5,0.0009239387959756661,71,0.0,0.0,0.0
628600,2,2500,2,0,0,0,2.5,0.0009239387959756661,71,0.0,0.0,0.0
628700,2,2499,2,0,0,0,2.5,0.0009239387959756661,71,0.0,0.0,0.0
628800,2,2500,2,0,0,0,2.5,0.0009239387959756661,71,0.0,0.0,0.0
628900,2,2500,2,0,0,0,2.5,0.0009239387959756661,71,0.0,0.0,0.0
629000,2,2500,2,0,0,0,2.5,0.0009239387959756661,71,0.0,0.0,0.0
629100,2,2500,2,0,0,0,2.5,0.0009239387959756661,71,0.0,0.0,0.0
629200,117,225,0,0,0,117,1.0575304479014498,0.003580968743754935,72,621.0,75.0,5613.38241768444
629300,63,171,0,0,0,63,1.053318100653341,0.0032666221062255937,72,422.0,43.0,3874.152531830344
629400,38,163,0,0,0,38,1.0561313014753326,0.003596592329460285,72,123.0,17.0,1075.5093375054041
629500,28,184,7,1,20,0,1.064937041677894,0.0034030661656903015,72,42.0,6.0,371.49345196562405
629600,21,223,3,1,17,0,1.0593616815860536,0.0038091779443685213,72,55.0,6.0,512.3252106741405
629700,17,255,1,1,15,0,1.0604334627232799,0.0033669352649636727,72,11.0,1.0,105.13275562104018
629800,14,292,1,0,13,0,1.0540348031757667,0.0038313442390603388,72,33.0,3.0,295.82176402371886
629900,13,346,2,0,11,0,1.06393182926012,0.004126063026680365,72,12.0,0.0,125.2069349411861
630000,12,388,2,0,10,0,1.0720429290465652,0.004105484371169424,72,14.0,1.0,136.51417855994933
630100,8,429,0,0,8,0,1.0550715285715957,0.0042684289771375014,72,17.0,1.0,156.15024776581603
630200,8,485,0,0,8,0,1.0613215285715956,0.0042684289771375014,72,1.0,0.0,11.312324831749846
630300,7,552,0,0,7,0,1.0438949312773842,0.0025092985329921405,72,15.0,1.0,154.20152023444874
630400,6,619,0,0,6,0,1.0666107011044628,0.0019193607161496807,72,5.0,1.0,45.249299326999385
630500,6,678,0,0,6,0,1.0666107011044628,0.0019193607161496807,72,0.0,0.0,0.0
630600,5,729,0,0,5,0,1.0917306065388643,0.002123812704736625,72,6.0,1.0,53.14790310826513
630700,5,782,0,0,5,0,1.1017306065388643,0.002123812704736625,72,0.0,0.0,0.0
630800,5,847,0,0,5,0,1.1017306065388643,0.002123812704736625,72,0.0,0.0,0.0
630900,5,903,0,0,5,0,1.1317306065388644,0.002123812704736625,72,0.0,0.0,0.0
631000,5,963,1,0,4,0,1.1417306065388646,0.002123812704736625,72,3.0,0.0,36.87697449524954
631100,4,1026,1,0,3,0,1.1578580529578282,0.0026547658809207815,72,7.0,1.0,70.2828274159144
631200,4,1092,1,0,3,0,1.1703580529578281,0.0026547658809207815,72,0.0,0.0,0.0
631300,4,1159,1,0,3,0,1.1828580529578283,0.0026547658809207815,72,10.0,0.0,111.93772912763849
631400,4,1232,1,0,3,0,1.1828580529578283,0.0026547658809207815,72,3.0,0.0,33.40450384500492
631500,3,1294,1,0,2,0,1.1917258526668204,0.0023974630003485912,72,5.0,1.0,44.539338460006554
631600,3,1359,1,0,2,0,1.208392519333487,0.0023974630003485912,72,0.0,0.0,0.0
631700,3,1414,1,0,2,0,1.2250591860001536,0.0023974630003485912,72,0.0,0.0,0.0
631800,3,1469,1,0,2,0,1.258392519333487,0.0023974630003485912,72,0.0,0.0,0.0
631900,3,1529,1,0,2,0,1.2750591860001537,0.0023974630003485912,72,0.0,0.0,0.0
632000,3,1596,1,0,2,0,1.2750591860001537,0.0023974630003485912,72,0.0,0.0,0.0
632100,3,1645,1,0,2,0,1.308392519333487,0.0023974630003485912,72,0.0,0.0,0.0
632200,3,1685,1,0,2,0,1.3417258526668203,0.0023974630003485912,72,0.0,0.0,0.0
632300,3,1746,2,0,1,0,1.3583925193334874,0.0023974630003485912,72,0.0,0.0,0.0
632400,3,1787,3,0,0,0,1.375059186000154,0.0023974630003485912,72,0.0,0.0,0.0
632500,3,1849,3,0,0,0,1.3917258526668206,0.0023974630003485912,72,0.0,0.0,0.0
632600,3,1887,3,0,0,0,1.4417258526668206,0.0023974630003485912,72,0.0,0.0,0.0
632700,3,1927,3,0,0,0,1.4750591860001538,0.0023974630003485912,72,0.0,0.0,0.0
632800,3,1984,3,0,0,0,1.4917258526668205,0.0023974630003485912,72,11.0,0.0,160.6116568049264
632900,2,2031,2,0,0,0,1.4452632370791578,0.0027325538971562156,72,17.0,1.0,218.29159185998049
633000,2,2097,2,0,0,0,1.4452632370791578,0.0027325538971562156,72,0.0,0.0,0.0
633100,2,2158,2,0,0,0,1.4452632370791578,0.0027325538971562156,72,0.0,0.0,0.0
633200,2,2213,2,0,0,0,1.4952632370791579,0.0027325538971562156,72,0.0,0.0,0.0
633300,2,2285,2,0,0,0,1.4952632370791579,0.0027325538971562156,72,0.0,0.0,0.0
633400,2,2329,2,0,0,0,1.545263237079158,0.0027325538971562156,72,0.0,0.0,0.0
633500,2,2376,2,0,0,0,1.595263237079158,0.0027325538971562156,72,0.0,0.0,0.0
633600,2,2419,2,0,0,0,1.645263237079158,0.0027325538971562156,72,0.0,0.0,0.0
633700,2,2474,2,0,0,0,1.670263237079158,0.0027325538971562156,72,0.0,0.0,0.0
633800,2,2500,2,0,0,0,1.670263237079158,0.0027325538971562156,72,0.0,0.0,0.0
633900,2,2500,2,0,0,0,1.745263237079158,0.0027325538971562156,72,0.0,0.0,0.0
634000,2,2500,2,0,0,0,1.8202632370791583,0.0027325538971562156,72,0.0,0.0,0.0
634100,2,2498,2,0,0,0,1.8452632370791582,0.0027325538971562156,72,0.0,0.0,0.0
634200,2,2499,2,0,0,0,1.8952632370791582,0.0027325538971562156,72,0.0,0.0,0.0
634300,2,2500,2,0,0,0,1.9452632370791583,0.0027325538971562156,72,0.0,0.0,0.0
634400,2,2500,2,0,0,0,1.9952632370791583,0.0027325538971562156,72,0.0,0.0,0.0
634500,2,2500,2,0,0,0,2.0452632370791584,0.0027325538971562156,72,0.0,0.0,0.0
634600,2,2500,2,0,0,0,2.0452632370791584,0.0027325538971562156,72,0.0,0.0,0.0
634700,2,2499,2,0,0,0,2.095263237079158,0.0027325538971562156,72,0.0,0.0,0.0
634800,2,2500,2,0,0,0,2.145263237079158,0.0027325538971562156,72,0.0,0.0,0.0
634900,2,2500,2,0,0,0,2.145263237079158,0.0027325538971562156,72,0.0,0.0,0.0
635000,2,2500,2,0,0,0,2.1702632370791575,0.0027325538971562156,72,0.0,0.0,0.0
635100,2,2500,2,0,0,0,2.2202632370791573,0.0027325538971562156,72,7.0,0.0,149.3488227385079
635200,2,2500,2,0,0,0,2.2202632370791573,0.0027325538971562156,72,0.0,0.0,0.0
635300,2,2500,2,0,0,0,2.270263237079157,0.0027325538971562156,72,0.0,0.0,0.0
635400,2,2499,2,0,0,0,2.320263237079157,0.0027325538971562156,72,0.0,0.0,0.0
635500,2,2500,2,0,0,0,2.3452632370791573,0.0027325538971562156,72,0.0,0.0,0.0
635600,2,2500,2,0,0,0,2.395263237079157,0.0027325538971562156,72,0.0,0.0,0.0
635700,2,2500,2,0,0,0,2.445263237079157,0.0027325538971562156,72,0.0,0.0,0.0
635800,2,2500,2,0,0,0,2.4702632370791564,0.0027325538971562156,72,0.0,0.0,0.0
635900,2,2500,2,0,0,0,2.5,0.0027325538971562156,72,0.0,0.0,0.0
636000,2,2500,2,0,0,0,2.5,0.0027325538971562156,72,0.0,0.0,0.0
636100,2,2500,2,0,0,0,2.5,0.0027325538971562156,72,0.0,0.0,0.0
636200,2,2500,2,0,0,0,2.5,0.0027325538971562156,72,0.0,0.0,0.0
636300,2,2500,2,0,0,0,2.5,0.0027325538971562156,72,0.0,0.0,0.0
636400,189,435,0,0,0,189,1.0610712742850081,0.003679787533782586,73,156.0,12.0,1613.3772345475413
636500,88,236,0,0,0,88,1.064878571669009,0.0036344766197618505,73,729.0,80.0,6708.264215875042
636600,53,212,0,0,0,53,1.0727193101665151,0.0029941165660998426,73,258.0,24.0,2463.5494766473957
636700,29,233,2,0,27,0,1.0826290968141392,0.0031772513236070854,73,151.0,15.0,1408.8319867737653
636800,25,269,2,0,23,0,1.0761442264092351,0.0032798209728445086,73,36.0,2.0,358.705805355498
636900,18,297,2,0,16,0,1.0748150002149601,0.003382532597145838,73,32.0,4.0,288.9035555109057
637000,15,344,1,0,14,0,1.07440653461507,0.0035204650809407584,73,9.0,1.0,82.39181714794472
637100,14,379,3,0,11,0,1.0714029135497745,0.0032784440968355866,73,5.0,0.0,45.80798171509395
637200,14,430,5,0,9,0,1.0785457706926314,0.0032784440968355866,73,8.0,0.0,86.93579907537188
637300,13,479,4,0,9,0,1.0832998171193722,0.003530632104284478,73,8.0,1.0,72.22991175130562
637400,12,515,3,0,9,0,1.0852245864270782,0.003824851446308184,73,16.0,1.0,146.4719624737361
637500,10,561,3,0,7,0,1.1048451949956086,0.004071412764468154,73,10.0,2.0,90.36112885886877
637600,9,617,2,0,7,0,1.1119924780989892,0.004523791960520171,73,9.0,1.0,86.28208393197704
637700,8,683,2,0,6,0,1.1326292855198314,0.004661033652344262,73,10.0,1.0,98.02116087397751
637800,8,739,3,0,5,0,1.1388792855198315,0.004661033652344262,73,0.0,0.0,0.0
637900,8,780,3,0,5,0,1.1513792855198313,0.004661033652344262,73,0.0,0.0,0.0
638000,7,815,3,0,4,0,1.1600862339216818,0.005326895602679157,73,7.0,1.0,73.11138628144714
638100,7,868,4,0,3,0,1.174371948207396,0.005326895602679157,73,4.0,0.0,47.05478210853238
638200,6,917,3,0,3,0,1.202592902694442,0.005135943528820842,73,9.0,1.0,90.06264857953117
638300,6,949,4,0,2,0,1.2109262360277755,0.005135943528820842,73,0.0,0.0,0.0
638400,6,993,4,0,2,0,1.2359262360277754,0.005135943528820842,73,0.0,0.0,0.0
638500,6,1027,4,0,2,0,1.2609262360277753,0.005135943528820842,73,0.0,0.0,0.0
638600,6,1071,4,0,2,0,1.2609262360277753,0.005135943528820842,73,0.0,0.0,0.0
638700,6,1118,4,0,2,0,1.2859262360277752,0.005135943528820842,73,0.0,0.0,0.0
638800,6,1153,4,0,2,0,1.302592902694442,0.005135943528820842,73,0.0,0.0,0.0
638900,6,1185,6,0,0,0,1.3109262360277756,0.005135943528820842,73,2.0,0.0,25.578055888839142
639000,6,1222,6,0,0,0,1.3442595693611092,0.005135943528820842,73,0.0,0.0,0.0
639100,6,1237,6,0,0,0,1.377592902694442,0.005135943528820842,73,0.0,0.0,0.0
639200,5,1235,5,0,0,0,1.3839612156854404,0.004470735795894237,73,13.0,1.0,152.08126379178293
639300,5,1249,5,0,0,0,1.4039612156854404,0.004470735795894237,73,0.0,0.0,0.0
639400,5,1274,5,0,0,0,1.4239612156854404,0.004470735795894237,73,0.0,0.0,0.0
639500,4,1306,4,0,0,0,1.4634617544086912,0.003834697537238663,73,0.0,0.0,0.0
639600,4,1338,4,0,0,0,1.488461754408691,0.003834697537238663,73,3.0,0.0,49.78569314072358
639700,3,1371,3,0,0,0,1.5003643792019188,0.0031563883324443064,73,4.0,0.0,66.38092418763144
639800,3,1413,3,0,0,0,1.5503643792019186,0.0031563883324443064,73,0.0,0.0,0.0
639900,3,1460,3,0,0,0,1.5670310458685852,0.0031563883324443064,73,0.0,0.0,0.0
640000,3,1508,3,0,0,0,1.6003643792019187,0.0031563883324443064,73,6.0,0.0,88.42644510488564
640100,3,1560,3,0,0,0,1.6170310458685855,0.0031563883324443064,73,0.0,0.0,0.0
640200,3,1613,3,0,0,0,1.6503643792019187,0.0031563883324443064,73,0.0,0.0,0.0
640300,3,1667,3,0,0,0,1.6670310458685853,0.0031563883324443064,73,0.0,0.0,0.0
640400,3,1709,3,0,0,0,1.700364379201919,0.0031563883324443064,73,0.0,0.0,0.0
640500,3,1742,3,0,0,0,1.7170310458685856,0.0031563883324443064,73,0.0,0.0,0.0
640600,3,1797,3,0,0,0,1.7670310458685854,0.0031563883324443064,73,0.0,0.0,0.0
640700,3,1834,3,0,0,0,1.7836977125352522,0.0031563883324443064,73,0.0,0.0,0.0
640800,3,1867,3,0,0,0,1.8170310458685854,0.0031563883324443064,73,0.0,0.0,0.0
640900,3,1914,3,0,0,0,1.8503643792019189,0.0031563883324443064,73,0.0,0.0,0.0
641000,3,1952,3,0,0,0,1.8670310458685855,0.0031563883324443064,73,0.0,0.0,0.0
641100,3,1994,3,0,0,0,1.9003643792019187,0.0031563883324443064,73,0.0,0.0,0.0
641200,3,2031,3,0,0,0,1.950364379201919,0.0031563883324443064,73,0.0,0.0,0.0
641300,3,2066,3,0,0,0,1.9670310458685856,0.0031563883324443064,73,0.0,0.0,0.0
641400,3,2097,3,0,0,0,2.017031045868585,0.0031563883324443064,73,0.0,0.0,0.0
641500,3,2136,3,0,0,0,2.0670310458685854,0.0031563883324443064,73,0.0,0.0,0.0
641600,3,2152,3,0,0,0,2.1003643792019187,0.0031563883324443064,73,0.0,0.0,0.0
641700,3,2158,3,0,0,0,2.167031045868585,0.0031563883324443064,73,0.0,0.0,0.0
641800,3,2174,3,0,0,0,2.2170310458685845,0.0031563883324443064,73,0.0,0.0,0.0
641900,3,2189,3,0,0,0,2.2670310458685847,0.0031563883324443064,73,0.0,0.0,0.0
642000,3,2228,3,0,0,0,2.300364379201918,0.0031563883324443064,73,0.0,0.0,0.0
642100,3,2257,3,0,0,0,2.3670310458685844,0.0031563883324443064,73,0.0,0.0,0.0
642200,3,2299,3,0,0,0,2.4170310458685846,0.0031563883324443064,73,0.0,0.0,0.0
642300,3,2332,3,0,0,0,2.4170310458685846,0.0031563883324443064,73,0.0,0.0,0.0
642400,3,2379,3,0,0,0,2.450899787660169,0.0031563883324443064,73,0.0,0.0,0.0
642500,3,2427,3,0,0,0,2.4675664543268354,0.0031563883324443064,73,0.0,0.0,0.0
642600,3,2454,3,0,0,0,2.484233120993502,0.0031563883324443064,73,0.0,0.0,0.0
642700,3,2484,3,0,0,0,2.484233120993502,0.0031563883324443064,73,0.0,0.0,0.0
642800,3,2500,3,0,0,0,2.5,0.0031563883324443064,73,0.0,0.0,0.0
642900,3,2500,3,0,0,0,2.5,0.0031563883324443064,73,0.0,0.0,0.0
643000,3,2499,3,0,0,0,2.5,0.0031563883324443064,73,0.0,0.0,0.0
643100,3,2500,3,0,0,0,2.5,0.0031563883324443064,73,0.0,0.0,0.0
643200,3,2498,3,0,0,0,2.5,0.0031563883324443064,73,0.0,0.0,0.0
643300,3,2500,3,0,0,0,2.5,0.0031563883324443064,73,0.0,0.0,0.0
643400,3,2500,3,0,0,0,2.5,0.0031563883324443064,73,0.0,0.0,0.0
643500,3,2500,3,0,0,0,2.5,0.0031563883324443064,73,0.0,0.0,0.0
643600,3,2500,3,0,0,0,2.5,0.0031563883324443064,73,0.0,0.0,0.0
643700,3,2500,3,0,0,0,2.5,0.0031563883324443064,73,0.0,0.0,0.0
643800,3,2499,3,0,0,0,2.5,0.0031563883324443064,73,0.0,0.0,0.0
643900,3,2500,3,0,0,0,2.5,0.0031563883324443064,73,0.0,0.0,0.0
644000,3,2499,3,0,0,0,2.5,0.0031563883324443064,73,0.0,0.0,0.0
644100,3,2500,3,0,0,0,2.5,0.0031563883324443064,73,0.0,0.0,0.0
644200,3,2500,3,0,0,0,2.5,0.0031563883324443064,73,0.0,0.0,0.0
644300,3,2500,3,0,0,0,2.5,0.0031563883324443064,73,0.0,0.0,0.0
644400,3,2500,3,0,0,0,2.5,0.0031563883324443064,73,0.0,0.0,0.0
644500,3,2499,3,0,0,0,2.5,0.0031563883324443064,73,0.0,0.0,0.0
644600,3,2500,3,0,0,0,2.5,0.0031563883324443064,73,0.0,0.0,0.0
644700,3,2500,3,0,0,0,2.5,0.0031563883324443064,73,0.0,0.0,0.0
644800,3,2500,3,0,0,0,2.5,0.0031563883324443064,73,0.0,0.0,0.0
644900,3,2500,3,0,0,0,2.5,0.0031563883324443064,73,0.0,0.0,0.0
645000,3,2500,3,0,0,0,2.5,0.0031563883324443064,73,0.0,0.0,0.0
645100,3,2500,3,0,0,0,2.5,0.0031563883324443064,73,0.0,0.0,0.0
645200,3,2499,3,0,0,0,2.5,0.0031563883324443064,73,0.0,0.0,0.0
645300,3,2500,3,0,0,0,2.5,0.0031563883324443064,73,0.0,0.0,0.0
645400,189,431,0,0,0,189,1.067904692507129,0.004334696908346691,74,155.0,11.0,1496.4119513900564
645500,79,274,0,0,0,79,1.0678882344019518,0.003945191985206109,74,769.0,94.0,7077.80888165619
645600,49,264,0,0,0,49,1.0739173576287795,0.0038502658764699117,74,228.0,25.0,2132.18791724514
645700,33,270,3,0,30,0,1.0748398173454494,0.004036501383679124,74,89.0,10.0,851.4301405681543
645800,24,283,5,0,19,0,1.0647703026410174,0.0043995990192997264,74,41.0,6.0,370.69427573407603
645900,21,305,5,0,16,0,1.0695042700149378,0.0044453600048832195,74,33.0,3.0,304.4620892040667
646000,16,333,3,0,13,0,1.088631315076545,0.003764053203897296,74,29.0,4.0,261.92095593699753
646100,15,375,3,0,12,0,1.0955421647505625,0.0036435446878051044,74,12.0,1.0,109.57750035495803
646200,13,422,3,0,10,0,1.101279916099167,0.003926462152658235,74,5.0,1.0,42.00590670931726
646300,13,456,3,0,10,0,1.105126069945321,0.003926462152658235,74,0.0,0.0,0.0
646400,13,495,4,0,9,0,1.1166645314837824,0.003926462152658235,74,0.0,0.0,0.0
646500,12,547,4,0,8,0,1.1358051423182542,0.004057189983152431,74,19.0,1.0,178.31242621691018
646600,12,595,5,0,7,0,1.1524718089849209,0.004057189983152431,74,2.0,0.0,21.934242586067285
646700,10,640,5,0,5,0,1.169926028954903,0.0039092018789531795,74,16.0,2.0,153.74858663421193
646800,10,665,6,0,4,0,1.1849260289549028,0.0039092018789531795,74,0.0,0.0,0.0
646900,10,678,7,0,3,0,1.2049260289549026,0.0039092018789531795,74,2.0,0.0,24.169056981521585
647000,10,695,7,0,3,0,1.2149260289549029,0.0039092018789531795,74,0.0,0.0,0.0
647100,10,727,7,0,3,0,1.229926028954903,0.0039092018789531795,74,0.0,0.0,0.0
647200,10,748,7,0,3,0,1.2399260289549028,0.0039092018789531795,74,5.0,0.0,58.91761447787341
647300,10,767,8,0,2,0,1.2549260289549031,0.0039092018789531795,74,0.0,0.0,0.0
647400,8,802,6,0,2,0,1.2563169974990585,0.004695069143860769,74,20.0,2.0,210.12668234895574
647500,8,849,6,0,2,0,1.2688169974990586,0.004695069143860769,74,0.0,0.0,0.0
647600,8,906,6,0,2,0,1.2750669974990585,0.004695069143860769,74,0.0,0.0,0.0
647700,8,950,6,0,2,0,1.2938169974990585,0.004695069143860769,74,6.0,0.0,75.84310944596538
647800,7,966,6,0,1,0,1.3325420798569767,0.004242975058398892,74,0.0,0.0,0.0
647900,7,993,7,0,0,0,1.3468277941426912,0.004242975058398892,74,0.0,0.0,0.0
648000,7,1029,7,0,0,0,1.3682563655712625,0.004242975058398892,74,0.0,0.0,0.0
648100,7,1058,7,0,0,0,1.3825420798569767,0.004242975058398892,74,5.0,0.0,70.34488966114598
648200,7,1082,7,0,0,0,1.4039706512855485,0.004242975058398892,74,0.0,0.0,0.0
648300,7,1091,7,0,0,0,1.42539922271412,0.004242975058398892,74,0.0,0.0,0.0
648400,7,1112,7,0,0,0,1.4468277941426912,0.004242975058398892,74,0.0,0.0,0.0
648500,6,1127,6,0,0,0,1.449113234480065,0.004950137568132041,74,12.0,1.0,153.61760364728752
648600,6,1155,6,0,0,0,1.4824465678133982,0.004950137568132041,74,0.0,0.0,0.0
648700,6,1180,6,0,0,0,1.5157799011467317,0.004950137568132041,74,0.0,0.0,0.0
648800,6,1213,6,0,0,0,1.5241132344800652,0.004950137568132041,74,0.0,0.0,0.0
648900,5,1245,5,0,0,0,1.5641229821592417,0.004968619161020942,74,11.0,1.0,158.12442318034886
649000,5,1271,5,0,0,0,1.5841229821592415,0.004968619161020942,74,0.0,0.0,0.0
649100,4,1320,4,0,0,0,1.6139355445056223,0.003524847830020149,74,0.0,0.0,0.0
649200,4,1361,4,0,0,0,1.6264355445056224,0.003524847830020149,74,0.0,0.0,0.0
649300,4,1403,4,0,0,0,1.6389355445056224,0.003524847830020149,74,0.0,0.0,0.0
649400,4,1441,4,0,0,0,1.6639355445056225,0.003524847830020149,74,0.0,0.0,0.0
649500,3,1497,3,0,0,0,1.7205363251385875,0.0031306477920066134,74,0.0,0.0,0.0
649600,3,1542,3,0,0,0,1.737202991805254,0.0031306477920066134,74,0.0,0.0,0.0
649700,3,1600,3,0,0,0,1.7705363251385873,0.0031306477920066134,74,0.0,0.0,0.0
649800,3,1672,3,0,0,0,1.7705363251385873,0.0031306477920066134,74,0.0,0.0,0.0
649900,3,1734,3,0,0,0,1.7872029918052543,0.0031306477920066134,74,0.0,0.0,0.0
650000,3,1781,3,0,0,0,1.8205363251385875,0.0031306477920066134,74,0.0,0.0,0.0
650100,2,1831,2,0,0,0,1.7609040203294208,0.004321732680937907,74,9.0,1.0,120.93078167048304
650200,2,1877,2,0,0,0,1.7859040203294207,0.004321732680937907,74,0.0,0.0,0.0
650300,2,1944,2,0,0,0,1.7859040203294207,0.004321732680937907,74,0.0,0.0,0.0
650400,2,2010,2,0,0,0,1.8109040203294207,0.004321732680937907,74,0.0,0.0,0.0
650500,2,2080,2,0,0,0,1.8359040203294208,0.004321732680937907,74,0.0,0.0,0.0
650600,2,2145,2,0,0,0,1.8609040203294207,0.004321732680937907,74,0.0,0.0,0.0
650700,2,2219,2,0,0,0,1.8609040203294207,0.004321732680937907,74,0.0,0.0,0.0
650800,2,2280,2,0,0,0,1.8859040203294206,0.004321732680937907,74,0.0,0.0,0.0
650900,2,2335,2,0,0,0,1.9109040203294205,0.004321732680937907,74,0.0,0.0,0.0
651000,2,2395,2,0,0,0,1.9109040203294205,0.004321732680937907,74,0.0,0.0,0.0
651100,2,2462,2,0,0,0,1.9609040203294206,0.004321732680937907,74,0.0,0.0,0.0
651200,2,2500,2,0,0,0,1.9859040203294205,0.004321732680937907,74,0.0,0.0,0.0
651300,2,2500,2,0,0,0,2.0109040203294204,0.004321732680937907,74,0.0,0.0,0.0
651400,2,2500,2,0,0,0,2.0359040203294203,0.004321732680937907,74,0.0,0.0,0.0
651500,2,2500,2,0,0,0,2.08590402032942,0.004321732680937907,74,0.0,0.0,0.0
651600,2,2500,2,0,0,0,2.13590402032942,0.004321732680937907,74,0.0,0.0,0.0
651700,2,2500,2,0,0,0,2.1609040203294203,0.004321732680937907,74,0.0,0.0,0.0
651800,2,2500,2,0,0,0,2.21090402032942,0.004321732680937907,74,0.0,0.0,0.0
651900,2,2500,2,0,0,0,2.23590402032942,0.004321732680937907,74,0.0,0.0,0.0
652000,2,2499,2,0,0,0,2.271242230041346,0.004321732680937907,74,0.0,0.0,0.0
652100,2,2500,2,0,0,0,2.2962422300413463,0.004321732680937907,74,0.0,0.0,0.0
652200,2,2500,2,0,0,0,2.2962422300413463,0.004321732680937907,74,0.0,0.0,0.0
652300,2,2500,2,0,0,0,2.3212422300413458,0.004321732680937907,74,0.0,0.0,0.0
652400,2,2500,2,0,0,0,2.346242230041346,0.004321732680937907,74,0.0,0.0,0.0
652500,2,2500,2,0,0,0,2.346242230041346,0.004321732680937907,74,0.0,0.0,0.0
652600,2,2500,2,0,0,0,2.346242230041346,0.004321732680937907,74,0.0,0.0,0.0
652700,2,2500,2,0,0,0,2.3712422300413456,0.004321732680937907,74,0.0,0.0,0.0
652800,134,290,0,0,0,134,1.11570860944337,0.004698090198672083,75,675.0,60.0,6732.63164428714
652900,71,190,0,0,0,71,1.1070038133640077,0.004065431405917039,75,493.0,50.0,4770.198275055615
653000,40,193,0,0,0,40,1.104456636841072,0.004425197891090263,75,211.0,20.0,2047.4997886358342
653100,27,205,2,0,25,0,1.1072631111383928,0.004887146933718413,75,53.0,9.0,478.05099851692887
653200,22,231,3,0,19,0,1.1186070630887714,0.00460629317002405,75,27.0,3.0,251.54498133368736
653300,18,281,3,1,14,0,1.1320262543495192,0.004426237032228808,75,21.0,3.0,187.41118667002095
653400,17,314,4,1,12,0,1.1423815711856076,0.004686603916477562,75,12.0,1.0,119.45965739015458
653500,16,357,3,1,12,0,1.1486291148000571,0.0044969360623639335,75,4.0,0.0,39.10272112612515
653600,15,384,2,1,12,0,1.1599764880755288,0.00460465207623103,75,4.0,0.0,41.8605866654948
653700,14,413,3,0,11,0,1.1595725165393567,0.004700721637996307,75,18.0,1.0,205.2967027543706
653800,12,456,4,0,8,0,1.1426183847247797,0.005394435064000361,75,12.0,1.0,130.14415933715392
653900,12,489,4,0,8,0,1.1592850513914463,0.005394435064000361,75,9.0,0.0,106.11928818747859
654000,12,522,4,0,8,0,1.1592850513914463,0.005394435064000361,75,6.0,0.0,68.42544179978401
654100,12,549,4,0,8,0,1.1676183847247794,0.005394435064000361,75,10.0,0.0,98.63868644982261
654200,12,573,4,0,8,0,1.1801183847247796,0.005394435064000361,75,4.0,0.0,39.455474579929046
654300,12,610,5,0,7,0,1.1884517180581131,0.005394435064000361,75,5.0,0.0,60.43328010272125
654400,12,652,7,0,5,0,1.200951718058113,0.005394435064000361,75,0.0,0.0,0.0
654500,10,667,6,0,4,0,1.2253584431869986,0.0053051468144742955,75,16.0,1.0,176.52528452787547
654600,10,716,6,0,4,0,1.2403584431869987,0.0053051468144742955,75,0.0,0.0,0.0
654700,9,749,5,0,4,0,1.2556552167835706,0.005894607571638106,75,5.0,1.0,47.01806924616327
654800,8,798,5,0,3,0,1.2412586630876121,0.005808083742266203,75,15.0,1.0,178.63520490044905
654900,6,845,3,0,3,0,1.2664245949373942,0.006788491614508855,75,8.0,1.0,72.47708051487584
655000,6,898,3,0,3,0,1.2664245949373942,0.006788491614508855,75,3.0,0.0,33.16853176654102
655100,6,960,3,0,3,0,1.2914245949373941,0.006788491614508855,75,0.0,0.0,0.0
655200,6,1012,3,0,3,0,1.308091261604061,0.006788491614508855,75,0.0,0.0,0.0
655300,6,1052,3,0,3,0,1.3247579282707276,0.006788491614508855,75,0.0,0.0,0.0
655400,6,1103,4,0,2,0,1.3247579282707276,0.006788491614508855,75,0.0,0.0,0.0
655500,6,1104,5,0,1,0,1.366424594937394,0.006788491614508855,75,5.0,0.0,69.40235196848727
655600,5,1145,4,0,1,0,1.3754075858314754,0.006827315506927917,75,7.0,1.0,85.04152603066855
655700,5,1200,4,0,1,0,1.3854075858314752,0.006827315506927917,75,0.0,0.0,0.0
655800,5,1263,4,0,1,0,1.3954075858314752,0.006827315506927917,75,0.0,0.0,0.0
655900,4,1325,3,0,1,0,1.455130180121429,0.007225692459449956,75,0.0,0.0,0.0
656000,4,1382,3,0,1,0,1.480130180121429,0.007225692459449956,75,0.0,0.0,0.0
656100,4,1430,3,0,1,0,1.5051301801214292,0.007225692459449956,75,0.0,0.0,0.0
656200,4,1479,3,0,1,0,1.5176301801214291,0.007225692459449956,75,0.0,0.0,0.0
656300,4,1522,3,0,1,0,1.5301301801214293,0.007225692459449956,75,0.0,0.0,0.0
656400,4,1577,3,0,1,0,1.5551301801214292,0.007225692459449956,75,5.0,0.0,74.15328010272127
656500,3,1627,2,0,1,0,1.5605389291519227,0.009136264022399561,75,11.0,1.0,149.35888933352712
656600,3,1677,2,0,1,0,1.5938722624852562,0.009136264022399561,75,0.0,0.0,0.0
656700,3,1714,2,0,1,0,1.6438722624852564,0.009136264022399561,75,0.0,0.0,0.0
656800,3,1725,2,0,1,0,1.710538929151923,0.009136264022399561,75,0.0,0.0,0.0
656900,3,1764,2,0,1,0,1.7438722624852563,0.009136264022399561,75,0.0,0.0,0.0
657000,3,1810,2,0,1,0,1.760538929151923,0.009136264022399561,75,0.0,0.0,0.0
657100,3,1842,2,0,1,0,1.7938722624852563,0.009136264022399561,75,0.0,0.0,0.0
657200,3,1884,2,0,1,0,1.810538929151923,0.009136264022399561,75,0.0,0.0,0.0
657300,3,1946,2,0,1,0,1.8272055958185895,0.009136264022399561,75,0.0,0.0,0.0
657400,3,2009,2,0,1,0,1.8438722624852562,0.009136264022399561,75,0.0,0.0,0.0
657500,3,2053,2,0,1,0,1.893872262485256,0.009136264022399561,75,0.0,0.0,0.0
657600,3,2112,3,0,0,0,1.893872262485256,0.009136264022399561,75,0.0,0.0,0.0
657700,3,2170,3,0,0,0,1.9272055958185899,0.009136264022399561,75,0.0,0.0,0.0
657800,3,2227,3,0,0,0,1.9272055958185899,0.009136264022399561,75,0.0,0.0,0.0
657900,3,2277,3,0,0,0,1.9772055958185897,0.009136264022399561,75,0.0,0.0,0.0
658000,3,2332,3,0,0,0,1.9772055958185897,0.009136264022399561,75,0.0,0.0,0.0
658100,3,2396,3,0,0,0,1.9938722624852563,0.009136264022399561,75,0.0,0.0,0.0
658200,3,2454,3,0,0,0,2.0105389291519224,0.009136264022399561,75,0.0,0.0,0.0
658300,3,2500,3,0,0,0,2.0272055958185895,0.009136264022399561,75,0.0,0.0,0.0
658400,3,2500,3,0,0,0,2.0605389291519227,0.009136264022399561,75,0.0,0.0,0.0
658500,3,2500,3,0,0,0,2.0772055958185893,0.009136264022399561,75,0.0,0.0,0.0
658600,3,2500,3,0,0,0,2.0938722624852564,0.009136264022399561,75,0.0,0.0,0.0
658700,2,2500,2,0,0,0,2.21766616557594,0.010104898472693665,75,0.0,0.0,0.0
658800,2,2500,2,0,0,0,2.2426661655759403,0.010104898472693665,75,0.0,0.0,0.0
658900,2,2500,2,0,0,0,2.2426661655759403,0.010104898472693665,75,0.0,0.0,0.0
659000,200,500,0,0,0,200,1.1119167716244125,0.008802959510306354,76,0.0,0.0,0.0
659100,95,272,0,0,0,95,1.1062808931198544,0.008580729866202036,76,808.0,92.0,7798.415828144328
659200,55,206,0,0,0,55,1.1099673494045041,0.008948487286551291,76,292.0,33.0,2807.3652430067837
659300,33,213,2,3,28,0,1.0929850110466703,0.00906943729039629,76,172.0,17.0,1689.6656895345318
659400,26,248,2,3,21,0,1.097069009963506,0.008659103218939,76,47.0,5.0,470.66592510257664
659500,19,265,5,3,11,0,1.092184102774201,0.008303013927043437,76,33.0,4.0,318.810006393833
659600,18,288,4,3,11,0,1.097907688172133,0.007739957238071705,76,17.0,1.0,187.27979415571806
659700,15,321,3,3,9,0,1.1051652870896331,0.007330473303378953,76,16.0,2.0,153.4439157428103
659800,15,358,3,3,9,0,1.1118319537563,0.007330473303378953,76,0.0,0.0,0.0
659900,14,394,3,3,8,0,1.10915933993686,0.007115626852015598,76,0.0,0.0,0.0
660000,14,408,4,2,8,0,1.1305879113654318,0.007115626852015598,76,8.0,0.0,90.21699099806466
660100,14,434,6,2,6,0,1.1448736256511458,0.007115626852015598,76,0.0,0.0,0.0
660200,12,464,4,2,6,0,1.1438197570758382,0.006818444683236496,76,22.0,1.0,256.06546452868497
660300,11,492,4,2,5,0,1.1377417005449184,0.005846894043852885,76,9.0,1.0,77.10236533070771
660400,11,525,5,2,4,0,1.1468326096358274,0.005846894043852885,76,5.0,0.0,62.33533533129706
660500,11,552,5,2,4,0,1.1604689732721911,0.005846894043852885,76,0.0,0.0,0.0
660600,10,578,6,2,2,0,1.1732809773149968,0.005098454585472547,76,13.0,1.0,130.59275090855044
660700,9,601,5,2,2,0,1.1992193469210022,0.005426160980011622,76,9.0,1.0,85.79591919533624
660800,9,636,5,1,3,0,1.2103304580321135,0.005426160980011622,76,10.0,0.0,104.41272764157466
660900,8,676,4,0,4,0,1.2541592539698616,0.00590978798891623,76,18.0,0.0,205.84694009249495
661000,6,727,3,0,3,0,1.2802764601739396,0.005766779939212867,76,7.0,0.0,81.09738083995752
661100,6,766,3,0,3,0,1.313609793507273,0.005766779939212867,76,0.0,0.0,0.0
661200,6,818,3,0,3,0,1.3302764601739399,0.005766779939212867,76,0.0,0.0,0.0
661300,6,858,4,0,2,0,1.3302764601739399,0.005766779939212867,76,0.0,0.0,0.0
661400,6,900,5,0,1,0,1.3469431268406062,0.005766779939212867,76,0.0,0.0,0.0
661500,5,942,4,0,1,0,1.3265950430417066,0.0032708056344563164,76,11.0,1.0,115.3384377363376
661600,5,985,4,0,1,0,1.3365950430417066,0.0032708056344563164,76,0.0,0.0,0.0
661700,5,1030,4,0,1,0,1.3765950430417067,0.0032708056344563164,76,0.0,0.0,0.0
661800,5,1090,4,0,1,0,1.3865950430417069,0.0032708056344563164,76,0.0,0.0,0.0
661900,5,1133,4,0,1,0,1.3965950430417067,0.0032708056344563164,76,0.0,0.0,0.0
662000,5,1161,4,0,1,0,1.4365950430417067,0.0032708056344563164,76,0.0,0.0,0.0
662100,5,1189,5,0,0,0,1.4565950430417067,0.0032708056344563164,76,0.0,0.0,0.0
662200,5,1222,5,0,0,0,1.476595043041707,0.0032708056344563164,76,0.0,0.0,0.0
662300,5,1245,5,0,0,0,1.5165950430417068,0.0032708056344563164,76,0.0,0.0,0.0
662400,5,1268,5,0,0,0,1.5365950430417068,0.0032708056344563164,76,9.0,0.0,125.36143995092509
662500,5,1304,5,0,0,0,1.5565950430417068,0.0032708056344563164,76,0.0,0.0,0.0
662600,5,1327,5,0,0,0,1.5965950430417069,0.0032708056344563164,76,0.0,0.0,0.0
662700,5,1372,5,0,0,0,1.606595043041707,0.0032708056344563164,76,0.0,0.0,0.0
662800,5,1412,5,0,0,0,1.626595043041707,0.0032708056344563164,76,0.0,0.0,0.0
662900,5,1461,5,0,0,0,1.6565950430417071,0.0032708056344563164,76,0.0,0.0,0.0
663000,3,1515,3,0,0,0,1.5713498507819,0.0005320903394876697,76,10.0,1.0,136.13465334157843
663100,3,1579,3,0,0,0,1.5713498507819,0.0005320903394876697,76,0.0,0.0,0.0
663200,3,1633,3,0,0,0,1.6046831841152331,0.0005320903394876697,76,0.0,0.0,0.0
663300,3,1696,3,0,0,0,1.6213498507819002,0.0005320903394876697,76,0.0,0.0,0.0
663400,3,1747,3,0,0,0,1.6380165174485668,0.0005320903394876697,76,0.0,0.0,0.0
663500,3,1812,3,0,0,0,1.6546831841152336,0.0005320903394876697,76,0.0,0.0,0.0
663600,2,1875,2,0,0,0,1.7185633591507194,0.0003737839109842862,76,7.0,1.0,93.6964355610523
663700,2,1933,2,0,0,0,1.7185633591507194,0.0003737839109842862,76,0.0,0.0,0.0
663800,2,1997,2,0,0,0,1.7685633591507195,0.0003737839109842862,76,0.0,0.0,0.0
663900,2,2056,2,0,0,0,1.7935633591507196,0.0003737839109842862,76,0.0,0.0,0.0
664000,2,2124,2,0,0,0,1.7935633591507196,0.0003737839109842862,76,0.0,0.0,0.0
664100,2,2177,2,0,0,0,1.8185633591507195,0.0003737839109842862,76,0.0,0.0,0.0
664200,2,2224,2,0,0,0,1.8685633591507194,0.0003737839109842862,76,0.0,0.0,0.0
664300,2,2285,2,0,0,0,1.8935633591507193,0.0003737839109842862,76,0.0,0.0,0.0
664400,2,2347,2,0,0,0,1.8935633591507193,0.0003737839109842862,76,0.0,0.0,0.0
664500,2,2407,2,0,0,0,1.9435633591507193,0.0003737839109842862,76,0.0,0.0,0.0
664600,2,2472,2,0,0,0,1.9435633591507193,0.0003737839109842862,76,0.0,0.0,0.0
664700,2,2500,2,0,0,0,1.9435633591507193,0.0003737839109842862,76,0.0,0.0,0.0
664800,2,2500,2,0,0,0,1.9685633591507192,0.0003737839109842862,76,0.0,0.0,0.0
664900,2,2500,2,0,0,0,2.0185633591507193,0.0003737839109842862,76,0.0,0.0,0.0
665000,2,2500,2,0,0,0,2.0185633591507193,0.0003737839109842862,76,0.0,0.0,0.0
665100,2,2500,2,0,0,0,2.043563359150719,0.0003737839109842862,76,0.0,0.0,0.0
665200,2,2500,2,0,0,0,2.068563359150719,0.0003737839109842862,76,0.0,0.0,0.0
665300,2,2500,2,0,0,0,2.068563359150719,0.0003737839109842862,76,0.0,0.0,0.0
665400,2,2500,2,0,0,0,2.093563359150719,0.0003737839109842862,76,0.0,0.0,0.0
665500,2,2499,2,0,0,0,2.093563359150719,0.0003737839109842862,76,0.0,0.0,0.0
665600,2,2500,2,0,0,0,2.143563359150719,0.0003737839109842862,76,0.0,0.0,0.0
665700,2,2500,2,0,0,0,2.143563359150719,0.0003737839109842862,76,0.0,0.0,0.0
665800,2,2500,2,0,0,0,2.143563359150719,0.0003737839109842862,76,0.0,0.0,0.0
665900,2,2500,2,0,0,0,2.1935633591507187,0.0003737839109842862,76,0.0,0.0,0.0
666000,2,2500,2,0,0,0,2.2185633591507186,0.0003737839109842862,76,0.0,0.0,0.0
666100,2,2500,2,0,0,0,2.2217383976279956,0.0003737839109842862,76,0.0,0.0,0.0
666200,2,2500,2,0,0,0,2.246738397627996,0.0003737839109842862,76,0.0,0.0,0.0
666300,2,2500,2,0,0,0,2.246738397627996,0.0003737839109842862,76,0.0,0.0,0.0
666400,2,2500,2,0,0,0,2.271738397627996,0.0003737839109842862,76,0.0,0.0,0.0
666500,2,2500,2,0,0,0,2.271738397627996,0.0003737839109842862,76,0.0,0.0,0.0
666600,2,2500,2,0,0,0,2.296738397627996,0.0003737839109842862,76,0.0,0.0,0.0
666700,2,2500,2,0,0,0,2.296738397627996,0.0003737839109842862,76,0.0,0.0,0.0
666800,2,2500,2,0,0,0,2.3217383976279957,0.0003737839109842862,76,0.0,0.0,0.0
666900,2,2500,2,0,0,0,2.3467383976279956,0.0003737839109842862,76,0.0,0.0,0.0
667000,2,2500,2,0,0,0,2.3717383976279955,0.0003737839109842862,76,0.0,0.0,0.0
667100,2,2500,2,0,0,0,2.3717383976279955,0.0003737839109842862,76,0.0,0.0,0.0
667200,2,2500,2,0,0,0,2.3967383976279955,0.0003737839109842862,76,0.0,0.0,0.0
667300,2,2500,2,0,0,0,2.4217383976279954,0.0003737839109842862,76,0.0,0.0,0.0
667400,2,2500,2,0,0,0,2.4217383976279954,0.0003737839109842862,76,0.0,0.0,0.0
667500,2,2500,2,0,0,0,2.4467383976279953,0.0003737839109842862,76,0.0,0.0,0.0
667600,2,2500,2,0,0,0,2.471738397627995,0.0003737839109842862,76,0.0,0.0,0.0
667700,2,2499,2,0,0,0,2.471738397627995,0.0003737839109842862,76,0.0,0.0,0.0
667800,2,2500,2,0,0,0,2.496738397627995,0.0003737839109842862,76,0.0,0.0,0.0
667900,2,2497,2,0,0,0,2.5,0.0003737839109842862,76,0.0,0.0,0.0
668000,2,2500,2,0,0,0,2.5,0.0003737839109842862,76,0.0,0.0,0.0
668100,103,248,0,0,0,103,1.0259285611338005,0.0036930959040835367,77,807.0,81.0,7290.293203669305
668200,67,164,0,0,0,67,1.0341903524296117,0.004062463434420352,77,308.0,28.0,2750.8524957240625
668300,38,162,0,0,0,38,1.0401159627512815,0.004039598364193243,77,155.0,15.0,1417.1804175751354
668400,21,203,3,1,17,0,1.0579079097830646,0.004411217139901429,77,94.0,8.0,908.7419335235671
668500,15,254,1,1,13,0,1.0416730016481828,0.0048699795103189945,77,36.0,4.0,342.2722340904252
668600,12,299,1,1,10,0,1.0329900506936647,0.0039055035446823806,77,11.0,1.0,101.7180086113086
668700,11,356,1,1,9,0,1.03660922653231,0.0037954857127752077,77,4.0,1.0,26.579217442771544
668800,10,404,2,0,8,0,1.0498646476795153,0.0040077209515712985,77,13.0,1.0,120.40054145671125
668900,9,451,1,0,8,0,1.0588817871750824,0.003644093064897828,77,8.0,1.0,94.99524774079323
669000,8,502,1,0,7,0,1.0937224635482843,0.004076788276791916,77,0.0,0.0,0.0
669100,8,541,2,0,6,0,1.0999724635482842,0.004076788276791916,77,4.0,0.0,40.79807487803318
669200,7,576,3,0,4,0,1.145658344551806,0.004659186602047905,77,0.0,0.0,0.0
669300,7,612,4,0,3,0,1.145658344551806,0.004659186602047905,77,0.0,0.0,0.0
669400,7,639,5,0,2,0,1.1742297731232345,0.004659186602047905,77,0.0,0.0,0.0
669500,6,689,4,0,2,0,1.1790963093858358,0.0038091080205863454,77,9.0,1.0,89.43973872328696
669600,5,734,4,0,1,0,1.1279614962169588,0.001768952725442317,77,0.0,0.0,0.0
669700,5,778,4,0,1,0,1.1579614962169589,0.001768952725442317,77,0.0,0.0,0.0
669800,5,827,4,0,1,0,1.1679614962169587,0.001768952725442317,77,0.0,0.0,0.0
669900,5,884,4,0,1,0,1.1679614962169587,0.001768952725442317,77,4.0,0.0,39.61169668755495
670000,4,927,3,0,1,0,1.1592738294000435,0.0019423053217549665,77,7.0,0.0,69.32046920322115
670100,4,973,3,0,1,0,1.1967738294000434,0.0019423053217549665,77,0.0,0.0,0.0
670200,4,1029,3,0,1,0,1.2092738294000434,0.0019423053217549665,77,0.0,0.0,0.0
670300,4,1091,3,0,1,0,1.2092738294000434,0.0019423053217549665,77,0.0,0.0,0.0
670400,4,1156,3,0,1,0,1.2217738294000433,0.0019423053217549665,77,0.0,0.0,0.0
670500,4,1199,3,0,1,0,1.2467738294000434,0.0019423053217549665,77,0.0,0.0,0.0
670600,4,1247,4,0,0,0,1.2717738294000434,0.0019423053217549665,77,0.0,0.0,0.0
670700,4,1292,4,0,0,0,1.2842738294000433,0.0019423053217549665,77,0.0,0.0,0.0
670800,4,1342,4,0,0,0,1.3217738294000436,0.0019423053217549665,77,0.0,0.0,0.0
670900,4,1378,4,0,0,0,1.3467738294000435,0.0019423053217549665,77,0.0,0.0,0.0
671000,4,1434,4,0,0,0,1.3717738294000434,0.0019423053217549665,77,0.0,0.0,0.0
671100,4,1468,4,0,0,0,1.3967738294000434,0.0019423053217549665,77,0.0,0.0,0.0
671200,4,1486,4,0,0,0,1.4342738294000434,0.0019423053217549665,77,0.0,0.0,0.0
671300,4,1514,4,0,0,0,1.4592738294000438,0.0019423053217549665,77,0.0,0.0,0.0
671400,4,1554,4,0,0,0,1.4717738294000438,0.0019423053217549665,77,0.0,0.0,0.0
671500,4,1603,4,0,0,0,1.5092738294000436,0.0019423053217549665,77,0.0,0.0,0.0
671600,4,1629,4,0,0,0,1.5342738294000435,0.0019423053217549665,77,0.0,0.0,0.0
671700,4,1655,4,0,0,0,1.5717738294000436,0.0019423053217549665,77,0.0,0.0,0.0
671800,3,1705,3,0,0,0,1.4952440605236976,0.0006808751642815668,77,7.0,1.0,108.23980404246528
671900,3,1766,3,0,0,0,1.4952440605236976,0.0006808751642815668,77,0.0,0.0,0.0
672000,3,1827,3,0,0,0,1.5452440605236977,0.0006808751642815668,77,0.0,0.0,0.0
672100,3,1884,3,0,0,0,1.5619107271903643,0.0006808751642815668,77,0.0,0.0,0.0
672200,3,1941,3,0,0,0,1.5619107271903643,0.0006808751642815668,77,0.0,0.0,0.0
672300,3,1997,3,0,0,0,1.5785773938570309,0.0006808751642815668,77,0.0,0.0,0.0
672400,3,2046,3,0,0,0,1.6285773938570312,0.0006808751642815668,77,0.0,0.0,0.0
672500,3,2097,3,0,0,0,1.6285773938570312,0.0006808751642815668,77,0.0,0.0,0.0
672600,3,2131,3,0,0,0,1.6785773938570312,0.0006808751642815668,77,0.0,0.0,0.0
672700,3,2183,3,0,0,0,1.6952440605236976,0.0006808751642815668,77,0.0,0.0,0.0
672800,3,2250,3,0,0,0,1.7119107271903644,0.0006808751642815668,77,0.0,0.0,0.0
672900,3,2286,3,0,0,0,1.7452440605236976,0.0006808751642815668,77,0.0,0.0,0.0
673000,3,2329,3,0,0,0,1.7952440605236977,0.0006808751642815668,77,0.0,0.0,0.0
673100,3,2378,3,0,0,0,1.7952440605236977,0.0006808751642815668,77,0.0,0.0,0.0
673200,3,2423,3,0,0,0,1.8285773938570309,0.0006808751642815668,77,0.0,0.0,0.0
673300,3,2465,3,0,0,0,1.861910727190364,0.0006808751642815668,77,0.0,0.0,0.0
673400,3,2500,3,0,0,0,1.8952440605236973,0.0006808751642815668,77,6.0,0.0,99.32062411695749
673500,3,2499,3,0,0,0,1.9452440605236976,0.0006808751642815668,77,5.0,0.0,93.61462085944373
673600,3,2500,3,0,0,0,1.9619107271903644,0.0006808751642815668,77,0.0,0.0,0.0
673700,3,2500,3,0,0,0,2.0119107271903642,0.0006808751642815668,77,0.0,0.0,0.0
673800,3,2500,3,0,0,0,2.028577393857031,0.0006808751642815668,77,0.0,0.0,0.0
673900,3,2500,3,0,0,0,2.061910727190364,0.0006808751642815668,77,0.0,0.0,0.0
674000,3,2500,3,0,0,0,2.0816397292172053,0.0006808751642815668,77,0.0,0.0,0.0
674100,2,2499,2,0,0,0,2.3052512332596296,0.0010213127464223503,77,13.0,1.0,231.49252884349832
674200,2,2500,2,0,0,0,2.3052512332596296,0.0010213127464223503,77,0.0,0.0,0.0
674300,2,2500,2,0,0,0,2.3052512332596296,0.0010213127464223503,77,0.0,0.0,0.0
674400,2,2499,2,0,0,0,2.3052512332596296,0.0010213127464223503,77,0.0,0.0,0.0
674500,107,266,0,0,0,107,0.983535337966336,0.0032893343842602626,78,740.0,74.0,6470.939958631343
674600,52,221,0,0,0,52,0.989877137762555,0.0033981969733619254,78,322.0,35.0,2756.534477110245
674700,34,215,0,0,0,34,1.0083475301125233,0.0034721523846247076,78,93.0,10.0,831.9004911725167
674800,27,229,5,1,21,0,0.9926035038004889,0.003345259195943764,78,60.0,6.0,545.7939208849482
674900,21,254,4,0,17,0,0.9907831154674938,0.0025420301573680676,78,25.0,3.0,218.45424861094975
675000,19,295,3,0,16,0,0.9971939195455085,0.0027150422000926,78,20.0,0.0,200.1653355663013
675100,15,322,5,0,10,0,1.0078210508687744,0.0027329714452244314,78,14.0,2.0,127.40453029554874
675200,10,371,4,0,6,0,0.9893393616760404,0.001992572919981208,78,25.0,4.0,209.31400707556713
675300,9,407,5,0,4,0,1.0163029337142069,0.0017563834979681461,78,4.0,1.0,28.213934969992607
675400,9,451,5,0,4,0,1.0218584892697624,0.0017563834979681461,78,3.0,0.0,30.602001384367853
675500,9,497,5,0,4,0,1.0329696003808735,0.0017563834979681461,78,4.0,0.0,39.48920883512201
675600,9,532,6,0,3,0,1.0440807114919846,0.0017563834979681461,78,4.0,0.0,42.36397803362128
675700,9,561,6,0,3,0,1.04963626704754,0.0017563834979681461,78,0.0,0.0,0.0
675800,9,597,7,0,2,0,1.0551918226030959,0.0017563834979681461,78,0.0,0.0,0.0
675900,9,624,7,0,2,0,1.0774140448253178,0.0017563834979681461,78,0.0,0.0,0.0
676000,9,649,7,0,2,0,1.09963626704754,0.0017563834979681461,78,0.0,0.0,0.0
676100,9,702,8,0,1,0,1.09963626704754,0.0017563834979681461,78,3.0,0.0,34.33468195885173
676200,9,743,8,0,1,0,1.09963626704754,0.0017563834979681461,78,0.0,0.0,0.0
676300,9,783,8,0,1,0,1.1274140448253178,0.0017563834979681461,78,0.0,0.0,0.0
676400,9,805,9,0,0,0,1.1385251559364291,0.0017563834979681461,78,0.0,0.0,0.0
676500,9,836,9,0,0,0,1.1496362670475402,0.0017563834979681461,78,4.0,0.0,41.96015087467215
676600,9,864,9,0,0,0,1.1663029337142072,0.0017563834979681461,78,0.0,0.0,0.0
676700,9,883,9,0,0,0,1.1885251559364294,0.0017563834979681461,78,0.0,0.0,0.0
676800,9,894,9,0,0,0,1.1996362670475402,0.0017563834979681461,78,0.0,0.0,0.0
676900,9,897,9,0,0,0,1.2274140448253181,0.0017563834979681461,78,3.0,0.0,36.01124315208935
677000,9,921,9,0,0,0,1.2440807114919845,0.0017563834979681461,78,5.0,0.0,57.141490698334216
677100,8,959,8,0,0,0,1.2254030062491799,0.0010510079403682007,78,8.0,1.0,80.13396828559826
677200,7,991,7,0,0,0,1.2319988802292197,0.0012011519318493723,78,12.0,1.0,132.5096172531644
677300,6,1020,6,0,0,0,1.2635215799901847,0.0014013439204909343,78,9.0,1.0,91.36459278438782
677400,6,1055,6,0,0,0,1.2801882466568513,0.0014013439204909343,78,0.0,0.0,0.0
677500,6,1093,6,0,0,0,1.2885215799901848,0.0014013439204909343,78,0.0,0.0,0.0
677600,6,1125,6,0,0,0,1.3051882466568514,0.0014013439204909343,78,0.0,0.0,0.0
677700,6,1154,6,0,0,0,1.321854913323518,0.0014013439204909343,78,0.0,0.0,0.0
677800,6,1190,6,0,0,0,1.346854913323518,0.0014013439204909343,78,0.0,0.0,0.0
677900,6,1230,6,0,0,0,1.346854913323518,0.0014013439204909343,78,0.0,0.0,0.0
678000,5,1288,5,0,0,0,1.3729953217093065,0.0013954090604583376,78,7.0,1.0,75.26507668558317
678100,5,1344,5,0,0,0,1.3929953217093065,0.0013954090604583376,78,0.0,0.0,0.0
678200,5,1411,5,0,0,0,1.4029953217093065,0.0013954090604583376,78,0.0,0.0,0.0
678300,5,1463,5,0,0,0,1.4329953217093068,0.0013954090604583376,78,3.0,0.0,39.70044327029671
678400,4,1527,4,0,0,0,1.4712395743918067,0.0012180975581185635,78,6.0,1.0,67.89065955674879
678500,4,1582,4,0,0,0,1.4712395743918067,0.0012180975581185635,78,0.0,0.0,0.0
678600,4,1642,4,0,0,0,1.483739574391807,0.0012180975581185635,78,0.0,0.0,0.0
678700,4,1721,4,0,0,0,1.4962395743918069,0.0012180975581185635,78,0.0,0.0,0.0
678800,4,1776,4,0,0,0,1.5087395743918068,0.0012180975581185635,78,11.0,0.0,154.82368558981045
678900,3,1832,3,0,0,0,1.5498115443812608,0.0015980747491817274,78,0.0,0.0,0.0
679000,3,1896,3,0,0,0,1.5664782110479276,0.0015980747491817274,78,0.0,0.0,0.0
679100,3,1964,3,0,0,0,1.5831448777145942,0.0015980747491817274,78,0.0,0.0,0.0
679200,3,2038,3,0,0,0,1.5998115443812608,0.0015980747491817274,78,0.0,0.0,0.0
679300,3,2109,3,0,0,0,1.5998115443812608,0.0015980747491817274,78,0.0,0.0,0.0
679400,3,2178,3,0,0,0,1.6164782110479277,0.0015980747491817274,78,3.0,0.0,51.995804209527165
679500,2,2234,2,0,0,0,1.8216179609274643,0.0015820332846766595,78,0.0,0.0,0.0
679600,2,2289,2,0,0,0,1.8466179609274644,0.0015820332846766595,78,0.0,0.0,0.0
679700,2,2350,2,0,0,0,1.8716179609274644,0.0015820332846766595,78,0.0,0.0,0.0
679800,2,2410,2,0,0,0,1.8966179609274643,0.0015820332846766595,78,0.0,0.0,0.0
679900,2,2472,2,0,0,0,1.8966179609274643,0.0015820332846766595,78,0.0,0.0,0.0
680000,2,2500,2,0,0,0,1.9466179609274645,0.0015820332846766595,78,0.0,0.0,0.0
680100,2,2500,2,0,0,0,2.0216179609274643,0.0015820332846766595,78,0.0,0.0,0.0
680200,2,2500,2,0,0,0,2.071617960927464,0.0015820332846766595,78,0.0,0.0,0.0
680300,2,2500,2,0,0,0,2.096617960927464,0.0015820332846766595,78,0.0,0.0,0.0
680400,2,2500,2,0,0,0,2.146617960927464,0.0015820332846766595,78,0.0,0.0,0.0
680500,2,2500,2,0,0,0,2.171617960927464,0.0015820332846766595,78,0.0,0.0,0.0
680600,2,2500,2,0,0,0,2.221617960927464,0.0015820332846766595,78,0.0,0.0,0.0
680700,2,2500,2,0,0,0,2.2466179609274635,0.0015820332846766595,78,0.0,0.0,0.0
680800,2,2500,2,0,0,0,2.2966179609274633,0.0015820332846766595,78,0.0,0.0,0.0
680900,2,2499,2,0,0,0,2.309282384515768,0.0015820332846766595,78,0.0,0.0,0.0
681000,2,2500,2,0,0,0,2.309282384515768,0.0015820332846766595,78,0.0,0.0,0.0
681100,2,2500,2,0,0,0,2.334282384515768,0.0015820332846766595,78,0.0,0.0,0.0
681200,2,2500,2,0,0,0,2.334282384515768,0.0015820332846766595,78,0.0,0.0,0.0
681300,2,2499,2,0,0,0,2.359282384515768,0.0015820332846766595,78,0.0,0.0,0.0
681400,2,2500,2,0,0,0,2.384282384515768,0.0015820332846766595,78,0.0,0.0,0.0
681500,2,2500,2,0,0,0,2.384282384515768,0.0015820332846766595,78,0.0,0.0,0.0
681600,2,2500,2,0,0,0,2.384282384515768,0.0015820332846766595,78,0.0,0.0,0.0
681700,2,2500,2,0,0,0,2.384282384515768,0.0015820332846766595,78,0.0,0.0,0.0
681800,185,422,0,0,0,185,0.9608802668953164,0.0024341515481576467,79,139.0,14.0,1184.7229418366849
681900,88,224,0,0,0,88,0.9574766969036946,0.002704892597408031,79,716.0,64.0,6119.546524480782
682000,43,213,0,0,0,43,0.9527444540101808,0.0030325613859220413,79,231.0,26.0,1951.9085411522753
682100,25,237,4,0,21,0,0.9409493851024834,0.0030118109573113827,79,81.0,7.0,692.7631773838701
682200,18,270,2,1,15,0,0.9589470064261921,0.003067772272931255,79,26.0,2.0,224.29657519403497
682300,17,285,4,1,12,0,0.9549102092807431,0.0028667839222408548,79,2.0,0.0,20.22496169387066
682400,16,306,4,1,11,0,0.9626119429179262,0.002258485277681027,79,11.0,0.0,106.12542044200735
682500,15,336,5,1,9,0,0.9751665113666061,0.0018511766226499248,79,10.0,1.0,84.587665736045
682600,14,375,6,1,7,0,0.9898498071062978,0.0019834035242677767,79,10.0,1.0,89.31987297511128
682700,13,401,7,1,5,0,1.0062254421673076,0.002101872183649926,79,8.0,1.0,68.34380071104222
682800,11,432,7,0,4,0,1.0304320789413917,0.0023339963455398325,79,7.0,1.0,55.877014587579396
682900,11,474,7,0,4,0,1.0349775334868463,0.0023339963455398325,79,4.0,0.0,41.649173111406824
683000,11,517,7,0,4,0,1.039522988032301,0.0023339963455398325,79,4.0,0.0,37.0213639433874
683100,10,567,7,0,3,0,1.0588644952737756,0.002226831301555255,79,10.0,1.0,90.61575693709733
683200,9,604,7,0,2,0,1.0685366986531462,0.0024742570017280614,79,7.0,1.0,57.327930573004444
683300,8,628,6,0,2,0,1.092090732727136,0.002200441864152487,79,8.0,0.0,82.18571023256781
683400,7,669,6,0,1,0,1.1124584668956008,0.0022569313293012592,79,0.0,0.0,0.0
683500,7,735,6,0,1,0,1.1196013240384581,0.0022569313293012592,79,0.0,0.0,0.0
683600,6,792,5,0,1,0,1.1355735247330712,0.002633086550851469,79,0.0,0.0,0.0
683700,6,838,5,0,1,0,1.1439068580664045,0.002633086550851469,79,0.0,0.0,0.0
683800,6,875,5,0,1,0,1.1605735247330713,0.002633086550851469,79,0.0,0.0,0.0
683900,6,916,6,0,0,0,1.185573524733071,0.002633086550851469,79,0.0,0.0,0.0
684000,6,963,6,0,0,0,1.2022401913997378,0.002633086550851469,79,0.0,0.0,0.0
684100,6,1015,6,0,0,0,1.2022401913997378,0.002633086550851469,79,0.0,0.0,0.0
684200,6,1064,6,0,0,0,1.2272401913997377,0.002633086550851469,79,0.0,0.0,0.0
684300,5,1125,5,0,0,0,1.1749268705292786,0.0014874778027650388,79,13.0,1.0,122.82409183016217
684400,5,1176,5,0,0,0,1.1749268705292786,0.0014874778027650388,79,0.0,0.0,0.0
684500,5,1238,5,0,0,0,1.1849268705292786,0.0014874778027650388,79,0.0,0.0,0.0
684600,5,1286,5,0,0,0,1.1949268705292786,0.0014874778027650388,79,2.0,0.0,20.470681971693697
684700,4,1340,3,0,1,0,1.1484253445096688,0.0016562410006863931,79,10.0,1.0,92.11806887262163
684800,4,1401,3,0,1,0,1.1609253445096688,0.0016562410006863931,79,0.0,0.0,0.0
684900,4,1462,3,0,1,0,1.1734253445096687,0.0016562410006863931,79,3.0,0.0,31.72963545619097
685000,4,1521,3,0,1,0,1.185925344509669,0.0016562410006863931,79,0.0,0.0,0.0
685100,3,1585,3,0,0,0,1.249759609487489,0.0015573988120585905,79,9.0,1.0,93.30273923928884
685200,3,1638,3,0,0,0,1.2664262761541556,0.0015573988120585905,79,0.0,0.0,0.0
685300,3,1701,3,0,0,0,1.2830929428208222,0.0015573988120585905,79,0.0,0.0,0.0
685400,3,1765,3,0,0,0,1.2830929428208222,0.0015573988120585905,79,0.0,0.0,0.0
685500,3,1829,3,0,0,0,1.2830929428208222,0.0015573988120585905,79,0.0,0.0,0.0
685600,3,1885,3,0,0,0,1.3164262761541556,0.0015573988120585905,79,0.0,0.0,0.0
685700,3,1954,3,0,0,0,1.3164262761541556,0.0015573988120585905,79,0.0,0.0,0.0
685800,3,2012,3,0,0,0,1.3497596094874889,0.0015573988120585905,79,0.0,0.0,0.0
685900,3,2076,3,0,0,0,1.3664262761541555,0.0015573988120585905,79,0.0,0.0,0.0
686000,3,2144,3,0,0,0,1.3664262761541555,0.0015573988120585905,79,0.0,0.0,0.0
686100,3,2202,3,0,0,0,1.383092942820822,0.0015573988120585905,79,0.0,0.0,0.0
686200,3,2273,3,0,0,0,1.383092942820822,0.0015573988120585905,79,0.0,0.0,0.0
686300,3,2328,3,0,0,0,1.4164262761541557,0.0015573988120585905,79,7.0,0.0,99.45415620922844
686400,2,2382,2,0,0,0,1.5752030119609643,0.0,79,1.0,1.0,0.0
686500,2,2440,2,0,0,0,1.6002030119609645,0.0,79,0.0,0.0,0.0
686600,2,2499,2,0,0,0,1.6252030119609646,0.0,79,0.0,0.0,0.0
686700,2,2500,2,0,0,0,1.6502030119609645,0.0,79,0.0,0.0,0.0
686800,2,2500,2,0,0,0,1.7002030119609646,0.0,79,0.0,0.0,0.0
686900,2,2500,2,0,0,0,1.7502030119609646,0.0,79,0.0,0.0,0.0
687000,2,2499,2,0,0,0,1.8002030119609647,0.0,79,0.0,0.0,0.0
687100,2,2500,2,0,0,0,1.8752030119609646,0.0,79,0.0,0.0,0.0
687200,2,2500,2,0,0,0,1.9002030119609647,0.0,79,0.0,0.0,0.0
687300,2,2500,2,0,0,0,1.9752030119609647,0.0,79,0.0,0.0,0.0
687400,2,2500,2,0,0,0,2.0002030119609646,0.0,79,0.0,0.0,0.0
687500,2,2500,2,0,0,0,2.0252030119609645,0.0,79,0.0,0.0,0.0
687600,2,2500,2,0,0,0,2.075203011960965,0.0,79,0.0,0.0,0.0
687700,2,2500,2,0,0,0,2.075203011960965,0.0,79,0.0,0.0,0.0
687800,2,2500,2,0,0,0,2.1252030119609646,0.0,79,0.0,0.0,0.0
687900,2,2500,2,0,0,0,2.150203011960964,0.0,79,0.0,0.0,0.0
688000,2,2500,2,0,0,0,2.150203011960964,0.0,79,0.0,0.0,0.0
688100,2,2500,2,0,0,0,2.200203011960964,0.0,79,0.0,0.0,0.0
688200,2,2500,2,0,0,0,2.200203011960964,0.0,79,0.0,0.0,0.0
688300,2,2500,2,0,0,0,2.2252030119609643,0.0,79,0.0,0.0,0.0
688400,2,2500,2,0,0,0,2.2502030119609637,0.0,79,0.0,0.0,0.0
688500,2,2500,2,0,0,0,2.275203011960964,0.0,79,0.0,0.0,0.0
688600,2,2500,2,0,0,0,2.3002030119609636,0.0,79,0.0,0.0,0.0
688700,2,2500,2,0,0,0,2.3002030119609636,0.0,79,0.0,0.0,0.0
688800,2,2500,2,0,0,0,2.3002030119609636,0.0,79,0.0,0.0,0.0
688900,2,2500,2,0,0,0,2.325203011960964,0.0,79,0.0,0.0,0.0
689000,2,2500,2,0,0,0,2.325203011960964,0.0,79,0.0,0.0,0.0
689100,2,2500,2,0,0,0,2.3502030119609634,0.0,79,0.0,0.0,0.0
689200,2,2500,2,0,0,0,2.3502030119609634,0.0,79,0.0,0.0,0.0
689300,2,2500,2,0,0,0,2.3752030119609637,0.0,79,0.0,0.0,0.0
689400,2,2499,2,0,0,0,2.400203011960963,0.0,79,0.0,0.0,0.0
689500,2,2500,2,0,0,0,2.400203011960963,0.0,79,0.0,0.0,0.0
689600,2,2500,2,0,0,0,2.4252030119609636,0.0,79,0.0,0.0,0.0
689700,2,2500,2,0,0,0,2.450203011960963,0.0,79,0.0,0.0,0.0
689800,2,2500,2,0,0,0,2.4752030119609634,0.0,79,0.0,0.0,0.0
689900,2,2500,2,0,0,0,2.4752030119609634,0.0,79,0.0,0.0,0.0
690000,2,2500,2,0,0,0,2.4752030119609634,0.0,79,0.0,0.0,0.0
690100,142,308,0,0,0,142,0.9456488089167616,0.0025054442168304537,80,512.0,48.0,4330.441460035933
690200,69,209,0,0,0,69,0.9449511657860897,0.0030922566778427167,80,451.0,45.0,3803.530535877642
690300,37,179,0,0,0,37,0.9640608764774391,0.0030644930519035628,80,144.0,17.0,1204.8075889618226
690400,28,202,5,0,23,0,0.9808395691743697,0.0034314956988047403,80,58.0,5.0,486.2837900016712
690500,21,238,4,0,17,0,0.9671553124730616,0.003328434149130032,80,31.0,3.0,261.66270528718405
690600,16,278,3,1,12,0,0.9485746862069442,0.0037799772713083355,80,6.0,2.0,37.11776798565129
690700,15,336,2,1,12,0,0.9589155877151607,0.0035357494895930522,80,11.0,0.0,98.67662098748141
690800,10,380,2,1,7,0,0.9601973442800895,0.003230053133325618,80,3.0,2.0,9.072460419448824
690900,9,423,1,1,7,0,0.9690476576647706,0.003507164379945471,80,6.0,0.0,63.42548594857776
691000,8,475,2,1,5,0,0.9778097902511026,0.0036112852306052967,80,14.0,1.0,111.16266002794379
691100,6,529,2,0,4,0,1.010500013183427,0.0021597161877260312,80,0.0,0.0,0.0
691200,6,580,2,0,4,0,1.0188333465167603,0.0021597161877260312,80,0.0,0.0,0.0
691300,6,640,2,0,4,0,1.0188333465167603,0.0021597161877260312,80,6.0,0.0,55.90356591045402
691400,5,697,2,0,3,0,0.9930823244536284,0.0025916594252712376,80,8.0,1.0,60.27232728545058
691500,5,758,3,0,2,0,1.0130823244536287,0.0025916594252712376,80,2.0,0.0,20.78090290953812
691600,5,820,3,0,2,0,1.0130823244536287,0.0025916594252712376,80,0.0,0.0,0.0
691700,5,874,4,0,1,0,1.0330823244536287,0.0025916594252712376,80,0.0,0.0,0.0
691800,5,926,4,0,1,0,1.0430823244536287,0.0025916594252712376,80,0.0,0.0,0.0
691900,5,988,4,0,1,0,1.0430823244536287,0.0025916594252712376,80,0.0,0.0,0.0
692000,5,1039,4,0,1,0,1.0530823244536287,0.0025916594252712376,80,0.0,0.0,0.0
692100,5,1093,4,0,1,0,1.0730823244536287,0.0025916594252712376,80,3.0,0.0,32.45033908640842
692200,5,1136,5,0,0,0,1.1030823244536287,0.0025916594252712376,80,0.0,0.0,0.0
692300,5,1196,5,0,0,0,1.1030823244536287,0.0025916594252712376,80,0.0,0.0,0.0
692400,5,1246,5,0,0,0,1.1130823244536285,0.0025916594252712376,80,0.0,0.0,0.0
692500,5,1304,5,0,0,0,1.1330823244536288,0.0025916594252712376,80,0.0,0.0,0.0
692600,5,1350,5,0,0,0,1.1430823244536286,0.0025916594252712376,80,0.0,0.0,0.0
692700,5,1391,5,0,0,0,1.1630823244536288,0.0025916594252712376,80,2.0,0.0,23.291998062215733
692800,5,1438,5,0,0,0,1.1730823244536288,0.0025916594252712376,80,0.0,0.0,0.0
692900,5,1486,5,0,0,0,1.2030823244536286,0.0025916594252712376,80,0.0,0.0,0.0
693000,5,1539,5,0,0,0,1.2030823244536286,0.0025916594252712376,80,9.0,0.0,104.89480128934223
693100,4,1587,4,0,0,0,1.191820620034749,0.003239574281589047,80,7.0,1.0,68.93542390003488
693200,3,1618,3,0,0,0,1.2462257087078938,0.0043194323754520625,80,7.0,1.0,68.93542390003488
693300,3,1661,3,0,0,0,1.2628923753745604,0.0043194323754520625,80,0.0,0.0,0.0
693400,3,1717,3,0,0,0,1.279559042041227,0.0043194323754520625,80,0.0,0.0,0.0
693500,3,1787,3,0,0,0,1.2962257087078939,0.0043194323754520625,80,0.0,0.0,0.0
693600,3,1853,3,0,0,0,1.3295590420412273,0.0043194323754520625,80,0.0,0.0,0.0
693700,2,1933,2,0,0,0,1.266056075981668,0.002322506816742655,80,0.0,0.0,0.0
693800,2,2006,2,0,0,0,1.266056075981668,0.002322506816742655,80,0.0,0.0,0.0
693900,2,2070,2,0,0,0,1.266056075981668,0.002322506816742655,80,0.0,0.0,0.0
694000,2,2144,2,0,0,0,1.2910560759816678,0.002322506816742655,80,0.0,0.0,0.0
694100,2,2212,2,0,0,0,1.2910560759816678,0.002322506816742655,80,0.0,0.0,0.0
694200,2,2278,2,0,0,0,1.316056075981668,0.002322506816742655,80,0.0,0.0,0.0
694300,2,2342,2,0,0,0,1.341056075981668,0.002322506816742655,80,0.0,0.0,0.0
694400,2,2401,2,0,0,0,1.366056075981668,0.002322506816742655,80,0.0,0.0,0.0
694500,2,2453,2,0,0,0,1.391056075981668,0.002322506816742655,80,0.0,0.0,0.0
694600,2,2500,2,0,0,0,1.416056075981668,0.002322506816742655,80,0.0,0.0,0.0
694700,2,2500,2,0,0,0,1.466056075981668,0.002322506816742655,80,0.0,0.0,0.0
694800,2,2500,2,0,0,0,1.491056075981668,0.002322506816742655,80,0.0,0.0,0.0
694900,2,2500,2,0,0,0,1.491056075981668,0.002322506816742655,80,0.0,0.0,0.0
695000,2,2500,2,0,0,0,1.491056075981668,0.002322506816742655,80,0.0,0.0,0.0
695100,2,2500,2,0,0,0,1.5410560759816683,0.002322506816742655,80,0.0,0.0,0.0
695200,2,2500,2,0,0,0,1.591056075981668,0.002322506816742655,80,0.0,0.0,0.0
695300,2,2500,2,0,0,0,1.591056075981668,0.002322506816742655,80,0.0,0.0,0.0
695400,2,2500,2,0,0,0,1.6160560759816682,0.002322506816742655,80,0.0,0.0,0.0
695500,2,2500,2,0,0,0,1.6160560759816682,0.002322506816742655,80,0.0,0.0,0.0
695600,2,2500,2,0,0,0,1.6660560759816683,0.002322506816742655,80,0.0,0.0,0.0
695700,2,2500,2,0,0,0,1.7160560759816683,0.002322506816742655,80,0.0,0.0,0.0
695800,2,2500,2,0,0,0,1.7410560759816684,0.002322506816742655,80,0.0,0.0,0.0
695900,2,2500,2,0,0,0,1.7910560759816683,0.002322506816742655,80,0.0,0.0,0.0
696000,2,2500,2,0,0,0,1.8410560759816683,0.002322506816742655,80,0.0,0.0,0.0
696100,2,2500,2,0,0,0,1.8660560759816684,0.002322506816742655,80,0.0,0.0,0.0
696200,2,2500,2,0,0,0,1.9160560759816683,0.002322506816742655,80,0.0,0.0,0.0
696300,2,2500,2,0,0,0,1.9410560759816682,0.002322506816742655,80,0.0,0.0,0.0
696400,2,2500,2,0,0,0,1.9910560759816682,0.002322506816742655,80,0.0,0.0,0.0
696500,2,2500,2,0,0,0,2.016056075981668,0.002322506816742655,80,0.0,0.0,0.0
696600,2,2500,2,0,0,0,2.0410560759816683,0.002322506816742655,80,0.0,0.0,0.0
696700,2,2500,2,0,0,0,2.066056075981668,0.002322506816742655,80,4.0,0.0,83.8056226343771
696800,145,323,0,0,0,145,0.9589161412299235,0.0038294054009306547,81,512.0,46.0,4452.524193350019
696900,76,210,0,0,0,76,0.9456518878686052,0.004499415037105704,81,362.0,36.0,3099.1951300766764
697000,46,205,0,0,0,46,0.9296737357952978,0.00449648746132388,81,138.0,17.0,1092.0879167889707
697100,28,216,11,3,14,0,0.950383727624904,0.0043950121825304805,81,78.0,11.0,589.3778156857219
697200,23,258,8,1,14,0,0.956566220788375,0.004189345686881627,81,29.0,2.0,267.975662461843
697300,19,283,7,1,11,0,0.9808178208153954,0.0041202943174856906,81,13.0,3.0,95.46868868545185
697400,15,332,9,1,5,0,0.9496388884476352,0.004263588505943181,81,4.0,1.0,25.75138181498872
697500,14,363,10,1,3,0,0.9576719979171262,0.004128908336203119,81,2.0,0.0,19.46150183858106
697600,13,395,8,1,4,0,0.9637489826845519,0.004446516669757205,81,13.0,0.0,124.95268205297917
697700,12,440,8,1,3,0,0.9770678081900753,0.004143878914274626,81,4.0,1.0,27.85115501406147
697800,12,492,9,1,2,0,0.9854011415234089,0.004143878914274626,81,7.0,0.0,60.33680827462952
697900,12,523,10,0,2,0,0.9895678081900755,0.004143878914274626,81,0.0,0.0,0.0
698000,11,575,11,0,0,0,0.9938244012274008,0.0036206353797614043,81,11.0,1.0,87.45492138423239
698100,10,611,10,0,0,0,0.985276977734145,0.003219201992124355,81,3.0,0.0,30.66225275787159
698200,9,665,9,0,0,0,0.9995086898039369,0.0035768911023603936,81,3.0,1.0,20.44150183858106
698300,9,696,9,0,0,0,1.0217309120261593,0.0035768911023603936,81,3.0,0.0,27.07226847521286
698400,8,740,8,0,0,0,1.0253305551201113,0.0032946528623267073,81,9.0,1.0,75.76766763498473
698500,7,788,7,0,0,0,1.0522045811562257,0.0026519954875470824,81,0.0,0.0,0.0
698600,7,829,7,0,0,0,1.0593474382990828,0.0026519954875470824,81,4.0,0.0,38.532321003517126
698700,6,885,6,0,0,0,1.0362055429351784,0.003093994735471596,81,8.0,1.0,85.75271137351517
698800,6,931,6,0,0,0,1.0445388762685117,0.003093994735471596,81,0.0,0.0,0.0
698900,6,988,6,0,0,0,1.0695388762685119,0.003093994735471596,81,4.0,0.0,40.64497865327228
699000,6,1037,6,0,0,0,1.0695388762685119,0.003093994735471596,81,10.0,0.0,100.65864414764565
699100,6,1091,6,0,0,0,1.0695388762685119,0.003093994735471596,81,4.0,0.0,40.24440623538233
699200,6,1140,6,0,0,0,1.0862055429351785,0.003093994735471596,81,0.0,0.0,0.0
699300,6,1183,6,0,0,0,1.102872209601845,0.003093994735471596,81,0.0,0.0,0.0
699400,6,1228,6,0,0,0,1.1278722096018452,0.003093994735471596,81,0.0,0.0,0.0
699500,6,1271,6,0,0,0,1.1362055429351787,0.003093994735471596,81,0.0,0.0,0.0
699600,6,1310,6,0,0,0,1.1612055429351786,0.003093994735471596,81,0.0,0.0,0.0
699700,6,1346,6,0,0,0,1.169538876268512,0.003093994735471596,81,0.0,0.0,0.0
699800,5,1392,5,0,0,0,1.1760743114544987,0.002342193462243735,81,13.0,1.0,140.1174210707762
699900,5,1423,5,0,0,0,1.1960743114544985,0.002342193462243735,81,0.0,0.0,0.0
700000,4,1439,4,0,0,0,1.257715286068494,0.002831031556480843,81,11.0,0.0,117.29196563714956
700100,4,1483,4,0,0,0,1.2827152860684938,0.002831031556480843,81,3.0,0.0,33.45871790104079
700200,3,1537,3,0,0,0,1.2436072066262367,0.0013526470218756294,81,7.0,1.0,66.91743580208158
700300,3,1580,3,0,0,0,1.2769405399595701,0.0013526470218756294,81,0.0,0.0,0.0
700400,3,1629,3,0,0,0,1.2769405399595701,0.0013526470218756294,81,0.0,0.0,0.0
700500,3,1674,3,0,0,0,1.3269405399595702,0.0013526470218756294,81,0.0,0.0,0.0
700600,2,1732,2,0,0,0,1.3022379806829947,0.002028970532813444,81,0.0,0.0,0.0
700700,2,1789,2,0,0,0,1.3522379806829945,0.002028970532813444,81,0.0,0.0,0.0
700800,2,1857,2,0,0,0,1.3522379806829945,0.002028970532813444,81,0.0,0.0,0.0
700900,2,1923,2,0,0,0,1.3772379806829946,0.002028970532813444,81,0.0,0.0,0.0
701000,2,1985,2,0,0,0,1.3772379806829946,0.002028970532813444,81,0.0,0.0,0.0
701100,2,2051,2,0,0,0,1.4022379806829948,0.002028970532813444,81,0.0,0.0,0.0
701200,2,2133,2,0,0,0,1.4022379806829948,0.002028970532813444,81,0.0,0.0,0.0
701300,2,2206,2,0,0,0,1.4022379806829948,0.002028970532813444,81,0.0,0.0,0.0
701400,147,338,0,0,0,147,0.9028389079511042,0.0033283218994914028,82,403.0,39.0,3227.932168729443
701500,72,203,0,0,0,72,0.9123862644053475,0.003391974048199327,82,366.0,46.0,2882.807385129334
701600,48,173,0,0,0,48,0.9109376623850091,0.003270848412764432,82,165.0,16.0,1322.2967830357334
701700,32,179,6,6,20,0,0.9055230458436403,0.003198064039772703,82,60.0,5.0,449.46744399065545
701800,19,215,2,3,14,0,0.9025974762353213,0.003685265522058922,82,26.0,4.0,177.78170447861103
701900,19,238,4,3,12,0,0.9078606341300582,0.003685265522058922,82,4.0,0.0,37.02546322051782
702000,18,270,5,2,11,0,0.9005054053691381,0.003473576972551594,82,6.0,0.0,55.65332499601613
702100,16,303,6,1,9,0,0.930195520451979,0.0035776906850052085,82,8.0,1.0,55.68624776680131
702200,15,339,5,1,9,0,0.9317030541064484,0.0038079419166779675,82,3.0,0.0,24.99805633596074
702300,11,383,4,1,6,0,0.9114764017784445,0.004682352809749587,82,27.0,2.0,214.3965021911556
702400,9,421,3,0,6,0,0.9468789466355276,0.004233686233987189,82,3.0,0.0,28.22737989188967
702500,9,476,5,0,4,0,0.9524345021910832,0.004233686233987189,82,0.0,0.0,0.0
702600,9,513,6,0,3,0,0.9635456133021942,0.004233686233987189,82,0.0,0.0,0.0
702700,8,564,6,0,2,0,0.9561441221591067,0.0043211117652294205,82,2.0,0.0,17.427555908549124
702800,8,598,6,0,2,0,0.9623941221591068,0.0043211117652294205,82,2.0,0.0,17.96525351141664
702900,7,647,6,0,1,0,0.9840478968990959,0.004938413445976481,82,8.0,1.0,65.01739200949943
703000,6,706,6,0,0,0,1.0127637325659486,0.005100073397848339,82,12.0,1.0,100.58232412834029
703100,5,775,5,0,0,0,0.9718885872216958,0.004683155625841118,82,3.0,1.0,16.816009777574433
703200,5,839,5,0,0,0,0.9918885872216958,0.004683155625841118,82,0.0,0.0,0.0
703300,5,899,5,0,0,0,0.9918885872216958,0.004683155625841118,82,0.0,0.0,0.0
703400,5,969,5,0,0,0,1.0018885872216958,0.004683155625841118,82,0.0,0.0,0.0
703500,5,1017,5,0,0,0,1.0318885872216959,0.004683155625841118,82,0.0,0.0,0.0
703600,5,1059,5,0,0,0,1.0318885872216959,0.004683155625841118,82,0.0,0.0,0.0
703700,5,1109,5,0,0,0,1.0418885872216959,0.004683155625841118,82,0.0,0.0,0.0
703800,5,1171,5,0,0,0,1.0518885872216956,0.004683155625841118,82,1.0,0.0,10.509240061420648
703900,5,1230,5,0,0,0,1.0618885872216957,0.004683155625841118,82,0.0,0.0,0.0
704000,5,1286,5,0,0,0,1.081888587221696,0.004683155625841118,82,4.0,0.0,46.261057997975314
704100,5,1347,5,0,0,0,1.081888587221696,0.004683155625841118,82,2.0,0.0,20.257696504543553
704200,4,1407,4,0,0,0,1.1064717479997785,0.0044569657505730545,82,3.0,0.0,28.164014666361652
704300,4,1469,4,0,0,0,1.1314717479997785,0.0044569657505730545,82,4.0,0.0,41.6407650898723
704400,4,1524,4,0,0,0,1.1439717479997786,0.0044569657505730545,82,1.0,0.0,11.489240061420649
704500,4,1578,4,0,0,0,1.1439717479997786,0.0044569657505730545,82,0.0,0.0,0.0
704600,3,1636,3,0,0,0,1.1697726144708296,0.00429398413845702,82,8.0,1.0,69.14603422151052
704700,3,1700,3,0,0,0,1.1697726144708296,0.00429398413845702,82,0.0,0.0,0.0
704800,3,1770,3,0,0,0,1.1864392811374962,0.00429398413845702,82,0.0,0.0,0.0
704900,3,1826,3,0,0,0,1.2031059478041628,0.00429398413845702,82,0.0,0.0,0.0
705000,3,1885,3,0,0,0,1.2197726144708294,0.00429398413845702,82,0.0,0.0,0.0
705100,3,1957,3,0,0,0,1.2197726144708294,0.00429398413845702,82,0.0,0.0,0.0
705200,3,2021,3,0,0,0,1.2531059478041628,0.00429398413845702,82,5.0,0.0,51.98125961656952
705300,3,2089,3,0,0,0,1.2531059478041628,0.00429398413845702,82,0.0,0.0,0.0
705400,3,2130,3,0,0,0,1.2864392811374963,0.00429398413845702,82,0.0,0.0,0.0
705500,3,2176,3,0,0,0,1.303105947804163,0.00429398413845702,82,0.0,0.0,0.0
705600,3,2237,3,0,0,0,1.336439281137496,0.00429398413845702,82,0.0,0.0,0.0
705700,3,2285,3,0,0,0,1.3697726144708298,0.00429398413845702,82,0.0,0.0,0.0
705800,3,2324,3,0,0,0,1.403105947804163,0.00429398413845702,82,0.0,0.0,0.0
705900,3,2361,3,0,0,0,1.4364392811374962,0.00429398413845702,82,0.0,0.0,0.0
706000,3,2398,3,0,0,0,1.4697726144708296,0.00429398413845702,82,0.0,0.0,0.0
706100,3,2431,3,0,0,0,1.503105947804163,0.00429398413845702,82,0.0,0.0,0.0
706200,3,2471,3,0,0,0,1.5364392811374963,0.00429398413845702,82,0.0,0.0,0.0
706300,3,2500,3,0,0,0,1.5697726144708295,0.00429398413845702,82,0.0,0.0,0.0
706400,3,2500,3,0,0,0,1.6197726144708298,0.00429398413845702,82,0.0,0.0,0.0
706500,3,2500,3,0,0,0,1.653105947804163,0.00429398413845702,82,0.0,0.0,0.0
706600,3,2500,3,0,0,0,1.703105947804163,0.00429398413845702,82,0.0,0.0,0.0
706700,3,2500,3,0,0,0,1.7531059478041628,0.00429398413845702,82,0.0,0.0,0.0
706800,3,2500,3,0,0,0,1.8031059478041627,0.00429398413845702,82,0.0,0.0,0.0
706900,3,2500,3,0,0,0,1.8364392811374959,0.00429398413845702,82,0.0,0.0,0.0
707000,3,2500,3,0,0,0,1.869772614470829,0.00429398413845702,82,9.0,0.0,189.90247996804126
707100,3,2500,3,0,0,0,1.9031059478041623,0.00429398413845702,82,0.0,0.0,0.0
707200,3,2500,3,0,0,0,1.9434437057893834,0.00429398413845702,82,0.0,0.0,0.0
707300,3,2500,3,0,0,0,1.9601103724560502,0.00429398413845702,82,0.0,0.0,0.0
707400,3,2500,3,0,0,0,1.9767770391227166,0.00429398413845702,82,0.0,0.0,0.0
707500,3,2499,3,0,0,0,1.9934437057893835,0.00429398413845702,82,0.0,0.0,0.0
707600,3,2500,3,0,0,0,2.0267770391227167,0.00429398413845702,82,0.0,0.0,0.0
707700,3,2500,3,0,0,0,2.06011037245605,0.00429398413845702,82,0.0,0.0,0.0
707800,3,2500,3,0,0,0,2.076777039122716,0.00429398413845702,82,0.0,0.0,0.0
707900,3,2500,3,0,0,0,2.0859865608431027,0.00429398413845702,82,0.0,0.0,0.0
708000,3,2500,3,0,0,0,2.0859865608431027,0.00429398413845702,82,0.0,0.0,0.0
708100,3,2500,3,0,0,0,2.1026532275097694,0.00429398413845702,82,0.0,0.0,0.0
708200,3,2498,3,0,0,0,2.1026532275097694,0.00429398413845702,82,0.0,0.0,0.0
708300,3,2497,3,0,0,0,2.1026532275097694,0.00429398413845702,82,0.0,0.0,0.0
708400,3,2500,3,0,0,0,2.1026532275097694,0.00429398413845702,82,0.0,0.0,0.0
708500,3,2500,3,0,0,0,2.1026532275097694,0.00429398413845702,82,0.0,0.0,0.0
708600,3,2496,3,0,0,0,2.1193198941764364,0.00429398413845702,82,0.0,0.0,0.0
708700,3,2494,3,0,0,0,2.1193198941764364,0.00429398413845702,82,0.0,0.0,0.0
708800,3,2500,3,0,0,0,2.1193198941764364,0.00429398413845702,82,0.0,0.0,0.0
708900,3,2500,3,0,0,0,2.1193198941764364,0.00429398413845702,82,0.0,0.0,0.0
709000,3,2500,3,0,0,0,2.1193198941764364,0.00429398413845702,82,0.0,0.0,0.0
709100,3,2500,3,0,0,0,2.135986560843103,0.00429398413845702,82,0.0,0.0,0.0
709200,3,2500,3,0,0,0,2.135986560843103,0.00429398413845702,82,0.0,0.0,0.0
709300,3,2500,3,0,0,0,2.135986560843103,0.00429398413845702,82,0.0,0.0,0.0
709400,3,2500,3,0,0,0,2.135986560843103,0.00429398413845702,82,0.0,0.0,0.0
709500,3,2500,3,0,0,0,2.1526532275097696,0.00429398413845702,82,0.0,0.0,0.0
709600,2,2500,2,0,0,0,2.5,0.0034487363511632434,82,0.0,0.0,0.0
709700,2,2500,2,0,0,0,2.5,0.0034487363511632434,82,0.0,0.0,0.0
709800,2,2500,2,0,0,0,2.5,0.0034487363511632434,82,0.0,0.0,0.0
709900,2,2500,2,0,0,0,2.5,0.0034487363511632434,82,0.0,0.0,0.0
710000,2,2500,2,0,0,0,2.5,0.0034487363511632434,82,0.0,0.0,0.0
710100,2,2500,2,0,0,0,2.5,0.0034487363511632434,82,4.0,0.0,98.0
710200,2,2500,2,0,0,0,2.5,0.0034487363511632434,82,0.0,0.0,0.0
710300,2,2500,2,0,0,0,2.5,0.0034487363511632434,82,0.0,0.0,0.0
710400,152,303,0,0,0,152,0.9128730042070266,0.003849233748848373,83,403.0,32.0,3334.5592415675546
710500,71,192,0,0,0,71,0.9076141896390656,0.004089547113390362,83,394.0,49.0,3039.7666032761367
710600,47,167,0,0,0,47,0.9015738531114645,0.004098283441216556,83,144.0,11.0,1137.648895096867
710700,30,185,11,2,17,0,0.8944754655162623,0.004120700813402587,83,76.0,8.0,589.0285489118725
710800,21,216,11,0,10,0,0.9040756323954297,0.0037120970362021677,83,16.0,1.0,128.02995280148133
710900,18,252,9,0,9,0,0.9120800749408168,0.003702001993767997,83,21.0,3.0,165.3344348827672
711000,16,283,11,0,5,0,0.9261905211876702,0.0031172654026371213,83,4.0,0.0,37.32662821942631
711100,13,329,11,0,2,0,0.932843348453036,0.002527996475020335,83,9.0,1.0,68.8046546216562
711200,13,365,11,0,2,0,0.9366895022991899,0.002527996475020335,83,0.0,0.0,0.0
711300,13,402,11,0,2,0,0.9405356561453437,0.002527996475020335,83,5.0,0.0,48.47931855376001
711400,12,449,9,0,3,0,0.9546078029291057,0.0022627028162824046,83,9.0,1.0,77.41911767605546
711500,12,485,11,0,1,0,0.9587744695957725,0.0022627028162824046,83,0.0,0.0,0.0
711600,11,503,10,0,1,0,0.9878613404460055,0.0018923569860093948,83,1.0,0.0,9.200425124383441
711700,9,530,7,0,2,0,0.9841761405695979,0.002219928376355272,83,17.0,2.0,139.30851524278012
711800,9,575,8,0,1,0,0.995287251680709,0.002219928376355272,83,4.0,0.0,43.043863907340715
711900,8,612,7,0,1,0,1.007598046302236,0.0017883286379863162,83,2.0,1.0,9.103713276530664
712000,8,656,8,0,0,0,1.0200980463022362,0.0017883286379863162,83,0.0,0.0,0.0
712100,8,697,8,0,0,0,1.026348046302236,0.0017883286379863162,83,3.0,0.0,27.311139829591994
712200,8,737,8,0,0,0,1.0450980463022361,0.0017883286379863162,83,1.0,0.0,9.103713276530664
712300,7,785,7,0,0,0,1.0746455674697566,0.0014761679203964297,83,0.0,0.0,0.0
712400,7,834,7,0,0,0,1.0889312817554708,0.0014761679203964297,83,0.0,0.0,0.0
712500,6,876,6,0,0,0,1.1200114754943586,0.0011721989400266368,83,7.0,1.0,57.562279659183986
712600,6,910,6,0,0,0,1.1366781421610255,0.0011721989400266368,83,0.0,0.0,0.0
712700,6,961,6,0,0,0,1.1450114754943588,0.0011721989400266368,83,0.0,0.0,0.0
712800,6,1000,6,0,0,0,1.1616781421610256,0.0011721989400266368,83,0.0,0.0,0.0
712900,6,1044,6,0,0,0,1.1783448088276922,0.0011721989400266368,83,0.0,0.0,0.0
713000,6,1086,6,0,0,0,1.1950114754943588,0.0011721989400266368,83,0.0,0.0,0.0
713100,6,1133,6,0,0,0,1.220011475494359,0.0011721989400266368,83,6.0,0.0,62.909609804148864
713200,6,1163,6,0,0,0,1.2283448088276925,0.0011721989400266368,83,0.0,0.0,0.0
713300,5,1210,5,0,0,0,1.234402220045574,0.0008142757187686724,83,9.0,1.0,87.79947973886519
713400,5,1241,5,0,0,0,1.2644022200455738,0.0008142757187686724,83,0.0,0.0,0.0
713500,5,1293,5,0,0,0,1.2644022200455738,0.0008142757187686724,83,4.0,0.0,49.77002387018214
713600,5,1337,5,0,0,0,1.284402220045574,0.0008142757187686724,83,0.0,0.0,0.0
713700,4,1382,4,0,0,0,1.2822846152901195,0.0010178446484608405,83,9.0,0.0,90.75341948877598
713800,4,1429,4,0,0,0,1.3072846152901194,0.0010178446484608405,83,0.0,0.0,0.0
713900,4,1461,4,0,0,0,1.3322846152901193,0.0010178446484608405,83,0.0,0.0,0.0
714000,4,1496,4,0,0,0,1.3572846152901197,0.0010178446484608405,83,0.0,0.0,0.0
714100,4,1538,4,0,0,0,1.3697846152901196,0.0010178446484608405,83,0.0,0.0,0.0
714200,4,1582,4,0,0,0,1.4072846152901195,0.0010178446484608405,83,5.0,0.0,77.63064905871869
714300,4,1633,4,0,0,0,1.4322846152901196,0.0010178446484608405,83,0.0,0.0,0.0
714400,4,1677,4,0,0,0,1.4447846152901196,0.0010178446484608405,83,0.0,0.0,0.0
714500,4,1707,4,0,0,0,1.4697846152901195,0.0010178446484608405,83,0.0,0.0,0.0
714600,4,1745,4,0,0,0,1.4947846152901196,0.0010178446484608405,83,0.0,0.0,0.0
714700,4,1775,4,0,0,0,1.5322846152901197,0.0010178446484608405,83,0.0,0.0,0.0
714800,4,1820,4,0,0,0,1.5572846152901196,0.0010178446484608405,83,5.0,0.0,55.31856638265332
714900,4,1858,4,0,0,0,1.5697846152901198,0.0010178446484608405,83,0.0,0.0,0.0
715000,4,1880,4,0,0,0,1.6072846152901197,0.0010178446484608405,83,0.0,0.0,0.0
715100,4,1927,4,0,0,0,1.6197846152901196,0.0010178446484608405,83,0.0,0.0,0.0
715200,4,1966,4,0,0,0,1.65728461529012,0.0010178446484608405,83,0.0,0.0,0.0
715300,3,2013,3,0,0,0,1.6227457554973383,0.00086743484512352,83,8.0,1.0,138.5305387741305
715400,3,2057,3,0,0,0,1.639412422164005,0.00086743484512352,83,0.0,0.0,0.0
715500,3,2109,3,0,0,0,1.6727457554973382,0.00086743484512352,83,0.0,0.0,0.0
715600,3,2145,3,0,0,0,1.722745755497338,0.00086743484512352,83,0.0,0.0,0.0
715700,3,2175,3,0,0,0,1.7394124221640048,0.00086743484512352,83,0.0,0.0,0.0
715800,3,2196,3,0,0,0,1.7894124221640049,0.00086743484512352,83,0.0,0.0,0.0
715900,3,2226,3,0,0,0,1.8394124221640047,0.00086743484512352,83,0.0,0.0,0.0
716000,3,2258,3,0,0,0,1.872745755497338,0.00086743484512352,83,0.0,0.0,0.0
716100,3,2300,3,0,0,0,1.8894124221640045,0.00086743484512352,83,0.0,0.0,0.0
716200,3,2351,3,0,0,0,1.9394124221640043,0.00086743484512352,83,0.0,0.0,0.0
716300,3,2402,3,0,0,0,1.9496138858465584,0.00086743484512352,83,0.0,0.0,0.0
716400,3,2446,3,0,0,0,1.9662805525132254,0.00086743484512352,83,0.0,0.0,0.0
716500,3,2485,3,0,0,0,1.9662805525132254,0.00086743484512352,83,0.0,0.0,0.0
716600,3,2500,3,0,0,0,1.9829472191798916,0.00086743484512352,83,0.0,0.0,0.0
716700,3,2500,3,0,0,0,1.9829472191798916,0.00086743484512352,83,0.0,0.0,0.0
716800,3,2500,3,0,0,0,2.016280552513225,0.00086743484512352,83,0.0,0.0,0.0
716900,3,2500,3,0,0,0,2.0329472191798916,0.00086743484512352,83,0.0,0.0,0.0
717000,3,2500,3,0,0,0,2.0496138858465582,0.00086743484512352,83,0.0,0.0,0.0
717100,3,2500,3,0,0,0,2.066280552513225,0.00086743484512352,83,0.0,0.0,0.0
717200,3,2500,3,0,0,0,2.066280552513225,0.00086743484512352,83,0.0,0.0,0.0
717300,3,2500,3,0,0,0,2.0829472191798915,0.00086743484512352,83,0.0,0.0,0.0
717400,3,2498,3,0,0,0,2.099613885846558,0.00086743484512352,83,0.0,0.0,0.0
717500,3,2500,3,0,0,0,2.1429834447799547,0.00086743484512352,83,0.0,0.0,0.0
717600,3,2494,3,0,0,0,2.1429834447799547,0.00086743484512352,83,0.0,0.0,0.0
717700,3,2500,3,0,0,0,2.1429834447799547,0.00086743484512352,83,0.0,0.0,0.0
717800,2,2500,2,0,0,0,1.9894751671699322,0.00130115226768528,83,14.0,1.0,182.04827259489875
717900,2,2500,2,0,0,0,1.9894751671699322,0.00130115226768528,83,0.0,0.0,0.0
718000,2,2499,2,0,0,0,2.014475167169932,0.00130115226768528,83,0.0,0.0,0.0
718100,2,2500,2,0,0,0,2.014475167169932,0.00130115226768528,83,0.0,0.0,0.0
718200,2,2500,2,0,0,0,2.014475167169932,0.00130115226768528,83,0.0,0.0,0.0
718300,2,2500,2,0,0,0,2.014475167169932,0.00130115226768528,83,0.0,0.0,0.0
718400,2,2500,2,0,0,0,2.039475167169932,0.00130115226768528,83,0.0,0.0,0.0
718500,2,2500,2,0,0,0,2.064475167169932,0.00130115226768528,83,0.0,0.0,0.0
718600,2,2500,2,0,0,0,2.0894751671699323,0.00130115226768528,83,0.0,0.0,0.0
718700,2,2500,2,0,0,0,2.1144751671699322,0.00130115226768528,83,0.0,0.0,0.0
718800,2,2500,2,0,0,0,2.139475167169932,0.00130115226768528,83,0.0,0.0,0.0
718900,2,2500,2,0,0,0,2.1894751671699324,0.00130115226768528,83,0.0,0.0,0.0
719000,2,2499,2,0,0,0,2.1894751671699324,0.00130115226768528,83,0.0,0.0,0.0
719100,2,2500,2,0,0,0,2.2144751671699323,0.00130115226768528,83,0.0,0.0,0.0
719200,2,2500,2,0,0,0,2.2394751671699322,0.00130115226768528,83,0.0,0.0,0.0
719300,2,2500,2,0,0,0,2.2394751671699322,0.00130115226768528,83,0.0,0.0,0.0
719400,160,269,0,0,0,160,0.8738266857818557,0.002794850049384159,84,393.0,30.0,3073.7274932026144
719500,81,136,0,0,0,81,0.8791851652870261,0.0030260385764515137,84,439.0,60.0,3294.06234124274
719600,46,129,0,0,0,46,0.8794483169327004,0.0025294127590239765,84,178.0,17.0,1402.794926354723
719700,30,144,8,3,19,0,0.874471845034724,0.0025506808460143975,84,50.0,7.0,368.95437013288233
719800,19,182,6,2,11,0,0.8617360829073414,0.0032297226722614596,84,25.0,3.0,190.58837596383145
719900,15,225,6,0,9,0,0.8781548360339617,0.003271320618057217,84,5.0,0.0,46.47767133214543
720000,11,281,4,0,7,0,0.8913525120133993,0.003532181757853509,84,13.0,1.0,98.31032427092457
720100,10,341,4,0,6,0,0.9038112081747659,0.0036336909555969945,84,1.0,0.0,9.491844664264287
720200,8,392,2,0,6,0,0.8943908342708771,0.0033348330694670135,84,12.0,2.0,90.24524085776638
720300,8,436,2,0,6,0,0.9256408342708771,0.0033348330694670135,84,2.0,0.0,16.27288376119108
720400,7,478,2,0,5,0,0.9464110718110966,0.0034834575100749876,84,0.0,0.0,0.0
720500,7,525,3,0,4,0,0.9535539289539539,0.0034834575100749876,84,0.0,0.0,0.0
720600,7,561,4,0,3,0,0.9749825003825252,0.0034834575100749876,84,0.0,0.0,0.0
720700,7,609,4,0,3,0,0.9892682146682396,0.0034834575100749876,84,0.0,0.0,0.0
720800,7,643,6,0,1,0,1.0035539289539537,0.0034834575100749876,84,0.0,0.0,0.0
720900,7,689,6,0,1,0,1.0035539289539537,0.0034834575100749876,84,0.0,0.0,0.0
721000,7,727,7,0,0,0,1.017839643239668,0.0034834575100749876,84,0.0,0.0,0.0
721100,7,751,7,0,0,0,1.0321253575253824,0.0034834575100749876,84,0.0,0.0,0.0
721200,7,803,7,0,0,0,1.0464110718110968,0.0034834575100749876,84,0.0,0.0,0.0
721300,7,849,7,0,0,0,1.0749825003825255,0.0034834575100749876,84,0.0,0.0,0.0
721400,7,884,7,0,0,0,1.0821253575253826,0.0034834575100749876,84,0.0,0.0,0.0
721500,7,926,7,0,0,0,1.0964110718110969,0.0034834575100749876,84,0.0,0.0,0.0
721600,7,956,7,0,0,0,1.110696786096811,0.0034834575100749876,84,0.0,0.0,0.0
721700,7,984,7,0,0,0,1.1321253575253825,0.0034834575100749876,84,0.0,0.0,0.0
721800,7,1026,7,0,0,0,1.160696786096811,0.0034834575100749876,84,4.0,0.0,43.27171586390051
721900,7,1054,7,0,0,0,1.1749825003825252,0.0034834575100749876,84,0.0,0.0,0.0
722000,7,1084,7,0,0,0,1.1892682146682396,0.0034834575100749876,84,2.0,0.0,24.863689328528576
722100,7,1100,7,0,0,0,1.2035539289539543,0.0034834575100749876,84,1.0,0.0,9.438725370740055
722200,7,1121,7,0,0,0,1.2321253575253828,0.0034834575100749876,84,2.0,0.0,21.37573645253825
722300,6,1175,6,0,0,0,1.2261358578986914,0.00313334021417484,84,10.0,1.0,84.94852833666052
722400,5,1231,5,0,0,0,1.217651913881199,0.003760008257009808,84,8.0,1.0,92.23992792847143
722500,5,1280,5,0,0,0,1.2576519138811992,0.003760008257009808,84,0.0,0.0,0.0
722600,5,1335,5,0,0,0,1.2576519138811992,0.003760008257009808,84,0.0,0.0,0.0
722700,5,1382,5,0,0,0,1.2676519138811995,0.003760008257009808,84,0.0,0.0,0.0
722800,5,1421,5,0,0,0,1.2876519138811993,0.003760008257009808,84,0.0,0.0,0.0
722900,4,1466,4,0,0,0,1.26304524900584,0.00470001032126226,84,9.0,1.0,109.33706048968165
723000,4,1515,4,0,0,0,1.26304524900584,0.00470001032126226,84,0.0,0.0,0.0
723100,4,1562,4,0,0,0,1.28804524900584,0.00470001032126226,84,0.0,0.0,0.0
723200,4,1617,4,0,0,0,1.3130452490058402,0.00470001032126226,84,0.0,0.0,0.0
723300,4,1650,4,0,0,0,1.33804524900584,0.00470001032126226,84,0.0,0.0,0.0
723400,4,1705,4,0,0,0,1.35054524900584,0.00470001032126226,84,0.0,0.0,0.0
723500,4,1755,4,0,0,0,1.3755452490058402,0.00470001032126226,84,0.0,0.0,0.0
723600,4,1804,4,0,0,0,1.3880452490058401,0.00470001032126226,84,0.0,0.0,0.0
723700,4,1857,4,0,0,0,1.4130452490058403,0.00470001032126226,84,0.0,0.0,0.0
723800,4,1907,4,0,0,0,1.4255452490058405,0.00470001032126226,84,0.0,0.0,0.0
723900,4,1980,4,0,0,0,1.4380452490058402,0.00470001032126226,84,0.0,0.0,0.0
724000,3,2041,3,0,0,0,1.4963485847037035,0.0033539765379341883,84,6.0,1.0,75.68566280605103
724100,3,2096,3,0,0,0,1.51301525137037,0.0033539765379341883,84,0.0,0.0,0.0
724200,3,2152,3,0,0,0,1.51301525137037,0.0033539765379341883,84,0.0,0.0,0.0
724300,3,2218,3,0,0,0,1.51301525137037,0.0033539765379341883,84,5.0,0.0,72.40241978550321
724400,3,2275,3,0,0,0,1.5630152513703701,0.0033539765379341883,84,9.0,0.0,124.91446398924842
724500,3,2331,3,0,0,0,1.5630152513703701,0.0033539765379341883,84,0.0,0.0,0.0
724600,3,2385,3,0,0,0,1.5796819180370367,0.0033539765379341883,84,0.0,0.0,0.0
724700,3,2444,3,0,0,0,1.61301525137037,0.0033539765379341883,84,0.0,0.0,0.0
724800,3,2500,3,0,0,0,1.61301525137037,0.0033539765379341883,84,0.0,0.0,0.0
724900,3,2500,3,0,0,0,1.629681918037037,0.0033539765379341883,84,0.0,0.0,0.0
725000,2,2500,2,0,0,0,1.622220195361157,0.004156453307088164,84,8.0,0.0,106.00408840749039
725100,2,2500,2,0,0,0,1.622220195361157,0.004156453307088164,84,0.0,0.0,0.0
725200,2,2500,2,0,0,0,1.647220195361157,0.004156453307088164,84,0.0,0.0,0.0
725300,2,2500,2,0,0,0,1.647220195361157,0.004156453307088164,84,0.0,0.0,0.0
725400,2,2500,2,0,0,0,1.6722201953611568,0.004156453307088164,84,0.0,0.0,0.0
725500,2,2500,2,0,0,0,1.6722201953611568,0.004156453307088164,84,0.0,0.0,0.0
725600,2,2500,2,0,0,0,1.697220195361157,0.004156453307088164,84,0.0,0.0,0.0
725700,2,2500,2,0,0,0,1.722220195361157,0.004156453307088164,84,0.0,0.0,0.0
725800,2,2500,2,0,0,0,1.722220195361157,0.004156453307088164,84,0.0,0.0,0.0
725900,2,2500,2,0,0,0,1.747220195361157,0.004156453307088164,84,0.0,0.0,0.0
726000,2,2500,2,0,0,0,1.772220195361157,0.004156453307088164,84,4.0,0.0,54.9620442037452
726100,2,2500,2,0,0,0,1.772220195361157,0.004156453307088164,84,0.0,0.0,0.0
726200,2,2500,2,0,0,0,1.7972201953611568,0.004156453307088164,84,0.0,0.0,0.0
726300,2,2500,2,0,0,0,1.7972201953611568,0.004156453307088164,84,0.0,0.0,0.0
726400,2,2500,2,0,0,0,1.8222201953611568,0.004156453307088164,84,0.0,0.0,0.0
726500,2,2500,2,0,0,0,1.8472201953611567,0.004156453307088164,84,0.0,0.0,0.0
726600,2,2500,2,0,0,0,1.8472201953611567,0.004156453307088164,84,0.0,0.0,0.0
726700,2,2500,2,0,0,0,1.8722201953611566,0.004156453307088164,84,0.0,0.0,0.0
726800,2,2500,2,0,0,0,1.8722201953611566,0.004156453307088164,84,0.0,0.0,0.0
726900,2,2500,2,0,0,0,1.8722201953611566,0.004156453307088164,84,0.0,0.0,0.0
727000,2,2500,2,0,0,0,1.8722201953611566,0.004156453307088164,84,0.0,0.0,0.0
727100,109,198,0,0,0,109,0.8675670144591393,0.00377940803040587,85,612.0,66.0,4649.303926001133
727200,58,162,0,0,0,58,0.8564720664628966,0.004112589638916943,85,268.0,32.0,1981.2052983429005
727300,39,159,0,0,0,39,0.8455456782633985,0.00466387677865844,85,94.0,7.0,748.5330005833514
727400,28,193,9,2,17,0,0.849593937604106,0.004331780544962398,85,36.0,4.0,263.2280164876013
727500,22,201,10,2,10,0,0.8424788819182865,0.004257777395465217,85,16.0,1.0,130.1908074296967
727600,19,226,10,0,9,0,0.8513843222872628,0.0042111142053601084,85,21.0,2.0,162.1042385931127
727700,13,255,5,0,8,0,0.8448140178878288,0.004506862592456295,85,27.0,4.0,198.52900501611202
727800,11,289,5,0,6,0,0.8603897261711253,0.005107286683261001,85,0.0,0.0,0.0
727900,11,331,6,0,5,0,0.874026089807489,0.005107286683261001,85,0.0,0.0,0.0
728000,11,366,6,0,5,0,0.8876624534438526,0.005107286683261001,85,0.0,0.0,0.0
728100,11,393,10,0,1,0,0.8876624534438526,0.005107286683261001,85,0.0,0.0,0.0
728200,11,414,10,0,1,0,0.892207907989307,0.005107286683261001,85,5.0,0.0,43.11863784250846
728300,11,447,10,0,1,0,0.9149351807165798,0.005107286683261001,85,0.0,0.0,0.0
728400,9,490,9,0,0,0,0.9194605764428039,0.005002685998425288,85,10.0,1.0,70.57065948816597
728500,8,527,8,0,0,0,0.9241033595898894,0.005582381850162937,85,10.0,1.0,74.57691342672744
728600,8,566,8,0,0,0,0.9303533595898894,0.005582381850162937,85,0.0,0.0,0.0
728700,7,613,7,0,0,0,0.9293862866498095,0.005249046083760443,85,0.0,0.0,0.0
728800,7,662,7,0,0,0,0.9365291437926667,0.005249046083760443,85,2.0,0.0,18.328879491135798
728900,6,703,6,0,0,0,0.959263858445628,0.004478530476707581,85,9.0,1.0,71.7630538385949
729000,5,760,5,0,0,0,0.9840872475721435,0.00421497293773707,85,4.0,1.0,26.32897114224248
729100,5,810,5,0,0,0,0.9940872475721434,0.00421497293773707,85,0.0,0.0,0.0
729200,5,865,5,0,0,0,1.0140872475721436,0.00421497293773707,85,0.0,0.0,0.0
729300,5,912,5,0,0,0,1.0340872475721437,0.00421497293773707,85,0.0,0.0,0.0
729400,5,961,5,0,0,0,1.0440872475721437,0.00421497293773707,85,0.0,0.0,0.0
729500,5,1023,5,0,0,0,1.0540872475721437,0.00421497293773707,85,0.0,0.0,0.0
729600,4,1076,4,0,0,0,1.014103055125627,0.0046104871660235264,85,13.0,1.0,132.50084812101633
729700,4,1130,4,0,0,0,1.0266030551256269,0.0046104871660235264,85,3.0,0.0,29.88572189438309
729800,3,1196,3,0,0,0,1.041825456680409,0.005167052166387773,85,0.0,0.0,0.0
729900,3,1251,3,0,0,0,1.041825456680409,0.005167052166387773,85,0.0,0.0,0.0
730000,3,1313,3,0,0,0,1.041825456680409,0.005167052166387773,85,0.0,0.0,0.0
730100,3,1384,3,0,0,0,1.0584921233470757,0.005167052166387773,85,0.0,0.0,0.0
730200,2,1458,2,0,0,0,1.1149665669552649,0.0030126611631935978,85,0.0,0.0,0.0
730300,200,490,0,0,0,200,0.7921582157046112,0.005281023104708174,86,18.0,1.0,172.885784844795
730400,117,179,0,0,0,117,0.78138718769863,0.005047732678184431,86,514.0,52.0,3591.622424387413
730500,64,127,0,0,0,64,0.7672924297093582,0.004900325155495765,86,186.0,21.0,1259.0804964137546
730600,39,128,17,2,20,0,0.7691055837651436,0.004458391088324898,86,70.0,8.0,463.78943909106357
730700,24,154,9,2,13,0,0.7660197608237213,0.004785994029109037,86,41.0,7.0,264.3682954086673
730800,17,180,9,1,7,0,0.7570358028035086,0.0034111380227611282,86,24.0,1.0,171.63535530670885
730900,15,226,9,1,5,0,0.766614897163333,0.003086375582430354,86,23.0,1.0,163.8044385188006
731000,12,278,7,2,3,0,0.7816224763090399,0.0031905547222238237,86,5.0,1.0,29.472441485828924
731100,12,318,8,1,3,0,0.7899558096423732,0.0031905547222238237,86,0.0,0.0,0.0
731200,11,354,8,1,2,0,0.8020554870127058,0.0034806051515168983,86,11.0,1.0,73.8362258684763
731300,10,411,7,1,2,0,0.8133670908875894,0.0029758755591952103,86,5.0,1.0,29.695297513491113
731400,10,464,8,1,1,0,0.8183670908875895,0.0029758755591952103,86,4.0,0.0,31.893689732849595
731500,10,495,9,0,1,0,0.8383670908875894,0.0029758755591952103,86,2.0,0.0,16.990292524051902
731600,10,521,9,0,1,0,0.8583670908875897,0.0029758755591952103,86,2.0,0.0,15.827648756745557
731700,9,554,7,0,2,0,0.8569827634840446,0.003306528399105789,86,9.0,1.0,71.56957885088683
731800,9,598,8,0,1,0,0.8680938745951556,0.003306528399105789,86,0.0,0.0,0.0
731900,9,626,9,0,0,0,0.8958716523729334,0.003306528399105789,86,0.0,0.0,0.0
732000,8,664,8,0,0,0,0.9219081634710139,0.002414792348420431,86,0.0,0.0,0.0
732100,8,687,8,0,0,0,0.9219081634710139,0.002414792348420431,86,0.0,0.0,0.0
732200,8,721,8,0,0,0,0.9344081634710139,0.002414792348420431,86,0.0,0.0,0.0
732300,8,754,8,0,0,0,0.9594081634710139,0.002414792348420431,86,0.0,0.0,0.0
732400,8,782,8,0,0,0,0.965658163471014,0.002414792348420431,86,0.0,0.0,0.0
732500,8,813,8,0,0,0,0.9844081634710138,0.002414792348420431,86,0.0,0.0,0.0
732600,8,858,8,0,0,0,0.9969081634710137,0.002414792348420431,86,0.0,0.0,0.0
732700,8,899,8,0,0,0,1.0156581634710138,0.002414792348420431,86,0.0,0.0,0.0
732800,8,939,8,0,0,0,1.028158163471014,0.002414792348420431,86,2.0,0.0,21.174662455415106
732900,8,964,8,0,0,0,1.0406581634710141,0.002414792348420431,86,2.0,0.0,18.74935347975129
733000,8,999,8,0,0,0,1.065658163471014,0.002414792348420431,86,0.0,0.0,0.0
733100,7,1025,7,0,0,0,1.0690931047867944,0.0023885266494745793,86,7.0,1.0,62.497184138165125
733200,7,1064,7,0,0,0,1.0762359619296515,0.0023885266494745793,86,2.0,0.0,19.226322058619765
733300,7,1096,7,0,0,0,1.097664533358223,0.0023885266494745793,86,2.0,0.0,21.64499536049397
733400,7,1147,7,0,0,0,1.1190931047867945,0.0023885266494745793,86,1.0,0.0,10.822497680246984
733500,6,1196,6,0,0,0,1.1626864389456006,0.0021700784255790245,86,3.0,1.0,22.708695036607836
733600,6,1235,6,0,0,0,1.1793531056122672,0.0021700784255790245,86,4.0,0.0,45.41739007321567
733700,6,1272,6,0,0,0,1.2043531056122674,0.0021700784255790245,86,0.0,0.0,0.0
733800,6,1329,6,0,0,0,1.2043531056122674,0.0021700784255790245,86,6.0,0.0,74.07133287841341
733900,6,1368,6,0,0,0,1.221019772278934,0.0021700784255790245,86,0.0,0.0,0.0
734000,6,1414,6,0,0,0,1.2376864389456006,0.0021700784255790245,86,0.0,0.0,0.0
734100,6,1469,6,0,0,0,1.2626864389456007,0.0021700784255790245,86,0.0,0.0,0.0
734200,5,1521,5,0,0,0,1.2826482704824587,0.0021481594671142216,86,2.0,0.0,24.17869503660784
734300,5,1577,5,0,0,0,1.2826482704824587,0.0021481594671142216,86,0.0,0.0,0.0
734400,5,1627,5,0,0,0,1.3026482704824587,0.0021481594671142216,86,0.0,0.0,0.0
734500,5,1678,5,0,0,0,1.3226482704824585,0.0021481594671142216,86,0.0,0.0,0.0
734600,5,1722,5,0,0,0,1.3326482704824585,0.0021481594671142216,86,0.0,0.0,0.0
734700,5,1753,5,0,0,0,1.3726482704824585,0.0021481594671142216,86,0.0,0.0,0.0
734800,4,1802,4,0,0,0,1.3804987293398163,0.002685199333892777,86,7.0,1.0,89.98398736624532
734900,4,1855,4,0,0,0,1.3929987293398165,0.002685199333892777,86,0.0,0.0,0.0
735000,4,1902,4,0,0,0,1.4179987293398166,0.002685199333892777,86,0.0,0.0,0.0
735100,4,1950,4,0,0,0,1.4429987293398163,0.002685199333892777,86,10.0,0.0,131.8336930409845
735200,4,1994,4,0,0,0,1.4429987293398163,0.002685199333892777,86,4.0,0.0,55.04999072098794
735300,3,2057,3,0,0,0,1.5051317500083385,0.0016867706192762882,86,2.0,1.0,13.762497680246986
735400,3,2104,3,0,0,0,1.5551317500083386,0.0016867706192762882,86,0.0,0.0,0.0
735500,3,2159,3,0,0,0,1.5717984166750052,0.0016867706192762882,86,0.0,0.0,0.0
735600,3,2200,3,0,0,0,1.6217984166750057,0.0016867706192762882,86,0.0,0.0,0.0
735700,3,2240,3,0,0,0,1.6217984166750057,0.0016867706192762882,86,0.0,0.0,0.0
735800,3,2261,3,0,0,0,1.6884650833416721,0.0016867706192762882,86,0.0,0.0,0.0
735900,3,2297,3,0,0,0,1.7217984166750055,0.0016867706192762882,86,0.0,0.0,0.0
736000,3,2350,3,0,0,0,1.7551317500083388,0.0016867706192762882,86,0.0,0.0,0.0
736100,3,2388,3,0,0,0,1.7884650833416724,0.0016867706192762882,86,0.0,0.0,0.0
736200,3,2399,3,0,0,0,1.8384650833416725,0.0016867706192762882,86,0.0,0.0,0.0
736300,3,2436,3,0,0,0,1.8717984166750057,0.0016867706192762882,86,0.0,0.0,0.0
736400,3,2490,3,0,0,0,1.905131750008339,0.0016867706192762882,86,0.0,0.0,0.0
736500,3,2500,3,0,0,0,1.9217984166750055,0.0016867706192762882,86,0.0,0.0,0.0
736600,3,2498,3,0,0,0,1.9384650833416721,0.0016867706192762882,86,0.0,0.0,0.0
736700,3,2500,3,0,0,0,1.9717984166750053,0.0016867706192762882,86,0.0,0.0,0.0
736800,3,2499,3,0,0,0,2.0217984166750056,0.0016867706192762882,86,0.0,0.0,0.0
736900,3,2500,3,0,0,0,2.0717984166750054,0.0016867706192762882,86,0.0,0.0,0.0
737000,3,2500,3,0,0,0,2.1051317500083386,0.0016867706192762882,86,0.0,0.0,0.0
737100,3,2500,3,0,0,0,2.1217984166750052,0.0016867706192762882,86,0.0,0.0,0.0
737200,3,2500,3,0,0,0,2.138465083341672,0.0016867706192762882,86,0.0,0.0,0.0
737300,3,2500,3,0,0,0,2.1551317500083385,0.0016867706192762882,86,0.0,0.0,0.0
737400,3,2500,3,0,0,0,2.171798416675005,0.0016867706192762882,86,0.0,0.0,0.0
737500,3,2500,3,0,0,0,2.2051317500083383,0.0016867706192762882,86,0.0,0.0,0.0
737600,3,2500,3,0,0,0,2.221798416675005,0.0016867706192762882,86,0.0,0.0,0.0
737700,3,2498,3,0,0,0,2.2717984166750047,0.0016867706192762882,86,0.0,0.0,0.0
737800,3,2498,3,0,0,0,2.305131750008338,0.0016867706192762882,86,0.0,0.0,0.0
737900,3,2499,3,0,0,0,2.3283517762767887,0.0016867706192762882,86,0.0,0.0,0.0
738000,3,2500,3,0,0,0,2.361685109610122,0.0016867706192762882,86,0.0,0.0,0.0
738100,3,2500,3,0,0,0,2.361685109610122,0.0016867706192762882,86,0.0,0.0,0.0
738200,3,2499,3,0,0,0,2.395018442943455,0.0016867706192762882,86,0.0,0.0,0.0
738300,3,2500,3,0,0,0,2.4014454993281285,0.0016867706192762882,86,0.0,0.0,0.0
738400,3,2500,3,0,0,0,2.4014454993281285,0.0016867706192762882,86,0.0,0.0,0.0
738500,3,2500,3,0,0,0,2.4181121659947955,0.0016867706192762882,86,0.0,0.0,0.0
738600,3,2500,3,0,0,0,2.4181121659947955,0.0016867706192762882,86,0.0,0.0,0.0
738700,3,2500,3,0,0,0,2.4181121659947955,0.0016867706192762882,86,0.0,0.0,0.0
738800,3,2500,3,0,0,0,2.4181121659947955,0.0016867706192762882,86,0.0,0.0,0.0
738900,3,2500,3,0,0,0,2.4181121659947955,0.0016867706192762882,86,0.0,0.0,0.0
739000,2,2500,2,0,0,0,2.5,0.002077951709996929,86,0.0,0.0,0.0
739100,2,2500,2,0,0,0,2.5,0.002077951709996929,86,0.0,0.0,0.0
739200,2,2500,2,0,0,0,2.5,0.002077951709996929,86,0.0,0.0,0.0
739300,200,500,0,0,0,200,0.782078564146276,0.0028806498705753712,87,0.0,0.0,0.0
739400,121,167,0,0,0,121,0.7829319328088427,0.002961661477564133,87,489.0,44.0,3400.2306604726127
739500,64,116,0,0,0,64,0.7797005538605699,0.003496950717997028,87,262.0,33.0,1738.8281399875439
739600,43,108,23,1,19,0,0.7717093594592478,0.003729814630892503,87,95.0,9.0,663.0354808964124
739700,29,135,14,2,13,0,0.769677306529026,0.0032583750130082165,87,30.0,6.0,179.78867189945856
739800,24,172,10,2,12,0,0.7857633768105323,0.0028010323178445963,87,18.0,1.0,134.84336480099063
739900,18,217,9,2,7,0,0.7835045824761474,0.002152637559025355,87,23.0,3.0,154.8512799577822
740000,13,261,7,1,5,0,0.7858886621310982,0.002155009306390814,87,7.0,1.0,46.084478235003075
740100,13,307,8,1,4,0,0.7974271236695596,0.002155009306390814,87,2.0,0.0,14.661861599236767
740200,11,359,7,1,3,0,0.8130894049700362,0.0019412809319843067,87,0.0,0.0,0.0
740300,9,415,6,1,2,0,0.8412229105546007,0.001710596618036168,87,10.0,1.0,66.72159326162334
740400,9,459,6,0,3,0,0.8467784661101563,0.001710596618036168,87,2.0,0.0,16.281093230796085
740500,9,501,6,0,3,0,0.8578895772212674,0.001710596618036168,87,6.0,0.0,48.81495740775371
740600,8,530,5,0,3,0,0.854153102804176,0.00027778355562631496,87,8.0,0.0,65.45041652023974
740700,8,569,5,0,3,0,0.866653102804176,0.00027778355562631496,87,2.0,0.0,16.25277094616154
740800,8,604,6,0,2,0,0.885403102804176,0.00027778355562631496,87,0.0,0.0,0.0
740900,8,643,6,0,2,0,0.891653102804176,0.00027778355562631496,87,2.0,0.0,17.09020472320605
741000,7,666,6,0,1,0,0.9158965145516673,0.0003174669207157885,87,0.0,0.0,0.0
741100,7,697,6,0,1,0,0.9301822288373816,0.0003174669207157885,87,0.0,0.0,0.0
741200,7,736,6,0,1,0,0.9444679431230958,0.0003174669207157885,87,2.0,0.0,17.23277094616154
741300,6,775,5,0,1,0,0.9602126003102786,0.0003014021506005733,87,8.0,1.0,60.31469831156539
741400,6,807,6,0,0,0,0.9852126003102786,0.0003014021506005733,87,0.0,0.0,0.0
741500,6,848,6,0,0,0,1.0018792669769452,0.0003014021506005733,87,0.0,0.0,0.0
741600,6,891,5,0,1,0,1.018545933643612,0.0003014021506005733,87,12.0,0.0,109.27662567696922
741700,5,943,4,0,1,0,0.9983228422000439,0.0003616825807206879,87,1.0,1.0,0.0
741800,5,994,4,0,1,0,1.0183228422000439,0.0003616825807206879,87,0.0,0.0,0.0
741900,5,1041,5,0,0,0,1.0383228422000437,0.0003616825807206879,87,0.0,0.0,0.0
742000,5,1098,5,0,0,0,1.048322842200044,0.0003616825807206879,87,0.0,0.0,0.0
742100,4,1153,4,0,0,0,1.0479035527500546,0.0004521032259008599,87,9.0,1.0,73.64792695354448
742200,4,1209,4,0,0,0,1.0729035527500548,0.0004521032259008599,87,0.0,0.0,0.0
742300,4,1276,4,0,0,0,1.0729035527500548,0.0004521032259008599,87,0.0,0.0,0.0
742400,4,1321,4,0,0,0,1.0854035527500547,0.0004521032259008599,87,0.0,0.0,0.0
742500,4,1372,4,0,0,0,1.0854035527500547,0.0004521032259008599,87,0.0,0.0,0.0
742600,4,1428,4,0,0,0,1.1354035527500548,0.0004521032259008599,87,0.0,0.0,0.0
742700,4,1472,4,0,0,0,1.1354035527500548,0.0004521032259008599,87,0.0,0.0,0.0
742800,4,1527,4,0,0,0,1.1479035527500547,0.0004521032259008599,87,0.0,0.0,0.0
742900,4,1583,4,0,0,0,1.1729035527500549,0.0004521032259008599,87,4.0,0.0,43.370202665602264
743000,4,1632,4,0,0,0,1.1854035527500548,0.0004521032259008599,87,0.0,0.0,0.0
743100,4,1685,4,0,0,0,1.1979035527500548,0.0004521032259008599,87,0.0,0.0,0.0
743200,4,1750,4,0,0,0,1.2229035527500547,0.0004521032259008599,87,0.0,0.0,0.0
743300,4,1818,4,0,0,0,1.2229035527500547,0.0004521032259008599,87,0.0,0.0,0.0
743400,4,1871,4,0,0,0,1.2354035527500549,0.0004521032259008599,87,0.0,0.0,0.0
743500,4,1927,4,0,0,0,1.2354035527500549,0.0004521032259008599,87,0.0,0.0,0.0
743600,4,1987,4,0,0,0,1.2604035527500548,0.0004521032259008599,87,0.0,0.0,0.0
743700,4,2038,4,0,0,0,1.272903552750055,0.0004521032259008599,87,0.0,0.0,0.0
743800,4,2086,4,0,0,0,1.2979035527500549,0.0004521032259008599,87,0.0,0.0,0.0
743900,4,2146,4,0,0,0,1.3104035527500548,0.0004521032259008599,87,7.0,0.0,81.09390910378998
744000,4,2197,4,0,0,0,1.335403552750055,0.0004521032259008599,87,11.0,0.0,131.53826718444995
744100,3,2250,3,0,0,0,1.3874637345143326,0.0006028043012011466,87,8.0,1.0,85.02193608435144
744200,3,2309,3,0,0,0,1.4041304011809992,0.0006028043012011466,87,0.0,0.0,0.0
744300,3,2378,3,0,0,0,1.4041304011809992,0.0006028043012011466,87,0.0,0.0,0.0
744400,3,2433,3,0,0,0,1.4207970678476658,0.0006028043012011466,87,0.0,0.0,0.0
744500,3,2487,3,0,0,0,1.4707970678476663,0.0006028043012011466,87,0.0,0.0,0.0
744600,3,2499,3,0,0,0,1.4874637345143327,0.0006028043012011466,87,0.0,0.0,0.0
744700,3,2500,3,0,0,0,1.5041304011809995,0.0006028043012011466,87,0.0,0.0,0.0
744800,3,2500,3,0,0,0,1.520797067847666,0.0006028043012011466,87,5.0,0.0,75.6499963146647
744900,3,2500,3,0,0,0,1.5541304011809995,0.0006028043012011466,87,0.0,0.0,0.0
745000,3,2500,3,0,0,0,1.5541304011809995,0.0006028043012011466,87,0.0,0.0,0.0
745100,3,2500,3,0,0,0,1.570797067847666,0.0006028043012011466,87,0.0,0.0,0.0
745200,3,2500,3,0,0,0,1.6041304011809994,0.0006028043012011466,87,0.0,0.0,0.0
745300,2,2500,2,0,0,0,1.7445062924037402,0.0009042064518017198,87,0.0,0.0,0.0
745400,2,2500,2,0,0,0,1.7945062924037403,0.0009042064518017198,87,0.0,0.0,0.0
745500,2,2500,2,0,0,0,1.7945062924037403,0.0009042064518017198,87,0.0,0.0,0.0
745600,2,2500,2,0,0,0,1.8195062924037404,0.0009042064518017198,87,0.0,0.0,0.0
745700,2,2500,2,0,0,0,1.8445062924037403,0.0009042064518017198,87,0.0,0.0,0.0
745800,2,2500,2,0,0,0,1.8945062924037401,0.0009042064518017198,87,0.0,0.0,0.0
745900,2,2499,2,0,0,0,1.9445062924037404,0.0009042064518017198,87,0.0,0.0,0.0
746000,2,2499,2,0,0,0,1.9945062924037402,0.0009042064518017198,87,0.0,0.0,0.0
746100,2,2500,2,0,0,0,2.06950629240374,0.0009042064518017198,87,0.0,0.0,0.0
746200,2,2500,2,0,0,0,2.0945062924037403,0.0009042064518017198,87,0.0,0.0,0.0
746300,2,2500,2,0,0,0,2.14450629240374,0.0009042064518017198,87,0.0,0.0,0.0
746400,2,2500,2,0,0,0,2.16950629240374,0.0009042064518017198,87,0.0,0.0,0.0
746500,2,2500,2,0,0,0,2.21950629240374,0.0009042064518017198,87,0.0,0.0,0.0
746600,2,2500,2,0,0,0,2.244693411693524,0.0009042064518017198,87,0.0,0.0,0.0
746700,2,2500,2,0,0,0,2.244693411693524,0.0009042064518017198,87,0.0,0.0,0.0
746800,2,2500,2,0,0,0,2.244693411693524,0.0009042064518017198,87,0.0,0.0,0.0
746900,2,2500,2,0,0,0,2.269693411693524,0.0009042064518017198,87,0.0,0.0,0.0
747000,2,2500,2,0,0,0,2.269693411693524,0.0009042064518017198,87,0.0,0.0,0.0
747100,2,2500,2,0,0,0,2.269693411693524,0.0009042064518017198,87,0.0,0.0,0.0
747200,2,2500,2,0,0,0,2.294693411693524,0.0009042064518017198,87,0.0,0.0,0.0
747300,2,2500,2,0,0,0,2.3196934116935237,0.0009042064518017198,87,0.0,0.0,0.0
747400,2,2500,2,0,0,0,2.3196934116935237,0.0009042064518017198,87,0.0,0.0,0.0
747500,2,2500,2,0,0,0,2.3196934116935237,0.0009042064518017198,87,0.0,0.0,0.0
747600,2,2500,2,0,0,0,2.3446934116935236,0.0009042064518017198,87,0.0,0.0,0.0
747700,2,2500,2,0,0,0,2.3446934116935236,0.0009042064518017198,87,0.0,0.0,0.0
747800,2,2500,2,0,0,0,2.3696934116935235,0.0009042064518017198,87,0.0,0.0,0.0
747900,2,2500,2,0,0,0,2.3946934116935235,0.0009042064518017198,87,0.0,0.0,0.0
748000,2,2500,2,0,0,0,2.4196934116935234,0.0009042064518017198,87,0.0,0.0,0.0
748100,2,2500,2,0,0,0,2.4446934116935233,0.0009042064518017198,87,0.0,0.0,0.0
748200,2,2500,2,0,0,0,2.469693411693523,0.0009042064518017198,87,0.0,0.0,0.0
748300,2,2500,2,0,0,0,2.469693411693523,0.0009042064518017198,87,0.0,0.0,0.0
748400,124,185,0,0,0,124,0.7933102230984006,0.0017899257134713056,88,463.0,47.0,3212.1864054096964
748500,72,135,0,0,0,72,0.7936687942428021,0.0015554915617844904,88,222.0,24.0,1502.2605678520592
748600,41,131,0,0,0,41,0.7914520850575184,0.0012766411294119072,88,89.0,12.0,594.075272821472
748700,29,154,18,1,10,0,0.786856401422595,0.0010152715365760667,88,40.0,5.0,268.12765434944976
748800,22,182,13,1,8,0,0.7940417170478724,0.0011820589375011513,88,41.0,5.0,281.5280513734327
748900,20,216,12,0,8,0,0.7987454433686658,0.0011359214485609328,88,10.0,2.0,62.61953401774481
749000,16,251,9,0,7,0,0.8032229239802049,0.000967524961870536,88,15.0,2.0,97.05975793324738
749100,15,279,9,0,6,0,0.8063224363165482,0.0010320266259952384,88,4.0,0.0,33.71367041050257
749200,12,328,8,0,4,0,0.8132443269477285,0.0007676187590950584,88,12.0,2.0,75.78381535766908
749300,11,387,7,0,4,0,0.8093546246039799,0.0007103168828895306,88,11.0,1.0,78.05272542965908
749400,9,436,6,0,3,0,0.820312811152257,0.00021694284849244706,88,2.0,0.0,16.679753028352238
749500,9,473,6,0,3,0,0.8258683667078125,0.00021694284849244706,88,0.0,0.0,0.0
749600,7,517,5,0,2,0,0.8402582132573315,0.0002789265194902891,88,8.0,0.0,59.88793695793477
749700,6,559,4,0,2,0,0.8544755745445851,0.00032541427273867057,88,4.0,1.0,21.565418832736054
749800,6,600,4,0,2,0,0.8878089078779184,0.00032541427273867057,88,0.0,0.0,0.0
749900,6,642,4,0,2,0,0.8961422412112517,0.00032541427273867057,88,0.0,0.0,0.0
750000,6,680,4,0,2,0,0.9128089078779184,0.00032541427273867057,88,0.0,0.0,0.0
750100,6,711,5,0,1,0,0.9294755745445852,0.00032541427273867057,88,0.0,0.0,0.0
750200,6,760,5,0,1,0,0.9378089078779186,0.00032541427273867057,88,0.0,0.0,0.0
750300,5,810,5,0,0,0,0.9986671599791073,0.0003904971272864047,88,9.0,1.0,82.96275905784043
750400,5,877,5,0,0,0,1.0186671599791073,0.0003904971272864047,88,0.0,0.0,0.0
750500,4,925,4,0,0,0,1.0369976337431621,0.0004881214091080059,88,0.0,0.0,0.0
750600,4,979,4,0,0,0,1.0369976337431621,0.0004881214091080059,88,0.0,0.0,0.0
750700,4,1029,4,0,0,0,1.049497633743162,0.0004881214091080059,88,0.0,0.0,0.0
750800,4,1085,4,0,0,0,1.0869976337431622,0.0004881214091080059,88,0.0,0.0,0.0
750900,4,1132,4,0,0,0,1.0994976337431621,0.0004881214091080059,88,0.0,0.0,0.0
751000,4,1182,4,0,0,0,1.111997633743162,0.0004881214091080059,88,0.0,0.0,0.0
751100,4,1228,4,0,0,0,1.1369976337431622,0.0004881214091080059,88,0.0,0.0,0.0
751200,4,1282,4,0,0,0,1.1369976337431622,0.0004881214091080059,88,2.0,0.0,19.385249279304066
751300,3,1307,3,0,0,0,1.1173600540445732,0.0006508285454773411,88,14.0,1.0,126.00412031547646
751400,3,1348,3,0,0,0,1.1506933873779064,0.0006508285454773411,88,3.0,0.0,31.742624639652036
751500,3,1389,3,0,0,0,1.18402672071124,0.0006508285454773411,88,0.0,0.0,0.0
751600,3,1436,3,0,0,0,1.2006933873779067,0.0006508285454773411,88,0.0,0.0,0.0
751700,3,1485,3,0,0,0,1.23402672071124,0.0006508285454773411,88,0.0,0.0,0.0
751800,3,1538,3,0,0,0,1.2506933873779067,0.0006508285454773411,88,0.0,0.0,0.0
751900,3,1600,3,0,0,0,1.3006933873779067,0.0006508285454773411,88,0.0,0.0,0.0
752000,3,1654,3,0,0,0,1.3006933873779067,0.0006508285454773411,88,0.0,0.0,0.0
752100,3,1711,3,0,0,0,1.3340267207112404,0.0006508285454773411,88,0.0,0.0,0.0
752200,3,1769,3,0,0,0,1.3340267207112404,0.0006508285454773411,88,0.0,0.0,0.0
752300,3,1827,3,0,0,0,1.3673600540445736,0.0006508285454773411,88,0.0,0.0,0.0
752400,3,1881,3,0,0,0,1.3840267207112402,0.0006508285454773411,88,0.0,0.0,0.0
752500,3,1939,3,0,0,0,1.4173600540445737,0.0006508285454773411,88,0.0,0.0,0.0
752600,3,1985,3,0,0,0,1.4340267207112403,0.0006508285454773411,88,0.0,0.0,0.0
752700,3,2026,3,0,0,0,1.48402672071124,0.0006508285454773411,88,0.0,0.0,0.0
752800,3,2069,3,0,0,0,1.500693387377907,0.0006508285454773411,88,0.0,0.0,0.0
752900,3,2123,3,0,0,0,1.5340267207112401,0.0006508285454773411,88,0.0,0.0,0.0
753000,3,2169,3,0,0,0,1.5506933873779067,0.0006508285454773411,88,0.0,0.0,0.0
753100,3,2229,3,0,0,0,1.5506933873779067,0.0006508285454773411,88,6.0,0.0,72.85574783791222
753200,2,2297,2,0,0,0,1.4195216652883695,0.0005879440923555872,88,4.0,1.0,36.42787391895611
753300,2,2360,2,0,0,0,1.4445216652883697,0.0005879440923555872,88,0.0,0.0,0.0
753400,2,2419,2,0,0,0,1.4695216652883696,0.0005879440923555872,88,0.0,0.0,0.0
753500,2,2486,2,0,0,0,1.4695216652883696,0.0005879440923555872,88,0.0,0.0,0.0
753600,2,2500,2,0,0,0,1.4945216652883695,0.0005879440923555872,88,0.0,0.0,0.0
753700,2,2500,2,0,0,0,1.5195216652883696,0.0005879440923555872,88,0.0,0.0,0.0
753800,2,2500,2,0,0,0,1.5445216652883698,0.0005879440923555872,88,0.0,0.0,0.0
753900,2,2500,2,0,0,0,1.5445216652883698,0.0005879440923555872,88,0.0,0.0,0.0
754000,2,2500,2,0,0,0,1.5695216652883697,0.0005879440923555872,88,0.0,0.0,0.0
754100,2,2500,2,0,0,0,1.5945216652883696,0.0005879440923555872,88,0.0,0.0,0.0
754200,2,2500,2,0,0,0,1.5945216652883696,0.0005879440923555872,88,0.0,0.0,0.0
754300,2,2500,2,0,0,0,1.6195216652883697,0.0005879440923555872,88,0.0,0.0,0.0
754400,2,2499,2,0,0,0,1.6445216652883698,0.0005879440923555872,88,0.0,0.0,0.0
754500,2,2500,2,0,0,0,1.6445216652883698,0.0005879440923555872,88,0.0,0.0,0.0
754600,2,2500,2,0,0,0,1.6695216652883698,0.0005879440923555872,88,0.0,0.0,0.0
754700,2,2500,2,0,0,0,1.6695216652883698,0.0005879440923555872,88,0.0,0.0,0.0
754800,2,2500,2,0,0,0,1.6945216652883697,0.0005879440923555872,88,0.0,0.0,0.0
754900,2,2500,2,0,0,0,1.7445216652883695,0.0005879440923555872,88,0.0,0.0,0.0
755000,2,2498,2,0,0,0,1.7695216652883694,0.0005879440923555872,88,0.0,0.0,0.0
755100,2,2500,2,0,0,0,1.7695216652883694,0.0005879440923555872,88,1.0,0.0,20.580000000000002
755200,2,2500,2,0,0,0,1.8195216652883694,0.0005879440923555872,88,0.0,0.0,0.0
755300,2,2500,2,0,0,0,1.8695216652883695,0.0005879440923555872,88,11.0,0.0,165.9088710361724
755400,123,160,0,0,0,123,0.7905500914224384,0.0015541875752040823,89,468.0,50.0,3165.360000791964
755500,70,125,0,0,0,70,0.78561722011209,0.0019348321143620977,89,220.0,25.0,1514.5304927015263
755600,38,122,0,0,0,38,0.7729524842135221,0.0020230906222359984,89,98.0,18.0,630.7718536639206
755700,31,149,15,2,14,0,0.7710234704202592,0.001959162004027311,89,36.0,4.0,251.906953695573
755800,21,193,14,2,5,0,0.7646935802037612,0.0017817276370277228,89,11.0,2.0,69.80093291683848
755900,16,241,10,2,4,0,0.7649385121397754,0.001804821497038013,89,9.0,1.0,62.45450860544441
756000,13,284,8,1,4,0,0.7772299103106556,0.002221318765585247,89,8.0,1.0,49.687389470693724
756100,11,326,6,1,4,0,0.7902446102812873,0.002217175706908839,89,18.0,2.0,117.06294747722919
756200,11,361,8,1,2,0,0.7947900648267417,0.002217175706908839,89,0.0,0.0,0.0
756300,11,403,8,1,2,0,0.7993355193721964,0.002217175706908839,89,2.0,0.0,15.552740986034078
756400,10,428,7,1,2,0,0.824269071309416,0.002035307170884358,89,11.0,1.0,77.70748005949027
756500,9,478,6,1,2,0,0.8115597086450769,0.0016556012903920427,89,12.0,1.0,93.36760537165398
756600,9,524,6,1,2,0,0.8226708197561879,0.0016556012903920427,89,0.0,0.0,0.0
756700,8,567,5,0,3,0,0.8442546722257114,0.001524893855751636,89,6.0,0.0,49.7534984389753
756800,8,618,6,0,2,0,0.8442546722257114,0.001524893855751636,89,0.0,0.0,0.0
756900,8,678,6,0,2,0,0.8630046722257114,0.001524893855751636,89,0.0,0.0,0.0
757000,8,727,6,0,2,0,0.8692546722257115,0.001524893855751636,89,0.0,0.0,0.0
757100,7,785,5,0,2,0,0.8720053396865274,0.0017427358351447268,89,7.0,1.0,51.246898224488866
757200,7,836,5,0,2,0,0.8791481968293845,0.0017427358351447268,89,0.0,0.0,0.0
757300,7,896,5,0,2,0,0.8934339111150987,0.0017427358351447268,89,0.0,0.0,0.0
757400,7,948,5,0,2,0,0.9077196254008131,0.0017427358351447268,89,0.0,0.0,0.0
757500,7,998,6,0,1,0,0.9220053396865273,0.0017427358351447268,89,0.0,0.0,0.0
757600,7,1035,6,0,1,0,0.9362910539722415,0.0017427358351447268,89,0.0,0.0,0.0
757700,7,1076,7,0,0,0,0.9434339111150988,0.0017427358351447268,89,0.0,0.0,0.0
757800,7,1129,7,0,0,0,0.9505767682579559,0.0017427358351447268,89,0.0,0.0,0.0
757900,7,1185,7,0,0,0,0.9648624825436701,0.0017427358351447268,89,0.0,0.0,0.0
758000,6,1215,6,0,0,0,0.9967003678705421,0.001462901998382475,89,4.0,0.0,34.58815183582554
758100,6,1260,6,0,0,0,1.0050337012038753,0.001462901998382475,89,0.0,0.0,0.0
758200,6,1289,6,0,0,0,1.038367034537209,0.001462901998382475,89,6.0,0.0,54.55978901172988
758300,5,1336,5,0,0,0,1.0568108549175237,0.00175548239805897,89,8.0,1.0,63.026756681125036
758400,5,1387,5,0,0,0,1.0768108549175237,0.00175548239805897,89,0.0,0.0,0.0
758500,4,1445,4,0,0,0,1.0827924319720463,0.0021943529975737125,89,10.0,1.0,102.16528953207147
758600,3,1507,3,0,0,0,1.130101091397937,0.0012937802161020883,89,9.0,1.0,84.00919763265183
758700,3,1567,3,0,0,0,1.130101091397937,0.0012937802161020883,89,0.0,0.0,0.0
758800,3,1613,3,0,0,0,1.1634344247312705,0.0012937802161020883,89,0.0,0.0,0.0
758900,3,1665,3,0,0,0,1.1967677580646037,0.0012937802161020883,89,0.0,0.0,0.0
759000,3,1727,3,0,0,0,1.2134344247312703,0.0012937802161020883,89,0.0,0.0,0.0
759100,3,1761,3,0,0,0,1.2634344247312705,0.0012937802161020883,89,0.0,0.0,0.0
759200,3,1811,3,0,0,0,1.2801010913979372,0.0012937802161020883,89,0.0,0.0,0.0
759300,3,1842,3,0,0,0,1.3134344247312706,0.0012937802161020883,89,0.0,0.0,0.0
759400,3,1866,3,0,0,0,1.3634344247312704,0.0012937802161020883,89,0.0,0.0,0.0
759500,3,1905,3,0,0,0,1.4134344247312705,0.0012937802161020883,89,5.0,0.0,59.28376655721655
759600,2,1944,2,0,0,0,1.434378693011116,0.0,89,7.0,0.0,73.31675668112504
759700,2,2007,2,0,0,0,1.4593786930111161,0.0,89,0.0,0.0,0.0
759800,2,2079,2,0,0,0,1.4593786930111161,0.0,89,0.0,0.0,0.0
759900,2,2150,2,0,0,0,1.484378693011116,0.0,89,0.0,0.0,0.0
760000,2,2222,2,0,0,0,1.509378693011116,0.0,89,0.0,0.0,0.0
760100,2,2276,2,0,0,0,1.534378693011116,0.0,89,0.0,0.0,0.0
760200,2,2331,2,0,0,0,1.559378693011116,0.0,89,0.0,0.0,0.0
760300,2,2406,2,0,0,0,1.559378693011116,0.0,89,0.0,0.0,0.0
760400,2,2477,2,0,0,0,1.609378693011116,0.0,89,0.0,0.0,0.0
760500,2,2500,2,0,0,0,1.634378693011116,0.0,89,0.0,0.0,0.0
760600,2,2500,2,0,0,0,1.6593786930111158,0.0,89,0.0,0.0,0.0
760700,2,2500,2,0,0,0,1.6843786930111158,0.0,89,0.0,0.0,0.0
760800,2,2500,2,0,0,0,1.7093786930111157,0.0,89,0.0,0.0,0.0
760900,2,2500,2,0,0,0,1.7093786930111157,0.0,89,0.0,0.0,0.0
761000,2,2500,2,0,0,0,1.7593786930111155,0.0,89,0.0,0.0,0.0
761100,2,2500,2,0,0,0,1.7843786930111154,0.0,89,0.0,0.0,0.0
761200,2,2500,2,0,0,0,1.8093786930111153,0.0,89,0.0,0.0,0.0
761300,2,2500,2,0,0,0,1.8343786930111152,0.0,89,0.0,0.0,0.0
761400,2,2499,2,0,0,0,1.8843786930111153,0.0,89,0.0,0.0,0.0
761500,2,2500,2,0,0,0,1.9093786930111152,0.0,89,0.0,0.0,0.0
761600,2,2499,2,0,0,0,1.9343786930111158,0.0,89,0.0,0.0,0.0
761700,2,2500,2,0,0,0,1.9343786930111158,0.0,89,0.0,0.0,0.0
761800,2,2500,2,0,0,0,1.9593786930111157,0.0,89,0.0,0.0,0.0
761900,2,2500,2,0,0,0,1.9593786930111157,0.0,89,0.0,0.0,0.0
762000,2,2500,2,0,0,0,1.9843786930111156,0.0,89,0.0,0.0,0.0
762100,2,2500,2,0,0,0,2.009378693011116,0.0,89,0.0,0.0,0.0
762200,2,2500,2,0,0,0,2.009378693011116,0.0,89,0.0,0.0,0.0
762300,2,2500,2,0,0,0,2.034378693011116,0.0,89,0.0,0.0,0.0
762400,2,2500,2,0,0,0,2.034378693011116,0.0,89,0.0,0.0,0.0
762500,2,2500,2,0,0,0,2.0593786930111158,0.0,89,0.0,0.0,0.0
762600,2,2500,2,0,0,0,2.0593786930111158,0.0,89,0.0,0.0,0.0
762700,2,2500,2,0,0,0,2.0843786930111157,0.0,89,0.0,0.0,0.0
762800,2,2500,2,0,0,0,2.1093786930111156,0.0,89,0.0,0.0,0.0
762900,2,2500,2,0,0,0,2.159378693011116,0.0,89,0.0,0.0,0.0
763000,2,2498,2,0,0,0,2.1843786930111158,0.0,89,0.0,0.0,0.0
763100,2,2500,2,0,0,0,2.209378693011116,0.0,89,0.0,0.0,0.0
763200,2,2500,2,0,0,0,2.234378693011116,0.0,89,0.0,0.0,0.0
763300,2,2500,2,0,0,0,2.234378693011116,0.0,89,0.0,0.0,0.0
763400,2,2500,2,0,0,0,2.234378693011116,0.0,89,0.0,0.0,0.0
763500,2,2500,2,0,0,0,2.234378693011116,0.0,89,0.0,0.0,0.0
763600,2,2500,2,0,0,0,2.259378693011116,0.0,89,0.0,0.0,0.0
763700,2,2500,2,0,0,0,2.259378693011116,0.0,89,0.0,0.0,0.0
763800,2,2500,2,0,0,0,2.284378693011116,0.0,89,0.0,0.0,0.0
763900,2,2499,2,0,0,0,2.3093786930111158,0.0,89,0.0,0.0,0.0
764000,2,2500,2,0,0,0,2.3093786930111158,0.0,89,0.0,0.0,0.0
764100,2,2500,2,0,0,0,2.3343786930111157,0.0,89,0.0,0.0,0.0
764200,2,2500,2,0,0,0,2.3343786930111157,0.0,89,0.0,0.0,0.0
764300,159,237,0,0,0,159,0.7584551313664792,0.0022260528836088476,90,318.0,32.0,2160.4016258625875
764400,84,114,0,0,0,84,0.7518910712896366,0.002085955519873973,90,249.0,32.0,1630.5300503780552
764500,54,112,0,0,0,54,0.7498801844037438,0.0018449614930734425,90,79.0,12.0,488.6802430362867
764600,33,129,19,4,10,0,0.7455648907458304,0.0018722075335614798,90,46.0,11.0,256.1148580730498
764700,28,164,17,2,9,0,0.7513833502452537,0.0020849271039332204,90,22.0,1.0,156.33970831867845
764800,20,204,15,1,4,0,0.7458061980888404,0.0022495367347325473,90,19.0,4.0,114.26013973387839
764900,15,245,11,1,3,0,0.7444447259206388,0.0015126350089860869,90,5.0,1.0,28.587201835405327
765000,13,278,11,0,2,0,0.7661994397363215,0.0015565161905092355,90,0.0,0.0,0.0
765100,12,317,10,0,2,0,0.7701906865301282,0.001686225873051672,90,0.0,0.0,0.0
765200,12,372,10,0,2,0,0.7826906865301283,0.001686225873051672,90,5.0,0.0,36.75
765300,12,408,10,0,2,0,0.799357353196795,0.001686225873051672,90,4.0,0.0,29.4
765400,10,450,9,0,1,0,0.7954325256776543,0.0013074184315645609,90,10.0,2.0,66.91465923977556
765500,9,475,9,0,0,0,0.8115916951973936,0.0014526871461828454,90,5.0,1.0,31.636956524029944
765600,9,504,9,0,0,0,0.8227028063085047,0.0014526871461828454,90,2.0,0.0,16.64412182912496
765700,9,538,9,0,0,0,0.844925028530727,0.0014526871461828454,90,4.0,0.0,35.43894886735919
765800,9,579,9,0,0,0,0.8560361396418381,0.0014526871461828454,90,2.0,0.0,16.660000000000004
765900,8,617,8,0,0,0,0.8482544704356693,0.0016342730394557012,90,0.0,0.0,0.0
766000,8,647,8,0,0,0,0.8607544704356693,0.0016342730394557012,90,0.0,0.0,0.0
766100,8,691,8,0,0,0,0.8795044704356694,0.0016342730394557012,90,0.0,0.0,0.0
766200,8,735,8,0,0,0,0.8920044704356693,0.0016342730394557012,90,0.0,0.0,0.0
766300,8,773,8,0,0,0,0.9045044704356693,0.0016342730394557012,90,0.0,0.0,0.0
766400,8,787,8,0,0,0,0.9295044704356694,0.0016342730394557012,90,0.0,0.0,0.0
766500,8,819,8,0,0,0,0.9295044704356694,0.0016342730394557012,90,2.0,0.0,18.842475529196452
766600,8,846,8,0,0,0,0.9607544704356693,0.0016342730394557012,90,2.0,0.0,16.660000000000004
766700,8,860,8,0,0,0,0.9795044704356695,0.0016342730394557012,90,0.0,0.0,0.0
766800,8,869,8,0,0,0,1.0107544704356695,0.0016342730394557012,90,3.0,0.0,26.571237764598227
766900,8,883,8,0,0,0,1.0170044704356693,0.0016342730394557012,90,3.0,0.0,31.16171466020394
767000,8,892,8,0,0,0,1.0420044704356695,0.0016342730394557012,90,1.0,0.0,10.401237764598227
767100,8,889,8,0,0,0,1.0670044704356694,0.0016342730394557012,90,0.0,0.0,0.0
767200,8,892,8,0,0,0,1.0920044704356695,0.0016342730394557012,90,4.0,0.0,41.160000000000004
767300,7,934,7,0,0,0,1.0980051090693366,0.001867740616520801,90,6.0,1.0,51.45
767400,7,954,7,0,0,0,1.126576537640765,0.001867740616520801,90,0.0,0.0,0.0
767500,7,976,7,0,0,0,1.1408622519264795,0.001867740616520801,90,0.0,0.0,0.0
767600,7,1016,7,0,0,0,1.1480051090693366,0.001867740616520801,90,0.0,0.0,0.0
767700,7,1054,7,0,0,0,1.1622908233550509,0.001867740616520801,90,0.0,0.0,0.0
767800,7,1117,7,0,0,0,1.1908622519264793,0.001867740616520801,90,0.0,0.0,0.0
767900,6,1147,6,0,0,0,1.1964950910059353,0.002179030719274268,90,8.0,1.0,86.52866435218759
768000,6,1170,6,0,0,0,1.2298284243392688,0.002179030719274268,90,0.0,0.0,0.0
768100,6,1195,6,0,0,0,1.238161757672602,0.002179030719274268,90,0.0,0.0,0.0
768200,6,1232,6,0,0,0,1.2464950910059354,0.002179030719274268,90,0.0,0.0,0.0
768300,6,1246,6,0,0,0,1.2798284243392688,0.002179030719274268,90,0.0,0.0,0.0
768400,6,1261,6,0,0,0,1.3048284243392685,0.002179030719274268,90,0.0,0.0,0.0
768500,6,1284,6,0,0,0,1.3381617576726021,0.002179030719274268,90,0.0,0.0,0.0
768600,6,1316,6,0,0,0,1.3464950910059352,0.002179030719274268,90,0.0,0.0,0.0
768700,6,1338,6,0,0,0,1.3714950910059356,0.002179030719274268,90,1.0,0.0,12.740000000000004
768800,6,1374,6,0,0,0,1.3964950910059353,0.002179030719274268,90,0.0,0.0,0.0
768900,5,1404,5,0,0,0,1.4357941092071225,0.0019768734242090855,90,9.0,1.0,101.92000000000004
769000,4,1440,4,0,0,0,1.485485389964854,0.0015107113784878384,90,7.0,1.0,79.38000000000002
769100,4,1483,4,0,0,0,1.5104853899648538,0.0015107113784878384,90,1.0,0.0,13.230000000000004
769200,3,1537,3,0,0,0,1.5057539919982352,0.0005080447219420738,90,11.0,1.0,132.30000000000004
769300,3,1582,3,0,0,0,1.5224206586649018,0.0005080447219420738,90,3.0,0.0,46.28247552919647
769400,2,1643,2,0,0,0,1.4529555918443822,0.0,90,9.0,0.0,123.48000000000002
769500,2,1706,2,0,0,0,1.4529555918443822,0.0,90,0.0,0.0,0.0
769600,2,1779,2,0,0,0,1.502955591844382,0.0,90,0.0,0.0,0.0
769700,2,1836,2,0,0,0,1.502955591844382,0.0,90,0.0,0.0,0.0
769800,2,1894,2,0,0,0,1.5529555918443823,0.0,90,0.0,0.0,0.0
769900,2,1968,2,0,0,0,1.5529555918443823,0.0,90,0.0,0.0,0.0
770000,2,2031,2,0,0,0,1.5529555918443823,0.0,90,0.0,0.0,0.0
770100,2,2095,2,0,0,0,1.5779555918443822,0.0,90,0.0,0.0,0.0
770200,2,2154,2,0,0,0,1.6279555918443822,0.0,90,0.0,0.0,0.0
770300,2,2206,2,0,0,0,1.6529555918443823,0.0,90,0.0,0.0,0.0
770400,2,2263,2,0,0,0,1.6779555918443823,0.0,90,0.0,0.0,0.0
770500,2,2327,2,0,0,0,1.7029555918443822,0.0,90,0.0,0.0,0.0
770600,2,2393,2,0,0,0,1.7279555918443823,0.0,90,0.0,0.0,0.0
770700,2,2455,2,0,0,0,1.7529555918443824,0.0,90,0.0,0.0,0.0
770800,2,2500,2,0,0,0,1.7779555918443823,0.0,90,0.0,0.0,0.0
770900,2,2500,2,0,0,0,1.8029555918443823,0.0,90,0.0,0.0,0.0
771000,2,2500,2,0,0,0,1.8529555918443825,0.0,90,0.0,0.0,0.0
771100,2,2500,2,0,0,0,1.8529555918443825,0.0,90,0.0,0.0,0.0
771200,2,2499,2,0,0,0,1.9029555918443823,0.0,90,0.0,0.0,0.0
771300,2,2500,2,0,0,0,1.9279555918443825,0.0,90,0.0,0.0,0.0
771400,2,2500,2,0,0,0,1.9529555918443826,0.0,90,0.0,0.0,0.0
771500,2,2500,2,0,0,0,2.0029555918443824,0.0,90,0.0,0.0,0.0
771600,2,2500,2,0,0,0,2.0279555918443823,0.0,90,0.0,0.0,0.0
771700,2,2500,2,0,0,0,2.102955591844382,0.0,90,0.0,0.0,0.0
771800,2,2500,2,0,0,0,2.102955591844382,0.0,90,0.0,0.0,0.0
771900,2,2500,2,0,0,0,2.102955591844382,0.0,90,0.0,0.0,0.0
772000,2,2500,2,0,0,0,2.152955591844382,0.0,90,0.0,0.0,0.0
772100,2,2500,2,0,0,0,2.152955591844382,0.0,90,0.0,0.0,0.0
772200,2,2500,2,0,0,0,2.177955591844382,0.0,90,0.0,0.0,0.0
772300,2,2500,2,0,0,0,2.2029555918443817,0.0,90,0.0,0.0,0.0
772400,2,2500,2,0,0,0,2.2029555918443817,0.0,90,0.0,0.0,0.0
772500,2,2500,2,0,0,0,2.2529555918443815,0.0,90,0.0,0.0,0.0
772600,2,2499,2,0,0,0,2.2779555918443815,0.0,90,0.0,0.0,0.0
772700,2,2500,2,0,0,0,2.2779555918443815,0.0,90,0.0,0.0,0.0
772800,2,2500,2,0,0,0,2.3279555918443813,0.0,90,0.0,0.0,0.0
772900,2,2500,2,0,0,0,2.352955591844381,0.0,90,0.0,0.0,0.0
773000,2,2500,2,0,0,0,2.377955591844381,0.0,90,0.0,0.0,0.0
773100,2,2499,2,0,0,0,2.427955591844381,0.0,90,0.0,0.0,0.0
773200,2,2500,2,0,0,0,2.427955591844381,0.0,90,0.0,0.0,0.0
773300,170,214,0,0,0,170,0.7264750136247758,0.0022568704108756983,91,265.0,21.0,1736.823851832235
773400,102,65,0,0,0,102,0.7281521974850835,0.0022719435207649344,91,206.0,22.0,1323.9669686945983
773500,57,70,0,0,0,57,0.7288297510651226,0.002356840924803824,91,104.0,13.0,639.8250513624233
773600,37,101,21,3,13,0,0.7227966236846367,0.0024956645765905313,91,36.0,3.0,234.28952576503684
773700,27,123,18,1,8,0,0.7216365025171352,0.002967361655898859,91,20.0,4.0,111.29541464785113
773800,24,146,18,1,5,0,0.7217151656628564,0.003338281862886216,91,1.0,1.0,0.0
773900,20,191,15,1,4,0,0.7297017894899289,0.003151921953243151,91,20.0,1.0,131.5858562238777
774000,18,214,14,0,4,0,0.7413353216554767,0.003502135503603501,91,5.0,1.0,27.929999999999996
774100,16,244,13,0,3,0,0.7493805450284545,0.0034704086230168503,91,7.0,1.0,41.93756096670722
774200,16,280,13,0,3,0,0.7556305450284544,0.0034704086230168503,91,2.0,0.0,14.755404213513078
774300,15,302,11,0,4,0,0.7693392480303515,0.0036332274317365234,91,7.0,1.0,41.15999999999999
774400,13,314,11,0,2,0,0.7838529784965593,0.004039606321268067,91,16.0,1.0,114.70590408839563
774500,12,344,10,0,2,0,0.7991740600379393,0.0035539610238608985,91,4.0,1.0,22.044916327961804
774600,12,384,10,0,2,0,0.7991740600379393,0.0035539610238608985,91,1.0,0.0,7.35
774700,12,415,11,0,1,0,0.8158407267046061,0.0035539610238608985,91,0.0,0.0,0.0
774800,12,449,12,0,0,0,0.8325073933712727,0.0035539610238608985,91,0.0,0.0,0.0
774900,12,461,12,0,0,0,0.840840726704606,0.0035539610238608985,91,2.0,0.0,16.720127859418753
775000,12,476,12,0,0,0,0.8533407267046061,0.0035539610238608985,91,3.0,0.0,24.976524871479825
775100,12,498,12,0,0,0,0.8658407267046061,0.0035539610238608985,91,3.0,0.0,23.686212640539235
775200,10,547,10,0,0,0,0.8799186456084641,0.0034815302873888385,91,15.0,2.0,109.12351196389571
775300,9,598,9,0,0,0,0.8776873840094046,0.0038683669859875982,91,9.0,0.0,73.87766215051515
775400,8,658,8,0,0,0,0.8927954317085542,0.003426824627324061,91,2.0,1.0,9.304916327961807
775500,8,700,8,0,0,0,0.9115454317085542,0.003426824627324061,91,2.0,0.0,15.68
775600,8,724,8,0,0,0,0.9240454317085542,0.003426824627324061,91,9.0,0.0,83.9606819154249
775700,7,763,7,0,0,0,0.9386852850469419,0.002841665902925126,91,0.0,0.0,0.0
775800,7,792,7,0,0,0,0.9529709993326563,0.002841665902925126,91,0.0,0.0,0.0
775900,7,833,7,0,0,0,0.9601138564755134,0.002841665902925126,91,0.0,0.0,0.0
776000,7,867,7,0,0,0,0.9815424279040849,0.002841665902925126,91,2.0,0.0,18.62
776100,7,901,7,0,0,0,1.002970999332656,0.002841665902925126,91,4.0,0.0,40.81840634070713
776200,7,932,7,0,0,0,1.0243995707612277,0.002841665902925126,91,10.0,0.0,102.1982538808559
776300,7,977,7,0,0,0,1.0315424279040848,0.002841665902925126,91,2.0,0.0,20.566524871479828
776400,7,986,7,0,0,0,1.0601138564755135,0.002841665902925126,91,0.0,0.0,0.0
776500,7,1017,7,0,0,0,1.0672567136183704,0.002841665902925126,91,0.0,0.0,0.0
776600,6,1049,6,0,0,0,1.102523917358965,0.00331527688674598,91,8.0,1.0,75.46000000000002
776700,6,1080,6,0,0,0,1.1108572506922982,0.00331527688674598,91,0.0,0.0,0.0
776800,6,1114,6,0,0,0,1.1358572506922984,0.00331527688674598,91,0.0,0.0,0.0
776900,6,1133,6,0,0,0,1.1608572506922983,0.00331527688674598,91,0.0,0.0,0.0
777000,6,1160,6,0,0,0,1.1858572506922982,0.00331527688674598,91,0.0,0.0,0.0
777100,6,1168,6,0,0,0,1.2108572506922985,0.00331527688674598,91,0.0,0.0,0.0
777200,6,1163,6,0,0,0,1.2358572506922985,0.00331527688674598,91,0.0,0.0,0.0
777300,6,1174,6,0,0,0,1.252523917358965,0.00331527688674598,91,0.0,0.0,0.0
777400,6,1182,6,0,0,0,1.2941905840256318,0.00331527688674598,91,0.0,0.0,0.0
777500,6,1207,6,0,0,0,1.327523917358965,0.00331527688674598,91,0.0,0.0,0.0
777600,6,1215,6,0,0,0,1.3525239173589652,0.00331527688674598,91,0.0,0.0,0.0
777700,6,1252,6,0,0,0,1.3691905840256318,0.00331527688674598,91,0.0,0.0,0.0
777800,6,1297,6,0,0,0,1.3858572506922986,0.00331527688674598,91,0.0,0.0,0.0
777900,6,1340,6,0,0,0,1.3858572506922986,0.00331527688674598,91,0.0,0.0,0.0
778000,6,1358,6,0,0,0,1.4275239173589653,0.00331527688674598,91,0.0,0.0,0.0
778100,5,1406,5,0,0,0,1.423028700830758,0.003978332264095176,91,9.0,1.0,122.49326243573996
778200,4,1468,4,0,0,0,1.4289155615496258,0.0029981533964535756,91,8.0,1.0,89.13283705017942
778300,4,1521,4,0,0,0,1.4539155615496258,0.0029981533964535756,91,0.0,0.0,0.0
778400,4,1580,4,0,0,0,1.466415561549626,0.0029981533964535756,91,0.0,0.0,0.0
778500,4,1639,4,0,0,0,1.4789155615496261,0.0029981533964535756,91,0.0,0.0,0.0
778600,4,1701,4,0,0,0,1.4914155615496258,0.0029981533964535756,91,0.0,0.0,0.0
778700,4,1760,4,0,0,0,1.503915561549626,0.0029981533964535756,91,0.0,0.0,0.0
778800,3,1815,3,0,0,0,1.4997708311476166,0.0017007909643014581,91,7.0,1.0,99.96000000000005
778900,3,1867,3,0,0,0,1.5331041644809502,0.0017007909643014581,91,0.0,0.0,0.0
779000,3,1932,3,0,0,0,1.5331041644809502,0.0017007909643014581,91,0.0,0.0,0.0
779100,3,1988,3,0,0,0,1.5664374978142834,0.0017007909643014581,91,0.0,0.0,0.0
779200,3,2035,3,0,0,0,1.5997708311476169,0.0017007909643014581,91,0.0,0.0,0.0
779300,3,2079,3,0,0,0,1.6331041644809503,0.0017007909643014581,91,0.0,0.0,0.0
779400,3,2131,3,0,0,0,1.6331041644809503,0.0017007909643014581,91,0.0,0.0,0.0
779500,3,2192,3,0,0,0,1.6664374978142835,0.0017007909643014581,91,11.0,0.0,168.49936192165922
779600,2,2249,2,0,0,0,1.5746562467214247,0.0011974979152463675,91,4.0,1.0,44.079787307219746
779700,2,2305,2,0,0,0,1.5996562467214248,0.0011974979152463675,91,0.0,0.0,0.0
779800,2,2362,2,0,0,0,1.6496562467214249,0.0011974979152463675,91,0.0,0.0,0.0
779900,2,2427,2,0,0,0,1.6496562467214249,0.0011974979152463675,91,0.0,0.0,0.0
780000,2,2500,2,0,0,0,1.6746562467214248,0.0011974979152463675,91,0.0,0.0,0.0
780100,2,2500,2,0,0,0,1.6746562467214248,0.0011974979152463675,91,0.0,0.0,0.0
780200,2,2500,2,0,0,0,1.724656246721425,0.0011974979152463675,91,0.0,0.0,0.0
780300,2,2500,2,0,0,0,1.724656246721425,0.0011974979152463675,91,0.0,0.0,0.0
780400,2,2500,2,0,0,0,1.749656246721425,0.0011974979152463675,91,0.0,0.0,0.0
780500,2,2500,2,0,0,0,1.749656246721425,0.0011974979152463675,91,0.0,0.0,0.0
780600,2,2500,2,0,0,0,1.7746562467214249,0.0011974979152463675,91,0.0,0.0,0.0
780700,183,284,0,0,0,183,0.7365643454847957,0.0036106311694119463,92,170.0,15.0,1167.3513099259822
780800,105,110,0,0,0,105,0.733565838799445,0.003610490043027229,92,346.0,41.0,2190.0620367440033
780900,65,82,0,0,0,65,0.7328563786429139,0.0033432100407809638,92,98.0,16.0,590.1972625340359
781000,38,95,19,4,15,0,0.7296997165759591,0.003935761015542237,92,59.0,10.0,362.65839385623116
781100,29,125,18,2,9,0,0.732596203779607,0.0042231411357065325,92,13.0,3.0,71.2039714357307
781200,27,153,17,2,8,0,0.7368625892447631,0.004407922103387794,92,10.0,0.0,71.72982974526718
781300,19,181,10,1,8,0,0.748965940506612,0.004767103100619523,92,22.0,4.0,124.83714956805487
781400,19,218,10,1,8,0,0.7542290984013489,0.004767103100619523,92,6.0,0.0,42.92229506480765
781500,15,248,10,0,5,0,0.755002836790123,0.0053848479657761196,92,12.0,2.0,70.41361202535283
781600,13,291,8,0,5,0,0.7787247744581389,0.005287793823485159,92,15.0,1.0,107.3716616334763
781700,13,334,9,0,4,0,0.7825709283042929,0.005287793823485159,92,0.0,0.0,0.0
781800,11,389,7,0,4,0,0.7847524986935582,0.0052135556891090415,92,6.0,1.0,39.07930625602498
781900,11,433,8,0,3,0,0.7847524986935582,0.0052135556891090415,92,2.0,0.0,15.622070582495809
782000,9,477,6,0,3,0,0.8111706977961372,0.0047334695420571385,92,12.0,1.0,82.84282659149481
782100,8,533,7,0,1,0,0.8066249272246722,0.005325153234814281,92,7.0,1.0,47.7660406136972
782200,8,587,8,0,0,0,0.8191249272246722,0.005325153234814281,92,1.0,0.0,8.616497731340482
782300,7,617,7,0,0,0,0.8177070667834345,0.00444029099126744,92,7.0,1.0,49.104506434075034
782400,7,659,7,0,0,0,0.839135638212006,0.00444029099126744,92,0.0,0.0,0.0
782500,7,702,7,0,0,0,0.8462784953548633,0.00444029099126744,92,0.0,0.0,0.0
782600,7,747,7,0,0,0,0.8605642096405776,0.00444029099126744,92,3.0,0.0,23.892642257321036
782700,6,776,6,0,0,0,0.8731398023072185,0.005048186059856988,92,16.0,1.0,119.46321128660516
782800,6,811,6,0,0,0,0.8898064689738852,0.005048186059856988,92,0.0,0.0,0.0
782900,6,856,6,0,0,0,0.9148064689738852,0.005048186059856988,92,0.0,0.0,0.0
783000,6,902,6,0,0,0,0.9231398023072185,0.005048186059856988,92,0.0,0.0,0.0
783100,6,962,6,0,0,0,0.9314731356405518,0.005048186059856988,92,0.0,0.0,0.0
783200,6,1011,6,0,0,0,0.9481398023072184,0.005048186059856988,92,0.0,0.0,0.0
783300,6,1053,6,0,0,0,0.9564731356405519,0.005048186059856988,92,0.0,0.0,0.0
783400,6,1111,6,0,0,0,0.9731398023072185,0.005048186059856988,92,0.0,0.0,0.0
783500,5,1169,5,0,0,0,0.9652982368717329,0.006057823271828386,92,7.0,1.0,66.39898638804291
783600,5,1226,5,0,0,0,0.9752982368717328,0.006057823271828386,92,0.0,0.0,0.0
783700,5,1286,5,0,0,0,0.9852982368717328,0.006057823271828386,92,0.0,0.0,0.0
783800,5,1334,5,0,0,0,0.9952982368717329,0.006057823271828386,92,0.0,0.0,0.0
783900,5,1380,5,0,0,0,1.0052982368717331,0.006057823271828386,92,0.0,0.0,0.0
784000,5,1445,5,0,0,0,1.015298236871733,0.006057823271828386,92,0.0,0.0,0.0
784100,5,1496,5,0,0,0,1.025298236871733,0.006057823271828386,92,0.0,0.0,0.0
784200,5,1553,5,0,0,0,1.0352982368717327,0.006057823271828386,92,0.0,0.0,0.0
784300,5,1603,5,0,0,0,1.075298236871733,0.006057823271828386,92,0.0,0.0,0.0
784400,5,1653,5,0,0,0,1.095298236871733,0.006057823271828386,92,0.0,0.0,0.0
784500,5,1683,5,0,0,0,1.105298236871733,0.006057823271828386,92,4.0,0.0,43.94142363422833
784600,5,1731,5,0,0,0,1.115298236871733,0.006057823271828386,92,0.0,0.0,0.0
784700,5,1782,5,0,0,0,1.135298236871733,0.006057823271828386,92,0.0,0.0,0.0
784800,5,1818,5,0,0,0,1.155298236871733,0.006057823271828386,92,0.0,0.0,0.0
784900,5,1871,5,0,0,0,1.175298236871733,0.006057823271828386,92,0.0,0.0,0.0
785000,5,1922,5,0,0,0,1.195298236871733,0.006057823271828386,92,3.0,0.0,27.37633316972846
785100,5,1981,5,0,0,0,1.195298236871733,0.006057823271828386,92,0.0,0.0,0.0
785200,5,2051,5,0,0,0,1.195298236871733,0.006057823271828386,92,0.0,0.0,0.0
785300,5,2115,5,0,0,0,1.2252982368717331,0.006057823271828386,92,0.0,0.0,0.0
785400,5,2186,5,0,0,0,1.2252982368717331,0.006057823271828386,92,0.0,0.0,0.0
785500,5,2242,5,0,0,0,1.2452982368717331,0.006057823271828386,92,0.0,0.0,0.0
785600,5,2312,5,0,0,0,1.2452982368717331,0.006057823271828386,92,0.0,0.0,0.0
785700,5,2364,5,0,0,0,1.2452982368717331,0.006057823271828386,92,0.0,0.0,0.0
785800,5,2423,5,0,0,0,1.265298236871733,0.006057823271828386,92,0.0,0.0,0.0
785900,5,2478,5,0,0,0,1.2852982368717332,0.006057823271828386,92,0.0,0.0,0.0
786000,5,2500,5,0,0,0,1.2852982368717332,0.006057823271828386,92,0.0,0.0,0.0
786100,5,2500,5,0,0,0,1.2952982368717332,0.006057823271828386,92,0.0,0.0,0.0
786200,4,2500,4,0,0,0,1.2368141804942459,0.006883835435428384,92,2.0,0.0,21.408901789600748
786300,4,2500,4,0,0,0,1.261814180494246,0.006883835435428384,92,0.0,0.0,0.0
786400,4,2500,4,0,0,0,1.261814180494246,0.006883835435428384,92,1.0,0.0,12.28345739969126
786500,4,2500,4,0,0,0,1.286814180494246,0.006883835435428384,92,0.0,0.0,0.0
786600,4,2500,4,0,0,0,1.2993141804942459,0.006883835435428384,92,0.0,0.0,0.0
786700,4,2500,4,0,0,0,1.324314180494246,0.006883835435428384,92,0.0,0.0,0.0
786800,4,2500,4,0,0,0,1.349314180494246,0.006883835435428384,92,1.0,0.0,12.864214085773682
786900,4,2500,4,0,0,0,1.386814180494246,0.006883835435428384,92,6.0,0.0,108.78000000000004
787000,3,2500,3,0,0,0,1.2490855739923277,0.007739047859160628,92,10.0,1.0,124.59792677196315
787100,3,2500,3,0,0,0,1.2824189073256609,0.007739047859160628,92,0.0,0.0,0.0
787200,3,2500,3,0,0,0,1.2990855739923275,0.007739047859160628,92,0.0,0.0,0.0
787300,3,2499,3,0,0,0,1.3490855739923278,0.007739047859160628,92,0.0,0.0,0.0
787400,3,2500,3,0,0,0,1.3657522406589944,0.007739047859160628,92,0.0,0.0,0.0
787500,3,2500,3,0,0,0,1.4157522406589944,0.007739047859160628,92,0.0,0.0,0.0
787600,3,2500,3,0,0,0,1.4490855739923276,0.007739047859160628,92,0.0,0.0,0.0
787700,3,2500,3,0,0,0,1.4657522406589945,0.007739047859160628,92,0.0,0.0,0.0
787800,3,2500,3,0,0,0,1.4657522406589945,0.007739047859160628,92,0.0,0.0,0.0
787900,3,2500,3,0,0,0,1.482418907325661,0.007739047859160628,92,0.0,0.0,0.0
788000,3,2500,3,0,0,0,1.4990855739923277,0.007739047859160628,92,0.0,0.0,0.0
788100,3,2500,3,0,0,0,1.4990855739923277,0.007739047859160628,92,4.0,0.0,47.717803579201494
788200,3,2500,3,0,0,0,1.5157522406589943,0.007739047859160628,92,0.0,0.0,0.0
788300,3,2500,3,0,0,0,1.5324189073256609,0.007739047859160628,92,0.0,0.0,0.0
788400,2,2500,2,0,0,0,1.7830444635441296,0.00688919758259774,92,3.0,1.0,31.299658475683163
788500,2,2500,2,0,0,0,1.8330444635441296,0.00688919758259774,92,0.0,0.0,0.0
788600,2,2500,2,0,0,0,1.8580444635441296,0.00688919758259774,92,0.0,0.0,0.0
788700,2,2500,2,0,0,0,1.8830444635441295,0.00688919758259774,92,0.0,0.0,0.0
788800,2,2500,2,0,0,0,1.9080444635441296,0.00688919758259774,92,0.0,0.0,0.0
788900,2,2499,2,0,0,0,1.9580444635441294,0.00688919758259774,92,0.0,0.0,0.0
789000,2,2500,2,0,0,0,1.9830444635441293,0.00688919758259774,92,0.0,0.0,0.0
789100,2,2500,2,0,0,0,2.033044463544129,0.00688919758259774,92,0.0,0.0,0.0
789200,2,2500,2,0,0,0,2.058044463544129,0.00688919758259774,92,0.0,0.0,0.0
789300,2,2497,2,0,0,0,2.10170701018833,0.00688919758259774,92,0.0,0.0,0.0
789400,2,2500,2,0,0,0,2.12670701018833,0.00688919758259774,92,0.0,0.0,0.0
789500,2,2500,2,0,0,0,2.1517070101883298,0.00688919758259774,92,0.0,0.0,0.0
789600,200,484,0,0,0,200,0.736353044105268,0.006942792782062343,93,7.0,0.0,50.67775450194995
789700,123,151,0,0,0,123,0.7370841489295247,0.006278604943405212,93,359.0,45.0,2265.241091331075
789800,74,80,0,0,0,74,0.7332065197442862,0.006083909679958469,93,188.0,27.0,1155.4744819852128
789900,45,95,23,4,18,0,0.7192749912469704,0.005579684239079604,93,73.0,9.0,452.3131774910329
790000,29,135,16,2,11,0,0.7263835776865861,0.005366861868667869,93,51.0,4.0,329.0738117234681
790100,21,173,15,0,6,0,0.7227730581230573,0.0059846793186744286,93,8.0,0.0,56.88189766360627
790200,14,225,10,0,4,0,0.7327486734272962,0.00613624155842552,93,3.0,1.0,13.829438283045736
790300,14,271,10,0,4,0,0.7434629591415819,0.00613624155842552,93,3.0,0.0,22.32582950347812
790400,12,311,7,0,5,0,0.7448705279607676,0.005676002631214486,93,12.0,1.0,79.85688027212653
790500,12,361,7,0,5,0,0.7490371946274342,0.005676002631214486,93,2.0,0.0,14.7
790600,11,414,6,0,5,0,0.7534951214117466,0.005695570898617508,93,4.0,0.0,29.4
790700,9,468,6,0,3,0,0.7608509943289243,0.0049122160965158175,93,2.0,1.0,7.35
790800,7,524,4,0,3,0,0.7744453541275836,0.004777613938044841,93,6.0,1.0,34.84719141522869
790900,7,583,4,0,3,0,0.795873925556155,0.004777613938044841,93,1.0,0.0,7.459438283045738
791000,6,622,5,0,1,0,0.8101020695247984,0.005484805571345344,93,7.0,1.0,44.75662969827444
791100,6,662,5,0,1,0,0.8184354028581317,0.005484805571345344,93,0.0,0.0,0.0
791200,6,696,5,0,1,0,0.8351020695247984,0.005484805571345344,93,0.0,0.0,0.0
791300,6,751,5,0,1,0,0.8434354028581317,0.005484805571345344,93,0.0,0.0,0.0
791400,6,796,5,0,1,0,0.851768736191465,0.005484805571345344,93,0.0,0.0,0.0
791500,5,837,5,0,0,0,0.8998890490818858,0.006079852902613361,93,0.0,0.0,0.0
791600,5,885,5,0,0,0,0.9098890490818858,0.006079852902613361,93,0.0,0.0,0.0
791700,5,938,5,0,0,0,0.9398890490818858,0.006079852902613361,93,0.0,0.0,0.0
791800,5,999,5,0,0,0,0.9398890490818858,0.006079852902613361,93,0.0,0.0,0.0
791900,5,1047,5,0,0,0,0.9598890490818859,0.006079852902613361,93,0.0,0.0,0.0
792000,5,1113,5,0,0,0,0.9598890490818859,0.006079852902613361,93,0.0,0.0,0.0
792100,5,1167,5,0,0,0,0.9798890490818861,0.006079852902613361,93,0.0,0.0,0.0
792200,5,1227,5,0,0,0,0.9898890490818859,0.006079852902613361,93,0.0,0.0,0.0
792300,5,1279,5,0,0,0,0.999889049081886,0.006079852902613361,93,0.0,0.0,0.0
792400,5,1337,5,0,0,0,1.009889049081886,0.006079852902613361,93,2.0,0.0,20.580000000000002
792500,4,1395,4,0,0,0,1.0123613113523573,0.0057160034644929405,93,10.0,1.0,99.47000000000003
792600,3,1452,3,0,0,0,0.9831484151364763,0.007335834777575612,93,9.0,1.0,69.04309529004193
792700,3,1520,3,0,0,0,0.9998150818031432,0.007335834777575612,93,0.0,0.0,0.0
792800,3,1582,3,0,0,0,1.0164817484698097,0.007335834777575612,93,0.0,0.0,0.0
792900,3,1638,3,0,0,0,1.0331484151364763,0.007335834777575612,93,0.0,0.0,0.0
793000,3,1705,3,0,0,0,1.049815081803143,0.007335834777575612,93,0.0,0.0,0.0
793100,3,1771,3,0,0,0,1.049815081803143,0.007335834777575612,93,0.0,0.0,0.0
793200,3,1829,3,0,0,0,1.06648174846981,0.007335834777575612,93,0.0,0.0,0.0
793300,3,1885,3,0,0,0,1.0831484151364765,0.007335834777575612,93,0.0,0.0,0.0
793400,3,1949,3,0,0,0,1.0998150818031431,0.007335834777575612,93,0.0,0.0,0.0
793500,3,2017,3,0,0,0,1.0998150818031431,0.007335834777575612,93,0.0,0.0,0.0
793600,3,2067,3,0,0,0,1.1164817484698097,0.007335834777575612,93,0.0,0.0,0.0
793700,3,2131,3,0,0,0,1.1498150818031432,0.007335834777575612,93,1.0,0.0,8.617949281412367
793800,3,2195,3,0,0,0,1.1664817484698098,0.007335834777575612,93,0.0,0.0,0.0
793900,3,2252,3,0,0,0,1.1831484151364764,0.007335834777575612,93,0.0,0.0,0.0
794000,3,2308,3,0,0,0,1.1998150818031432,0.007335834777575612,93,0.0,0.0,0.0
794100,3,2366,3,0,0,0,1.2331484151364764,0.007335834777575612,93,0.0,0.0,0.0
794200,3,2424,3,0,0,0,1.249815081803143,0.007335834777575612,93,0.0,0.0,0.0
794300,3,2479,3,0,0,0,1.249815081803143,0.007335834777575612,93,0.0,0.0,0.0
794400,3,2500,3,0,0,0,1.2831484151364767,0.007335834777575612,93,0.0,0.0,0.0
794500,3,2497,3,0,0,0,1.2998150818031433,0.007335834777575612,93,0.0,0.0,0.0
794600,2,2500,2,0,0,0,1.5350313328367369,0.00017542837460547234,93,8.0,1.0,97.4687566936163
794700,2,2500,2,0,0,0,1.560031332836737,0.00017542837460547234,93,0.0,0.0,0.0
794800,2,2500,2,0,0,0,1.610031332836737,0.00017542837460547234,93,0.0,0.0,0.0
794900,2,2500,2,0,0,0,1.635031332836737,0.00017542837460547234,93,0.0,0.0,0.0
795000,2,2499,2,0,0,0,1.660031332836737,0.00017542837460547234,93,0.0,0.0,0.0
795100,2,2500,2,0,0,0,1.6850313328367372,0.00017542837460547234,93,0.0,0.0,0.0
795200,2,2500,2,0,0,0,1.735031332836737,0.00017542837460547234,93,0.0,0.0,0.0
795300,2,2500,2,0,0,0,1.735031332836737,0.00017542837460547234,93,0.0,0.0,0.0
795400,2,2500,2,0,0,0,1.7600313328367372,0.00017542837460547234,93,0.0,0.0,0.0
795500,2,2500,2,0,0,0,1.7850313328367373,0.00017542837460547234,93,0.0,0.0,0.0
795600,2,2500,2,0,0,0,1.8100313328367372,0.00017542837460547234,93,0.0,0.0,0.0
795700,2,2500,2,0,0,0,1.8350313328367371,0.00017542837460547234,93,0.0,0.0,0.0
795800,2,2500,2,0,0,0,1.860031332836737,0.00017542837460547234,93,0.0,0.0,0.0
795900,2,2500,2,0,0,0,1.8850313328367372,0.00017542837460547234,93,0.0,0.0,0.0
796000,2,2499,2,0,0,0,1.9350313328367372,0.00017542837460547234,93,0.0,0.0,0.0
796100,2,2500,2,0,0,0,1.9600313328367371,0.00017542837460547234,93,0.0,0.0,0.0
796200,2,2500,2,0,0,0,1.985031332836737,0.00017542837460547234,93,0.0,0.0,0.0
796300,2,2500,2,0,0,0,1.985031332836737,0.00017542837460547234,93,7.0,0.0,134.17022928205537
796400,141,118,0,0,0,141,0.7367957290574657,0.005104183603259939,94,395.0,35.0,2656.5791649241987
796500,70,83,0,0,0,70,0.737803469282493,0.00599229573555787,94,213.0,25.0,1363.1079744118133
796600,41,97,0,0,0,41,0.7437141254520827,0.006362321943243241,94,50.0,8.0,301.8296985753072
796700,28,129,15,1,12,0,0.7469140254055133,0.006448912527862733,94,30.0,6.0,170.07283744003354
796800,22,167,12,1,9,0,0.7516467458421914,0.006546919947410895,94,19.0,3.0,118.56763554255092
796900,19,211,10,0,9,0,0.759814989050029,0.007262621928905932,94,17.0,2.0,108.072700548897
797000,17,257,9,0,8,0,0.7595303646007723,0.007449480389706618,94,7.0,1.0,43.3587394608002
797100,12,316,8,0,4,0,0.7683395398204538,0.009325685439946954,94,0.0,0.0,0.0
797200,11,361,7,0,4,0,0.7852440392587579,0.007827141890024342,94,0.0,0.0,0.0
797300,11,425,9,0,2,0,0.7897894938042125,0.007827141890024342,94,0.0,0.0,0.0
797400,10,476,10,0,0,0,0.8087684431846336,0.00786486176327134,94,3.0,0.0,25.610512423843424
797500,9,523,9,0,0,0,0.8117713346357747,0.005596483607492351,94,1.0,0.0,8.48218314805786
797600,9,568,9,0,0,0,0.8228824457468857,0.005596483607492351,94,0.0,0.0,0.0
797700,8,607,8,0,0,0,0.8314412839024239,0.006296044058428894,94,7.0,1.0,45.304360855316816
797800,8,657,8,0,0,0,0.8501912839024239,0.006296044058428894,94,0.0,0.0,0.0
797900,8,695,8,0,0,0,0.8626912839024239,0.006296044058428894,94,0.0,0.0,0.0
798000,8,731,8,0,0,0,0.8751912839024238,0.006296044058428894,94,0.0,0.0,0.0
798100,8,787,8,0,0,0,0.8939412839024239,0.006296044058428894,94,0.0,0.0,0.0
798200,8,819,8,0,0,0,0.906441283902424,0.006296044058428894,94,0.0,0.0,0.0
798300,8,869,8,0,0,0,0.925191283902424,0.006296044058428894,94,0.0,0.0,0.0
798400,8,918,8,0,0,0,0.925191283902424,0.006296044058428894,94,0.0,0.0,0.0
798500,8,962,8,0,0,0,0.950191283902424,0.006296044058428894,94,0.0,0.0,0.0
798600,8,1008,8,0,0,0,0.950191283902424,0.006296044058428894,94,7.0,0.0,66.08309888834717
798700,7,1069,7,0,0,0,0.9502186101741987,0.007195478923918737,94,2.0,1.0,9.46218314805786
798800,7,1123,7,0,0,0,0.957361467317056,0.007195478923918737,94,0.0,0.0,0.0
798900,7,1178,7,0,0,0,0.9716471816027702,0.007195478923918737,94,0.0,0.0,0.0
799000,7,1228,7,0,0,0,0.9859328958884844,0.007195478923918737,94,0.0,0.0,0.0
799100,7,1269,7,0,0,0,1.007361467317056,0.007195478923918737,94,0.0,0.0,0.0
799200,7,1309,7,0,0,0,1.0216471816027703,0.007195478923918737,94,0.0,0.0,0.0
799300,7,1361,7,0,0,0,1.0287900387456275,0.007195478923918737,94,3.0,0.0,29.66193128395717
799400,7,1414,7,0,0,0,1.0430757530313417,0.007195478923918737,94,0.0,0.0,0.0
799500,7,1469,7,0,0,0,1.0430757530313417,0.007195478923918737,94,0.0,0.0,0.0
799600,6,1540,6,0,0,0,1.0573608665083516,0.008032489370167567,94,8.0,1.0,79.31794718107957
799700,6,1590,6,0,0,0,1.0656941998416851,0.008032489370167567,94,0.0,0.0,0.0
799800,6,1643,6,0,0,0,1.0823608665083517,0.008032489370167567,94,0.0,0.0,0.0
799900,6,1683,6,0,0,0,1.0906941998416853,0.008032489370167567,94,0.0,0.0,0.0
800000,6,1724,6,0,0,0,1.1073608665083519,0.008032489370167567,94,0.0,0.0,0.0
800100,6,1749,6,0,0,0,1.1406941998416853,0.008032489370167567,94,0.0,0.0,0.0
800200,6,1781,6,0,0,0,1.157360866508352,0.008032489370167567,94,1.0,0.0,12.89471835331233
800300,6,1814,6,0,0,0,1.1740275331750187,0.008032489370167567,94,0.0,0.0,0.0
800400,6,1837,6,0,0,0,1.1990275331750186,0.008032489370167567,94,0.0,0.0,0.0
800500,6,1868,6,0,0,0,1.2323608665083519,0.008032489370167567,94,2.0,0.0,23.252092584773184
800600,6,1889,6,0,0,0,1.2406941998416854,0.008032489370167567,94,0.0,0.0,0.0
800700,6,1944,6,0,0,0,1.2573608665083518,0.008032489370167567,94,0.0,0.0,0.0
800800,6,1999,6,0,0,0,1.2573608665083518,0.008032489370167567,94,0.0,0.0,0.0
800900,6,2052,6,0,0,0,1.2740275331750186,0.008032489370167567,94,0.0,0.0,0.0
801000,6,2090,6,0,0,0,1.2990275331750187,0.008032489370167567,94,0.0,0.0,0.0
801100,6,2136,6,0,0,0,1.307360866508352,0.008032489370167567,94,0.0,0.0,0.0
801200,6,2184,6,0,0,0,1.3240275331750186,0.008032489370167567,94,0.0,0.0,0.0
801300,6,2220,6,0,0,0,1.332360866508352,0.008032489370167567,94,0.0,0.0,0.0
801400,6,2271,6,0,0,0,1.3490275331750183,0.008032489370167567,94,0.0,0.0,0.0
801500,6,2314,6,0,0,0,1.3823608665083522,0.008032489370167567,94,1.0,0.0,13.096046292386593
801600,6,2366,6,0,0,0,1.3823608665083522,0.008032489370167567,94,0.0,0.0,0.0
801700,6,2420,6,0,0,0,1.4073608665083521,0.008032489370167567,94,0.0,0.0,0.0
801800,6,2469,6,0,0,0,1.4156941998416854,0.008032489370167567,94,0.0,0.0,0.0
801900,6,2500,6,0,0,0,1.4156941998416854,0.008032489370167567,94,0.0,0.0,0.0
802000,6,2500,6,0,0,0,1.4156941998416854,0.008032489370167567,94,1.0,0.0,10.329838699183988
802100,6,2500,6,0,0,0,1.4240275331750187,0.008032489370167567,94,2.0,0.0,24.654718353312333
802200,5,2499,5,0,0,0,1.45156678894499,0.009638987244201081,94,0.0,0.0,0.0
802300,5,2500,5,0,0,0,1.4615667889449901,0.009638987244201081,94,0.0,0.0,0.0
802400,5,2500,5,0,0,0,1.47156678894499,0.009638987244201081,94,0.0,0.0,0.0
802500,5,2500,5,0,0,0,1.48156678894499,0.009638987244201081,94,0.0,0.0,0.0
802600,5,2500,5,0,0,0,1.50156678894499,0.009638987244201081,94,0.0,0.0,0.0
802700,4,2500,4,0,0,0,1.4355762630164959,0.01204873405525135,94,0.0,0.0,0.0
802800,3,2500,3,0,0,0,1.5627466262266207,0.008763642398966804,94,0.0,0.0,0.0
802900,3,2500,3,0,0,0,1.5627466262266207,0.008763642398966804,94,0.0,0.0,0.0
803000,3,2500,3,0,0,0,1.612746626226621,0.008763642398966804,94,0.0,0.0,0.0
803100,2,2500,2,0,0,0,1.382893793536344,0.013145463598450207,94,9.0,1.0,134.51774682649867
803200,2,2500,2,0,0,0,1.4078937935363438,0.013145463598450207,94,0.0,0.0,0.0
803300,2,2500,2,0,0,0,1.4328937935363437,0.013145463598450207,94,0.0,0.0,0.0
803400,2,2500,2,0,0,0,1.4328937935363437,0.013145463598450207,94,0.0,0.0,0.0
803500,2,2500,2,0,0,0,1.4578937935363439,0.013145463598450207,94,0.0,0.0,0.0
803600,2,2500,2,0,0,0,1.482893793536344,0.013145463598450207,94,0.0,0.0,0.0
803700,2,2500,2,0,0,0,1.507893793536344,0.013145463598450207,94,0.0,0.0,0.0
803800,2,2500,2,0,0,0,1.582893793536344,0.013145463598450207,94,0.0,0.0,0.0
803900,2,2500,2,0,0,0,1.607893793536344,0.013145463598450207,94,0.0,0.0,0.0
804000,2,2500,2,0,0,0,1.607893793536344,0.013145463598450207,94,0.0,0.0,0.0
804100,2,2500,2,0,0,0,1.632893793536344,0.013145463598450207,94,0.0,0.0,0.0
804200,2,2500,2,0,0,0,1.657893793536344,0.013145463598450207,94,0.0,0.0,0.0
804300,2,2500,2,0,0,0,1.6828937935363442,0.013145463598450207,94,0.0,0.0,0.0
804400,2,2500,2,0,0,0,1.6828937935363442,0.013145463598450207,94,0.0,0.0,0.0
804500,2,2500,2,0,0,0,1.6828937935363442,0.013145463598450207,94,0.0,0.0,0.0
804600,2,2500,2,0,0,0,1.707893793536344,0.013145463598450207,94,0.0,0.0,0.0
804700,2,2500,2,0,0,0,1.707893793536344,0.013145463598450207,94,0.0,0.0,0.0
804800,2,2500,2,0,0,0,1.732893793536344,0.013145463598450207,94,0.0,0.0,0.0
804900,198,472,0,0,0,198,0.7680616738224003,0.011700479461319049,95,29.0,2.0,201.98920653571278
805000,139,100,0,0,0,139,0.7683828550846142,0.012445447868236516,95,299.0,33.0,2000.9271207918123
805100,94,59,0,0,0,94,0.7659074306093531,0.012430779013878547,95,119.0,17.0,778.768528855174
805200,51,76,33,5,13,0,0.7793391092344968,0.010583170318070443,95,32.0,5.0,200.83636437108478
805300,35,113,24,2,9,0,0.7833030346498016,0.010123365835838245,95,23.0,4.0,148.71495747819867
805400,30,133,22,1,7,0,0.780838600287101,0.01086814871776898,95,11.0,0.0,84.77388291611749
805500,28,163,25,0,3,0,0.778884323151856,0.011515956753790076,95,2.0,0.0,15.242993383522993
805600,21,203,18,0,3,0,0.7930222503118474,0.009411775425885279,95,1.0,0.0,7.690172712832085
805700,20,241,18,0,2,0,0.797361017003528,0.008799959736057439,95,1.0,0.0,7.901219781486703
805800,17,280,15,0,2,0,0.8056737306041714,0.009291039491957101,95,25.0,1.0,188.7816056697785
805900,15,314,14,0,1,0,0.8154261678230422,0.010104718964641112,95,11.0,2.0,72.20131930989031
806000,13,366,11,0,2,0,0.8153929689628304,0.011294144932438058,95,5.0,2.0,23.991757543255126
806100,13,404,11,0,2,0,0.8230852766551381,0.011294144932438058,95,6.0,0.0,47.199123725057156
806200,12,462,10,0,2,0,0.8255800480642536,0.012177414565900019,95,6.0,1.0,38.62265580744125
806300,12,508,10,0,2,0,0.8297467147309203,0.012177414565900019,95,1.0,0.0,8.068892106325139
806400,12,550,11,0,1,0,0.8380800480642536,0.012177414565900019,95,4.0,0.0,33.948567234667564
806500,11,589,10,0,1,0,0.8419025610811963,0.011435834264350938,95,0.0,0.0,0.0
806600,11,622,10,0,1,0,0.8600843792630144,0.011435834264350938,95,0.0,0.0,0.0
806700,11,655,10,0,1,0,0.8737207428993781,0.011435834264350938,95,0.0,0.0,0.0
806800,11,686,10,0,1,0,0.8782661974448327,0.011435834264350938,95,0.0,0.0,0.0
806900,11,704,10,0,1,0,0.8964480156266507,0.011435834264350938,95,0.0,0.0,0.0
807000,11,726,10,0,1,0,0.9100843792630143,0.011435834264350938,95,1.0,0.0,8.180172712832086
807100,11,747,10,0,1,0,0.9191752883539235,0.011435834264350938,95,0.0,0.0,0.0
807200,11,771,11,0,0,0,0.932811651990287,0.011435834264350938,95,1.0,0.0,8.330000000000002
807300,11,805,11,0,0,0,0.9373571065357417,0.011435834264350938,95,3.0,0.0,26.967134516202577
807400,11,843,11,0,0,0,0.9419025610811961,0.011435834264350938,95,0.0,0.0,0.0
807500,11,859,11,0,0,0,0.9600843792630144,0.011435834264350938,95,13.0,0.0,110.42908537316384
807600,10,911,9,0,1,0,0.952021412871793,0.012107202532289097,95,9.0,1.0,71.53146174771997
807700,10,944,9,0,1,0,0.967021412871793,0.012107202532289097,95,1.0,0.0,9.084269079272586
807800,10,978,9,0,1,0,0.992021412871793,0.012107202532289097,95,5.0,0.0,49.692320512591216
807900,9,1019,8,0,1,0,0.9944682575968249,0.010449187730137404,95,9.0,1.0,76.45761075842702
808000,9,1053,8,0,1,0,1.0055793687079362,0.010449187730137404,95,0.0,0.0,0.0
808100,8,1087,8,0,0,0,1.0172279030813134,0.01175533619640458,95,7.0,1.0,57.44561447563551
808200,8,1134,8,0,0,0,1.0359779030813134,0.01175533619640458,95,0.0,0.0,0.0
808300,8,1189,8,0,0,0,1.0484779030813134,0.01175533619640458,95,0.0,0.0,0.0
808400,8,1235,8,0,0,0,1.0484779030813134,0.01175533619640458,95,0.0,0.0,0.0
808500,7,1302,7,0,0,0,1.0625461749500724,0.012986316554507295,95,6.0,1.0,54.22115109812278
808600,7,1353,7,0,0,0,1.0839747463786438,0.012986316554507295,95,0.0,0.0,0.0
808700,7,1417,7,0,0,0,1.0839747463786438,0.012986316554507295,95,1.0,0.0,10.396108241393351
808800,7,1475,7,0,0,0,1.0911176035215011,0.012986316554507295,95,0.0,0.0,0.0
808900,7,1521,7,0,0,0,1.0982604606643582,0.012986316554507295,95,0.0,0.0,0.0
809000,7,1579,7,0,0,0,1.1054033178072153,0.012986316554507295,95,1.0,0.0,8.670172712832086
809100,7,1631,7,0,0,0,1.1268318892357867,0.012986316554507295,95,0.0,0.0,0.0
809200,7,1674,7,0,0,0,1.1268318892357867,0.012986316554507295,95,0.0,0.0,0.0
809300,7,1726,7,0,0,0,1.141117603521501,0.012986316554507295,95,3.0,0.0,31.66280723781776
809400,7,1752,7,0,0,0,1.1696890320929296,0.012986316554507295,95,0.0,0.0,0.0
809500,7,1806,7,0,0,0,1.1696890320929296,0.012986316554507295,95,3.0,0.0,27.480518138496258
809600,7,1850,7,0,0,0,1.191117603521501,0.012986316554507295,95,0.0,0.0,0.0
809700,7,1891,7,0,0,0,1.198260460664358,0.012986316554507295,95,0.0,0.0,0.0
809800,6,1921,6,0,0,0,1.2351428320119453,0.011968972893486913,95,4.0,0.0,36.640690851328344
809900,6,1960,6,0,0,0,1.2601428320119454,0.011968972893486913,95,0.0,0.0,0.0
810000,6,1986,6,0,0,0,1.2851428320119453,0.011968972893486913,95,0.0,0.0,0.0
810100,6,2007,6,0,0,0,1.3101428320119455,0.011968972893486913,95,0.0,0.0,0.0
810200,6,2046,6,0,0,0,1.3184761653452786,0.011968972893486913,95,1.0,0.0,9.160172712832086
810300,5,2091,5,0,0,0,1.4021713984143347,0.009367758710787561,95,8.0,0.0,73.28138170265669
810400,5,2126,5,0,0,0,1.4121713984143345,0.009367758710787561,95,0.0,0.0,0.0
810500,5,2178,5,0,0,0,1.4421713984143345,0.009367758710787561,95,0.0,0.0,0.0
810600,5,2219,5,0,0,0,1.4521713984143347,0.009367758710787561,95,0.0,0.0,0.0
810700,5,2276,5,0,0,0,1.4621713984143345,0.009367758710787561,95,0.0,0.0,0.0
810800,5,2322,5,0,0,0,1.4921713984143348,0.009367758710787561,95,8.0,0.0,73.28138170265669
810900,5,2381,5,0,0,0,1.5121713984143346,0.009367758710787561,95,2.0,0.0,22.752216482786704
811000,5,2439,5,0,0,0,1.5121713984143346,0.009367758710787561,95,0.0,0.0,0.0
811100,5,2500,5,0,0,0,1.5221713984143346,0.009367758710787561,95,0.0,0.0,0.0
811200,5,2500,5,0,0,0,1.5221713984143346,0.009367758710787561,95,0.0,0.0,0.0
811300,5,2500,5,0,0,0,1.5421713984143346,0.009367758710787561,95,0.0,0.0,0.0
811400,5,2500,5,0,0,0,1.5521713984143346,0.009367758710787561,95,0.0,0.0,0.0
811500,4,2500,4,0,0,0,1.5563623285758965,0.011420201826527268,95,6.0,1.0,100.77115109812281
811600,4,2500,4,0,0,0,1.5563623285758965,0.011420201826527268,95,0.0,0.0,0.0
811700,4,2500,4,0,0,0,1.5688623285758967,0.011420201826527268,95,1.0,0.0,18.84889210632515
811800,4,2500,4,0,0,0,1.5688623285758967,0.011420201826527268,95,0.0,0.0,0.0
811900,4,2500,4,0,0,0,1.5938623285758966,0.011420201826527268,95,0.0,0.0,0.0
812000,4,2500,4,0,0,0,1.5938623285758966,0.011420201826527268,95,0.0,0.0,0.0
812100,4,2500,4,0,0,0,1.6188623285758965,0.011420201826527268,95,2.0,0.0,23.7322164827867
812200,4,2498,4,0,0,0,1.6313623285758965,0.011420201826527268,95,0.0,0.0,0.0
812300,4,2499,4,0,0,0,1.6688623285758966,0.011420201826527268,95,0.0,0.0,0.0
812400,4,2500,4,0,0,0,1.6938623285758967,0.011420201826527268,95,0.0,0.0,0.0
812500,4,2500,4,0,0,0,1.7063623285758966,0.011420201826527268,95,0.0,0.0,0.0
812600,3,2500,3,0,0,0,1.634030992307823,0.014901248192615525,95,0.0,0.0,0.0
812700,3,2500,3,0,0,0,1.6506976589744895,0.014901248192615525,95,0.0,0.0,0.0
812800,3,2500,3,0,0,0,1.6506976589744895,0.014901248192615525,95,0.0,0.0,0.0
812900,2,2500,2,0,0,0,1.3227694364400735,0.022351872288923286,95,0.0,0.0,0.0
813000,2,2499,2,0,0,0,1.3477694364400736,0.022351872288923286,95,0.0,0.0,0.0
813100,196,442,0,0,0,196,0.7896071092474972,0.013889599822846252,96,35.0,4.0,236.33483396497508
813200,141,106,0,0,0,141,0.7904067720303113,0.013279885146509539,96,253.0,33.0,1722.3862889749369
813300,90,67,0,0,0,90,0.7894207744442089,0.01320673853331913,96,123.0,15.0,836.8101455268259
813400,54,74,34,4,16,0,0.7906109956728185,0.012196387367616909,96,62.0,14.0,371.65143388702927
813500,38,102,24,4,10,0,0.7902806171625708,0.012044664301293799,96,15.0,2.0,103.9442434838357
813600,30,129,19,4,7,0,0.7809437349223621,0.013044505635551698,96,15.0,3.0,92.14861439302803
813700,26,164,21,3,2,0,0.7813421392752914,0.012900491422518204,96,2.0,1.0,8.600517475340858
813800,23,201,19,2,2,0,0.7811017959923272,0.012241249754603976,96,4.0,1.0,23.83995803510143
813900,23,226,19,2,2,0,0.7854496220792838,0.012241249754603976,96,0.0,0.0,0.0
814000,23,261,21,2,0,0,0.7919713612097184,0.012241249754603976,96,6.0,0.0,47.16351507005751
814100,21,286,19,2,0,0,0.7984204497212275,0.01249680660833595,96,3.0,0.0,22.450311276181793
814200,21,314,20,1,0,0,0.807944259245037,0.01249680660833595,96,2.0,0.0,16.522078983406836
814300,20,360,19,1,0,0,0.8142793695945132,0.011731277220681461,96,4.0,0.0,28.199610816531024
814400,18,386,17,1,0,0,0.8028180566444014,0.01144082703376347,96,11.0,1.0,82.48814789264642
814500,18,412,17,1,0,0,0.8139291677555126,0.01144082703376347,96,0.0,0.0,0.0
814600,18,455,17,1,0,0,0.8194847233110681,0.01144082703376347,96,0.0,0.0,0.0
814700,17,489,16,1,0,0,0.8270514255002219,0.010531402876407036,96,5.0,0.0,37.29459384385559
814800,16,530,14,1,1,0,0.836706028110007,0.010863350711597872,96,11.0,1.0,77.06014074613516
814900,15,571,13,1,1,0,0.8419315897930826,0.010280932431137452,96,8.0,0.0,60.575922125077156
815000,15,602,13,1,1,0,0.8519315897930826,0.010280932431137452,96,0.0,0.0,0.0
815100,14,636,12,1,1,0,0.8643469763150541,0.008964651622957665,96,0.0,0.0,0.0
815200,13,678,11,1,1,0,0.8793446031891106,0.007992784969384988,96,3.0,0.0,26.730833400483988
815300,13,715,12,0,1,0,0.8831907570352644,0.007992784969384988,96,1.0,0.0,7.784132859325586
815400,13,755,12,0,1,0,0.8908830647275721,0.007992784969384988,96,0.0,0.0,0.0
815500,13,797,12,0,1,0,0.8985753724198797,0.007992784969384988,96,1.0,0.0,7.715425679330477
815600,13,837,13,0,0,0,0.9062676801121873,0.007992784969384988,96,0.0,0.0,0.0
815700,13,879,13,0,0,0,0.9101138339583412,0.007992784969384988,96,0.0,0.0,0.0
815800,13,898,13,0,0,0,0.9216522954968027,0.007992784969384988,96,4.0,0.0,31.136531437302345
815900,13,925,13,0,0,0,0.9408830647275721,0.007992784969384988,96,1.0,0.0,8.82
816000,13,959,13,0,0,0,0.9485753724198798,0.007992784969384988,96,4.0,0.0,32.17239857797676
816100,13,984,13,0,0,0,0.9562676801121874,0.007992784969384988,96,11.0,0.0,87.66773180925027
816200,12,1018,12,0,0,0,0.951612504286632,0.008481103737584466,96,2.0,0.0,16.410851358660953
816300,12,1039,12,0,0,0,0.9641125042866316,0.008481103737584466,96,0.0,0.0,0.0
816400,11,1069,11,0,0,0,0.9588087443535867,0.009252113168273964,96,9.0,1.0,66.64
816500,11,1078,11,0,0,0,0.9678996534444959,0.009252113168273964,96,5.0,0.0,56.28126767759738
816600,11,1094,11,0,0,0,0.976990562535405,0.009252113168273964,96,0.0,0.0,0.0
816700,11,1117,11,0,0,0,0.9906269261717686,0.009252113168273964,96,0.0,0.0,0.0
816800,11,1152,11,0,0,0,0.9997178352626779,0.009252113168273964,96,2.0,0.0,24.061034950681723
816900,11,1183,11,0,0,0,1.017899653444496,0.009252113168273964,96,1.0,0.0,12.030517475340861
817000,11,1208,11,0,0,0,1.0224451079899506,0.009252113168273964,96,0.0,0.0,0.0
817100,11,1231,11,0,0,0,1.0406269261717687,0.009252113168273964,96,5.0,0.0,41.5358646396733
817200,11,1262,11,0,0,0,1.045172380717223,0.009252113168273964,96,0.0,0.0,0.0
817300,11,1316,11,0,0,0,1.054263289808132,0.009252113168273964,96,2.0,0.0,17.390851358660957
817400,11,1340,11,0,0,0,1.0678996534444958,0.009252113168273964,96,0.0,0.0,0.0
817500,11,1372,11,0,0,0,1.0724451079899504,0.009252113168273964,96,0.0,0.0,0.0
817600,10,1387,10,0,0,0,1.0975582436882099,0.008459279357346897,96,2.0,0.0,17.390851358660957
817700,10,1408,10,0,0,0,1.11755824368821,0.008459279357346897,96,5.0,0.0,57.41102488343349
817800,10,1426,10,0,0,0,1.13255824368821,0.008459279357346897,96,0.0,0.0,0.0
817900,10,1452,10,0,0,0,1.1525582436882102,0.008459279357346897,96,3.0,0.0,39.66530821390874
818000,10,1476,10,0,0,0,1.1675582436882102,0.008459279357346897,96,2.0,0.0,25.480000000000008
818100,10,1485,10,0,0,0,1.1775582436882102,0.008459279357346897,96,0.0,0.0,0.0
818200,10,1514,10,0,0,0,1.1875582436882102,0.008459279357346897,96,3.0,0.0,27.556277037991435
818300,10,1539,10,0,0,0,1.2075582436882102,0.008459279357346897,96,0.0,0.0,0.0
818400,10,1579,10,0,0,0,1.21755824368821,0.008459279357346897,96,3.0,0.0,25.53459384385559
818500,10,1619,10,0,0,0,1.21755824368821,0.008459279357346897,96,2.0,0.0,24.83930678532151
818600,10,1662,10,0,0,0,1.2275582436882102,0.008459279357346897,96,4.0,0.0,51.60683949519394
818700,8,1697,8,0,0,0,1.2360367627820676,0.010083934157262274,96,16.0,2.0,190.78046626870218
818800,7,1749,7,0,0,0,1.3028243574464857,0.008237692583243425,96,2.0,1.0,14.442654106954368
818900,7,1806,7,0,0,0,1.3242529288750569,0.008237692583243425,96,0.0,0.0,0.0
819000,7,1846,7,0,0,0,1.3313957860179142,0.008237692583243425,96,0.0,0.0,0.0
819100,7,1882,7,0,0,0,1.3456815003036284,0.008237692583243425,96,1.0,0.0,14.932654106954368
819200,7,1925,7,0,0,0,1.3528243574464855,0.008237692583243425,96,1.0,0.0,13.17413285932559
819300,7,1953,7,0,0,0,1.3813957860179145,0.008237692583243425,96,0.0,0.0,0.0
819400,7,1969,7,0,0,0,1.4028243574464858,0.008237692583243425,96,0.0,0.0,0.0
819500,6,2002,6,0,0,0,1.476481262626901,0.006013477503573103,96,5.0,1.0,63.650616427817475
819600,6,2046,6,0,0,0,1.4931479292935677,0.006013477503573103,96,0.0,0.0,0.0
819700,6,2077,6,0,0,0,1.5098145959602345,0.006013477503573103,96,0.0,0.0,0.0
819800,6,2113,6,0,0,0,1.5348145959602342,0.006013477503573103,96,0.0,0.0,0.0
819900,6,2162,6,0,0,0,1.5431479292935677,0.006013477503573103,96,0.0,0.0,0.0
820000,6,2190,6,0,0,0,1.576481262626901,0.006013477503573103,96,13.0,0.0,205.5273194109322
820100,6,2211,6,0,0,0,1.6014812626269013,0.006013477503573103,96,0.0,0.0,0.0
820200,6,2226,6,0,0,0,1.6181479292935679,0.006013477503573103,96,0.0,0.0,0.0
820300,6,2254,6,0,0,0,1.6514812626269013,0.006013477503573103,96,0.0,0.0,0.0
820400,6,2264,6,0,0,0,1.6764812626269012,0.006013477503573103,96,0.0,0.0,0.0
820500,5,2290,5,0,0,0,1.6970294721532126,0.007216173004287724,96,9.0,1.0,117.60000000000004
820600,5,2333,5,0,0,0,1.7170294721532127,0.007216173004287724,96,0.0,0.0,0.0
820700,5,2366,5,0,0,0,1.7370294721532127,0.007216173004287724,96,0.0,0.0,0.0
820800,5,2420,5,0,0,0,1.7470294721532127,0.007216173004287724,96,0.0,0.0,0.0
820900,4,2486,4,0,0,0,1.7712868401915156,0.0075673502247127,96,0.0,0.0,0.0
821000,4,2500,4,0,0,0,1.7837868401915158,0.0075673502247127,96,0.0,0.0,0.0
821100,4,2500,4,0,0,0,1.7962868401915155,0.0075673502247127,96,0.0,0.0,0.0
821200,4,2500,4,0,0,0,1.7962868401915155,0.0075673502247127,96,0.0,0.0,0.0
821300,3,2500,3,0,0,0,1.8073010317913765,0.00830102778887278,96,0.0,0.0,0.0
821400,3,2500,3,0,0,0,1.8073010317913765,0.00830102778887278,96,5.0,0.0,82.91206990136347
821500,2,2500,2,0,0,0,1.9359515476870643,0.012451541683309171,96,0.0,0.0,0.0
821600,2,2500,2,0,0,0,1.9609515476870643,0.012451541683309171,96,0.0,0.0,0.0
821700,200,472,0,0,0,200,0.7675122160462396,0.011035141221352827,97,16.0,0.0,121.96617271254743
821800,152,102,0,0,0,152,0.7665647083314845,0.011206010319309366,97,284.0,30.0,1954.26287787706
821900,89,101,0,0,0,89,0.7693132319353639,0.01076209592952167,97,183.0,22.0,1175.0592358971737
822000,51,108,29,5,17,0,0.7647141558305055,0.012670372762485914,97,32.0,7.0,185.0716331507257
822100,35,144,18,5,12,0,0.7686155306820379,0.013506579900642121,97,27.0,3.0,186.96680154128615
822200,31,167,20,4,7,0,0.7632931924374061,0.01425556831665604,97,19.0,1.0,134.4539813218882
822300,30,202,20,4,6,0,0.7630193518242855,0.014063598592227219,97,3.0,0.0,23.719707583257605
822400,25,229,19,3,3,0,0.7695369132344904,0.014506030548304358,97,16.0,3.0,100.21277595579598
822500,24,282,21,2,1,0,0.7714051721881172,0.01447774702121292,97,2.0,0.0,16.572613217871513
822600,24,318,21,2,1,0,0.7818218388547841,0.01447774702121292,97,2.0,0.0,14.7
822700,23,369,19,1,3,0,0.7792288166524252,0.014842502154587368,97,9.0,0.0,65.98247472652184
822800,22,407,18,1,3,0,0.7781315681120642,0.014506570480575657,97,19.0,1.0,131.09116564350805
822900,22,447,20,0,2,0,0.7781315681120642,0.014506570480575657,97,13.0,0.0,98.45099362996694
823000,22,472,20,0,2,0,0.7872224772029732,0.014506570480575657,97,4.0,0.0,31.451655992920692
823100,21,500,19,0,2,0,0.7963167928077103,0.01519735955107926,97,6.0,0.0,45.43115352343952
823200,21,526,19,0,2,0,0.8082215547124721,0.01519735955107926,97,0.0,0.0,0.0
823300,20,550,19,0,1,0,0.8220987941952005,0.015018501926750338,97,9.0,0.0,74.85259181587209
823400,19,589,18,0,1,0,0.8337882044160007,0.014860542414462044,97,12.0,0.0,93.35437874464458
823500,18,633,17,0,1,0,0.83580099684912,0.01473182941133832,97,8.0,1.0,51.62110916387652
823600,18,671,17,0,1,0,0.83580099684912,0.01473182941133832,97,1.0,0.0,7.473275480292465
823700,17,703,16,0,1,0,0.8489316948612983,0.014383754006404376,97,2.0,0.0,14.7
823800,17,717,17,0,0,0,0.8548140478024748,0.014383754006404376,97,1.0,0.0,7.35
823900,16,744,16,0,0,0,0.8723236695155132,0.013961466508654298,97,13.0,1.0,100.27705899870436
824000,15,787,15,0,0,0,0.8771704720227861,0.013824758070401243,97,9.0,1.0,67.11836011214862
824100,14,825,14,0,0,0,0.883836550038504,0.01275104898648623,97,8.0,1.0,59.52987207095505
824200,14,864,14,0,0,0,0.8909794071813611,0.01275104898648623,97,1.0,0.0,7.84
824300,14,895,14,0,0,0,0.9016936928956468,0.01275104898648623,97,2.0,0.0,17.39103405973283
824400,14,923,14,0,0,0,0.9088365500385039,0.01275104898648623,97,8.0,0.0,66.75454506329633
824500,14,948,14,0,0,0,0.9231222643242182,0.01275104898648623,97,4.0,0.0,31.36
824600,14,964,14,0,0,0,0.9302651214670753,0.01275104898648623,97,1.0,0.0,7.84
824700,13,1010,13,0,0,0,0.944131669272235,0.011932358447567605,97,9.0,1.0,72.01983078049709
824800,12,1054,12,0,0,0,0.9603093083782546,0.011923852595025075,97,9.0,1.0,66.64
824900,12,1098,12,0,0,0,0.9686426417115878,0.011923852595025075,97,2.0,0.0,18.86103405973283
825000,9,1119,9,0,0,0,1.0330972002083758,0.009677178313405492,97,0.0,0.0,0.0
825100,9,1172,9,0,0,0,1.0386527557639313,0.009677178313405492,97,0.0,0.0,0.0
825200,9,1201,9,0,0,0,1.0553194224305984,0.009677178313405492,97,5.0,0.0,51.65779864025611
825300,9,1253,9,0,0,0,1.0608749779861537,0.009677178313405492,97,3.0,0.0,34.764677146393446
825400,9,1278,9,0,0,0,1.083097200208376,0.009677178313405492,97,0.0,0.0,0.0
825500,9,1287,9,0,0,0,1.0997638668750427,0.009677178313405492,97,2.0,0.0,19.656920677639565
825600,9,1301,9,0,0,0,1.1164305335417093,0.009677178313405492,97,0.0,0.0,0.0
825700,9,1328,9,0,0,0,1.1386527557639319,0.009677178313405492,97,3.0,0.0,26.556904004370388
825800,9,1339,9,0,0,0,1.1497638668750427,0.009677178313405492,97,0.0,0.0,0.0
825900,9,1365,9,0,0,0,1.1664305335417093,0.009677178313405492,97,0.0,0.0,0.0
826000,9,1394,9,0,0,0,1.1719860890972649,0.009677178313405492,97,0.0,0.0,0.0
826100,9,1432,9,0,0,0,1.1886527557639317,0.009677178313405492,97,4.0,0.0,41.27384135527913
826200,9,1458,9,0,0,0,1.2053194224305983,0.009677178313405492,97,0.0,0.0,0.0
826300,9,1483,9,0,0,0,1.2275416446528205,0.009677178313405492,97,0.0,0.0,0.0
826400,9,1503,9,0,0,0,1.2386527557639317,0.009677178313405492,97,3.0,0.0,30.95538101645935
826500,9,1522,9,0,0,0,1.2553194224305984,0.009677178313405492,97,4.0,0.0,39.80960284923465
826600,9,1558,9,0,0,0,1.2664305335417092,0.009677178313405492,97,0.0,0.0,0.0
826700,7,1601,7,0,0,0,1.2894275402209636,0.0069598176304609205,97,10.0,1.0,107.3888698567229
826800,7,1649,7,0,0,0,1.3037132545066779,0.0069598176304609205,97,2.0,0.0,22.500723131851785
826900,7,1678,7,0,0,0,1.3394275402209639,0.0069598176304609205,97,2.0,0.0,18.059378144237908
827000,7,1711,7,0,0,0,1.3537132545066781,0.0069598176304609205,97,1.0,0.0,9.519689072118954
827100,6,1728,6,0,0,0,1.4424326562421628,0.006319480457794476,97,0.0,0.0,0.0
827200,6,1742,6,0,0,0,1.4674326562421627,0.006319480457794476,97,0.0,0.0,0.0
827300,6,1781,6,0,0,0,1.4840993229088297,0.006319480457794476,97,0.0,0.0,0.0
827400,6,1800,6,0,0,0,1.517432656242163,0.006319480457794476,97,0.0,0.0,0.0
827500,6,1823,6,0,0,0,1.5257659895754963,0.006319480457794476,97,0.0,0.0,0.0
827600,6,1860,6,0,0,0,1.5590993229088295,0.006319480457794476,97,0.0,0.0,0.0
827700,6,1871,6,0,0,0,1.5840993229088296,0.006319480457794476,97,0.0,0.0,0.0
827800,6,1897,6,0,0,0,1.6007659895754962,0.006319480457794476,97,0.0,0.0,0.0
827900,6,1925,6,0,0,0,1.6174326562421628,0.006319480457794476,97,0.0,0.0,0.0
828000,6,1946,6,0,0,0,1.650765989575496,0.006319480457794476,97,0.0,0.0,0.0
828100,6,1963,6,0,0,0,1.6840993229088295,0.006319480457794476,97,0.0,0.0,0.0
828200,6,2001,6,0,0,0,1.7007659895754965,0.006319480457794476,97,0.0,0.0,0.0
828300,6,2034,6,0,0,0,1.725765989575496,0.006319480457794476,97,6.0,0.0,90.23044932977946
828400,6,2076,6,0,0,0,1.725765989575496,0.006319480457794476,97,0.0,0.0,0.0
828500,6,2100,6,0,0,0,1.7590993229088294,0.006319480457794476,97,2.0,0.0,18.688443665550608
828600,6,2137,6,0,0,0,1.775765989575496,0.006319480457794476,97,0.0,0.0,0.0
828700,6,2185,6,0,0,0,1.8007659895754962,0.006319480457794476,97,0.0,0.0,0.0
828800,6,2210,6,0,0,0,1.8174326562421628,0.006319480457794476,97,0.0,0.0,0.0
828900,6,2255,6,0,0,0,1.8257659895754959,0.006319480457794476,97,1.0,0.0,16.411034059732835
829000,5,2298,5,0,0,0,1.7930753743682222,0.006486755715079039,97,8.0,1.0,114.87723841812982
829100,5,2303,5,0,0,0,1.8430753743682218,0.006486755715079039,97,0.0,0.0,0.0
829200,5,2337,5,0,0,0,1.8606277001748033,0.006486755715079039,97,0.0,0.0,0.0
829300,5,2360,5,0,0,0,1.8806277001748035,0.006486755715079039,97,0.0,0.0,0.0
829400,5,2406,5,0,0,0,1.8906277001748033,0.006486755715079039,97,0.0,0.0,0.0
829500,5,2451,5,0,0,0,1.8906277001748033,0.006486755715079039,97,0.0,0.0,0.0
829600,5,2483,5,0,0,0,1.9106277001748033,0.006486755715079039,97,2.0,0.0,32.82206811946567
829700,5,2500,5,0,0,0,1.9406277001748033,0.006486755715079039,97,2.0,0.0,32.82206811946567
829800,5,2498,5,0,0,0,1.9606277001748034,0.006486755715079039,97,0.0,0.0,0.0
829900,4,2499,4,0,0,0,1.9570218339925547,0.007749142236681408,97,0.0,0.0,0.0
830000,4,2500,4,0,0,0,1.9695218339925546,0.007749142236681408,97,0.0,0.0,0.0
830100,4,2500,4,0,0,0,1.9820218339925546,0.007749142236681408,97,0.0,0.0,0.0
830200,2,2500,2,0,0,0,2.425,0.006390475234335483,97,3.0,1.0,39.93103405973283
830300,2,2500,2,0,0,0,2.4499999999999997,0.006390475234335483,97,0.0,0.0,0.0
830400,2,2500,2,0,0,0,2.4499999999999997,0.006390475234335483,97,0.0,0.0,0.0
830500,2,2500,2,0,0,0,2.4749999999999996,0.006390475234335483,97,0.0,0.0,0.0
830600,2,2500,2,0,0,0,2.4749999999999996,0.006390475234335483,97,0.0,0.0,0.0
830700,199,478,0,0,0,199,0.784828370146218,0.007734194409954897,98,13.0,1.0,89.9260298122055
830800,143,101,0,0,0,143,0.7864929534785656,0.007956511110777468,98,314.0,30.0,2229.6621603571252
830900,101,82,0,0,0,101,0.7854507877907826,0.007864982009326983,98,124.0,8.0,925.4678790573997
831000,54,108,39,5,10,0,0.790301974101449,0.008502110414691458,98,60.0,10.0,405.54958371176286
831100,34,127,24,2,8,0,0.7941266733057005,0.00954914603959547,98,33.0,7.0,209.11663893920917
831200,30,162,23,1,6,0,0.7914765643424274,0.010136150628497312,98,16.0,1.0,121.44128811378235
831300,24,208,19,0,5,0,0.7667326624711303,0.010249611047350352,98,16.0,2.0,114.37323460576405
831400,22,234,17,0,5,0,0.7685691022450395,0.009667654734594239,98,23.0,2.0,155.2309022183687
831500,20,269,17,0,3,0,0.7732592752851548,0.008582492633287735,98,6.0,1.0,40.938607109003996
831600,20,311,17,0,3,0,0.7807592752851548,0.008582492633287735,98,7.0,0.0,51.51436378953381
831700,18,357,15,0,3,0,0.775757252840362,0.008462397478115943,98,21.0,2.0,147.47183142649084
831800,16,405,14,0,2,0,0.7841169399788346,0.007700724688918725,98,9.0,1.0,58.091268644247265
831900,16,456,14,0,2,0,0.7903669399788344,0.007700724688918725,98,2.0,0.0,14.7
832000,16,508,14,0,2,0,0.7997419399788346,0.007700724688918725,98,0.0,0.0,0.0
832100,16,561,14,0,2,0,0.8091169399788345,0.007700724688918725,98,5.0,0.0,36.82411110198761
832200,15,608,13,0,2,0,0.8187528360820772,0.007353000649784248,98,5.0,1.0,35.149637878675144
832300,15,646,13,0,2,0,0.8220861694154106,0.007353000649784248,98,7.0,0.0,57.837603739115
832400,15,684,13,0,2,0,0.8320861694154107,0.007353000649784248,98,10.0,0.0,81.26936832794071
832500,14,727,13,0,1,0,0.8415208958022257,0.006649155717071068,98,5.0,1.0,37.10963787867514
832600,13,749,13,0,0,0,0.850895000936137,0.005720299508482892,98,9.0,1.0,58.800000000000004
832700,13,783,13,0,0,0,0.8585873086284445,0.005720299508482892,98,0.0,0.0,0.0
832800,13,813,13,0,0,0,0.87397192401306,0.005720299508482892,98,0.0,0.0,0.0
832900,13,834,13,0,0,0,0.8778180778592138,0.005720299508482892,98,1.0,0.0,9.767409469668786
833000,13,859,13,0,0,0,0.897048847089983,0.005720299508482892,98,1.0,0.0,7.35
833100,13,871,13,0,0,0,0.9047411547822907,0.005720299508482892,98,2.0,0.0,17.64
833200,13,902,13,0,0,0,0.9162796163207523,0.005720299508482892,98,0.0,0.0,0.0
833300,12,940,12,0,0,0,0.9323431867603866,0.0061969911341898,98,12.0,1.0,101.70064107364394
833400,12,981,12,0,0,0,0.9323431867603866,0.0061969911341898,98,13.0,0.0,116.94161602380996
833500,12,1017,12,0,0,0,0.9365098534270534,0.0061969911341898,98,4.0,0.0,50.476696233978046
833600,12,1046,12,0,0,0,0.9573431867603867,0.0061969911341898,98,1.0,0.0,7.84
833700,11,1071,11,0,0,0,0.9580107491931492,0.006686443617053131,98,26.0,1.0,244.3958702924726
833800,11,1101,11,0,0,0,0.9761925673749673,0.006686443617053131,98,6.0,0.0,50.34963759588801
833900,10,1133,10,0,0,0,1.008811824112464,0.00625142686562932,98,7.0,1.0,49.980000000000004
834000,10,1154,10,0,0,0,1.013811824112464,0.00625142686562932,98,0.0,0.0,0.0
834100,10,1192,10,0,0,0,1.0288118241124642,0.00625142686562932,98,4.0,0.0,37.24
834200,10,1222,10,0,0,0,1.043811824112464,0.00625142686562932,98,3.0,0.0,27.93
834300,10,1242,10,0,0,0,1.0488118241124642,0.00625142686562932,98,3.0,0.0,31.553456536768522
834400,9,1292,9,0,0,0,1.0683248492906523,0.006946029850699244,98,9.0,1.0,93.97273728354278
834500,9,1331,9,0,0,0,1.084991515957319,0.006946029850699244,98,2.0,0.0,16.660000000000004
834600,9,1367,9,0,0,0,1.0961026270684302,0.006946029850699244,98,0.0,0.0,0.0
834700,9,1412,9,0,0,0,1.107213738179541,0.006946029850699244,98,0.0,0.0,0.0
834800,9,1437,9,0,0,0,1.1127692937350964,0.006946029850699244,98,0.0,0.0,0.0
834900,9,1466,9,0,0,0,1.1349915159573187,0.006946029850699244,98,0.0,0.0,0.0
835000,9,1490,9,0,0,0,1.1405470715128745,0.006946029850699244,98,2.0,0.0,22.27781884558951
835100,9,1504,9,0,0,0,1.1627692937350966,0.006946029850699244,98,5.0,0.0,53.90000000000001
835200,8,1525,8,0,0,0,1.2217349946583713,0.005649576593147418,98,6.0,1.0,63.53704734834395
835300,8,1552,8,0,0,0,1.2279849946583714,0.005649576593147418,98,0.0,0.0,0.0
835400,8,1591,8,0,0,0,1.2467349946583712,0.005649576593147418,98,0.0,0.0,0.0
835500,8,1595,8,0,0,0,1.2654849946583713,0.005649576593147418,98,0.0,0.0,0.0
835600,8,1623,8,0,0,0,1.2904849946583712,0.005649576593147418,98,1.0,0.0,11.760000000000002
835700,8,1663,8,0,0,0,1.3092349946583712,0.005649576593147418,98,0.0,0.0,0.0
835800,8,1713,8,0,0,0,1.3217349946583714,0.005649576593147418,98,0.0,0.0,0.0
835900,8,1759,8,0,0,0,1.3217349946583714,0.005649576593147418,98,1.0,0.0,13.68740946966879
836000,8,1788,8,0,0,0,1.3404849946583712,0.005649576593147418,98,2.0,0.0,27.37481893933758
836100,8,1824,8,0,0,0,1.3529849946583714,0.005649576593147418,98,0.0,0.0,0.0
836200,8,1854,8,0,0,0,1.3842349946583714,0.005649576593147418,98,0.0,0.0,0.0
836300,8,1888,8,0,0,0,1.3904849946583713,0.005649576593147418,98,0.0,0.0,0.0
836400,8,1932,8,0,0,0,1.4029849946583712,0.005649576593147418,98,0.0,0.0,0.0
836500,8,1966,8,0,0,0,1.4154849946583714,0.005649576593147418,98,0.0,0.0,0.0
836600,8,1998,8,0,0,0,1.4279849946583714,0.005649576593147418,98,2.0,0.0,25.480000000000008
836700,8,2018,8,0,0,0,1.4529849946583715,0.005649576593147418,98,0.0,0.0,0.0
836800,6,1999,6,0,0,0,1.4777195999868826,0.005792918862889585,98,18.0,1.0,219.08600730148459
836900,6,2029,6,0,0,0,1.486052933320216,0.005792918862889585,98,0.0,0.0,0.0
837000,6,2049,6,0,0,0,1.5193862666535491,0.005792918862889585,98,0.0,0.0,0.0
837100,6,2085,6,0,0,0,1.5443862666535493,0.005792918862889585,98,0.0,0.0,0.0
837200,6,2134,6,0,0,0,1.5527195999868824,0.005792918862889585,98,0.0,0.0,0.0
837300,6,2158,6,0,0,0,1.5777195999868827,0.005792918862889585,98,0.0,0.0,0.0
837400,6,2182,6,0,0,0,1.6027195999868826,0.005792918862889585,98,0.0,0.0,0.0
837500,6,2213,6,0,0,0,1.6277195999868825,0.005792918862889585,98,0.0,0.0,0.0
837600,6,2246,6,0,0,0,1.6443862666535491,0.005792918862889585,98,3.0,0.0,56.96752217548355
837700,5,2283,5,0,0,0,1.708614155788555,0.0037339501914277927,98,8.0,1.0,132.92421840946162
837800,5,2325,5,0,0,0,1.7186141557885548,0.0037339501914277927,98,0.0,0.0,0.0
837900,5,2362,5,0,0,0,1.7386141557885548,0.0037339501914277927,98,0.0,0.0,0.0
838000,5,2397,5,0,0,0,1.7686141557885549,0.0037339501914277927,98,0.0,0.0,0.0
838100,5,2429,5,0,0,0,1.7986141557885549,0.0037339501914277927,98,0.0,0.0,0.0
838200,4,2453,4,0,0,0,1.8585863144939623,0.0027353448743987025,98,7.0,1.0,99.76445681801275
838300,4,2482,4,0,0,0,1.8960863144939624,0.0027353448743987025,98,0.0,0.0,0.0
838400,4,2500,4,0,0,0,1.9085863144939625,0.0027353448743987025,98,0.0,0.0,0.0
838500,4,2499,4,0,0,0,1.9460863144939622,0.0027353448743987025,98,0.0,0.0,0.0
838600,4,2500,4,0,0,0,1.9710863144939625,0.0027353448743987025,98,0.0,0.0,0.0
838700,3,2500,3,0,0,0,2.079223607431787,0.00364712649919827,98,3.0,1.0,41.89834811698902
838800,3,2500,3,0,0,0,2.079223607431787,0.00364712649919827,98,0.0,0.0,0.0
838900,3,2500,3,0,0,0,2.11255694076512,0.00364712649919827,98,0.0,0.0,0.0
839000,3,2500,3,0,0,0,2.1458902740984533,0.00364712649919827,98,0.0,0.0,0.0
839100,3,2500,3,0,0,0,2.1458902740984533,0.00364712649919827,98,0.0,0.0,0.0
839200,3,2500,3,0,0,0,2.1458902740984533,0.00364712649919827,98,0.0,0.0,0.0
839300,3,2500,3,0,0,0,2.1625569407651195,0.00364712649919827,98,0.0,0.0,0.0
839400,3,2500,3,0,0,0,2.1625569407651195,0.00364712649919827,98,0.0,0.0,0.0
839500,175,267,0,0,0,175,0.8511685993793306,0.006735858028886674,99,226.0,23.0,1792.5767313031563
839600,115,127,0,0,0,115,0.8638627352141021,0.006925553290096042,99,334.0,34.0,2630.284981053112
839700,65,130,0,0,0,65,0.854181610887857,0.006269645005435981,99,178.0,25.0,1321.1490012396591
839800,41,144,23,2,16,0,0.824171603576971,0.005960528957037938,99,51.0,9.0,390.4507733826653
839900,36,164,22,2,12,0,0.811597437571859,0.005126948015610354,99,20.0,2.0,152.5418941079529
840000,32,186,20,1,11,0,0.7960816165751856,0.004969619101869233,99,18.0,0.0,140.7070846061516
840100,26,208,16,1,9,0,0.7935255455391966,0.005557813932008438,99,39.0,4.0,306.2254162409718
840200,22,246,15,0,7,0,0.7947999549548448,0.005956246784005146,99,2.0,0.0,20.95853708268757
840300,21,292,15,0,6,0,0.7823252452425373,0.005874902134022578,99,8.0,1.0,55.908674417335824
840400,21,326,15,0,6,0,0.7870871500044421,0.005874902134022578,99,0.0,0.0,0.0
840500,20,373,16,0,4,0,0.7811036419841267,0.005982534843966851,99,12.0,1.0,93.37559706981405
840600,20,403,16,0,4,0,0.7936036419841268,0.005982534843966851,99,5.0,0.0,35.55131644204022
840700,20,435,17,0,3,0,0.8036036419841267,0.005982534843966851,99,4.0,0.0,38.82022188612158
840800,19,456,17,0,2,0,0.8169512020885547,0.0061823818750792875,99,3.0,1.0,20.300506723434275
840900,18,483,15,0,3,0,0.8257611786021172,0.006525847534805914,99,14.0,1.0,100.92090502222194
841000,18,512,15,0,3,0,0.8313167341576728,0.006525847534805914,99,15.0,0.0,142.55510167552802
841100,16,557,13,0,3,0,0.8235812069442092,0.006024066250309698,99,16.0,2.0,137.5324626615871
841200,16,603,13,0,3,0,0.8267062069442092,0.006024066250309698,99,4.0,0.0,31.68394932612067
841300,16,635,13,0,3,0,0.8329562069442091,0.006024066250309698,99,3.0,0.0,24.915707706763577
841400,16,683,13,0,3,0,0.8392062069442092,0.006024066250309698,99,6.0,0.0,50.485171026389764
841500,16,717,13,0,3,0,0.8423312069442093,0.006024066250309698,99,3.0,0.0,25.34025336171714
841600,16,739,13,0,3,0,0.8517062069442092,0.006024066250309698,99,2.0,0.0,14.7
841700,16,766,14,0,2,0,0.8673312069442092,0.006024066250309698,99,2.0,0.0,14.7
841800,16,770,14,0,2,0,0.8829562069442092,0.006024066250309698,99,1.0,0.0,7.84
841900,15,798,13,0,2,0,0.8866409306585835,0.0057966506973454015,99,19.0,1.0,162.44892214373715
842000,15,820,13,0,2,0,0.8933075973252503,0.0057966506973454015,99,3.0,0.0,23.52
842100,15,857,13,0,2,0,0.909974263991917,0.0057966506973454015,99,7.0,0.0,54.88000000000001
842200,15,888,14,0,1,0,0.9133075973252504,0.0057966506973454015,99,8.0,0.0,62.72000000000001
842300,14,932,13,0,1,0,0.9154806058943414,0.00584875566985118,99,18.0,1.0,147.49
842400,13,957,12,0,1,0,0.9205175755785214,0.006197914099877342,99,12.0,1.0,91.63
842500,13,1000,12,0,1,0,0.9282098832708291,0.006197914099877342,99,0.0,0.0,0.0
842600,13,1035,12,0,1,0,0.9397483448092907,0.006197914099877342,99,0.0,0.0,0.0
842700,13,1081,12,0,1,0,0.9435944986554445,0.006197914099877342,99,0.0,0.0,0.0
842800,13,1128,12,0,1,0,0.9512868063477521,0.006197914099877342,99,0.0,0.0,0.0
842900,13,1151,12,0,1,0,0.9628252678862138,0.006197914099877342,99,0.0,0.0,0.0
843000,13,1175,12,0,1,0,0.9666714217323675,0.006197914099877342,99,0.0,0.0,0.0
843100,13,1185,13,0,0,0,0.9859021909631368,0.006197914099877342,99,1.0,0.0,7.84
843200,12,1230,12,0,0,0,0.9930607068767316,0.006714406941533788,99,4.0,0.0,31.36
843300,12,1265,12,0,0,0,0.9972273735433984,0.006714406941533788,99,5.0,0.0,55.65126680858569
843400,12,1290,12,0,0,0,1.0097273735433983,0.006714406941533788,99,4.0,0.0,37.24
843500,12,1331,12,0,0,0,1.013894040210065,0.006714406941533788,99,2.0,0.0,18.62
843600,12,1357,12,0,0,0,1.0305607068767315,0.006714406941533788,99,3.0,0.0,32.06050672343428
843700,11,1399,11,0,0,0,1.0560662256837072,0.006526770367956258,99,2.0,0.0,20.580000000000002
843800,10,1423,9,0,1,0,1.092592182351783,0.005556811084322886,99,11.0,1.0,112.41775065977228
843900,10,1431,9,0,1,0,1.0975921823517831,0.005556811084322886,99,3.0,0.0,34.2271728671021
844000,10,1444,9,0,1,0,1.1125921823517833,0.005556811084322886,99,7.0,0.0,76.64528811183685
844100,10,1444,10,0,0,0,1.1425921823517833,0.005556811084322886,99,0.0,0.0,0.0
844200,10,1457,10,0,0,0,1.1675921823517832,0.005556811084322886,99,0.0,0.0,0.0
844300,10,1468,10,0,0,0,1.1725921823517833,0.005556811084322886,99,0.0,0.0,0.0
844400,10,1489,10,0,0,0,1.1875921823517832,0.005556811084322886,99,0.0,0.0,0.0
844500,10,1517,10,0,0,0,1.2025921823517831,0.005556811084322886,99,5.0,0.0,59.49528811183682
844600,10,1526,10,0,0,0,1.2325921823517834,0.005556811084322886,99,1.0,0.0,15.379268541343789
844700,8,1543,8,0,0,0,1.2461553510896468,0.006946013855403608,99,11.0,2.0,138.4134168720941
844800,8,1572,8,0,0,0,1.2586553510896468,0.006946013855403608,99,0.0,0.0,0.0
844900,8,1596,8,0,0,0,1.271155351089647,0.006946013855403608,99,0.0,0.0,0.0
845000,8,1638,8,0,0,0,1.289905351089647,0.006946013855403608,99,0.0,0.0,0.0
845100,8,1661,8,0,0,0,1.302405351089647,0.006946013855403608,99,0.0,0.0,0.0
845200,8,1658,8,0,0,0,1.321155351089647,0.006946013855403608,99,0.0,0.0,0.0
845300,8,1674,8,0,0,0,1.3399053510896468,0.006946013855403608,99,0.0,0.0,0.0
845400,8,1688,8,0,0,0,1.364905351089647,0.006946013855403608,99,0.0,0.0,0.0
845500,8,1689,8,0,0,0,1.3899053510896469,0.006946013855403608,99,0.0,0.0,0.0
845600,7,1677,7,0,0,0,1.4456061155310251,0.005980952687947948,99,7.0,1.0,79.38000000000002
845700,7,1692,7,0,0,0,1.4670346869595967,0.005980952687947948,99,0.0,0.0,0.0
845800,7,1711,7,0,0,0,1.495606115531025,0.005980952687947948,99,0.0,0.0,0.0
845900,7,1737,7,0,0,0,1.5098918298167394,0.005980952687947948,99,0.0,0.0,0.0
846000,7,1779,7,0,0,0,1.5241775441024537,0.005980952687947948,99,0.0,0.0,0.0
846100,7,1783,7,0,0,0,1.5456061155310252,0.005980952687947948,99,0.0,0.0,0.0
846200,7,1805,7,0,0,0,1.5670346869595966,0.005980952687947948,99,0.0,0.0,0.0
846300,7,1795,7,0,0,0,1.6027489726738822,0.005980952687947948,99,0.0,0.0,0.0
846400,7,1832,7,0,0,0,1.6241775441024537,0.005980952687947948,99,0.0,0.0,0.0
846500,7,1861,7,0,0,0,1.631320401245311,0.005980952687947948,99,9.0,0.0,133.6302533617172
846600,7,1894,7,0,0,0,1.6598918298167393,0.005980952687947948,99,1.0,0.0,21.749268541343785
846700,7,1907,7,0,0,0,1.681320401245311,0.005980952687947948,99,5.0,0.0,102.67707416537515
846800,7,1934,7,0,0,0,1.7027489726738825,0.005980952687947948,99,2.0,0.0,31.36000000000001
846900,7,1934,7,0,0,0,1.7313204012453107,0.005980952687947948,99,0.0,0.0,0.0
847000,7,1956,7,0,0,0,1.752748972673882,0.005980952687947948,99,1.0,0.0,13.859057622367366
847100,7,1997,7,0,0,0,1.7741775441024539,0.005980952687947948,99,0.0,0.0,0.0
847200,7,2039,7,0,0,0,1.7741775441024539,0.005980952687947948,99,2.0,0.0,25.200506723434277
847300,7,2060,7,0,0,0,1.8098918298167395,0.005980952687947948,99,13.0,0.0,178.5670616438568
847400,7,2103,7,0,0,0,1.8170346869595966,0.005980952687947948,99,2.0,0.0,26.949310984084505
847500,7,2135,7,0,0,0,1.831320401245311,0.005980952687947948,99,0.0,0.0,0.0
847600,6,2187,6,0,0,0,1.8448738014528623,0.005651403406673214,99,3.0,1.0,26.180506723434277
847700,4,2242,4,0,0,0,2.0798282791159135,0.004693129448507925,99,12.0,2.0,191.67662469493126
847800,4,2288,4,0,0,0,2.117328279115913,0.004693129448507925,99,0.0,0.0,0.0
847900,4,2338,4,0,0,0,2.1298282791159133,0.004693129448507925,99,0.0,0.0,0.0
848000,4,2382,4,0,0,0,2.1423282791159135,0.004693129448507925,99,0.0,0.0,0.0
848100,2,2438,2,0,0,0,2.1500000000000004,0.007117882922749511,99,1.0,1.0,0.0
848200,2,2492,2,0,0,0,2.1750000000000003,0.007117882922749511,99,0.0,0.0,0.0
848300,2,2500,2,0,0,0,2.225,0.007117882922749511,99,0.0,0.0,0.0
848400,178,202,0,0,0,178,0.7619129354301004,0.008418518147027867,100,198.0,14.0,1398.9762840131878
848500,114,94,0,0,0,114,0.7756978337915837,0.008655041765594283,100,249.0,28.0,1690.7817709597314
848600,71,70,0,0,0,71,0.7763225406352633,0.009365315346338356,100,117.0,17.0,791.0804558519633
848700,43,98,19,4,20,0,0.765082452060945,0.009802197325358664,100,49.0,5.0,355.5149809064271
848800,38,101,20,2,16,0,0.7627980335397249,0.010118584183035996,100,19.0,1.0,139.40008675374457
848900,30,144,16,0,14,0,0.7552453338076536,0.009873131838632917,100,51.0,4.0,362.84614834580145
849000,25,185,17,0,8,0,0.7382501760870575,0.009440644101076983,100,18.0,2.0,129.50733539529745
849100,23,222,16,0,7,0,0.7233084395077636,0.009385474761615518,100,12.0,0.0,83.62331939287581
849200,21,271,15,0,6,0,0.7381566504030734,0.009699568565342095,100,15.0,2.0,90.22822318496151
849300,20,319,15,0,5,0,0.7400644829232271,0.009546768091747392,100,5.0,1.0,29.18315950236787
849400,20,347,16,0,4,0,0.7425644829232272,0.009546768091747392,100,2.0,0.0,13.964860411410466
849500,20,382,17,0,3,0,0.7525644829232272,0.009546768091747392,100,0.0,0.0,0.0
849600,20,406,17,0,3,0,0.7650644829232273,0.009546768091747392,100,8.0,0.0,67.8232071975452
849700,20,438,17,0,3,0,0.7675644829232273,0.009546768091747392,100,4.0,0.0,27.439999999999994
849800,18,469,14,0,4,0,0.7730710104440958,0.009052788691998511,100,6.0,0.0,46.154811417618035
849900,18,503,14,0,4,0,0.7841821215552068,0.009052788691998511,100,2.0,0.0,13.719999999999997
850000,18,534,15,0,3,0,0.7897376771107624,0.009052788691998511,100,2.0,0.0,14.209999999999997
850100,18,577,16,0,2,0,0.7952932326663179,0.009052788691998511,100,0.0,0.0,0.0
850200,18,617,17,0,1,0,0.7952932326663179,0.009052788691998511,100,0.0,0.0,0.0
850300,18,672,17,0,1,0,0.7980710104440958,0.009052788691998511,100,0.0,0.0,0.0
850400,16,702,15,0,1,0,0.8142516219537139,0.009109180317459041,100,14.0,2.0,95.75349565212788
850500,16,738,16,0,0,0,0.8298766219537141,0.009109180317459041,100,4.0,0.0,32.71287541489136
850600,16,784,16,0,0,0,0.836126621953714,0.009109180317459041,100,3.0,0.0,23.93548386749513
850700,16,820,16,0,0,0,0.8423766219537141,0.009109180317459041,100,3.0,0.0,23.903355033908845
850800,16,854,16,0,0,0,0.8455016219537141,0.009109180317459041,100,0.0,0.0,0.0
850900,14,880,14,0,0,0,0.8460566178130079,0.010170549145466884,100,16.0,2.0,112.5720596631844
851000,14,916,14,0,0,0,0.8603423320987222,0.010170549145466884,100,5.0,0.0,41.14181435474919
851100,14,950,14,0,0,0,0.8710566178130081,0.010170549145466884,100,4.0,0.0,33.56301836013186
851200,13,970,13,0,0,0,0.8797220867199115,0.01017904909453752,100,0.0,0.0,0.0
851300,12,1007,12,0,0,0,0.8883629995792118,0.010614546712778247,100,7.0,1.0,53.21726186881674
851400,12,1064,12,0,0,0,0.8883629995792118,0.010614546712778247,100,4.0,0.0,35.191785606450225
851500,12,1103,12,0,0,0,0.8925296662458786,0.010614546712778247,100,0.0,0.0,0.0
851600,11,1161,10,0,1,0,0.8801865340676759,0.01066409503672642,100,6.0,1.0,45.58630934408371
851700,10,1222,9,0,1,0,0.8832051874744435,0.00980829918010288,100,2.0,0.0,17.762430205705236
851800,9,1277,8,0,1,0,0.885434272894621,0.008443950409564548,100,10.0,1.0,81.00636684068164
851900,7,1353,6,0,1,0,0.877132404979263,0.008259919452996714,100,1.0,1.0,0.0
852000,7,1420,6,0,1,0,0.8842752621221202,0.008259919452996714,100,0.0,0.0,0.0
852100,7,1483,6,0,1,0,0.8914181192649773,0.008259919452996714,100,0.0,0.0,0.0
852200,7,1544,6,0,1,0,0.8914181192649773,0.008259919452996714,100,0.0,0.0,0.0
852300,6,1610,5,0,1,0,0.8928263043710946,0.006115012139346586,100,9.0,1.0,71.53944164564187
852400,6,1668,5,0,1,0,0.8928263043710946,0.006115012139346586,100,0.0,0.0,0.0
852500,5,1734,5,0,0,0,0.8853249964939515,0.00537055166717563,100,0.0,0.0,0.0
852600,5,1796,5,0,0,0,0.8853249964939515,0.00537055166717563,100,0.0,0.0,0.0
852700,5,1873,5,0,0,0,0.8953249964939515,0.00537055166717563,100,1.0,0.0,9.432430205705234
852800,5,1937,5,0,0,0,0.9253249964939514,0.00537055166717563,100,0.0,0.0,0.0
852900,4,1994,4,0,0,0,0.9066562456174392,0.006713189583969537,100,9.0,1.0,79.37944164564188
853000,4,2035,4,0,0,0,0.9316562456174391,0.006713189583969537,100,0.0,0.0,0.0
853100,4,2094,4,0,0,0,0.9316562456174391,0.006713189583969537,100,0.0,0.0,0.0
853200,4,2144,4,0,0,0,0.9566562456174392,0.006713189583969537,100,0.0,0.0,0.0
853300,4,2195,4,0,0,0,0.9691562456174392,0.006713189583969537,100,0.0,0.0,0.0
853400,4,2253,4,0,0,0,0.9816562456174392,0.006713189583969537,100,0.0,0.0,0.0
853500,4,2313,4,0,0,0,0.9941562456174393,0.006713189583969537,100,0.0,0.0,0.0
853600,4,2368,4,0,0,0,1.0066562456174393,0.006713189583969537,100,0.0,0.0,0.0
853700,4,2430,4,0,0,0,1.0191562456174394,0.006713189583969537,100,0.0,0.0,0.0
853800,4,2488,4,0,0,0,1.0316562456174394,0.006713189583969537,100,0.0,0.0,0.0
853900,4,2500,4,0,0,0,1.0441562456174394,0.006713189583969537,100,0.0,0.0,0.0
854000,4,2500,4,0,0,0,1.0566562456174393,0.006713189583969537,100,0.0,0.0,0.0
854100,4,2500,4,0,0,0,1.0816562456174392,0.006713189583969537,100,0.0,0.0,0.0
854200,4,2499,4,0,0,0,1.1191562456174393,0.006713189583969537,100,0.0,0.0,0.0
854300,4,2498,4,0,0,0,1.1316562456174393,0.006713189583969537,100,0.0,0.0,0.0
854400,4,2500,4,0,0,0,1.1566562456174394,0.006713189583969537,100,0.0,0.0,0.0
854500,4,2500,4,0,0,0,1.1941562456174393,0.006713189583969537,100,0.0,0.0,0.0
854600,4,2499,4,0,0,0,1.2191562456174394,0.006713189583969537,100,0.0,0.0,0.0
854700,4,2500,4,0,0,0,1.2191562456174394,0.006713189583969537,100,0.0,0.0,0.0
854800,4,2500,4,0,0,0,1.2441562456174395,0.006713189583969537,100,0.0,0.0,0.0
854900,3,2500,3,0,0,0,1.292208327489919,0.003771214842641731,100,0.0,0.0,0.0
855000,3,2500,3,0,0,0,1.292208327489919,0.003771214842641731,100,0.0,0.0,0.0
855100,3,2500,3,0,0,0,1.3422083274899193,0.003771214842641731,100,0.0,0.0,0.0
855200,3,2498,3,0,0,0,1.3755416608232525,0.003771214842641731,100,0.0,0.0,0.0
855300,3,2500,3,0,0,0,1.4088749941565861,0.003771214842641731,100,0.0,0.0,0.0
855400,3,2500,3,0,0,0,1.4255416608232523,0.003771214842641731,100,2.0,0.0,34.54486041141048
855500,3,2500,3,0,0,0,1.458874994156586,0.003771214842641731,100,0.0,0.0,0.0
855600,3,2500,3,0,0,0,1.508874994156586,0.003771214842641731,100,0.0,0.0,0.0
855700,3,2500,3,0,0,0,1.5422083274899192,0.003771214842641731,100,0.0,0.0,0.0
855800,3,2498,3,0,0,0,1.5755416608232526,0.003771214842641731,100,0.0,0.0,0.0
855900,3,2500,3,0,0,0,1.6088749941565859,0.003771214842641731,100,0.0,0.0,0.0
856000,2,2500,2,0,0,0,1.9383124912348788,0.000550988145253663,100,0.0,0.0,0.0
856100,2,2499,2,0,0,0,1.9633124912348787,0.000550988145253663,100,0.0,0.0,0.0
856200,2,2500,2,0,0,0,2.0133124912348785,0.000550988145253663,100,0.0,0.0,0.0
856300,2,2500,2,0,0,0,2.063312491234879,0.000550988145253663,100,0.0,0.0,0.0
856400,2,2498,2,0,0,0,2.1133124912348786,0.000550988145253663,100,0.0,0.0,0.0
856500,2,2500,2,0,0,0,2.1633124912348785,0.000550988145253663,100,0.0,0.0,0.0
856600,2,2500,2,0,0,0,2.2133124912348783,0.000550988145253663,100,0.0,0.0,0.0
856700,2,2500,2,0,0,0,2.238312491234878,0.000550988145253663,100,0.0,0.0,0.0
856800,2,2500,2,0,0,0,2.288312491234878,0.000550988145253663,100,0.0,0.0,0.0
856900,2,2496,2,0,0,0,2.338312491234878,0.000550988145253663,100,0.0,0.0,0.0
857000,193,282,0,0,0,193,0.7283190053345607,0.006850353295246092,101,101.0,5.0,805.8732878195858
857100,141,75,0,0,0,141,0.7244460732816921,0.00737620275438127,101,247.0,20.0,1613.6804953960116
857200,80,63,0,0,0,80,0.728439863217275,0.005862596472003627,101,142.0,20.0,875.6739115956708
857300,48,71,28,4,16,0,0.7223637684674468,0.004771381502790062,101,67.0,11.0,391.032685282485
857400,33,108,22,1,10,0,0.7191256005504397,0.0036200059991428053,101,17.0,2.0,105.461517865733
857500,28,137,18,0,10,0,0.7165131229275196,0.0038472221987934973,101,19.0,3.0,113.39695200721165
857600,24,170,15,1,8,0,0.7210825493613768,0.004380532456739993,101,11.0,3.0,56.294745200643916
857700,21,227,14,1,6,0,0.7251196728626862,0.004957397851383349,101,14.0,2.0,88.39083448669285
857800,18,272,13,0,5,0,0.7276923670211117,0.0045471827164272555,101,10.0,2.0,54.87999999999999
857900,18,319,13,0,5,0,0.7304701447988895,0.0045471827164272555,101,0.0,0.0,0.0
858000,17,364,13,0,4,0,0.739482067084102,0.004711670684883597,101,8.0,1.0,48.01999999999999
858100,17,405,14,0,3,0,0.7483055964958668,0.004711670684883597,101,5.0,0.0,40.320174629922064
858200,17,456,14,0,3,0,0.7571291259076315,0.004711670684883597,101,0.0,0.0,0.0
858300,17,505,14,0,3,0,0.7600703023782197,0.004711670684883597,101,8.0,0.0,59.93179616051515
858400,16,539,13,0,3,0,0.7651451743372616,0.005006150102688823,101,17.0,1.0,118.97022502797256
858500,16,574,14,0,2,0,0.7776451743372617,0.005006150102688823,101,1.0,0.0,7.84
858600,16,615,15,0,1,0,0.7807701743372616,0.005006150102688823,101,4.0,0.0,29.4
858700,16,663,15,0,1,0,0.7807701743372616,0.005006150102688823,101,5.0,0.0,36.75
858800,15,717,14,0,1,0,0.7894881859597457,0.0053398934428680765,101,5.0,1.0,29.4
858900,15,767,14,0,1,0,0.7928215192930791,0.0053398934428680765,101,3.0,0.0,23.52
859000,15,802,14,0,1,0,0.8061548526264126,0.0053398934428680765,101,6.0,0.0,44.59
859100,14,845,13,0,1,0,0.8101659135282991,0.005683453184933752,101,18.0,0.0,133.27999999999997
859200,12,875,12,0,0,0,0.816026899116349,0.00318100936921673,101,12.0,2.0,78.89000000000001
859300,12,908,12,0,0,0,0.8243602324496822,0.00318100936921673,101,0.0,0.0,0.0
859400,12,964,12,0,0,0,0.8285268991163489,0.00318100936921673,101,1.0,0.0,8.554034925984412
859500,12,1010,12,0,0,0,0.8326935657830156,0.00318100936921673,101,0.0,0.0,0.0
859600,12,1052,12,0,0,0,0.8368602324496823,0.00318100936921673,101,5.0,0.0,40.018785964021745
859700,11,1098,11,0,0,0,0.8381329166057349,0.0029562857016518103,101,1.0,0.0,8.330000000000002
859800,11,1146,11,0,0,0,0.8517692802420984,0.0029562857016518103,101,2.0,0.0,16.241939984736568
859900,10,1186,10,0,0,0,0.8590791675278563,0.0032519142718169915,101,9.0,1.0,69.58
860000,10,1241,10,0,0,0,0.8640791675278564,0.0032519142718169915,101,3.0,0.0,25.49481836594589
860100,10,1298,10,0,0,0,0.8640791675278564,0.0032519142718169915,101,3.0,0.0,26.48963673189177
860200,10,1338,10,0,0,0,0.8790791675278564,0.0032519142718169915,101,1.0,0.0,8.330000000000002
860300,10,1382,10,0,0,0,0.8940791675278564,0.0032519142718169915,101,0.0,0.0,0.0
860400,10,1416,10,0,0,0,0.9040791675278564,0.0032519142718169915,101,0.0,0.0,0.0
860500,10,1449,10,0,0,0,0.9190791675278567,0.0032519142718169915,101,3.0,0.0,24.990000000000006
860600,9,1481,9,0,0,0,0.9378657416976183,0.0026536733363331697,101,8.0,1.0,63.210000000000015
860700,9,1515,9,0,0,0,0.9489768528087296,0.0026536733363331697,101,0.0,0.0,0.0
860800,9,1520,9,0,0,0,0.9711990750309517,0.0026536733363331697,101,0.0,0.0,0.0
860900,9,1537,9,0,0,0,0.9934212972531741,0.0026536733363331697,101,2.0,0.0,19.62963673189177
861000,9,1575,9,0,0,0,0.9934212972531741,0.0026536733363331697,101,5.0,0.0,49.000000000000014
861100,8,1608,8,0,0,0,1.0050989594098207,0.0029853825033748158,101,10.0,0.0,103.39000000000003
861200,8,1657,8,0,0,0,1.0113489594098206,0.0029853825033748158,101,0.0,0.0,0.0
861300,8,1682,8,0,0,0,1.0363489594098207,0.0029853825033748158,101,2.0,0.0,20.580000000000002
861400,8,1712,8,0,0,0,1.0425989594098206,0.0029853825033748158,101,0.0,0.0,0.0
861500,8,1772,8,0,0,0,1.0488489594098207,0.0029853825033748158,101,0.0,0.0,0.0
861600,8,1801,8,0,0,0,1.0613489594098207,0.0029853825033748158,101,0.0,0.0,0.0
861700,8,1843,8,0,0,0,1.0800989594098207,0.0029853825033748158,101,0.0,0.0,0.0
861800,8,1890,8,0,0,0,1.0925989594098207,0.0029853825033748158,101,0.0,0.0,0.0
861900,8,1936,8,0,0,0,1.0988489594098207,0.0029853825033748158,101,0.0,0.0,0.0
862000,8,1968,8,0,0,0,1.1113489594098207,0.0029853825033748158,101,0.0,0.0,0.0
862100,7,1997,7,0,0,0,1.105827382182652,0.003411865718142647,101,7.0,1.0,73.50000000000001
862200,7,2025,7,0,0,0,1.1343988107540808,0.003411865718142647,101,0.0,0.0,0.0
862300,7,2060,7,0,0,0,1.1486845250397952,0.003411865718142647,101,4.0,0.0,45.08000000000001
862400,7,2102,7,0,0,0,1.1629702393255095,0.003411865718142647,101,0.0,0.0,0.0
862500,7,2144,7,0,0,0,1.177255953611224,0.003411865718142647,101,1.0,0.0,11.760000000000002
862600,7,2158,7,0,0,0,1.1986845250397953,0.003411865718142647,101,0.0,0.0,0.0
862700,7,2159,7,0,0,0,1.2343988107540809,0.003411865718142647,101,0.0,0.0,0.0
862800,7,2177,7,0,0,0,1.2558273821826522,0.003411865718142647,101,0.0,0.0,0.0
862900,7,2213,7,0,0,0,1.2701130964683665,0.003411865718142647,101,0.0,0.0,0.0
863000,7,2241,7,0,0,0,1.2843988107540807,0.003411865718142647,101,0.0,0.0,0.0
863100,7,2274,7,0,0,0,1.2986845250397951,0.003411865718142647,101,0.0,0.0,0.0
863200,7,2302,7,0,0,0,1.3272559536112236,0.003411865718142647,101,1.0,0.0,13.720000000000006
863300,6,2292,6,0,0,0,1.3484652792130944,0.0027861165065398708,101,9.0,1.0,108.470287712174
863400,6,2292,6,0,0,0,1.3901319458797612,0.0027861165065398708,101,11.0,0.0,152.98372856162123
863500,6,2300,6,0,0,0,1.415131945879761,0.0027861165065398708,101,0.0,0.0,0.0
863600,6,2323,6,0,0,0,1.4401319458797612,0.0027861165065398708,101,0.0,0.0,0.0
863700,6,2346,6,0,0,0,1.465131945879761,0.0027861165065398708,101,0.0,0.0,0.0
863800,6,2369,6,0,0,0,1.4984652792130946,0.0027861165065398708,101,0.0,0.0,0.0
863900,6,2402,6,0,0,0,1.5067986125464279,0.0027861165065398708,101,0.0,0.0,0.0
864000,6,2423,6,0,0,0,1.5317986125464278,0.0027861165065398708,101,0.0,0.0,0.0
864100,6,2432,6,0,0,0,1.5567986125464277,0.0027861165065398708,101,0.0,0.0,0.0
864200,6,2434,6,0,0,0,1.5901319458797614,0.0027861165065398708,101,0.0,0.0,0.0
864300,6,2433,6,0,0,0,1.6234652792130948,0.0027861165065398708,101,0.0,0.0,0.0
864400,6,2420,6,0,0,0,1.665131945879761,0.0027861165065398708,101,3.0,0.0,32.830000000000005
864500,6,2432,6,0,0,0,1.6901319458797612,0.0027861165065398708,101,0.0,0.0,0.0
864600,6,2402,6,0,0,0,1.7401319458797613,0.0027861165065398708,101,2.0,0.0,28.42000000000001
864700,6,2401,6,0,0,0,1.7734652792130945,0.0027861165065398708,101,3.0,0.0,38.710000000000015
864800,6,2424,6,0,0,0,1.7984652792130944,0.0027861165065398708,101,0.0,0.0,0.0
864900,6,2439,6,0,0,0,1.8151319458797612,0.0027861165065398708,101,0.0,0.0,0.0
865000,6,2461,6,0,0,0,1.8484652792130944,0.0027861165065398708,101,0.0,0.0,0.0
865100,6,2485,6,0,0,0,1.8734652792130946,0.0027861165065398708,101,1.0,0.0,21.126154087762295
865200,5,2496,5,0,0,0,2.048158335055713,0.0007729417786277849,101,0.0,0.0,0.0
865300,4,2500,4,0,0,0,2.0212654165808077,0.0009651755443522078,101,9.0,1.0,176.51854692756706
865400,3,2498,3,0,0,0,1.9945165293884954,0.0012869007258029437,101,8.0,1.0,136.07150174815226
865500,3,2500,3,0,0,0,2.011183196055162,0.0012869007258029437,101,6.0,0.0,129.36
865600,2,2500,2,0,0,0,2.1417747940827425,0.0013977103331052553,101,5.0,1.0,86.24000000000001
865700,2,2500,2,0,0,0,2.1667747940827424,0.0013977103331052553,101,0.0,0.0,0.0
865800,2,2500,2,0,0,0,2.1667747940827424,0.0013977103331052553,101,0.0,0.0,0.0
865900,2,2500,2,0,0,0,2.1917747940827423,0.0013977103331052553,101,0.0,0.0,0.0
866000,191,260,0,0,0,191,0.7318550429862583,0.0035420560595558837,102,125.0,8.0,850.8527986036097
866100,141,102,0,0,0,141,0.7316931299126883,0.0034406780753722813,102,238.0,27.0,1516.1540120608668
866200,92,75,0,0,0,92,0.7309221489121221,0.0034222406306335922,102,93.0,11.0,590.9217806927389
866300,48,96,29,6,13,0,0.7325666289649915,0.0035591786567747163,102,31.0,5.0,186.74911555198668
866400,35,117,24,4,7,0,0.73043114447282,0.0034246414255370396,102,10.0,1.0,63.89605969847183
866500,33,147,24,3,6,0,0.733790607774203,0.003396151866538737,102,12.0,0.0,85.15566752277417
866600,31,181,26,1,4,0,0.7379351409804179,0.0036152584385734945,102,1.0,0.0,7.530181644167804
866700,31,206,26,1,4,0,0.7395480442062243,0.0036152584385734945,102,9.0,0.0,65.91546881034404
866800,31,227,27,0,4,0,0.7411609474320309,0.0036152584385734945,102,6.0,0.0,43.124050105430804
866900,30,241,28,0,2,0,0.742757381260261,0.003497160899433791,102,15.0,1.0,100.31718890673154
867000,30,261,28,0,2,0,0.752757381260261,0.003497160899433791,102,6.0,0.0,42.50938782352084
867100,29,293,28,0,1,0,0.7607434018908849,0.0035417841555862232,102,6.0,0.0,47.040909812484664
867200,27,330,26,0,1,0,0.7624314865992651,0.0037675033957686238,102,10.0,1.0,71.85922618245749
867300,27,355,26,0,1,0,0.7716907458585243,0.0037675033957686238,102,7.0,0.0,52.5082809820246
867400,25,378,24,0,1,0,0.7745488740439973,0.004024499130858574,102,7.0,0.0,51.427391433455355
867500,23,396,23,0,0,0,0.7850987912733112,0.004207115423082059,102,11.0,2.0,65.46339616391718
867600,22,447,22,0,0,0,0.7860362251567835,0.0041389510251181455,102,10.0,0.0,76.40202682474104
867700,22,465,22,0,0,0,0.7928544069749655,0.0041389510251181455,102,3.0,0.0,22.720181644167802
867800,22,499,22,0,0,0,0.7951271342476925,0.0041389510251181455,102,3.0,0.0,23.09152139816155
867900,21,543,21,0,0,0,0.7972760454023448,0.004262763934912266,102,2.0,0.0,14.7
868000,18,577,18,0,0,0,0.800994025510487,0.003499246426701288,102,6.0,0.0,48.0346042605324
868100,18,611,18,0,0,0,0.8148829143993761,0.003499246426701288,102,2.0,0.0,16.320279175093237
868200,18,640,18,0,0,0,0.8232162477327093,0.003499246426701288,102,8.0,0.0,64.14121577941343
868300,18,666,18,0,0,0,0.8259940255104872,0.003499246426701288,102,2.0,0.0,16.882163235900443
868400,18,695,18,0,0,0,0.8315495810660427,0.003499246426701288,102,8.0,0.0,68.699819599631
868500,16,723,16,0,0,0,0.8405943368746144,0.0035439419157228956,102,8.0,2.0,51.8608530887242
868600,15,771,15,0,0,0,0.8463483702735163,0.003564124218252154,102,5.0,1.0,32.55659516672121
868700,14,815,14,0,0,0,0.8488696271636026,0.0036892436266957778,102,1.0,1.0,0.0
868800,14,859,14,0,0,0,0.8560124843064597,0.0036892436266957778,102,0.0,0.0,0.0
868900,14,909,14,0,0,0,0.8667267700207456,0.0036892436266957778,102,0.0,0.0,0.0
869000,13,943,13,0,0,0,0.8665991460178846,0.0035510411223876326,102,8.0,1.0,59.65036328833561
869100,13,976,13,0,0,0,0.8742914537101922,0.0035510411223876326,102,0.0,0.0,0.0
869200,13,1021,13,0,0,0,0.8742914537101922,0.0035510411223876326,102,3.0,0.0,27.5575278109175
869300,13,1053,13,0,0,0,0.8973683767871155,0.0035510411223876326,102,4.0,0.0,31.963242085806797
869400,12,1080,12,0,0,0,0.8940278266713215,0.0038469612159199354,102,9.0,0.0,74.53662104290339
869500,12,1112,12,0,0,0,0.9065278266713217,0.0038469612159199354,102,5.0,0.0,42.66395509187194
869600,12,1143,12,0,0,0,0.9190278266713215,0.0038469612159199354,102,1.0,0.0,7.896621042903397
869700,12,1187,12,0,0,0,0.9315278266713215,0.0038469612159199354,102,3.0,0.0,23.52
869800,12,1221,12,0,0,0,0.9440278266713217,0.0038469612159199354,102,2.0,0.0,16.96279762951721
869900,11,1255,11,0,0,0,0.9611414784197034,0.004196684962821748,102,8.0,1.0,57.4432420858068
870000,11,1284,11,0,0,0,0.9747778420560671,0.004196684962821748,102,0.0,0.0,0.0
870100,11,1320,11,0,0,0,0.9747778420560671,0.004196684962821748,102,0.0,0.0,0.0
870200,11,1343,11,0,0,0,0.9838687511469764,0.004196684962821748,102,3.0,0.0,33.1952853036203
870300,10,1376,10,0,0,0,0.9766278568926783,0.0046163534591039225,102,9.0,1.0,89.71881952729373
870400,9,1405,9,0,0,0,0.9740309521029759,0.0049547908163098875,102,7.0,1.0,67.85505562183499
870500,9,1446,9,0,0,0,0.996253174325198,0.0049547908163098875,102,0.0,0.0,0.0
870600,9,1476,9,0,0,0,1.012919840991865,0.0049547908163098875,102,2.0,0.0,17.301398814758606
870700,9,1515,9,0,0,0,1.0295865076585313,0.0049547908163098875,102,8.0,0.0,69.20559525903441
870800,8,1534,8,0,0,0,1.0311704413102942,0.004949781709878474,102,0.0,0.0,0.0
870900,8,1562,8,0,0,0,1.0436704413102942,0.004949781709878474,102,9.0,0.0,86.22205739195769
871000,8,1592,8,0,0,0,1.0686704413102943,0.004949781709878474,102,4.0,0.0,40.485196303382104
871100,8,1614,8,0,0,0,1.0749204413102944,0.004949781709878474,102,3.0,0.0,31.476561534975957
871200,7,1639,7,0,0,0,1.1048449531190738,0.005656893382718256,102,3.0,1.0,25.1075278109175
871300,7,1660,7,0,0,0,1.1334163816905025,0.005656893382718256,102,2.0,0.0,17.64
871400,7,1676,7,0,0,0,1.154844953119074,0.005656893382718256,102,0.0,0.0,0.0
871500,7,1689,7,0,0,0,1.1762735245476452,0.005656893382718256,102,0.0,0.0,0.0
871600,7,1697,7,0,0,0,1.2119878102619313,0.005656893382718256,102,2.0,0.0,26.414668097937092
871700,7,1701,7,0,0,0,1.2262735245476455,0.005656893382718256,102,1.0,0.0,11.760000000000002
871800,7,1713,7,0,0,0,1.2548449531190742,0.005656893382718256,102,0.0,0.0,0.0
871900,7,1740,7,0,0,0,1.2762735245476455,0.005656893382718256,102,9.0,0.0,109.7146680979371
872000,7,1770,7,0,0,0,1.2834163816905024,0.005656893382718256,102,0.0,0.0,0.0
872100,6,1821,6,0,0,0,1.250486392491662,0.0061779224237516195,102,10.0,0.0,113.19000000000004
872200,6,1877,6,0,0,0,1.2754863924916622,0.0061779224237516195,102,0.0,0.0,0.0
872300,6,1923,6,0,0,0,1.2838197258249957,0.0061779224237516195,102,0.0,0.0,0.0
872400,6,1962,6,0,0,0,1.3004863924916623,0.0061779224237516195,102,0.0,0.0,0.0
872500,6,2001,6,0,0,0,1.3171530591583287,0.0061779224237516195,102,0.0,0.0,0.0
872600,6,2029,6,0,0,0,1.3338197258249955,0.0061779224237516195,102,0.0,0.0,0.0
872700,6,2052,6,0,0,0,1.3588197258249954,0.0061779224237516195,102,0.0,0.0,0.0
872800,6,2084,6,0,0,0,1.375486392491662,0.0061779224237516195,102,0.0,0.0,0.0
872900,6,2102,6,0,0,0,1.3921530591583287,0.0061779224237516195,102,1.0,0.0,12.250000000000004
873000,6,2123,6,0,0,0,1.4254863924916623,0.0061779224237516195,102,0.0,0.0,0.0
873100,6,2137,6,0,0,0,1.4671530591583288,0.0061779224237516195,102,0.0,0.0,0.0
873200,6,2183,6,0,0,0,1.4754863924916621,0.0061779224237516195,102,1.0,0.0,16.22126582954117
873300,5,2208,5,0,0,0,1.5005836709899945,0.007029236534384166,102,2.0,0.0,32.44253165908234
873400,5,2229,5,0,0,0,1.5205836709899947,0.007029236534384166,102,0.0,0.0,0.0
873500,5,2254,5,0,0,0,1.5505836709899947,0.007029236534384166,102,0.0,0.0,0.0
873600,5,2283,5,0,0,0,1.5805836709899945,0.007029236534384166,102,0.0,0.0,0.0
873700,5,2337,5,0,0,0,1.5905836709899948,0.007029236534384166,102,0.0,0.0,0.0
873800,5,2373,5,0,0,0,1.6205836709899948,0.007029236534384166,102,0.0,0.0,0.0
873900,4,2423,4,0,0,0,1.650729588737493,0.0058840367100586434,102,0.0,0.0,0.0
874000,3,2497,3,0,0,0,1.7343061183166573,0.006458201693514856,102,0.0,0.0,0.0
874100,2,2500,2,0,0,0,1.851459177474986,0.0045229510649409,102,0.0,0.0,0.0
874200,191,239,0,0,0,191,0.7252066437511316,0.005425915283470956,103,102.0,6.0,674.9813486616617
874300,145,66,0,0,0,145,0.724737222599389,0.005633347067015247,103,238.0,23.0,1508.4412964561263
874400,99,39,0,0,0,99,0.7267873009005518,0.005499869104521756,103,82.0,8.0,523.9482011946545
874500,63,58,50,4,9,0,0.7302304680792986,0.00586726317569076,103,34.0,7.0,191.31594094016157
874600,43,83,34,2,7,0,0.7266851218752685,0.0064765874133347655,103,20.0,1.0,134.55885333663866
874700,36,116,29,2,5,0,0.7251190881812141,0.0062055333781101925,103,9.0,2.0,49.77997714212638
874800,31,152,26,1,4,0,0.7230180346774882,0.006311292141664199,103,7.0,2.0,35.51149109128586
874900,27,191,22,1,4,0,0.7298700933106915,0.006251160927316945,103,7.0,1.0,42.47514616730194
875000,27,210,22,1,4,0,0.7335737970143953,0.006251160927316945,103,2.0,0.0,14.82990089413848
875100,26,238,22,1,3,0,0.7444804815149492,0.006085646507266592,103,6.0,0.0,42.63016716723376
875200,23,273,21,0,2,0,0.7500271575119164,0.005741213618362134,103,0.0,0.0,0.0
875300,23,292,22,0,1,0,0.7587228096858294,0.005741213618362134,103,2.0,0.0,13.719999999999997
875400,23,312,22,0,1,0,0.7674184618597425,0.005741213618362134,103,2.0,0.0,14.7
875500,22,348,21,0,1,0,0.7727675074360442,0.005614974941365551,103,9.0,1.0,58.800000000000004
875600,22,393,21,0,1,0,0.7750402347087715,0.005614974941365551,103,3.0,0.0,23.03731731967992
875700,20,435,19,0,1,0,0.782105961985719,0.005232981700334263,103,13.0,2.0,84.57552848704694
875800,18,464,18,0,0,0,0.7893045192067825,0.005175312527203604,103,6.0,1.0,36.75
875900,18,497,18,0,0,0,0.797637852540116,0.005175312527203604,103,0.0,0.0,0.0
876000,18,532,18,0,0,0,0.8059711858734492,0.005175312527203604,103,7.0,0.0,57.58242234435784
876100,18,552,18,0,0,0,0.8143045192067826,0.005175312527203604,103,8.0,0.0,61.79883704159009
876200,17,585,17,0,0,0,0.8210283144542404,0.005409168220114634,103,10.0,0.0,84.16162379311727
876300,17,619,17,0,0,0,0.8269106673954169,0.005409168220114634,103,0.0,0.0,0.0
876400,17,660,17,0,0,0,0.8327930203365933,0.005409168220114634,103,0.0,0.0,0.0
876500,16,707,16,0,0,0,0.8442175841076305,0.005747241233871799,103,1.0,0.0,7.35
876600,16,738,16,0,0,0,0.8473425841076305,0.005747241233871799,103,1.0,0.0,8.94990089413848
876700,16,767,16,0,0,0,0.8598425841076305,0.005747241233871799,103,4.0,0.0,32.0174594481335
876800,16,792,16,0,0,0,0.8660925841076306,0.005747241233871799,103,16.0,0.0,134.9776987227987
876900,15,812,15,0,0,0,0.8775140185621825,0.005939865599548827,103,9.0,1.0,73.72423405954007
877000,15,836,15,0,0,0,0.884180685228849,0.005939865599548827,103,5.0,0.0,44.45184567878619
877100,14,864,14,0,0,0,0.8866221627451955,0.0058868521657319895,103,10.0,1.0,79.42823259685727
877200,13,884,12,0,1,0,0.8995450940562789,0.005795125648132125,103,25.0,1.0,196.57373123463407
877300,13,931,12,0,1,0,0.9149297094408942,0.005795125648132125,103,3.0,0.0,25.81088012226908
877400,13,963,12,0,1,0,0.9187758632870479,0.005795125648132125,103,10.0,0.0,86.57189935343885
877500,11,1007,11,0,0,0,0.9373020859044604,0.006444290608304223,103,14.0,1.0,119.01487371816467
877600,11,1036,11,0,0,0,0.941847540449915,0.006444290608304223,103,5.0,0.0,46.06000000000001
877700,11,1074,11,0,0,0,0.9509384495408241,0.006444290608304223,103,4.0,0.0,34.636767655582524
877800,11,1107,11,0,0,0,0.9645748131771877,0.006444290608304223,103,0.0,0.0,0.0
877900,11,1145,11,0,0,0,0.9736657222680968,0.006444290608304223,103,1.0,0.0,8.659191913895631
878000,11,1185,11,0,0,0,0.9782111768135514,0.006444290608304223,103,1.0,0.0,10.780167167233767
878100,11,1233,11,0,0,0,0.9827566313590058,0.006444290608304223,103,5.0,0.0,43.29595956947816
878200,11,1242,11,0,0,0,1.000938449540824,0.006444290608304223,103,6.0,0.0,64.68100300340261
878300,11,1253,11,0,0,0,1.0191202677226423,0.006444290608304223,103,7.0,0.0,78.14389889717319
878400,11,1233,11,0,0,0,1.0373020859044604,0.006444290608304223,103,0.0,0.0,0.0
878500,11,1257,11,0,0,0,1.0600293586317333,0.006444290608304223,103,0.0,0.0,0.0
878600,11,1286,11,0,0,0,1.0691202677226423,0.006444290608304223,103,0.0,0.0,0.0
878700,10,1315,10,0,0,0,1.0760322944949066,0.006541477933606009,103,0.0,0.0,0.0
878800,10,1334,10,0,0,0,1.0860322944949066,0.006541477933606009,103,0.0,0.0,0.0
878900,9,1356,9,0,0,0,1.095589543007563,0.007268308815117788,103,0.0,0.0,0.0
879000,9,1381,9,0,0,0,1.1122562096742297,0.007268308815117788,103,0.0,0.0,0.0
879100,9,1422,9,0,0,0,1.1178117652297852,0.007268308815117788,103,0.0,0.0,0.0
879200,9,1455,9,0,0,0,1.1289228763408963,0.007268308815117788,103,6.0,0.0,58.80000000000002
879300,9,1487,9,0,0,0,1.1400339874520076,0.007268308815117788,103,0.0,0.0,0.0
879400,9,1498,9,0,0,0,1.1622562096742302,0.007268308815117788,103,8.0,0.0,88.54747198260482
879500,9,1498,9,0,0,0,1.1900339874520076,0.007268308815117788,103,2.0,0.0,21.560000000000006
879600,9,1499,9,0,0,0,1.2067006541186744,0.007268308815117788,103,0.0,0.0,0.0
879700,8,1510,8,0,0,0,1.253339359430758,0.007469998844325561,103,5.0,1.0,53.44368565803132
879800,7,1524,7,0,0,0,1.3038164107780095,0.005899453344475236,103,7.0,1.0,64.68000000000002
879900,7,1524,7,0,0,0,1.3466735536351524,0.005899453344475236,103,0.0,0.0,0.0
880000,7,1527,7,0,0,0,1.3681021250637235,0.005899453344475236,103,0.0,0.0,0.0
880100,7,1524,7,0,0,0,1.4038164107780096,0.005899453344475236,103,0.0,0.0,0.0
880200,6,1549,6,0,0,0,1.4022259245725106,0.005966488650443181,103,11.0,1.0,123.66910804724635
880300,6,1596,6,0,0,0,1.4105592579058437,0.005966488650443181,103,0.0,0.0,0.0
880400,6,1628,6,0,0,0,1.4272259245725103,0.005966488650443181,103,1.0,0.0,12.250000000000004
880500,6,1603,6,0,0,0,1.4772259245725106,0.005966488650443181,103,0.0,0.0,0.0
880600,6,1613,6,0,0,0,1.502225924572511,0.005966488650443181,103,0.0,0.0,0.0
880700,6,1629,6,0,0,0,1.5272259245725106,0.005966488650443181,103,0.0,0.0,0.0
880800,6,1640,6,0,0,0,1.5605592579058438,0.005966488650443181,103,0.0,0.0,0.0
880900,6,1672,6,0,0,0,1.585559257905844,0.005966488650443181,103,0.0,0.0,0.0
881000,6,1659,6,0,0,0,1.627225924572511,0.005966488650443181,103,0.0,0.0,0.0
881100,6,1685,6,0,0,0,1.6522259245725106,0.005966488650443181,103,0.0,0.0,0.0
881200,6,1682,6,0,0,0,1.6772259245725107,0.005966488650443181,103,0.0,0.0,0.0
881300,6,1681,6,0,0,0,1.7188925912391773,0.005966488650443181,103,0.0,0.0,0.0
881400,6,1679,6,0,0,0,1.7438925912391774,0.005966488650443181,103,0.0,0.0,0.0
881500,6,1670,6,0,0,0,1.7938925912391774,0.005966488650443181,103,0.0,0.0,0.0
881600,6,1655,6,0,0,0,1.8272259245725107,0.005966488650443181,103,0.0,0.0,0.0
881700,6,1643,6,0,0,0,1.8605592579058439,0.005966488650443181,103,0.0,0.0,0.0
881800,5,1663,5,0,0,0,1.9126711094870124,0.004838380487930796,103,8.0,0.0,141.1200000000001
881900,5,1692,5,0,0,0,1.9526711094870126,0.004838380487930796,103,0.0,0.0,0.0
882000,5,1709,5,0,0,0,1.9926711094870129,0.004838380487930796,103,9.0,0.0,177.15916427086924
882100,5,1738,5,0,0,0,2.0126711094870124,0.004838380487930796,103,0.0,0.0,0.0
882200,5,1745,5,0,0,0,2.0579181320631235,0.004838380487930796,103,0.0,0.0,0.0
882300,5,1777,5,0,0,0,2.0679181320631232,0.004838380487930796,103,9.0,0.0,165.00444843590208
882400,5,1780,5,0,0,0,2.0979181320631235,0.004838380487930796,103,0.0,0.0,0.0
882500,5,1825,5,0,0,0,2.1079181320631237,0.004838380487930796,103,0.0,0.0,0.0
882600,5,1857,5,0,0,0,2.137918132063123,0.004838380487930796,103,1.0,0.0,17.279900894138486
882700,5,1889,5,0,0,0,2.147918132063123,0.004838380487930796,103,0.0,0.0,0.0
882800,5,1913,5,0,0,0,2.177918132063123,0.004838380487930796,103,0.0,0.0,0.0
882900,5,1955,5,0,0,0,2.207918132063123,0.004838380487930796,103,0.0,0.0,0.0
883000,5,1990,5,0,0,0,2.207918132063123,0.004838380487930796,103,0.0,0.0,0.0
883100,5,2025,5,0,0,0,2.2379181320631227,0.004838380487930796,103,0.0,0.0,0.0
883200,191,237,0,0,0,191,0.7589837637797456,0.005001383836802133,104,138.0,7.0,967.5366579819764
883300,136,59,0,0,0,136,0.7616469065042428,0.004991061285435055,104,224.0,20.0,1518.9931380382448
883400,95,38,0,0,0,95,0.7612889153413739,0.005651619823835576,104,72.0,10.0,459.3524396678432
883500,47,72,33,6,8,0,0.7580058407568849,0.006701309626036786,104,62.0,9.0,384.0880744906341
883600,37,113,26,2,9,0,0.7605620867885389,0.00668300345367702,104,27.0,2.0,183.7572383495847
883700,31,138,21,1,9,0,0.7565477767607266,0.006722771744633461,104,22.0,4.0,123.90437788034932
883800,26,180,18,1,7,0,0.7648515324421545,0.006492995324998852,104,3.0,1.0,14.694158402813848
883900,25,213,19,1,5,0,0.7699996447248391,0.006542392479357819,104,2.0,1.0,6.8599999999999985
884000,23,250,17,1,5,0,0.7684979255640826,0.006320304667626157,104,9.0,1.0,63.1197907455919
884100,22,289,16,1,5,0,0.7738841949079048,0.006266327456209814,104,2.0,0.0,13.719999999999997
884200,22,311,19,0,3,0,0.7807023767260866,0.006266327456209814,104,4.0,0.0,28.05990089413848
884300,22,343,18,0,4,0,0.7943387403624501,0.006266327456209814,104,5.0,0.0,36.41058028198102
884400,22,363,19,0,3,0,0.8079751039988138,0.006266327456209814,104,1.0,0.0,6.8599999999999985
884500,20,396,19,0,1,0,0.8138801380028265,0.006198012520471728,104,7.0,1.0,50.727262103888144
884600,20,423,20,0,0,0,0.8188801380028267,0.006198012520471728,104,7.0,0.0,55.16940536483091
884700,20,445,20,0,0,0,0.8288801380028266,0.006198012520471728,104,5.0,0.0,39.84950447069243
884800,19,468,19,0,0,0,0.833617458717719,0.0061535489381529555,104,11.0,1.0,74.1199008941385
884900,19,485,19,0,0,0,0.8415121955598244,0.0061535489381529555,104,2.0,0.0,15.319900894138485
885000,19,501,19,0,0,0,0.8441437745071927,0.0061535489381529555,104,7.0,0.0,56.29756800333277
885100,18,531,18,0,0,0,0.8494326177312941,0.006190047928079128,104,16.0,1.0,123.64245643678049
885200,17,561,17,0,0,0,0.8514849047184666,0.00649208984653868,104,5.0,1.0,29.4
885300,16,579,16,0,0,0,0.8569992616834058,0.006785684175961147,104,7.0,0.0,64.92298651324019
885400,16,616,16,0,0,0,0.8632492616834058,0.006785684175961147,104,5.0,0.0,37.76905489699949
885500,15,619,15,0,0,0,0.8735603312816154,0.006998276061439891,104,24.0,1.0,184.73000000000008
885600,15,644,15,0,0,0,0.8835603312816154,0.006998276061439891,104,0.0,0.0,0.0
885700,15,676,15,0,0,0,0.8835603312816154,0.006998276061439891,104,7.0,0.0,54.97112809299881
885800,15,701,15,0,0,0,0.890226997948282,0.006998276061439891,104,8.0,0.0,66.64
885900,14,719,14,0,0,0,0.9072911836690789,0.006623614767048168,104,8.0,1.0,57.82000000000001
886000,14,744,14,0,0,0,0.9251483265262218,0.006623614767048168,104,7.0,0.0,71.50231986674237
886100,14,745,14,0,0,0,0.932291183669079,0.006623614767048168,104,2.0,0.0,19.161301297822074
886200,14,775,14,0,0,0,0.9394340408119362,0.006623614767048168,104,0.0,0.0,0.0
886300,14,812,14,0,0,0,0.9465768979547934,0.006623614767048168,104,8.0,0.0,74.48
886400,14,824,14,0,0,0,0.9537197550976504,0.006623614767048168,104,2.0,0.0,17.64
886500,13,844,13,0,0,0,0.9645667717065642,0.0071331235952826425,104,7.0,1.0,52.92
886600,13,873,13,0,0,0,0.9722590793988718,0.0071331235952826425,104,3.0,0.0,23.807020724616883
886700,12,893,12,0,0,0,0.9949473360154446,0.0061722895404204,104,13.0,0.0,115.51408975474436
886800,12,911,12,0,0,0,1.0282806693487778,0.0061722895404204,104,0.0,0.0,0.0
886900,12,906,12,0,0,0,1.0282806693487778,0.0061722895404204,104,0.0,0.0,0.0
887000,12,944,12,0,0,0,1.0366140026821113,0.0061722895404204,104,7.0,0.0,69.94218512715311
887100,12,977,12,0,0,0,1.0449473360154446,0.0061722895404204,104,0.0,0.0,0.0
887200,12,1026,12,0,0,0,1.0616140026821113,0.0061722895404204,104,4.0,0.0,46.97837758487059
887300,12,1023,12,0,0,0,1.078280669348778,0.0061722895404204,104,2.0,0.0,17.83134714974459
887400,12,1011,12,0,0,0,1.090780669348778,0.0061722895404204,104,3.0,0.0,39.532704009998305
887500,12,1006,12,0,0,0,1.1116140026821115,0.0061722895404204,104,0.0,0.0,0.0
887600,11,998,11,0,0,0,1.130851639289576,0.006733406771367709,104,6.0,1.0,68.33784001666385
887700,11,996,11,0,0,0,1.1444880029259397,0.006733406771367709,104,0.0,0.0,0.0
887800,11,1003,11,0,0,0,1.1717607301986668,0.006733406771367709,104,4.0,0.0,43.12000000000001
887900,11,1006,11,0,0,0,1.189942548380485,0.006733406771367709,104,2.0,0.0,22.540000000000006
888000,11,1035,11,0,0,0,1.2035789120168487,0.006733406771367709,104,6.0,0.0,67.62000000000002
888100,11,1052,11,0,0,0,1.2081243665623034,0.006733406771367709,104,0.0,0.0,0.0
888200,11,1046,11,0,0,0,1.2263061847441217,0.006733406771367709,104,0.0,0.0,0.0
888300,11,1067,11,0,0,0,1.2490334574713944,0.006733406771367709,104,1.0,0.0,14.647568003332768
888400,10,1102,10,0,0,0,1.282960542250449,0.007019537837825486,104,0.0,0.0,0.0
888500,10,1139,10,0,0,0,1.2979605422504492,0.007019537837825486,104,0.0,0.0,0.0
888600,10,1142,10,0,0,0,1.3179605422504492,0.007019537837825486,104,0.0,0.0,0.0
888700,10,1161,10,0,0,0,1.3329605422504491,0.007019537837825486,104,3.0,0.0,35.60028365802914
888800,10,1192,10,0,0,0,1.3379605422504492,0.007019537837825486,104,1.0,0.0,11.866761219343047
888900,10,1230,10,0,0,0,1.357960542250449,0.007019537837825486,104,0.0,0.0,0.0
889000,10,1239,10,0,0,0,1.3729605422504494,0.007019537837825486,104,1.0,0.0,12.740000000000004
889100,10,1249,10,0,0,0,1.4029605422504492,0.007019537837825486,104,2.0,0.0,31.209234247640687
889200,10,1250,10,0,0,0,1.417960542250449,0.007019537837825486,104,11.0,0.0,145.53000000000003
889300,10,1242,10,0,0,0,1.4379605422504491,0.007019537837825486,104,0.0,0.0,0.0
889400,10,1247,10,0,0,0,1.4629605422504492,0.007019537837825486,104,0.0,0.0,0.0
889500,10,1272,10,0,0,0,1.472960542250449,0.007019537837825486,104,9.0,0.0,110.25000000000001
889600,9,1273,9,0,0,0,1.4705506251384497,0.007119194465815974,104,2.0,1.0,12.250000000000004
889700,8,1304,8,0,0,0,1.5106194532807558,0.007188275156497602,104,9.0,1.0,98.00000000000001
889800,8,1351,8,0,0,0,1.5168694532807558,0.007188275156497602,104,0.0,0.0,0.0
889900,8,1401,8,0,0,0,1.5168694532807558,0.007188275156497602,104,0.0,0.0,0.0
890000,8,1441,8,0,0,0,1.5231194532807557,0.007188275156497602,104,0.0,0.0,0.0
890100,8,1482,8,0,0,0,1.5481194532807558,0.007188275156497602,104,1.0,0.0,16.93065064891104
890200,8,1528,8,0,0,0,1.5481194532807558,0.007188275156497602,104,5.0,0.0,67.89065064891105
890300,7,1555,7,0,0,0,1.633565089463721,0.006062844610831128,104,12.0,0.0,152.88000000000008
890400,7,1591,7,0,0,0,1.6478508037494353,0.006062844610831128,104,0.0,0.0,0.0
890500,6,1626,6,0,0,0,1.6487746260780767,0.006697180544115325,104,8.0,1.0,89.18000000000004
890600,6,1651,6,0,0,0,1.6654412927447435,0.006697180544115325,104,0.0,0.0,0.0
890700,6,1689,6,0,0,0,1.6737746260780766,0.006697180544115325,104,3.0,0.0,38.22000000000001
890800,6,1731,6,0,0,0,1.68210795941141,0.006697180544115325,104,0.0,0.0,0.0
890900,5,1775,5,0,0,0,1.746350750898936,0.005659016546614859,104,0.0,0.0,0.0
891000,5,1806,5,0,0,0,1.7863507508989358,0.005659016546614859,104,0.0,0.0,0.0
891100,5,1841,5,0,0,0,1.8063507508989356,0.005659016546614859,104,0.0,0.0,0.0
891200,5,1873,5,0,0,0,1.8363507508989358,0.005659016546614859,104,0.0,0.0,0.0
891300,5,1914,5,0,0,0,1.8563507508989356,0.005659016546614859,104,0.0,0.0,0.0
891400,5,1956,5,0,0,0,1.8663507508989359,0.005659016546614859,104,0.0,0.0,0.0
891500,5,1982,5,0,0,0,1.8863507508989357,0.005659016546614859,104,0.0,0.0,0.0
891600,5,2022,5,0,0,0,1.916350750898936,0.005659016546614859,104,0.0,0.0,0.0
891700,4,2067,4,0,0,0,1.9545661206954268,0.005510447094579728,104,0.0,0.0,0.0
891800,4,2116,4,0,0,0,1.9670661206954267,0.005510447094579728,104,0.0,0.0,0.0
891900,4,2163,4,0,0,0,1.9920661206954267,0.005510447094579728,104,0.0,0.0,0.0
892000,3,2215,3,0,0,0,2.063549023209173,0.0037737174856144634,104,0.0,0.0,0.0
892100,3,2278,3,0,0,0,2.063549023209173,0.0037737174856144634,104,0.0,0.0,0.0
892200,194,240,0,0,0,194,0.755383939643374,0.005604180564649661,105,84.0,5.0,571.3947827319466
892300,128,78,0,0,0,128,0.7588967442073864,0.005946774013171737,105,295.0,37.0,1889.0828314852406
892400,88,52,0,0,0,88,0.7659454441110849,0.005883178517960438,105,97.0,10.0,650.0595231015769
892500,61,72,36,6,19,0,0.7773585204709438,0.006220520595009728,105,64.0,11.0,386.3497862746811
892600,44,91,30,6,8,0,0.7816533527445979,0.006606771099007486,105,25.0,4.0,164.37438870843616
892700,39,107,28,4,7,0,0.7763220682932078,0.0065077260583853505,105,8.0,1.0,49.757644251768966
892800,34,143,27,3,4,0,0.7860624593590771,0.006249208829282172,105,9.0,1.0,60.55647267824118
892900,32,167,28,1,3,0,0.7852231009577063,0.0061782744620627085,105,15.0,1.0,116.48919721572227
893000,30,215,26,1,3,0,0.7868811362946019,0.005792681202376163,105,2.0,0.0,14.78618985965024
893100,26,243,22,1,3,0,0.7937060627696414,0.006007338121115268,105,6.0,0.0,47.345074243162806
893200,24,275,22,1,1,0,0.8059128747578391,0.0064330638384688535,105,11.0,1.0,73.38555966253608
893300,24,311,23,1,0,0,0.8142462080911725,0.0064330638384688535,105,2.0,0.0,15.036572014486364
893400,23,348,23,0,0,0,0.8182872321864493,0.005822292288148229,105,5.0,1.0,32.861230004046874
893500,22,385,22,0,0,0,0.8259366518312877,0.005743459534658913,105,6.0,1.0,36.893265093011856
893600,21,412,21,0,0,0,0.8386576884119311,0.005326382627760232,105,0.0,0.0,0.0
893700,21,438,21,0,0,0,0.8434195931738357,0.005326382627760232,105,5.0,0.0,40.026934283867
893800,21,454,21,0,0,0,0.8481814979357406,0.005326382627760232,105,1.0,0.0,7.35
893900,21,463,21,0,0,0,0.8529434026976455,0.005326382627760232,105,2.0,0.0,16.0107737135468
894000,21,455,21,0,0,0,0.862467212221455,0.005326382627760232,105,2.0,0.0,17.89169481781771
894100,21,467,21,0,0,0,0.8791338788881214,0.005326382627760232,105,3.0,0.0,24.17297296779293
894200,21,479,21,0,0,0,0.8862767360309786,0.005326382627760232,105,5.0,0.0,39.62421942893502
894300,21,479,21,0,0,0,0.8910386407928834,0.005326382627760232,105,0.0,0.0,0.0
894400,21,485,21,0,0,0,0.8981814979357404,0.005326382627760232,105,0.0,0.0,0.0
894500,21,485,21,0,0,0,0.9124672122214548,0.005326382627760232,105,6.0,0.0,53.91013458461532
894600,21,502,21,0,0,0,0.919610069364312,0.005326382627760232,105,2.0,0.0,15.989001492146048
894700,21,520,21,0,0,0,0.9267529265071692,0.005326382627760232,105,2.0,0.0,16.921246461142097
894800,20,560,20,0,0,0,0.9245549178017234,0.005455770695260546,105,11.0,1.0,84.81082537386986
894900,20,567,20,0,0,0,0.9320549178017234,0.005455770695260546,105,4.0,0.0,35.28
895000,20,581,20,0,0,0,0.9445549178017233,0.005455770695260546,105,0.0,0.0,0.0
895100,20,575,20,0,0,0,0.9545549178017234,0.005455770695260546,105,0.0,0.0,0.0
895200,19,574,19,0,0,0,0.9523295193775988,0.005331441296227221,105,13.0,0.0,121.72845834690122
895300,19,596,19,0,0,0,0.9575926772723357,0.005331441296227221,105,2.0,0.0,17.08034561152536
895400,19,595,19,0,0,0,0.9707505720091776,0.005331441296227221,105,4.0,0.0,40.77864700816919
895500,19,584,19,0,0,0,0.9812768877986514,0.005331441296227221,105,3.0,0.0,25.037755031003957
895600,19,570,19,0,0,0,0.9891716246407567,0.005331441296227221,105,0.0,0.0,0.0
895700,19,556,19,0,0,0,1.004961098324967,0.005331441296227221,105,13.0,0.0,125.75202128941835
895800,19,550,19,0,0,0,1.0260137299039145,0.005331441296227221,105,9.0,0.0,83.8127010557246
895900,19,541,19,0,0,0,1.0260137299039145,0.005331441296227221,105,0.0,0.0,0.0
896000,18,564,18,0,0,0,1.033066039058656,0.005627632479350955,105,8.0,1.0,69.63813520686908
896100,17,577,17,0,0,0,1.0408885361741052,0.005958669684018659,105,8.0,1.0,69.81620334277603
896200,17,589,17,0,0,0,1.052653242056458,0.005958669684018659,105,4.0,0.0,35.68451155415395
896300,17,618,17,0,0,0,1.0585355949976343,0.005958669684018659,105,0.0,0.0,0.0
896400,17,649,17,0,0,0,1.064417947938811,0.005958669684018659,105,1.0,0.0,10.997657655930979
896500,15,675,15,0,0,0,1.0732505189547623,0.006134069918703152,105,10.0,0.0,111.37003161536529
896600,15,705,15,0,0,0,1.086583852288096,0.006134069918703152,105,0.0,0.0,0.0
896700,15,726,15,0,0,0,1.089917185621429,0.006134069918703152,105,1.0,0.0,10.780000000000003
896800,15,756,15,0,0,0,1.0999171856214291,0.006134069918703152,105,2.0,0.0,21.28017280576268
896900,14,787,14,0,0,0,1.1106255560229599,0.006366921373614091,105,5.0,1.0,39.39102012401582
897000,14,819,14,0,0,0,1.1141969845943884,0.006366921373614091,105,5.0,0.0,52.019159970572815
897100,13,860,13,0,0,0,1.1216176055860894,0.006856684556199791,105,2.0,0.0,23.605628613936567
897200,13,877,13,0,0,0,1.137002220970705,0.006856684556199791,105,4.0,0.0,42.64765281111571
897300,12,905,12,0,0,0,1.1465682423106873,0.006642064763204111,105,5.0,0.0,59.01407153484142
897400,12,934,12,0,0,0,1.150734908977354,0.006642064763204111,105,2.0,0.0,25.67576780858712
897500,12,967,12,0,0,0,1.1674015756440208,0.006642064763204111,105,0.0,0.0,0.0
897600,12,988,12,0,0,0,1.1799015756440208,0.006642064763204111,105,5.0,0.0,59.90584740890887
897700,12,991,12,0,0,0,1.1965682423106871,0.006642064763204111,105,4.0,0.0,49.000000000000014
897800,12,992,12,0,0,0,1.2049015756440207,0.006642064763204111,105,0.0,0.0,0.0
897900,11,998,11,0,0,0,1.2410634595354535,0.005788858799254907,105,2.0,1.0,12.250000000000004
898000,11,1016,11,0,0,0,1.2546998231718174,0.005788858799254907,105,0.0,0.0,0.0
898100,11,1019,11,0,0,0,1.2728816413536352,0.005788858799254907,105,0.0,0.0,0.0
898200,11,1028,11,0,0,0,1.2910634595354535,0.005788858799254907,105,0.0,0.0,0.0
898300,11,1047,11,0,0,0,1.3092452777172718,0.005788858799254907,105,1.0,0.0,10.827755031003955
898400,11,1059,11,0,0,0,1.32742709589909,0.005788858799254907,105,2.0,0.0,21.65551006200791
898500,10,1065,10,0,0,0,1.3596825092542648,0.005535420906845458,105,0.0,0.0,0.0
898600,10,1088,10,0,0,0,1.3796825092542648,0.005535420906845458,105,0.0,0.0,0.0
898700,9,1110,9,0,0,0,1.4163138991714053,0.006150467674272731,105,2.0,1.0,14.742814306968285
898800,9,1132,9,0,0,0,1.4274250102825166,0.006150467674272731,105,0.0,0.0,0.0
898900,9,1142,9,0,0,0,1.4496472325047387,0.006150467674272731,105,0.0,0.0,0.0
899000,9,1169,9,0,0,0,1.4663138991714053,0.006150467674272731,105,0.0,0.0,0.0
899100,9,1208,9,0,0,0,1.4718694547269608,0.006150467674272731,105,3.0,0.0,41.58830039746039
899200,7,1257,7,0,0,0,1.4679112696961407,0.006658974135104113,105,0.0,0.0,0.0
899300,6,1301,6,0,0,0,1.481975954642791,0.007483398456070909,105,0.0,0.0,0.0
899400,6,1360,6,0,0,0,1.4986426213094577,0.007483398456070909,105,0.0,0.0,0.0
899500,5,1419,5,0,0,0,1.4674973842046497,0.007014838212979854,105,5.0,0.0,71.3406760343453
899600,5,1479,5,0,0,0,1.4774973842046495,0.007014838212979854,105,0.0,0.0,0.0
899700,5,1538,5,0,0,0,1.4874973842046493,0.007014838212979854,105,0.0,0.0,0.0
899800,5,1604,5,0,0,0,1.4974973842046495,0.007014838212979854,105,0.0,0.0,0.0
899900,5,1670,5,0,0,0,1.5074973842046497,0.007014838212979854,105,0.0,0.0,0.0
900000,4,1740,4,0,0,0,1.5277072797164728,0.0062055891429054245,105,0.0,0.0,0.0
900100,3,1823,3,0,0,0,1.5159958488427507,0.007687501737925022,105,0.0,0.0,0.0
900200,2,1892,2,0,0,0,1.5210276912810108,0.00636636072931381,105,0.0,0.0,0.0
900300,189,178,0,0,0,189,0.8074268334574999,0.007554159796787979,106,129.0,9.0,940.4322801417866
900400,146,58,0,0,0,146,0.8067336308867895,0.007294464962626002,106,200.0,19.0,1438.1753011425014
900500,112,46,0,0,0,112,0.8073708506064122,0.007481742295400383,106,99.0,13.0,679.8891872174995
900600,80,62,48,11,21,0,0.8107984964274522,0.00768405355941072,106,49.0,10.0,311.06946104534416
900700,65,86,40,4,21,0,0.8159877670388074,0.007211241359357975,106,21.0,3.0,149.38875816291224
900800,48,108,30,3,15,0,0.8190261360607834,0.006607167889146192,106,19.0,3.0,121.7202825859866
900900,39,135,25,1,13,0,0.8234048561660896,0.006265996409504036,106,11.0,1.0,79.30663684821486
901000,35,172,25,1,9,0,0.8262588891389611,0.0063391204858671765,106,15.0,1.0,111.73969866857047
901100,32,199,23,1,8,0,0.8322391867472684,0.0063673647216142175,106,8.0,0.0,59.720151497975614
901200,29,228,23,0,6,0,0.8418389512736166,0.0063403653152683355,106,8.0,2.0,47.08642864048602
901300,28,243,22,0,6,0,0.8531122248832578,0.006264549223497431,106,8.0,1.0,60.32927391973314
901400,28,269,25,0,3,0,0.8548979391689722,0.006264549223497431,106,0.0,0.0,0.0
901500,27,296,24,0,3,0,0.8563855929884151,0.006191295598474322,106,19.0,0.0,148.20051559709273
901600,27,322,25,0,2,0,0.8637930003958226,0.006191295598474322,106,4.0,0.0,33.526433000103076
901700,27,324,24,0,3,0,0.8730522596550819,0.006191295598474322,106,8.0,0.0,69.41629822985061
901800,27,332,24,0,3,0,0.8860152226180448,0.006191295598474322,106,1.0,0.0,8.908445341097579
901900,26,349,23,0,3,0,0.8908438569069964,0.006429422352261795,106,13.0,0.0,118.30547137453908
902000,25,372,22,0,3,0,0.9005042958905014,0.006630916087406831,106,10.0,1.0,75.69725234833257
902100,24,390,21,0,3,0,0.9102344745533445,0.006433288455619653,106,10.0,1.0,86.53964856854017
902200,24,408,22,0,2,0,0.9185678078866778,0.006433288455619653,106,5.0,0.0,46.68185672434801
902300,21,442,18,0,3,0,0.9139341817685611,0.006356467317794701,106,15.0,1.0,130.06033706679986
902400,21,480,19,0,2,0,0.9210770389114182,0.006356467317794701,106,0.0,0.0,0.0
902500,21,495,19,0,2,0,0.925838943673323,0.006356467317794701,106,3.0,0.0,25.147768931559238
902600,21,514,19,0,2,0,0.9353627531971325,0.006356467317794701,106,1.0,0.0,8.930126980524015
902700,20,531,18,0,2,0,0.9452009065022275,0.0059963479912998,106,0.0,0.0,0.0
902800,20,547,18,0,2,0,0.9527009065022275,0.0059963479912998,106,2.0,0.0,18.344111043956612
902900,19,559,17,0,2,0,0.9612631920564341,0.005825660571651924,106,15.0,1.0,128.40877730769628
903000,18,572,17,0,1,0,0.9765598120120731,0.005542472024833317,106,10.0,1.0,82.21869369229891
903100,18,604,18,0,0,0,0.9765598120120731,0.005542472024833317,106,0.0,0.0,0.0
903200,18,632,17,0,1,0,0.979337589789851,0.005542472024833317,106,10.0,0.0,86.60997687545685
903300,18,662,17,0,1,0,0.990448700900962,0.005542472024833317,106,7.0,0.0,65.35420865161319
903400,16,697,15,0,1,0,1.0120957843801963,0.00610914772319559,106,14.0,0.0,131.76485818248884
903500,15,712,15,0,0,0,1.0166028469316226,0.0060873990928454365,106,4.0,1.0,26.883796153123946
903600,15,743,15,0,0,0,1.0299361802649563,0.0060873990928454365,106,0.0,0.0,0.0
903700,15,766,15,0,0,0,1.0366028469316229,0.0060873990928454365,106,0.0,0.0,0.0
903800,15,776,15,0,0,0,1.0499361802649563,0.0060873990928454365,106,3.0,0.0,34.986681727783576
903900,15,802,15,0,0,0,1.0666028469316229,0.0060873990928454365,106,2.0,0.0,22.4690346533205
904000,14,822,14,0,0,0,1.0810448477738626,0.00612089511452405,106,5.0,1.0,49.21335851896632
904100,14,838,14,0,0,0,1.0881877049167197,0.00612089511452405,106,0.0,0.0,0.0
904200,14,853,14,0,0,0,1.0953305620595768,0.00612089511452405,106,0.0,0.0,0.0
904300,14,865,14,0,0,0,1.1131877049167196,0.00612089511452405,106,0.0,0.0,0.0
904400,14,879,14,0,0,0,1.1203305620595767,0.00612089511452405,106,2.0,0.0,21.31139004715784
904500,14,880,14,0,0,0,1.1381877049167195,0.00612089511452405,106,0.0,0.0,0.0
904600,14,900,14,0,0,0,1.1489019906310054,0.00612089511452405,106,4.0,0.0,42.36721205126078
904700,14,923,14,0,0,0,1.1596162763452913,0.00612089511452405,106,0.0,0.0,0.0
904800,13,940,13,0,0,0,1.1659266136831492,0.005938896559224132,106,0.0,0.0,0.0
904900,13,942,13,0,0,0,1.1736189213754569,0.005938896559224132,106,3.0,0.0,32.56025396104803
905000,12,955,12,0,0,0,1.1994406449783157,0.006244765528123849,106,8.0,1.0,72.8008888636681
905100,12,975,12,0,0,0,1.2119406449783157,0.006244765528123849,106,0.0,0.0,0.0
905200,12,989,12,0,0,0,1.236940644978316,0.006244765528123849,106,0.0,0.0,0.0
905300,12,1002,12,0,0,0,1.2452739783116493,0.006244765528123849,106,2.0,0.0,25.480000000000008
905400,12,1011,12,0,0,0,1.2577739783116493,0.006244765528123849,106,1.0,0.0,11.63569502357892
905500,12,1017,12,0,0,0,1.2702739783116495,0.006244765528123849,106,0.0,0.0,0.0
905600,12,1013,12,0,0,0,1.2869406449783158,0.006244765528123849,106,2.0,0.0,23.024660380548674
905700,12,1032,12,0,0,0,1.2952739783116494,0.006244765528123849,106,0.0,0.0,0.0
905800,12,1054,12,0,0,0,1.320273978311649,0.006244765528123849,106,3.0,0.0,35.640355404127604
905900,11,1051,11,0,0,0,1.348368208431595,0.006812471485226016,106,6.0,1.0,75.46113621297265
906000,11,1066,11,0,0,0,1.3620045720679586,0.006812471485226016,106,0.0,0.0,0.0
906100,11,1093,11,0,0,0,1.3756409357043224,0.006812471485226016,106,0.0,0.0,0.0
906200,11,1121,11,0,0,0,1.3847318447952317,0.006812471485226016,106,0.0,0.0,0.0
906300,10,1144,10,0,0,0,1.401131068421502,0.0070523393166738325,106,0.0,0.0,0.0
906400,10,1175,10,0,0,0,1.411131068421502,0.0070523393166738325,106,0.0,0.0,0.0
906500,10,1215,10,0,0,0,1.421131068421502,0.0070523393166738325,106,4.0,0.0,44.988462449208015
906600,10,1239,10,0,0,0,1.4411310684215017,0.0070523393166738325,106,0.0,0.0,0.0
906700,10,1254,10,0,0,0,1.4561310684215016,0.0070523393166738325,106,0.0,0.0,0.0
906800,10,1271,10,0,0,0,1.4811310684215018,0.0070523393166738325,106,5.0,0.0,56.37350338903016
906900,10,1292,10,0,0,0,1.4861310684215019,0.0070523393166738325,106,4.0,0.0,70.15173740590703
907000,9,1297,9,0,0,0,1.5304525263644768,0.006159813867167097,106,4.0,1.0,37.84708507073677
907100,9,1307,9,0,0,0,1.5582303041422545,0.006159813867167097,106,0.0,0.0,0.0
907200,9,1318,9,0,0,0,1.5860080819200322,0.006159813867167097,106,0.0,0.0,0.0
907300,9,1315,9,0,0,0,1.6082303041422548,0.006159813867167097,106,1.0,0.0,17.05222724259453
907400,8,1322,8,0,0,0,1.6952917332337338,0.004891765691589212,106,0.0,0.0,0.0
907500,8,1338,8,0,0,0,1.7140417332337337,0.004891765691589212,106,0.0,0.0,0.0
907600,8,1369,8,0,0,0,1.7202917332337337,0.004891765691589212,106,0.0,0.0,0.0
907700,8,1392,8,0,0,0,1.7452917332337337,0.004891765691589212,106,0.0,0.0,0.0
907800,8,1417,8,0,0,0,1.7640417332337337,0.004891765691589212,106,0.0,0.0,0.0
907900,8,1443,8,0,0,0,1.7702917332337338,0.004891765691589212,106,0.0,0.0,0.0
908000,8,1487,8,0,0,0,1.7890417332337336,0.004891765691589212,106,4.0,0.0,72.43113374467222
908100,8,1528,8,0,0,0,1.8015417332337338,0.004891765691589212,106,1.0,0.0,18.183339629741585
908200,8,1570,8,0,0,0,1.8140417332337337,0.004891765691589212,106,9.0,0.0,163.84568535514316
908300,6,1629,6,0,0,0,1.8949292046293233,0.0057496226438563955,106,8.0,2.0,88.55407564155979
908400,4,1703,4,0,0,0,1.9713253087246696,0.005780797506367331,106,3.0,1.0,36.19423358532477
908500,4,1769,4,0,0,0,1.9713253087246696,0.005780797506367331,106,3.0,0.0,52.11656377559911
908600,3,1834,3,0,0,0,2.1035245548208406,0.005113543483459435,106,5.0,1.0,77.74809741391321
908700,3,1899,3,0,0,0,2.1201912214875067,0.005113543483459435,106,0.0,0.0,0.0
908800,3,1956,3,0,0,0,2.1368578881541738,0.005113543483459435,106,0.0,0.0,0.0
908900,3,2006,3,0,0,0,2.1535245548208404,0.005113543483459435,106,0.0,0.0,0.0
909000,3,2058,3,0,0,0,2.20352455482084,0.005113543483459435,106,0.0,0.0,0.0
909100,3,2123,3,0,0,0,2.20352455482084,0.005113543483459435,106,0.0,0.0,0.0
909200,3,2180,3,0,0,0,2.20352455482084,0.005113543483459435,106,1.0,0.0,21.251903395050423
909300,185,196,0,0,0,185,0.7778342618933958,0.007120352680648266,107,134.0,11.0,933.2329518321912
909400,139,61,0,0,0,139,0.7862763964549034,0.007301589289074219,107,142.0,13.0,1001.2223738442323
909500,103,52,0,0,0,103,0.7927316490574288,0.00752989803455453,107,144.0,15.0,1019.412893559669
909600,68,71,45,5,18,0,0.8014894522165803,0.007971344960715119,107,62.0,13.0,365.5618264847873
909700,48,101,36,3,9,0,0.8056259787499694,0.007306077278247572,107,28.0,3.0,201.345936869953
909800,43,125,32,3,8,0,0.8137949566603063,0.007430259540112882,107,11.0,1.0,82.72236317057538
909900,39,149,29,3,7,0,0.8159196416566237,0.007559103062753237,107,15.0,2.0,101.25853104939742
910000,33,185,24,2,7,0,0.8237071319145501,0.007422016924641943,107,5.0,0.0,40.80370132788699
910100,31,196,24,1,6,0,0.8269941125043976,0.007471651231046526,107,1.0,0.0,8.557830873587713
910200,31,220,27,1,3,0,0.8302199189560104,0.007471651231046526,107,2.0,0.0,16.8886918220991
910300,30,225,27,0,3,0,0.8462272495878777,0.007679784112193127,107,3.0,0.0,22.361139396031035
910400,30,232,27,0,3,0,0.8545605829212111,0.007679784112193127,107,2.0,0.0,17.364769725013872
910500,30,227,28,0,2,0,0.8595605829212111,0.007679784112193127,107,2.0,0.0,15.788233645437126
910600,29,235,27,0,2,0,0.8626059827781781,0.0077399360407639,107,7.0,1.0,49.58254422886307
910700,29,260,28,0,1,0,0.8746749482954195,0.0077399360407639,107,6.0,0.0,61.486697367705176
910800,28,282,26,0,2,0,0.8730763074333573,0.007940575845177445,107,13.0,0.0,124.31224293129316
910900,28,292,26,0,2,0,0.8820048788619289,0.007940575845177445,107,8.0,0.0,77.36015067665667
911000,27,298,25,0,2,0,0.8872773404789552,0.007557788244038732,107,7.0,0.0,68.84241281935287
911100,27,285,25,0,2,0,0.8946847478863627,0.007557788244038732,107,2.0,0.0,17.10786336991363
911200,27,289,25,0,2,0,0.9057958589974737,0.007557788244038732,107,0.0,0.0,0.0
911300,27,315,25,0,2,0,0.9076477108493256,0.007557788244038732,107,1.0,0.0,7.935993268982879
911400,27,318,25,0,2,0,0.9169069701085848,0.007557788244038732,107,3.0,0.0,30.244079958288708
911500,27,336,26,0,1,0,0.9187588219604367,0.007557788244038732,107,7.0,0.0,66.27296562086894
911600,27,351,26,0,1,0,0.9261662293678441,0.007557788244038732,107,1.0,0.0,9.96065290229531
911700,26,363,25,0,1,0,0.9387110843435303,0.007848472407270992,107,17.0,1.0,132.1592986278521
911800,26,362,25,0,1,0,0.9464033920358379,0.007848472407270992,107,1.0,0.0,9.184137840124665
911900,26,374,26,0,0,0,0.9540956997281457,0.007848472407270992,107,6.0,0.0,55.9273608687086
912000,25,392,25,0,0,0,0.9557928097129877,0.007828570416246235,107,13.0,0.0,120.40034201768451
912100,23,405,23,0,0,0,0.9636086411523447,0.0071325737574777755,107,1.0,0.0,9.184137840124665
912200,23,423,23,0,0,0,0.9679564672393013,0.0071325737574777755,107,1.0,0.0,8.9056285538133
912300,23,420,23,0,0,0,0.9723042933262577,0.0071325737574777755,107,1.0,0.0,10.429233304833316
912400,23,417,23,0,0,0,0.9896955976740839,0.0071325737574777755,107,0.0,0.0,0.0
912500,23,414,23,0,0,0,0.9983912498479969,0.0071325737574777755,107,5.0,0.0,52.88787918675774
912600,22,424,22,0,0,0,0.9994548925268959,0.007298694741510963,107,2.0,0.0,18.368645547203023
912700,22,418,22,0,0,0,1.008545801617805,0.007298694741510963,107,4.0,0.0,38.478123742620454
912800,22,412,22,0,0,0,1.0244548925268961,0.007298694741510963,107,3.0,0.0,28.515993268982886
912900,22,407,22,0,0,0,1.0312730743450778,0.007298694741510963,107,4.0,0.0,39.08738181147145
913000,22,415,22,0,0,0,1.0358185288905324,0.007298694741510963,107,1.0,0.0,8.91599326898288
913100,22,408,22,0,0,0,1.0449094379814414,0.007298694741510963,107,2.0,0.0,22.264846653455393
913200,22,409,22,0,0,0,1.0517276197996233,0.007298694741510963,107,0.0,0.0,0.0
913300,21,418,21,0,0,0,1.0504250589455137,0.0073571139872323195,107,7.0,1.0,65.84545132764909
913400,21,409,21,0,0,0,1.0718536303740853,0.0073571139872323195,107,0.0,0.0,0.0
913500,21,435,21,0,0,0,1.0742345827550377,0.0073571139872323195,107,3.0,0.0,32.96621356364544
913600,21,431,21,0,0,0,1.0837583922788472,0.0073571139872323195,107,6.0,0.0,56.94283074822386
913700,21,460,21,0,0,0,1.0861393446597996,0.0073571139872323195,107,18.0,0.0,173.05166363702864
913800,20,470,20,0,0,0,1.0985884657697045,0.007227589641099247,107,12.0,1.0,102.93526632280934
913900,20,473,20,0,0,0,1.1135884657697046,0.007227589641099247,107,4.0,0.0,42.90644904969284
914000,20,498,20,0,0,0,1.1185884657697047,0.007227589641099247,107,10.0,0.0,110.61882245050424
914100,19,515,19,0,0,0,1.1109243071215296,0.007574904623362269,107,9.0,1.0,95.47172006429604
914200,18,547,18,0,0,0,1.1253587942880583,0.006713706455309153,107,5.0,0.0,57.430361851433126
914300,17,569,17,0,0,0,1.1326119427285009,0.0066606283575413395,107,7.0,1.0,70.34034197348755
914400,17,604,17,0,0,0,1.1414354721402655,0.0066606283575413395,107,2.0,0.0,23.860099673615448
914500,16,626,16,0,0,0,1.1550721861287025,0.007038622514274154,107,0.0,0.0,0.0
914600,16,658,16,0,0,0,1.1613221861287024,0.007038622514274154,107,1.0,0.0,12.141138388764999
914700,16,697,16,0,0,0,1.1769471861287024,0.007038622514274154,107,5.0,0.0,53.95545331568154
914800,16,729,16,0,0,0,1.1831971861287023,0.007038622514274154,107,0.0,0.0,0.0
914900,15,750,15,0,0,0,1.1955816391019263,0.006482460962310596,107,7.0,0.0,85.48667904698655
915000,13,784,13,0,0,0,1.2179788143483765,0.005860830517924529,107,0.0,0.0,0.0
915100,13,804,13,0,0,0,1.2333634297329918,0.005860830517924529,107,1.0,0.0,11.826724981148637
915200,13,838,13,0,0,0,1.2410557374252997,0.005860830517924529,107,0.0,0.0,0.0
915300,13,880,13,0,0,0,1.2487480451176074,0.005860830517924529,107,1.0,0.0,11.31573858161984
915400,13,936,13,0,0,0,1.252594198963761,0.005860830517924529,107,0.0,0.0,0.0
915500,13,991,13,0,0,0,1.2641326605022225,0.005860830517924529,107,0.0,0.0,0.0
915600,13,1046,13,0,0,0,1.2679788143483763,0.005860830517924529,107,2.0,0.0,22.63147716323968
915700,13,1090,13,0,0,0,1.2679788143483763,0.005860830517924529,107,1.0,0.0,12.602423326727697
915800,12,1122,12,0,0,0,1.2737875772496965,0.005964864338250479,107,3.0,0.0,37.807269980183094
915900,12,1154,12,0,0,0,1.2904542439163633,0.005964864338250479,107,2.0,0.0,27.22227677753
916000,11,1198,11,0,0,0,1.3130398795943259,0.005404122091112727,107,0.0,0.0,0.0
916100,11,1231,11,0,0,0,1.3266762432306891,0.005404122091112727,107,0.0,0.0,0.0
916200,11,1262,11,0,0,0,1.3266762432306891,0.005404122091112727,107,10.0,0.0,129.20602756756216
916300,9,1297,9,0,0,0,1.3520342127455747,0.0061135931279835826,107,7.0,1.0,71.11694328312261
916400,8,1354,8,0,0,0,1.3640982237428712,0.005654389443537178,107,2.0,0.0,22.272859725895888
916500,7,1412,7,0,0,0,1.372588369676695,0.0060757799154461545,107,3.0,1.0,28.202276777529995
916600,6,1466,6,0,0,0,1.416884986031847,0.005601916313796848,107,0.0,0.0,0.0
916700,6,1507,6,0,0,0,1.4252183193651806,0.005601916313796848,107,0.0,0.0,0.0
916800,5,1560,5,0,0,0,1.4630696704478559,0.006475615399602247,107,0.0,0.0,0.0
916900,5,1618,5,0,0,0,1.4730696704478559,0.006475615399602247,107,0.0,0.0,0.0
917000,5,1684,5,0,0,0,1.4830696704478559,0.006475615399602247,107,3.0,0.0,34.09797980694864
917100,5,1750,5,0,0,0,1.4930696704478559,0.006475615399602247,107,1.0,0.0,11.136429862947944
917200,4,1815,4,0,0,0,1.5822444895152294,0.007983880043869867,107,0.0,0.0,0.0
917300,4,1892,4,0,0,0,1.5822444895152294,0.007983880043869867,107,0.0,0.0,0.0
917400,2,1964,2,0,0,0,1.5781218482435067,0.006267112582205852,107,0.0,0.0,0.0
917500,199,281,0,0,0,199,0.7627853785976217,0.0064913140075076965,108,52.0,0.0,388.87832927571657
917600,162,61,0,0,0,162,0.7580634744412011,0.006099377339306866,108,205.0,18.0,1404.505377936842
917700,113,69,0,0,0,113,0.7646033991854876,0.005747014535499953,108,105.0,16.0,681.5769708817118
917800,75,67,47,8,20,0,0.7656475775842405,0.0054678384975385816,108,53.0,6.0,362.2538286223048
917900,60,76,42,3,15,0,0.7705055785284842,0.005561586056931503,108,21.0,4.0,124.02499907234159
918000,44,99,32,3,9,0,0.7777887398492545,0.005180396023916314,108,14.0,3.0,79.04488883530405
918100,38,106,28,1,9,0,0.7862614859293338,0.005011430453115137,108,13.0,2.0,91.25949025412228
918200,38,119,30,1,7,0,0.7888930648767022,0.005011430453115137,108,1.0,0.0,7.271378440567022
918300,36,149,29,1,6,0,0.7916598067968318,0.005146878729419821,108,6.0,0.0,45.814847282686664
918400,35,153,30,0,5,0,0.7985643727053127,0.005293932407403244,108,7.0,1.0,48.76720566119281
918500,35,171,29,0,6,0,0.8042786584195984,0.005293932407403244,108,21.0,0.0,164.237634225145
918600,33,190,28,0,5,0,0.8167406201869463,0.005172276730608978,108,13.0,0.0,109.99622087263265
918700,33,200,29,0,4,0,0.8182557717020977,0.005172276730608978,108,11.0,0.0,85.60461667441872
918800,33,206,29,0,4,0,0.8258315292778552,0.005172276730608978,108,7.0,0.0,55.810289300197624
918900,32,208,31,0,1,0,0.8318442562038699,0.005333910378440509,108,7.0,1.0,48.10083459853151
919000,31,209,30,0,1,0,0.8413464238665604,0.005438553873207217,108,11.0,0.0,89.6717297283674
919100,31,228,31,0,0,0,0.8429593270923669,0.005438553873207217,108,9.0,0.0,74.46707436475528
919200,29,263,28,0,1,0,0.8548193706196131,0.005068754332463049,108,10.0,1.0,79.66121105015057
919300,29,281,29,0,0,0,0.8548193706196131,0.005068754332463049,108,9.0,0.0,73.65601268532346
919400,27,298,27,0,0,0,0.8596854713956422,0.005221724976147878,108,10.0,0.0,75.6859113788236
919500,27,310,27,0,0,0,0.8652410269511975,0.005221724976147878,108,3.0,0.0,27.457426876196624
919600,26,321,26,0,0,0,0.876526478286693,0.005420158674132951,108,7.0,0.0,66.37345457294236
919700,26,329,25,0,1,0,0.8803726321328467,0.005420158674132951,108,8.0,0.0,72.15454024645281
919800,26,340,25,0,1,0,0.8842187859790005,0.005420158674132951,108,8.0,0.0,75.01453648949638
919900,25,365,24,0,1,0,0.8882858364431075,0.005636965021098269,108,6.0,1.0,46.23005151191667
920000,25,377,24,0,1,0,0.8962858364431077,0.005636965021098269,108,13.0,0.0,109.15729475131299
920100,24,354,24,0,0,0,0.9045326850887117,0.005687441845235596,108,7.0,1.0,56.5348813587858
920200,23,373,23,0,0,0,0.9168287749613332,0.005816414269979284,108,5.0,1.0,33.26740364836294
920300,23,404,23,0,0,0,0.9211766010482897,0.005816414269979284,108,2.0,0.0,17.607319876424935
920400,22,391,22,0,0,0,0.9370481451330371,0.00576175163961673,108,5.0,1.0,32.163405809996526
920500,21,386,21,0,0,0,0.9454086485141812,0.005805115880515363,108,5.0,0.0,46.63780342657412
920600,21,392,21,0,0,0,0.9549324580379907,0.005805115880515363,108,5.0,0.0,48.03081505784307
920700,21,391,21,0,0,0,0.9596943627998955,0.005805115880515363,108,0.0,0.0,0.0
920800,21,391,21,0,0,0,0.9668372199427527,0.005805115880515363,108,0.0,0.0,0.0
920900,20,398,20,0,0,0,0.9784827767286716,0.005826876240933754,108,3.0,0.0,29.77643353330079
921000,20,431,20,0,0,0,0.9834827767286715,0.005826876240933754,108,3.0,0.0,26.265970049876188
921100,20,435,20,0,0,0,0.9909827767286716,0.005826876240933754,108,1.0,0.0,9.31
921200,20,429,20,0,0,0,1.0034827767286716,0.005826876240933754,108,0.0,0.0,0.0
921300,20,433,20,0,0,0,1.0134827767286718,0.005826876240933754,108,5.0,0.0,46.43304689700969
921400,20,421,20,0,0,0,1.0284827767286717,0.005826876240933754,108,0.0,0.0,0.0
921500,20,413,20,0,0,0,1.040982776728672,0.005826876240933754,108,0.0,0.0,0.0
921600,20,422,20,0,0,0,1.0459827767286716,0.005826876240933754,108,10.0,0.0,94.9506831269597
921700,19,416,19,0,0,0,1.0629674819426564,0.00548203176537852,108,5.0,1.0,44.143874301442835
921800,19,396,19,0,0,0,1.078756955626867,0.00548203176537852,108,0.0,0.0,0.0
921900,18,378,18,0,0,0,1.094243453161693,0.005609457794394148,108,1.0,0.0,10.815188275188746
922000,18,378,18,0,0,0,1.0997990087172484,0.005609457794394148,108,0.0,0.0,0.0
922100,18,395,18,0,0,0,1.1025767864950262,0.005609457794394148,108,2.0,0.0,23.52766266618393
922200,18,412,18,0,0,0,1.1109101198283595,0.005609457794394148,108,0.0,0.0,0.0
922300,18,427,18,0,0,0,1.1275767864950261,0.005609457794394148,108,0.0,0.0,0.0
922400,18,446,18,0,0,0,1.130354564272804,0.005609457794394148,108,7.0,0.0,68.90424775736744
922500,18,470,18,0,0,0,1.1414656753839152,0.005609457794394148,108,0.0,0.0,0.0
922600,18,482,18,0,0,0,1.155354564272804,0.005609457794394148,108,0.0,0.0,0.0
922700,18,501,18,0,0,0,1.1609101198283596,0.005609457794394148,108,2.0,0.0,22.199600397527906
922800,18,521,18,0,0,0,1.1636878976061373,0.005609457794394148,108,1.0,0.0,9.510851452499132
922900,18,539,18,0,0,0,1.1720212309394706,0.005609457794394148,108,3.0,0.0,34.76940059629186
923000,18,577,18,0,0,0,1.1775767864950262,0.005609457794394148,108,5.0,0.0,62.45847045411612
923100,16,606,16,0,0,0,1.1964534023371143,0.005874175286576908,108,9.0,2.0,88.45040760483754
923200,16,642,16,0,0,0,1.2058284023371144,0.005874175286576908,108,9.0,0.0,105.53727351438656
923300,16,675,16,0,0,0,1.2308284023371145,0.005874175286576908,108,10.0,0.0,109.41614081042616
923400,16,702,16,0,0,0,1.2308284023371145,0.005874175286576908,108,13.0,0.0,147.30818866659035
923500,16,745,16,0,0,0,1.2370784023371146,0.005874175286576908,108,7.0,0.0,81.64242037275854
923600,16,776,16,0,0,0,1.2402034023371145,0.005874175286576908,108,5.0,0.0,48.92092733286513
923700,15,814,15,0,0,0,1.2467229310027448,0.005672256120368846,108,13.0,1.0,156.02181041876443
923800,15,841,15,0,0,0,1.2633895976694116,0.005672256120368846,108,4.0,0.0,46.363576171533545
923900,15,874,15,0,0,0,1.2700562643360782,0.005672256120368846,108,2.0,0.0,29.130222276422778
924000,15,907,15,0,0,0,1.276722931002745,0.005672256120368846,108,1.0,0.0,13.912621885043515
924100,15,959,15,0,0,0,1.2800562643360784,0.005672256120368846,108,8.0,0.0,113.91093209301962
924200,14,984,14,0,0,0,1.2807991907606413,0.006006233413528009,108,15.0,1.0,179.73498563819857
924300,13,1019,13,0,0,0,1.3007799483245166,0.0057888633360854485,108,8.0,1.0,85.48379963628103
924400,12,1069,12,0,0,0,1.319213623890422,0.006271268614092569,108,11.0,1.0,135.68944326780775
924500,12,1107,12,0,0,0,1.327546957223755,0.006271268614092569,108,0.0,0.0,0.0
924600,12,1142,12,0,0,0,1.3317136238904217,0.006271268614092569,108,1.0,0.0,13.961694090823224
924700,12,1179,12,0,0,0,1.3400469572237552,0.006271268614092569,108,1.0,0.0,12.285188275188746
924800,11,1224,11,0,0,0,1.3301318367416588,0.005192235076296946,108,4.0,1.0,33.9099014814397
924900,10,1274,10,0,0,0,1.3431450204158246,0.004156620211527549,108,8.0,0.0,95.38119969394147
925000,9,1329,9,0,0,0,1.3753391327317186,0.004618466901697277,108,1.0,0.0,13.97596857536071
925100,8,1381,8,0,0,0,1.3614770455194667,0.00431432460081485,108,0.0,0.0,0.0
925200,6,1448,6,0,0,0,1.3989644143467226,0.005284896612531644,108,5.0,2.0,38.7588001010423
925300,6,1497,6,0,0,0,1.4239644143467227,0.005284896612531644,108,0.0,0.0,0.0
925400,5,1552,5,0,0,0,1.433533448739318,0.006341875935037973,108,0.0,0.0,0.0
925500,4,1616,4,0,0,0,1.513821755415161,0.004663949078007548,108,0.0,0.0,0.0
925600,3,1685,3,0,0,0,1.5102081197772474,0.004113236986492811,108,3.0,1.0,27.511401486729344
925700,3,1756,3,0,0,0,1.5102081197772474,0.004113236986492811,108,0.0,0.0,0.0
925800,3,1829,3,0,0,0,1.5268747864439145,0.004113236986492811,108,0.0,0.0,0.0
925900,2,1897,2,0,0,0,1.6118634639654896,0.004046665758400396,108,0.0,0.0,0.0
926000,2,1967,2,0,0,0,1.6118634639654896,0.004046665758400396,108,0.0,0.0,0.0
926100,2,2032,2,0,0,0,1.6118634639654896,0.004046665758400396,108,0.0,0.0,0.0
926200,192,177,0,0,0,192,0.7643667060772327,0.004161494543899692,109,91.0,4.0,650.4207987831122
926300,149,38,0,0,0,149,0.7683554595706003,0.004361151108505056,109,186.0,15.0,1268.709694599338
926400,103,52,0,0,0,103,0.7791051895401664,0.004383637933741569,109,84.0,15.0,512.8633311446865
926500,62,70,47,6,9,0,0.7891906053928293,0.004425842793093086,109,56.0,6.0,368.6650133483877
926600,44,96,34,3,7,0,0.8004535719704052,0.0047144284746961215,109,13.0,5.0,66.42578947072684
926700,39,121,31,2,6,0,0.8101968120679152,0.00488849602486519,109,12.0,1.0,94.80015206509441
926800,38,130,32,1,5,0,0.8119083333709458,0.0049751793633527495,109,16.0,0.0,124.25814371927292
926900,36,150,31,0,5,0,0.8158206933557807,0.004866424978170547,109,3.0,0.0,23.986641488414048
927000,31,174,27,0,4,0,0.8165252272381072,0.005168906310083792,109,15.0,2.0,120.04742156141627
927100,28,205,26,0,2,0,0.8276200127565568,0.005382878928356961,109,9.0,1.0,73.08501495264672
927200,27,210,25,0,2,0,0.839754087303096,0.005203166867257092,109,8.0,1.0,55.7059529499888
927300,27,230,25,0,2,0,0.8471614947105033,0.005203166867257092,109,0.0,0.0,0.0
927400,27,238,25,0,2,0,0.8545689021179108,0.005203166867257092,109,5.0,0.0,48.37579660283137
927500,27,253,26,0,1,0,0.8638281613771701,0.005203166867257092,109,6.0,0.0,52.12195991131564
927600,26,277,25,0,1,0,0.8674042315190269,0.005325796550239081,109,4.0,0.0,33.08334410340584
927700,24,314,24,0,0,0,0.865583420451614,0.005223466048699756,109,4.0,2.0,20.069389739801593
927800,24,322,24,0,0,0,0.8739167537849474,0.005223466048699756,109,0.0,0.0,0.0
927900,23,344,23,0,0,0,0.8775851604695062,0.005084817087768092,109,2.0,0.0,17.168785022953685
928000,23,333,23,0,0,0,0.8884547256868975,0.005084817087768092,109,8.0,0.0,73.47901709052834
928100,23,351,23,0,0,0,0.8949764648173322,0.005084817087768092,109,1.0,0.0,9.312365458385862
928200,23,353,23,0,0,0,0.8993242909042888,0.005084817087768092,109,0.0,0.0,0.0
928300,23,365,23,0,0,0,0.9101938561216801,0.005084817087768092,109,1.0,0.0,7.577128648274453
928400,23,367,23,0,0,0,0.9210634213390713,0.005084817087768092,109,12.0,0.0,104.36779498819405
928500,23,382,23,0,0,0,0.9254112474260276,0.005084817087768092,109,5.0,0.0,42.49470316367422
928600,23,403,23,0,0,0,0.9341068995999409,0.005084817087768092,109,2.0,0.0,15.154257296548906
928700,23,416,23,0,0,0,0.9428025517738539,0.005084817087768092,109,8.0,0.0,71.21771166092493
928800,23,427,23,0,0,0,0.9558460300347236,0.005084817087768092,109,0.0,0.0,0.0
928900,23,432,23,0,0,0,0.9623677691651583,0.005084817087768092,109,0.0,0.0,0.0
929000,23,429,23,0,0,0,0.9710634213390713,0.005084817087768092,109,0.0,0.0,0.0
929100,23,429,23,0,0,0,0.9775851604695063,0.005084817087768092,109,7.0,0.0,68.1640878186774
929200,23,418,23,0,0,0,0.9841068995999411,0.005084817087768092,109,1.0,0.0,8.067128648274453
929300,23,404,23,0,0,0,0.9949764648173324,0.005084817087768092,109,4.0,0.0,40.67189061785709
929400,23,399,23,0,0,0,1.0101938561216803,0.005084817087768092,109,2.0,0.0,20.30789192271582
929500,22,409,22,0,0,0,1.0181479994140146,0.00516931547821571,109,6.0,0.0,53.31338213651529
929600,22,421,22,0,0,0,1.0249661812321964,0.00516931547821571,109,16.0,0.0,163.29746010703272
929700,22,427,22,0,0,0,1.0363298175958329,0.00516931547821571,109,10.0,0.0,87.67538691655093
929800,22,407,22,0,0,0,1.045420726686742,0.00516931547821571,109,0.0,0.0,0.0
929900,22,424,22,0,0,0,1.052238908504924,0.00516931547821571,109,4.0,0.0,43.15505177218916
930000,22,415,22,0,0,0,1.0567843630503784,0.00516931547821571,109,0.0,0.0,0.0
930100,22,406,22,0,0,0,1.0658752721412876,0.00516931547821571,109,1.0,0.0,8.826141917668702
930200,22,384,22,0,0,0,1.0840570903231057,0.00516931547821571,109,0.0,0.0,0.0
930300,21,371,21,0,0,0,1.0974081649642886,0.0054154733581307435,109,6.0,1.0,61.66447157919148
930400,21,378,21,0,0,0,1.1021700697261934,0.0054154733581307435,109,14.0,0.0,159.63883931686505
930500,21,375,21,0,0,0,1.1116938792500028,0.0054154733581307435,109,7.0,0.0,72.94872857500518
930600,21,378,21,0,0,0,1.1235986411547647,0.0054154733581307435,109,5.0,0.0,59.03713439481935
930700,21,409,21,0,0,0,1.1307414982976218,0.0054154733581307435,109,7.0,0.0,76.6794688428102
930800,20,429,20,0,0,0,1.1325267682305336,0.005323551878361109,109,1.0,0.0,9.835279345067061
930900,20,453,20,0,0,0,1.1425267682305336,0.005323551878361109,109,1.0,0.0,12.921783598704836
931000,20,478,20,0,0,0,1.1475267682305337,0.005323551878361109,109,0.0,0.0,0.0
931100,20,493,20,0,0,0,1.1575267682305337,0.005323551878361109,109,4.0,0.0,46.584345984370486
931200,20,528,20,0,0,0,1.1625267682305336,0.005323551878361109,109,3.0,0.0,34.08370716411545
931300,19,548,19,0,0,0,1.1674729483054764,0.005603738819327483,109,17.0,0.0,178.34250253899518
931400,18,575,18,0,0,0,1.1649969937409859,0.005659473992687079,109,1.0,0.0,9.835279345067061
931500,18,582,18,0,0,0,1.1677747715187639,0.005659473992687079,109,4.0,0.0,47.55457519909525
931600,18,600,18,0,0,0,1.1816636604076525,0.005659473992687079,109,2.0,0.0,24.418636603228045
931700,18,620,18,0,0,0,1.187219215963208,0.005659473992687079,109,3.0,0.0,39.62307623122422
931800,17,644,17,0,0,0,1.1776296772960626,0.005653408616487837,109,9.0,1.0,96.13830079638097
931900,17,687,17,0,0,0,1.1893943831784155,0.005653408616487837,109,3.0,0.0,36.0046948699008
932000,17,724,17,0,0,0,1.1923355596490042,0.005653408616487837,109,6.0,0.0,71.54000000000002
932100,17,762,17,0,0,0,1.2011590890607686,0.005653408616487837,109,1.0,0.0,11.777926419802654
932200,16,801,16,0,0,0,1.2058406673340334,0.006006746655018326,109,1.0,0.0,11.305279345067062
932300,16,849,16,0,0,0,1.2089656673340334,0.006006746655018326,109,4.0,0.0,45.08000000000001
932400,15,873,15,0,0,0,1.2095633784896358,0.006407196432019549,109,7.0,1.0,73.25594530892856
932500,13,922,13,0,0,0,1.198672482446467,0.005822309525288656,109,3.0,0.0,35.38583803520118
932600,12,978,12,0,0,0,1.2207919385738957,0.005900908017596716,109,1.0,0.0,11.760000000000002
932700,12,1027,12,0,0,0,1.2207919385738957,0.005900908017596716,109,0.0,0.0,0.0
932800,12,1077,12,0,0,0,1.2291252719072292,0.005900908017596716,109,0.0,0.0,0.0
932900,10,1127,10,0,0,0,1.2416812384853215,0.006034821079844782,109,1.0,0.0,11.79527934506706
933000,10,1172,10,0,0,0,1.2416812384853215,0.006034821079844782,109,2.0,0.0,22.44487183758933
933100,10,1215,10,0,0,0,1.2566812384853216,0.006034821079844782,109,3.0,0.0,39.68064017882935
933200,10,1268,10,0,0,0,1.2566812384853216,0.006034821079844782,109,2.0,0.0,23.520000000000003
933300,10,1314,10,0,0,0,1.2566812384853216,0.006034821079844782,109,0.0,0.0,0.0
933400,10,1374,10,0,0,0,1.2666812384853217,0.006034821079844782,109,5.0,0.0,61.29925869370348
933500,9,1430,9,0,0,0,1.2627759064825268,0.006705356755383091,109,0.0,0.0,0.0
933600,9,1476,9,0,0,0,1.2794425731491936,0.006705356755383091,109,1.0,0.0,13.464694869900798
933700,8,1536,8,0,0,0,1.2831228947928428,0.006813270198649347,109,6.0,0.0,76.70186597229343
933800,7,1602,7,0,0,0,1.2824907040421951,0.007786594512742111,109,0.0,0.0,0.0
933900,5,1670,5,0,0,0,1.2646416537665064,0.007520192773687262,109,4.0,1.0,36.79925869370348
934000,3,1723,3,0,0,0,1.2497532709067352,0.00813939214791275,109,0.0,0.0,0.0
934100,3,1792,3,0,0,0,1.266419937573402,0.00813939214791275,109,0.0,0.0,0.0
934200,3,1859,3,0,0,0,1.266419937573402,0.00813939214791275,109,0.0,0.0,0.0
934300,2,1924,2,0,0,0,1.2459842552120997,0.009554719970181787,109,0.0,0.0,0.0
934400,2,2004,2,0,0,0,1.2709842552120998,0.009554719970181787,109,0.0,0.0,0.0
934500,2,2081,2,0,0,0,1.2709842552120998,0.009554719970181787,109,0.0,0.0,0.0
934600,177,80,0,0,0,177,0.7819956261374833,0.009147583907816035,110,222.0,16.0,1585.5717000437867
934700,155,47,0,0,0,155,0.7843425144563761,0.00925329637842626,110,97.0,6.0,736.4996029130865
934800,116,46,0,0,0,116,0.7909958994237034,0.008777655498523974,110,82.0,9.0,565.739542848399
934900,79,61,53,9,17,0,0.8026225956448976,0.008388488913877975,110,32.0,10.0,174.66445070457706
935000,58,74,39,4,15,0,0.8014590893266584,0.0088761094899734,110,33.0,6.0,211.13619374631315
935100,49,97,32,3,14,0,0.8017703784120751,0.00851273628387618,110,11.0,2.0,77.7770729335626
935200,47,110,35,3,9,0,0.7978750801960616,0.00841725254881821,110,6.0,1.0,37.8532157856273
935300,41,135,31,4,6,0,0.8051484342566885,0.008185978782501,110,22.0,3.0,164.82785121451565
935400,39,151,32,1,6,0,0.8034647120610814,0.007694285440985122,110,13.0,0.0,106.13082603140121
935500,36,175,29,1,6,0,0.8052611631140402,0.008134064904116061,110,19.0,3.0,130.0766151837701
935600,36,205,30,1,5,0,0.8080389408918178,0.008134064904116061,110,2.0,0.0,15.199685593516328
935700,34,220,30,1,3,0,0.8200409828816828,0.007976751429099972,110,10.0,2.0,71.56829546704893
935800,34,234,32,0,2,0,0.8288645122934474,0.007976751429099972,110,1.0,0.0,7.69201512287548
935900,34,253,32,0,2,0,0.8376880417052122,0.007976751429099972,110,3.0,0.0,23.02584520217847
936000,33,282,31,0,2,0,0.8455760736017218,0.008112333511121072,110,7.0,0.0,61.0071233188745
936100,33,281,31,0,2,0,0.857697285722934,0.008112333511121072,110,4.0,0.0,30.672641898052056
936200,32,286,30,0,2,0,0.861192034879243,0.00826176444360675,110,4.0,1.0,22.61052265307925
936300,32,287,30,0,2,0,0.8674420348792429,0.00826176444360675,110,5.0,0.0,41.63413223393428
936400,30,287,29,0,1,0,0.8730337073683352,0.008235765709332864,110,18.0,1.0,148.29893211769254
936500,29,307,29,0,0,0,0.8818611290214264,0.008076376933106129,110,8.0,0.0,75.4773844320841
936600,29,323,29,0,0,0,0.8870335428145297,0.008076376933106129,110,3.0,0.0,25.10975080931439
936700,29,328,29,0,0,0,0.8956542324697022,0.008076376933106129,110,3.0,0.0,24.89906714544254
936800,29,338,29,0,0,0,0.9008266462628057,0.008076376933106129,110,5.0,0.0,44.660051298707316
936900,29,346,29,0,0,0,0.9077231979869438,0.008076376933106129,110,3.0,0.0,24.26146538325665
937000,29,360,29,0,0,0,0.9163438876421162,0.008076376933106129,110,12.0,0.0,96.06734354254017
937100,29,359,29,0,0,0,0.9249645772972886,0.008076376933106129,110,4.0,0.0,41.52141134952997
937200,29,359,29,0,0,0,0.9249645772972886,0.008076376933106129,110,3.0,0.0,24.272207901571242
937300,29,365,29,0,0,0,0.933585266952461,0.008076376933106129,110,9.0,0.0,80.14823947356864
937400,28,374,28,0,0,0,0.9446071166142838,0.008282890568111306,110,17.0,1.0,146.4764874124114
937500,28,384,28,0,0,0,0.951749973757141,0.008282890568111306,110,8.0,0.0,69.89840469847509
937600,27,376,27,0,0,0,0.9642145315001424,0.008589664292856167,110,2.0,0.0,17.11968904848085
937700,27,395,27,0,0,0,0.9679182352038461,0.008589664292856167,110,3.0,0.0,29.905905839676734
937800,27,407,27,0,0,0,0.9734737907594018,0.008589664292856167,110,3.0,0.0,27.566218981321448
937900,26,432,26,0,0,0,0.9767611366551677,0.007863911921059676,110,2.0,0.0,22.570443569472857
938000,26,453,26,0,0,0,0.9825303674243985,0.007863911921059676,110,3.0,0.0,25.11625821439827
938100,26,469,26,0,0,0,0.9902226751167063,0.007863911921059676,110,2.0,0.0,15.68
938200,26,496,26,0,0,0,0.9921457520397833,0.007863911921059676,110,1.0,0.0,9.279689048480849
938300,25,503,25,0,0,0,1.0054201665107283,0.008151629370108361,110,12.0,1.0,105.34810735373196
938400,24,520,24,0,0,0,1.0105665425259662,0.008491280593862876,110,6.0,0.0,57.47551552417578
938500,24,544,24,0,0,0,1.016816542525966,0.008491280593862876,110,9.0,0.0,86.52042968245767
938600,22,564,22,0,0,0,1.0246304975115395,0.007729886648182516,110,19.0,2.0,147.1063677067468
938700,21,572,21,0,0,0,1.0410045927828624,0.00809797648857216,110,14.0,1.0,116.25772067494927
938800,20,590,20,0,0,0,1.0553511645830356,0.007754205561801908,110,1.0,0.0,9.769689048480847
938900,20,627,20,0,0,0,1.0578511645830355,0.007754205561801908,110,0.0,0.0,0.0
939000,19,650,19,0,0,0,1.0727667051018128,0.008131233396701042,110,8.0,1.0,62.4239650184364
939100,19,665,19,0,0,0,1.0859245998386549,0.008131233396701042,110,3.0,0.0,31.211236830619598
939200,19,687,19,0,0,0,1.0885561787860232,0.008131233396701042,110,2.0,0.0,20.7354776038309
939300,19,717,19,0,0,0,1.09381933668076,0.008131233396701042,110,4.0,0.0,42.71990107949976
939400,19,736,19,0,0,0,1.1043456524702338,0.008131233396701042,110,0.0,0.0,0.0
939500,19,725,19,0,0,0,1.1122403893123392,0.008131233396701042,110,4.0,0.0,40.60932878792053
939600,19,745,19,0,0,0,1.1253982840491812,0.008131233396701042,110,8.0,0.0,75.8263189313213
939700,19,764,19,0,0,0,1.1332930208912864,0.008131233396701042,110,0.0,0.0,0.0
939800,18,794,18,0,0,0,1.1464255750650607,0.00833207960240333,110,5.0,1.0,59.391624305663846
939900,18,827,18,0,0,0,1.1519811306206162,0.00833207960240333,110,0.0,0.0,0.0
940000,18,834,18,0,0,0,1.1547589083983938,0.00833207960240333,110,8.0,0.0,86.39542402894094
940100,18,846,18,0,0,0,1.1714255750650606,0.00833207960240333,110,3.0,0.0,35.94919898120029
940200,18,872,18,0,0,0,1.179758908398394,0.00833207960240333,110,0.0,0.0,0.0
940300,18,899,18,0,0,0,1.1880922417317274,0.00833207960240333,110,4.0,0.0,46.995502131751714
940400,18,932,18,0,0,0,1.1936477972872828,0.00833207960240333,110,1.0,0.0,12.414079376885395
940500,18,954,18,0,0,0,1.2047589083983938,0.00833207960240333,110,1.0,0.0,12.926995600495152
940600,18,975,18,0,0,0,1.2047589083983938,0.00833207960240333,110,1.0,0.0,11.253705997581067
940700,18,1010,18,0,0,0,1.2103144639539496,0.00833207960240333,110,8.0,0.0,99.80584913258647
940800,16,1061,16,0,0,0,1.2200472118413175,0.00850791754648484,110,11.0,1.0,113.5397637069627
940900,16,1110,16,0,0,0,1.2262972118413173,0.00850791754648484,110,1.0,0.0,12.904079376885393
941000,16,1164,16,0,0,0,1.2262972118413173,0.00850791754648484,110,6.0,0.0,75.37520530506607
941100,16,1213,16,0,0,0,1.2450472118413174,0.00850791754648484,110,1.0,0.0,11.122015122875483
941200,15,1250,15,0,0,0,1.2394727390149824,0.00793165875130871,110,12.0,0.0,151.14930294715873
941300,15,1298,15,0,0,0,1.2494727390149827,0.00793165875130871,110,4.0,0.0,46.0427178162885
941400,14,1347,14,0,0,0,1.2612279702064646,0.008498205804973619,110,3.0,0.0,38.49401045219336
941500,14,1403,14,0,0,0,1.2719422559207503,0.008498205804973619,110,5.0,0.0,68.6989400178761
941600,13,1455,13,0,0,0,1.2767093267188296,0.009151913943817742,110,12.0,0.0,152.56142393388487
941700,11,1515,11,0,0,0,1.3117903211292121,0.008351783561777713,110,0.0,0.0,0.0
941800,10,1581,10,0,0,0,1.3134465487852096,0.007561045314939348,110,5.0,1.0,52.292602327690595
941900,10,1636,10,0,0,0,1.3134465487852096,0.007561045314939348,110,8.0,0.0,115.92996993843636
942000,9,1688,9,0,0,0,1.313080299365818,0.00840116146104372,110,6.0,1.0,64.80551905486095
942100,9,1737,9,0,0,0,1.3186358549213737,0.00840116146104372,110,0.0,0.0,0.0
942200,8,1794,8,0,0,0,1.3243701030229387,0.009451306643674185,110,0.0,0.0,0.0
942300,6,1847,6,0,0,0,1.3380889782947893,0.0092383184441547,110,4.0,1.0,36.64948769137334
942400,5,1904,5,0,0,0,1.3718936946810993,0.010187275619847593,110,3.0,0.0,38.267417767961504
942500,5,1965,5,0,0,0,1.3718936946810993,0.010187275619847593,110,0.0,0.0,0.0
942600,4,2032,4,0,0,0,1.390421178777511,0.012596336970558718,110,0.0,0.0,0.0
942700,4,2103,4,0,0,0,1.4029211787775109,0.012596336970558718,110,0.0,0.0,0.0
942800,3,2173,3,0,0,0,1.397534510462016,0.015374900970261873,110,0.0,0.0,0.0
942900,3,2237,3,0,0,0,1.4308678437953495,0.015374900970261873,110,0.0,0.0,0.0
943000,3,2303,3,0,0,0,1.4308678437953495,0.015374900970261873,110,0.0,0.0,0.0
943100,2,2362,2,0,0,0,1.4280356594816057,0.013918120363036638,110,3.0,0.0,41.059627527051475
943200,2,2433,2,0,0,0,1.4280356594816057,0.013918120363036638,110,0.0,0.0,0.0
943300,187,156,0,0,0,187,0.8438473884676808,0.011537566024118739,111,130.0,9.0,1028.973440230957
943400,150,51,0,0,0,150,0.8524826934249677,0.011514571632234502,111,196.0,17.0,1562.9581081287567
943500,120,43,0,0,0,120,0.8399898027346319,0.011822180733553749,111,92.0,9.0,711.6224282888701
943600,88,44,54,5,29,0,0.8486943055715003,0.012078778599224904,111,86.0,14.0,603.3202646481019
943700,71,49,37,7,27,0,0.8512863231869359,0.012430481554932244,111,44.0,8.0,303.14274723995317
943800,64,81,36,7,21,0,0.8456534983160404,0.012413715494791318,111,25.0,2.0,187.9921552965207
943900,52,87,31,6,15,0,0.8433633783112,0.012746184234076426,111,27.0,4.0,192.70407624710447
944000,45,108,26,3,16,0,0.8530763912230233,0.012736007163631307,111,23.0,3.0,152.97238399927951
944100,44,135,28,1,15,0,0.8554111212169889,0.012647023319693928,111,14.0,0.0,121.31095387246872
944200,43,151,32,1,10,0,0.8545851889736737,0.012830942291984036,111,4.0,0.0,41.60176264183978
944300,41,171,32,1,8,0,0.8525100048303466,0.012908204874828086,111,6.0,1.0,47.69846081053557
944400,41,199,34,1,6,0,0.8537295170254686,0.012908204874828086,111,8.0,0.0,69.89769518724665
944500,38,207,30,1,7,0,0.8630350317784764,0.012799570805612871,111,39.0,2.0,300.36522862289934
944600,36,212,30,1,5,0,0.8740118601734267,0.012621729016422303,111,10.0,1.0,89.23405939486938
944700,35,242,30,0,5,0,0.8831309034297107,0.01247791210617149,111,11.0,1.0,85.70854424857625
944800,35,251,31,0,4,0,0.894559474858282,0.01247791210617149,111,7.0,0.0,75.55323135802453
944900,35,251,31,0,4,0,0.9017023320011391,0.01247791210617149,111,4.0,0.0,34.92755923289572
945000,35,274,32,0,3,0,0.904559474858282,0.01247791210617149,111,4.0,0.0,37.320059648735565
945100,35,295,33,0,2,0,0.9088451891439963,0.01247791210617149,111,5.0,0.0,53.46051418543447
945200,34,310,31,0,3,0,0.9154640556701334,0.012805966137312363,111,7.0,0.0,57.294566179839826
945300,34,338,31,0,3,0,0.9184052321407217,0.012805966137312363,111,12.0,0.0,123.64245479628107
945400,32,327,30,0,2,0,0.9237840400605606,0.013299770074889545,111,11.0,1.0,87.91701631299259
945500,32,336,30,0,2,0,0.9284715400605605,0.013299770074889545,111,12.0,0.0,121.15458021621512
945600,32,347,30,0,2,0,0.9362840400605605,0.013299770074889545,111,0.0,0.0,0.0
945700,32,340,31,0,1,0,0.9409715400605606,0.013299770074889545,111,1.0,0.0,10.479481231601804
945800,32,357,31,0,1,0,0.9487840400605606,0.013299770074889545,111,2.0,0.0,15.984865924939793
945900,32,374,31,0,1,0,0.9534715400605607,0.013299770074889545,111,6.0,0.0,65.04570707264051
946000,31,380,30,0,1,0,0.9550285668930051,0.01308996383753537,111,7.0,0.0,71.2953281405396
946100,29,383,28,0,1,0,0.9581954415450838,0.012955134363733689,111,6.0,1.0,46.577761842171284
946200,29,377,28,0,1,0,0.9668161312002562,0.012955134363733689,111,0.0,0.0,0.0
946300,29,391,28,0,1,0,0.9754368208554286,0.012955134363733689,111,8.0,0.0,83.83584985281443
946400,29,407,28,0,1,0,0.9823333725795667,0.012955134363733689,111,1.0,0.0,7.477461043971542
946500,29,423,28,0,1,0,0.9840575105106011,0.012955134363733689,111,1.0,0.0,7.84
946600,29,434,28,0,1,0,0.9944023380968081,0.012955134363733689,111,7.0,0.0,66.95245779826323
946700,29,452,28,0,1,0,0.9961264760278425,0.012955134363733689,111,2.0,0.0,15.68
946800,28,469,27,0,1,0,1.0153527507049434,0.012822240014205599,111,7.0,1.0,53.260082419527805
946900,28,491,27,0,1,0,1.018924179276372,0.012822240014205599,111,5.0,0.0,53.5884442646489
947000,28,483,27,0,1,0,1.0224956078478005,0.012822240014205599,111,0.0,0.0,0.0
947100,28,499,27,0,1,0,1.0296384649906576,0.012822240014205599,111,4.0,0.0,40.87590473877696
947200,28,510,27,0,1,0,1.0332098935620861,0.012822240014205599,111,2.0,0.0,16.283109982335144
947300,28,514,27,0,1,0,1.0403527507049433,0.012822240014205599,111,0.0,0.0,0.0
947400,28,533,28,0,0,0,1.0492813221335147,0.012822240014205599,111,2.0,0.0,20.710001439386645
947500,27,518,27,0,0,0,1.0555099352550894,0.013297137792509513,111,6.0,0.0,57.45762020324282
947600,27,523,27,0,0,0,1.061065490810645,0.013297137792509513,111,6.0,0.0,55.1890823084671
947700,27,531,27,0,0,0,1.0647691945143487,0.013297137792509513,111,4.0,0.0,36.44904580444515
947800,27,536,27,0,0,0,1.070324750069904,0.013297137792509513,111,3.0,0.0,29.001663282764824
947900,27,512,27,0,0,0,1.0888432685884224,0.013297137792509513,111,11.0,0.0,98.41871667602089
948000,27,489,27,0,0,0,1.09625067599583,0.013297137792509513,111,2.0,0.0,16.660000000000004
948100,27,452,27,0,0,0,1.1055099352550892,0.013297137792509513,111,4.0,0.0,48.48512852268028
948200,26,465,26,0,0,0,1.1084953408937561,0.013272097996980075,111,12.0,0.0,134.52501853960436
948300,25,467,25,0,0,0,1.11597504530296,0.013713568476204682,111,8.0,1.0,87.75199186637484
948400,23,475,23,0,0,0,1.1363639088520572,0.013898807018367572,111,5.0,1.0,39.2
948500,23,483,23,0,0,0,1.1385378218955353,0.013898807018367572,111,2.0,0.0,20.256669407246438
948600,23,504,23,0,0,0,1.1494073871129267,0.013898807018367572,111,0.0,0.0,0.0
948700,23,523,23,0,0,0,1.151581300156405,0.013898807018367572,111,0.0,0.0,0.0
948800,21,543,21,0,0,0,1.1554219732100326,0.014560530624925424,111,8.0,1.0,83.91630437473077
948900,21,560,21,0,0,0,1.1720886398766994,0.014560530624925424,111,8.0,0.0,78.5573708171597
949000,20,596,20,0,0,0,1.1841545259972304,0.013978909901400095,111,4.0,1.0,29.376036196226558
949100,19,627,19,0,0,0,1.1712112120252878,0.013577772470673915,111,7.0,1.0,65.64504735468148
949200,19,669,19,0,0,0,1.1738427909726563,0.013577772470673915,111,4.0,0.0,51.32444253285897
949300,19,712,19,0,0,0,1.1764743699200246,0.013577772470673915,111,4.0,0.0,51.202320712747984
949400,18,761,18,0,0,0,1.1918340571378039,0.01385129289356471,111,9.0,1.0,106.7889863224363
949500,16,796,16,0,0,0,1.1656539500022944,0.014795847594625778,111,8.0,0.0,96.55596897665895
949600,16,834,16,0,0,0,1.1687789500022943,0.014795847594625778,111,4.0,0.0,51.21554850474131
949700,16,873,16,0,0,0,1.1750289500022943,0.014795847594625778,111,1.0,0.0,10.940841225780247
949800,15,917,15,0,0,0,1.2000308800024475,0.014925516654475057,111,0.0,0.0,0.0
949900,12,964,12,0,0,0,1.1938985600177412,0.01579101252487625,111,0.0,0.0,0.0
950000,12,1000,12,0,0,0,1.2063985600177412,0.01579101252487625,111,0.0,0.0,0.0
950100,12,1053,12,0,0,0,1.2105652266844078,0.01579101252487625,111,1.0,0.0,12.878510250474598
950200,12,1092,12,0,0,0,1.2313985600177413,0.01579101252487625,111,3.0,0.0,38.03120237585202
950300,12,1130,12,0,0,0,1.2397318933510746,0.01579101252487625,111,0.0,0.0,0.0
950400,12,1150,12,0,0,0,1.248065226684408,0.01579101252487625,111,0.0,0.0,0.0
950500,12,1181,12,0,0,0,1.2563985600177412,0.01579101252487625,111,3.0,0.0,40.886765998431066
950600,10,1213,10,0,0,0,1.260744790066169,0.01612808437475377,111,6.0,2.0,54.01904637480605
950700,9,1254,9,0,0,0,1.2642515939731407,0.016303458797263245,111,2.0,0.0,23.520000000000003
950800,9,1300,9,0,0,0,1.2642515939731407,0.016303458797263245,111,0.0,0.0,0.0
950900,7,1343,7,0,0,0,1.3039390810378617,0.01503767570748156,111,7.0,2.0,54.88000000000001
951000,5,1401,5,0,0,0,1.3224412198218634,0.015584481380286919,111,3.0,0.0,37.06269259107887
951100,3,1465,3,0,0,0,1.390417465160948,0.013724330659410526,111,0.0,0.0,0.0
951200,3,1531,3,0,0,0,1.390417465160948,0.013724330659410526,111,0.0,0.0,0.0
951300,3,1584,3,0,0,0,1.4070841318276148,0.013724330659410526,111,0.0,0.0,0.0
951400,2,1654,2,0,0,0,1.428559348227412,0.012286662691053139,111,0.0,0.0,0.0
951500,2,1719,2,0,0,0,1.453559348227412,0.012286662691053139,111,0.0,0.0,0.0
951600,2,1780,2,0,0,0,1.478559348227412,0.012286662691053139,111,0.0,0.0,0.0
951700,2,1856,2,0,0,0,1.478559348227412,0.012286662691053139,111,0.0,0.0,0.0
951800,179,102,0,0,0,179,0.8659248836851771,0.014068798328434474,112,267.0,16.0,2143.763363613765
951900,146,49,0,0,0,146,0.8660660308878456,0.013980378470497642,112,151.0,16.0,1169.0622762002547
952000,115,31,0,0,0,115,0.8861883540520124,0.01407862033290045,112,101.0,5.0,834.597089563405
952100,75,61,42,11,22,0,0.8864944321029565,0.013621142928062309,112,62.0,5.0,483.1537763021688
952200,54,91,29,6,19,0,0.8834880440031881,0.013878422852232316,112,47.0,4.0,375.99762480841827
952300,47,114,27,4,16,0,0.8777885798493096,0.013904331293922226,112,5.0,1.0,32.76800880350595
952400,41,143,27,2,12,0,0.8879664809589866,0.01399848099891171,112,12.0,0.0,102.15064047706036
952500,39,163,28,0,11,0,0.8901220791078132,0.014202199123001504,112,16.0,1.0,145.06016168784387
952600,35,183,28,1,6,0,0.8977726922689251,0.014386516216392056,112,2.0,2.0,0.0
952700,33,189,26,1,6,0,0.9134822007551683,0.014297058821930537,112,22.0,1.0,211.5004245435411
952800,30,216,25,1,4,0,0.9132572554567404,0.01433480169567551,112,21.0,1.0,190.1965053932842
952900,30,258,25,0,5,0,0.9199239221234071,0.01433480169567551,112,9.0,0.0,80.3927815719201
953000,30,283,24,0,6,0,0.9282572554567404,0.01433480169567551,112,15.0,0.0,113.900945919892
953100,28,305,25,0,3,0,0.9475678216939519,0.014050622135250922,112,1.0,0.0,10.760905704433723
953200,28,330,25,0,3,0,0.9529249645510947,0.014050622135250922,112,7.0,0.0,73.5079944408376
953300,28,337,25,0,3,0,0.9547106788368092,0.014050622135250922,112,5.0,0.0,45.006873166676506
953400,26,340,24,0,2,0,0.9660901319019832,0.014292517927096494,112,10.0,2.0,75.30236664081609
953500,25,369,23,0,2,0,0.9768849867801496,0.014255377209775731,112,8.0,1.0,53.31523434373669
953600,25,377,23,0,2,0,0.9888849867801496,0.014255377209775731,112,5.0,0.0,59.11635206646301
953700,25,393,24,0,1,0,0.9988849867801496,0.014255377209775731,112,5.0,0.0,39.66248043649985
953800,25,434,23,0,2,0,1.0008849867801495,0.014255377209775731,112,6.0,0.0,59.77228856090231
953900,24,455,22,0,2,0,1.004056173177311,0.014362165912109074,112,2.0,0.0,17.148626316969693
954000,22,496,21,0,1,0,1.0053215380898817,0.0143428574834789,112,12.0,2.0,90.89437603972685
954100,22,533,21,0,1,0,1.009866992635336,0.0143428574834789,112,0.0,0.0,0.0
954200,21,570,21,0,0,0,1.0045621332791068,0.013846635855364952,112,0.0,0.0,0.0
954300,21,600,21,0,0,0,1.0093240380410118,0.013846635855364952,112,3.0,0.0,23.25141597289834
954400,21,628,21,0,0,0,1.0188478475648215,0.013846635855364952,112,2.0,0.0,17.148626316969693
954500,20,648,19,0,1,0,1.0174015788767634,0.01389446884836989,112,7.0,1.0,62.318746273082766
954600,20,680,20,0,0,0,1.0274015788767632,0.01389446884836989,112,1.0,0.0,8.786474335743026
954700,20,704,20,0,0,0,1.0349015788767635,0.01389446884836989,112,2.0,0.0,20.318808839295087
954800,18,751,17,0,1,0,1.0542130026674421,0.014601680054888481,112,14.0,2.0,109.71695507031792
954900,18,780,18,0,0,0,1.0569907804452199,0.014601680054888481,112,5.0,0.0,41.650000000000006
955000,18,820,18,0,0,0,1.0681018915563312,0.014601680054888481,112,0.0,0.0,0.0
955100,18,846,18,0,0,0,1.070879669334109,0.014601680054888481,112,2.0,0.0,19.635189743837042
955200,18,870,18,0,0,0,1.0764352248896647,0.014601680054888481,112,2.0,0.0,16.53746406331316
955300,18,890,18,0,0,0,1.0875463360007758,0.014601680054888481,112,0.0,0.0,0.0
955400,18,876,18,0,0,0,1.0931018915563313,0.014601680054888481,112,3.0,0.0,24.80619609496974
955500,18,896,18,0,0,0,1.1042130026674422,0.014601680054888481,112,1.0,0.0,11.72325015956887
955600,17,907,17,0,0,0,1.1268375036264433,0.014231887726692106,112,1.0,0.0,9.012045566371354
955700,17,924,17,0,0,0,1.1386022095087962,0.014231887726692106,112,0.0,0.0,0.0
955800,16,923,16,0,0,0,1.166405587197123,0.014573351508774486,112,0.0,0.0,0.0
955900,16,907,16,0,0,0,1.175780587197123,0.014573351508774486,112,0.0,0.0,0.0
956000,16,924,16,0,0,0,1.197655587197123,0.014573351508774486,112,1.0,0.0,11.670471990966115
956100,13,952,13,0,0,0,1.2132587524732332,0.014453684884242127,112,5.0,0.0,62.47156579242425
956200,13,987,13,0,0,0,1.2247972140116945,0.014453684884242127,112,0.0,0.0,0.0
956300,13,1010,13,0,0,0,1.236335675550156,0.014453684884242127,112,2.0,0.0,28.34786038148488
956400,13,1045,13,0,0,0,1.2440279832424639,0.014453684884242127,112,0.0,0.0,0.0
956500,13,1058,13,0,0,0,1.2594125986270792,0.014453684884242127,112,1.0,0.0,8.82
956600,13,1089,13,0,0,0,1.263258752473233,0.014453684884242127,112,0.0,0.0,0.0
956700,13,1123,13,0,0,0,1.2709510601655405,0.014453684884242127,112,0.0,0.0,0.0
956800,13,1157,13,0,0,0,1.2786433678578484,0.014453684884242127,112,1.0,0.0,12.389579432757179
956900,13,1188,13,0,0,0,1.286335675550156,0.014453684884242127,112,0.0,0.0,0.0
957000,13,1236,13,0,0,0,1.29018182939631,0.014453684884242127,112,0.0,0.0,0.0
957100,13,1258,13,0,0,0,1.3055664447809254,0.014453684884242127,112,1.0,0.0,14.17393019074244
957200,13,1304,13,0,0,0,1.3171049063193871,0.014453684884242127,112,1.0,0.0,12.703250159568869
957300,13,1340,13,0,0,0,1.3247972140116946,0.014453684884242127,112,0.0,0.0,0.0
957400,12,1361,12,0,0,0,1.3093767632050122,0.01421780543376367,112,4.0,0.0,42.10325015956888
957500,12,1414,12,0,0,0,1.3260434298716788,0.01421780543376367,112,7.0,0.0,73.28435214572957
957600,12,1435,12,0,0,0,1.334376763205012,0.01421780543376367,112,0.0,0.0,0.0
957700,11,1450,11,0,0,0,1.3469337401979642,0.014106135774534146,112,5.0,1.0,57.79416338560736
957800,11,1441,11,0,0,0,1.3651155583797825,0.014106135774534146,112,0.0,0.0,0.0
957900,11,1437,11,0,0,0,1.3832973765616006,0.014106135774534146,112,0.0,0.0,0.0
958000,11,1425,11,0,0,0,1.410570103834328,0.014106135774534146,112,0.0,0.0,0.0
958100,11,1400,11,0,0,0,1.4287519220161462,0.014106135774534146,112,0.0,0.0,0.0
958200,11,1411,11,0,0,0,1.451479194743419,0.014106135774534146,112,1.0,0.0,12.720905704433726
958300,11,1419,11,0,0,0,1.469661012925237,0.014106135774534146,112,0.0,0.0,0.0
958400,11,1428,11,0,0,0,1.4832973765616009,0.014106135774534146,112,0.0,0.0,0.0
958500,11,1448,11,0,0,0,1.501479194743419,0.014106135774534146,112,5.0,0.0,68.01523434373672
958600,11,1461,11,0,0,0,1.5151155583797828,0.014106135774534146,112,2.0,0.0,23.46183472666523
958700,11,1487,11,0,0,0,1.5242064674706917,0.014106135774534146,112,0.0,0.0,0.0
958800,10,1513,10,0,0,0,1.5242757253461126,0.013653689489312332,112,15.0,1.0,206.76219704343077
958900,9,1547,9,0,0,0,1.507195792949994,0.013204796397075906,112,3.0,0.0,40.80914060624203
959000,9,1576,9,0,0,0,1.5238624596166603,0.013204796397075906,112,6.0,0.0,87.98358114445466
959100,9,1606,9,0,0,0,1.5349735707277716,0.013204796397075906,112,0.0,0.0,0.0
959200,9,1644,9,0,0,0,1.5460846818388827,0.013204796397075906,112,2.0,0.0,28.42000000000001
959300,8,1662,8,0,0,0,1.5697882464910313,0.0131917384197552,112,2.0,0.0,28.42000000000001
959400,8,1697,8,0,0,0,1.5822882464910313,0.0131917384197552,112,0.0,0.0,0.0
959500,8,1752,8,0,0,0,1.6072882464910312,0.0131917384197552,112,0.0,0.0,0.0
959600,7,1780,7,0,0,0,1.630283794958519,0.012414231943771762,112,0.0,0.0,0.0
959700,7,1807,7,0,0,0,1.6410080929397897,0.012414231943771762,112,0.0,0.0,0.0
959800,6,1851,6,0,0,0,1.6664984405939152,0.012131642486826069,112,0.0,0.0,0.0
959900,3,1903,3,0,0,0,1.8870917277581567,0.01255594075571001,112,0.0,0.0,0.0
960000,2,1949,2,0,0,0,2.0235161920067664,0.012354669743316223,112,0.0,0.0,0.0
960100,2,2007,2,0,0,0,2.0235161920067664,0.012354669743316223,112,0.0,0.0,0.0
960200,2,2043,2,0,0,0,2.0485161920067663,0.012354669743316223,112,0.0,0.0,0.0
960300,2,2104,2,0,0,0,2.0485161920067663,0.012354669743316223,112,0.0,0.0,0.0
960400,2,2168,2,0,0,0,2.0485161920067663,0.012354669743316223,112,0.0,0.0,0.0
960500,199,413,0,0,0,199,0.8995996043054071,0.013357370310954868,113,21.0,1.0,171.41620342267285
960600,174,86,0,0,0,174,0.9009981545065171,0.01333903215490423,113,239.0,19.0,1928.093963191197
960700,139,55,0,0,0,139,0.9003484753140392,0.013258887319430257,113,125.0,13.0,1023.576917997784
960800,105,48,65,8,32,0,0.9108797019133972,0.013395306118870302,113,60.0,9.0,456.803609851509
960900,78,61,46,10,22,0,0.9480681230912773,0.013589447786048514,113,58.0,11.0,403.5525684759366
961000,64,86,37,6,21,0,0.9474242603368401,0.013467301000124231,113,24.0,1.0,206.22596062915642
961100,47,112,30,4,13,0,0.9727551896861838,0.01397453970503856,113,29.0,5.0,212.06186287494117
961200,41,142,26,4,11,0,0.9856408632539382,0.013859196349684352,113,12.0,2.0,86.9796411627539
961300,36,161,21,4,11,0,0.9996727180893265,0.014049157417041661,113,12.0,1.0,97.54647751503693
961400,35,178,22,3,10,0,0.9957539225188222,0.013906932361562709,113,17.0,0.0,130.89226492168532
961500,34,201,23,2,9,0,1.0101646410249816,0.01387169120637732,113,14.0,0.0,141.97517000495128
961600,32,214,24,1,7,0,1.0192340849723673,0.013521668195173614,113,3.0,1.0,22.053939748595557
961700,31,235,24,1,6,0,1.019049164331297,0.013675648081303945,113,1.0,0.0,9.034059401677576
961800,31,249,25,1,5,0,1.0238878740087165,0.013675648081303945,113,9.0,0.0,88.77936554974181
961900,30,262,26,0,4,0,1.0271974090702416,0.013454513217557675,113,3.0,0.0,31.738247917794425
962000,30,282,26,0,4,0,1.0288640757369083,0.013454513217557675,113,9.0,0.0,86.89494121638091
962100,29,309,25,0,4,0,1.0327153507808935,0.013478941542144875,113,5.0,1.0,46.46216878413416
962200,29,323,25,0,4,0,1.0413360404360659,0.013478941542144875,113,4.0,0.0,38.60278359052225
962300,29,352,25,0,4,0,1.0482325921602038,0.013478941542144875,113,20.0,0.0,215.6437556258261
962400,27,365,24,0,3,0,1.046782015730482,0.012817797994068942,113,2.0,1.0,12.198750314895317
962500,26,384,23,0,3,0,1.0511706352320611,0.01271021592452957,113,11.0,1.0,101.31482760138003
962600,25,423,22,0,3,0,1.0604267074821268,0.012310489283653121,113,7.0,1.0,49.91975754727597
962700,25,436,23,0,2,0,1.0624267074821268,0.012310489283653121,113,1.0,0.0,11.435582724400682
962800,25,453,23,0,2,0,1.0664267074821268,0.012310489283653121,113,1.0,0.0,11.069415972598142
962900,24,474,22,0,2,0,1.0849472994592577,0.012508066968759952,113,1.0,0.0,7.35
963000,24,471,22,0,2,0,1.093280632792591,0.012508066968759952,113,8.0,0.0,78.64411395734143
963100,24,491,22,0,2,0,1.0995306327925911,0.012508066968759952,113,9.0,0.0,108.84666408701095
963200,23,507,20,0,3,0,1.0975636846402934,0.012339531258166609,113,3.0,0.0,32.70787635063112
963300,23,518,20,0,3,0,1.1062593368142064,0.012339531258166609,113,2.0,0.0,19.27558272440068
963400,23,555,21,0,2,0,1.112781075944641,0.012339531258166609,113,0.0,0.0,0.0
963500,23,562,21,0,2,0,1.1149549889881192,0.012339531258166609,113,1.0,0.0,11.59375284722083
963600,22,590,21,0,1,0,1.1188378411193134,0.012257960338664392,113,1.0,0.0,13.659757547275966
963700,22,612,21,0,1,0,1.123383295664768,0.012257960338664392,113,2.0,0.0,23.90931123854005
963800,21,650,20,0,1,0,1.1295942212019425,0.012534885531631032,113,6.0,1.0,56.97397789979825
963900,21,670,20,0,1,0,1.1462608878686094,0.012534885531631032,113,0.0,0.0,0.0
964000,21,701,20,0,1,0,1.151022792630514,0.012534885531631032,113,1.0,0.0,11.076574787810186
964100,21,719,20,0,1,0,1.1581656497733714,0.012534885531631032,113,1.0,0.0,7.428329061952661
964200,21,711,21,0,0,0,1.1700704116781333,0.012534885531631032,113,0.0,0.0,0.0
964300,21,740,21,0,0,0,1.1772132688209904,0.012534885531631032,113,1.0,0.0,12.514515658580397
964400,21,766,21,0,0,0,1.1867370783448,0.012534885531631032,113,2.0,0.0,24.930098382981075
964500,21,785,21,0,0,0,1.1914989831067049,0.012534885531631032,113,0.0,0.0,0.0
964600,21,800,21,0,0,0,1.2010227926305144,0.012534885531631032,113,0.0,0.0,0.0
964700,21,792,21,0,0,0,1.2057846973924191,0.012534885531631032,113,0.0,0.0,0.0
964800,20,791,20,0,0,0,1.2324817924575628,0.0124937812138532,113,0.0,0.0,0.0
964900,20,807,20,0,0,0,1.237481792457563,0.0124937812138532,113,1.0,0.0,11.92558272440068
965000,19,812,19,0,0,0,1.247517231545536,0.012524825233408332,113,2.0,0.0,23.248428714553604
965100,19,833,19,0,0,0,1.2554119683876415,0.012524825233408332,113,0.0,0.0,0.0
965200,17,871,17,0,0,0,1.2257708714916293,0.01205530433584238,113,7.0,0.0,90.4370857061576
965300,16,885,16,0,0,0,1.2379901301192298,0.011810769830397735,113,2.0,1.0,12.479344754473194
965400,16,897,16,0,0,0,1.24736513011923,0.011810769830397735,113,2.0,0.0,24.95868950894639
965500,16,895,16,0,0,0,1.2598651301192298,0.011810769830397735,113,0.0,0.0,0.0
965600,16,908,16,0,0,0,1.2661151301192297,0.011810769830397735,113,2.0,0.0,24.95868950894639
965700,16,934,16,0,0,0,1.2723651301192298,0.011810769830397735,113,1.0,0.0,12.449553916127675
965800,16,954,16,0,0,0,1.29424013011923,0.011810769830397735,113,0.0,0.0,0.0
965900,16,949,16,0,0,0,1.3036151301192298,0.011810769830397735,113,0.0,0.0,0.0
966000,16,943,16,0,0,0,1.3161151301192298,0.011810769830397735,113,0.0,0.0,0.0
966100,16,956,16,0,0,0,1.32861513011923,0.011810769830397735,113,0.0,0.0,0.0
966200,16,936,16,0,0,0,1.34111513011923,0.011810769830397735,113,1.0,0.0,12.479344754473194
966300,16,946,16,0,0,0,1.3536151301192298,0.011810769830397735,113,0.0,0.0,0.0
966400,16,970,16,0,0,0,1.35986513011923,0.011810769830397735,113,1.0,0.0,13.879138738960602
966500,16,988,16,0,0,0,1.3661151301192298,0.011810769830397735,113,9.0,0.0,119.8231281374085
966600,16,982,16,0,0,0,1.3817401301192298,0.011810769830397735,113,0.0,0.0,0.0
966700,16,958,16,0,0,0,1.3973651301192298,0.011810769830397735,113,2.0,0.0,20.580000000000002
966800,16,946,16,0,0,0,1.4129901301192298,0.011810769830397735,113,4.0,0.0,52.81574248028385
966900,16,947,16,0,0,0,1.4223651301192297,0.011810769830397735,113,1.0,0.0,15.564789869924432
967000,16,942,16,0,0,0,1.4286151301192298,0.011810769830397735,113,2.0,0.0,27.3384834934338
967100,16,935,16,0,0,0,1.45049013011923,0.011810769830397735,113,2.0,0.0,30.42285842068727
967200,15,940,15,0,0,0,1.4838561387938454,0.011920828681419738,113,5.0,1.0,47.35331624781066
967300,14,952,14,0,0,0,1.4965598240535005,0.01179714079999258,113,5.0,1.0,62.80571684137454
967400,13,982,13,0,0,0,1.5226034442557894,0.012315013741919999,113,0.0,0.0,0.0
967500,13,1004,13,0,0,0,1.5341419057942511,0.012315013741919999,113,2.0,0.0,25.56530289560784
967600,13,1048,13,0,0,0,1.5418342134865588,0.012315013741919999,113,3.0,0.0,42.63000000000001
967700,13,1094,13,0,0,0,1.5456803673327129,0.012315013741919999,113,4.0,0.0,56.84000000000002
967800,10,1125,10,0,0,0,1.5982736013948966,0.011853410616450424,113,3.0,1.0,25.806897937728845
967900,9,1175,9,0,0,0,1.6061938466906969,0.011617620113086117,113,0.0,0.0,0.0
968000,7,1220,7,0,0,0,1.6594433496309864,0.011000462413798484,113,4.0,1.0,53.89125854166251
968100,6,1279,6,0,0,0,1.6826234671523466,0.010585456989547236,113,0.0,0.0,0.0
968200,6,1335,6,0,0,0,1.6992901338190134,0.010585456989547236,113,0.0,0.0,0.0
968300,6,1386,6,0,0,0,1.7076234671523463,0.010585456989547236,113,0.0,0.0,0.0
968400,6,1447,6,0,0,0,1.7159568004856798,0.010585456989547236,113,0.0,0.0,0.0
968500,5,1504,5,0,0,0,1.7025409596191252,0.010902281840479627,113,1.0,0.0,12.903448968864422
968600,4,1566,4,0,0,0,1.7531761995239064,0.011487820268804185,113,0.0,0.0,0.0
968700,3,1632,3,0,0,0,1.8986754439616567,0.010425446731678875,113,0.0,0.0,0.0
968800,3,1693,3,0,0,0,1.915342110628323,0.010425446731678875,113,0.0,0.0,0.0
968900,3,1758,3,0,0,0,1.915342110628323,0.010425446731678875,113,0.0,0.0,0.0
969000,200,376,0,0,0,200,0.9780032047014027,0.011713731178583747,114,11.0,0.0,117.40843042220027
969100,181,63,0,0,0,181,0.9768699577648752,0.011592068065549526,114,198.0,11.0,1762.9121515633703
969200,147,33,0,0,0,147,0.9829539719046234,0.011842195221727003,114,130.0,17.0,1063.079439308749
969300,114,39,66,11,37,0,0.994838036502771,0.012062492831147988,114,106.0,14.0,873.1239916449948
969400,83,48,49,9,25,0,1.013283002863402,0.012608414808313123,114,58.0,11.0,441.9985511678846
969500,65,77,39,6,20,0,1.0117419290155725,0.012989738232018055,114,25.0,2.0,196.4057770784264
969600,50,89,27,3,20,0,1.0118875449650295,0.012816036377122803,114,45.0,5.0,360.83427163058974
969700,46,133,25,2,19,0,1.0160960922611968,0.012743309375347091,114,14.0,2.0,118.55989399177479
969800,38,155,21,4,13,0,1.0105272032072523,0.012756522544660179,114,8.0,4.0,38.92857967219007
969900,35,195,22,4,9,0,1.0053911204238772,0.012700924266408899,114,8.0,0.0,69.23916523169294
970000,33,211,23,4,6,0,1.0150984884570007,0.012909624023233967,114,14.0,2.0,121.72125017046713
970100,31,240,23,3,5,0,1.036147137514831,0.013110754690398439,114,17.0,2.0,130.39385097870272
970200,30,284,22,3,5,0,1.0406192641410072,0.012931549225683877,114,7.0,0.0,62.18626798429298
970300,29,324,21,3,5,0,1.0421849114670663,0.012900373821585296,114,5.0,0.0,40.82613164940176
970400,27,347,20,2,5,0,1.0401718059975342,0.012452093370004403,114,12.0,2.0,106.86939382105452
970500,25,380,20,2,3,0,1.057469575141495,0.012553462207266108,114,6.0,0.0,48.02621121791623
970600,25,402,21,1,3,0,1.0654695751414949,0.012553462207266108,114,5.0,0.0,45.80057903568698
970700,25,451,21,1,3,0,1.0714695751414949,0.012553462207266108,114,1.0,0.0,8.137572502112587
970800,25,487,21,1,3,0,1.0734695751414949,0.012553462207266108,114,1.0,0.0,12.87767142129035
970900,23,516,19,1,3,0,1.0783235539183698,0.013010478899023799,114,7.0,1.0,68.71932536492805
971000,23,545,19,1,3,0,1.0826713800053263,0.013010478899023799,114,4.0,0.0,43.52343370464261
971100,23,571,20,1,2,0,1.0826713800053263,0.013010478899023799,114,2.0,0.0,21.694005856648186
971200,23,576,21,1,1,0,1.0935409452227176,0.013010478899023799,114,0.0,0.0,0.0
971300,23,571,22,0,1,0,1.097888771309674,0.013010478899023799,114,5.0,0.0,49.796153789197454
971400,23,601,22,0,1,0,1.1087583365270655,0.013010478899023799,114,1.0,0.0,8.627572502112587
971500,23,582,23,0,0,0,1.1152800756575,0.013010478899023799,114,2.0,0.0,26.188508127024637
971600,23,563,23,0,0,0,1.1261496408748917,0.013010478899023799,114,0.0,0.0,0.0
971700,23,568,23,0,0,0,1.1348452930488044,0.013010478899023799,114,0.0,0.0,0.0
971800,23,562,23,0,0,0,1.1457148582661958,0.013010478899023799,114,3.0,0.0,37.89911504577468
971900,23,579,23,0,0,0,1.154410510440109,0.013010478899023799,114,2.0,0.0,23.19399858473349
972000,22,572,22,0,0,0,1.1644485654072942,0.012866198701622582,114,10.0,0.0,94.65200177085708
972100,22,574,22,0,0,0,1.1712667472254759,0.012866198701622582,114,7.0,0.0,78.30441356845522
972200,20,594,20,0,0,0,1.1742687889651284,0.012541455936848698,114,15.0,2.0,120.41719577661844
972300,20,625,20,0,0,0,1.1817687889651285,0.012541455936848698,114,0.0,0.0,0.0
972400,20,627,20,0,0,0,1.1892687889651286,0.012541455936848698,114,0.0,0.0,0.0
972500,20,627,20,0,0,0,1.2042687889651285,0.012541455936848698,114,2.0,0.0,23.584362269995918
972600,19,639,19,0,0,0,1.2113456913450247,0.012407887706258851,114,1.0,0.0,11.026848235200637
972700,19,655,19,0,0,0,1.2192404281871296,0.012407887706258851,114,1.0,0.0,13.014882713691044
972800,19,693,19,0,0,0,1.2218720071344984,0.012407887706258851,114,0.0,0.0,0.0
972900,19,722,19,0,0,0,1.227135165029235,0.012407887706258851,114,4.0,0.0,42.960695762768026
973000,19,760,19,0,0,0,1.2376614808187087,0.012407887706258851,114,0.0,0.0,0.0
973100,18,783,18,0,0,0,1.2553054491137987,0.01232836765438544,114,4.0,0.0,47.72768438186971
973200,18,822,18,0,0,0,1.26641656022491,0.01232836765438544,114,0.0,0.0,0.0
973300,17,865,17,0,0,0,1.2773607966480283,0.01253386890579066,114,6.0,1.0,58.06784611230088
973400,17,882,17,0,0,0,1.2861843260597932,0.01253386890579066,114,4.0,0.0,37.976848235200634
973500,17,921,17,0,0,0,1.2920666790009696,0.01253386890579066,114,0.0,0.0,0.0
973600,17,940,17,0,0,0,1.295007855471558,0.01253386890579066,114,6.0,0.0,67.16484129992037
973700,17,963,17,0,0,0,1.3038313848833225,0.01253386890579066,114,1.0,0.0,12.614717559954563
973800,17,972,17,0,0,0,1.3185372672362636,0.01253386890579066,114,0.0,0.0,0.0
973900,17,985,17,0,0,0,1.32441962017744,0.01253386890579066,114,0.0,0.0,0.0
974000,17,975,17,0,0,0,1.3450078554715579,0.01253386890579066,114,1.0,0.0,15.459303789442442
974100,17,984,17,0,0,0,1.3538313848833226,0.01253386890579066,114,4.0,0.0,61.83721515776977
974200,17,996,17,0,0,0,1.3597137378244988,0.01253386890579066,114,3.0,0.0,42.11509842348564
974300,17,987,17,0,0,0,1.37441962017744,0.01253386890579066,114,1.0,0.0,14.357198742910057
974400,17,1003,17,0,0,0,1.386184326059793,0.01253386890579066,114,1.0,0.0,9.800000000000002
974500,17,1028,17,0,0,0,1.395007855471558,0.01253386890579066,114,4.0,0.0,55.947543997968666
974600,16,1048,16,0,0,0,1.4290708464385302,0.012468679083099858,114,11.0,0.0,159.3273569700824
974700,16,1071,16,0,0,0,1.4321958464385303,0.012468679083099858,114,0.0,0.0,0.0
974800,16,1097,16,0,0,0,1.4446958464385302,0.012468679083099858,114,0.0,0.0,0.0
974900,16,1122,16,0,0,0,1.4571958464385304,0.012468679083099858,114,0.0,0.0,0.0
975000,16,1158,16,0,0,0,1.4571958464385304,0.012468679083099858,114,6.0,0.0,101.57582273665466
975100,15,1196,15,0,0,0,1.4759792227132378,0.012377965746936477,114,6.0,1.0,74.04494219142204
975200,15,1235,15,0,0,0,1.4826458893799044,0.012377965746936477,114,0.0,0.0,0.0
975300,13,1273,13,0,0,0,1.4911667169737595,0.012189658912601785,114,6.0,1.0,84.67441356845521
975400,13,1326,13,0,0,0,1.4950128708199133,0.012189658912601785,114,1.0,0.0,13.297002928324094
975500,13,1365,13,0,0,0,1.5027051785122212,0.012189658912601785,114,0.0,0.0,0.0
975600,12,1423,12,0,0,0,1.512329270259374,0.011946374812754611,114,7.0,0.0,108.63204108187568
975700,12,1474,12,0,0,0,1.5206626035927073,0.011946374812754611,114,8.0,0.0,123.5508548385859
975800,12,1512,12,0,0,0,1.5248292702593742,0.011946374812754611,114,1.0,0.0,17.424882713691044
975900,11,1555,11,0,0,0,1.5358788594388166,0.012077400571040313,114,2.0,0.0,32.688941775079094
976000,10,1582,10,0,0,0,1.5376864302037232,0.012134456155864129,114,6.0,1.0,70.60494890499552
976100,10,1627,10,0,0,0,1.5376864302037232,0.012134456155864129,114,3.0,0.0,48.02099787710025
976200,10,1656,10,0,0,0,1.5576864302037232,0.012134456155864129,114,0.0,0.0,0.0
976300,10,1704,10,0,0,0,1.5726864302037231,0.012134456155864129,114,0.0,0.0,0.0
976400,7,1748,7,0,0,0,1.6178144773263892,0.012090083775761885,114,16.0,2.0,239.1968388502069
976500,7,1790,7,0,0,0,1.624957334469246,0.012090083775761885,114,0.0,0.0,0.0
976600,6,1821,6,0,0,0,1.6485556777589039,0.012794401918480107,114,1.0,0.0,14.837671421290349
976700,5,1854,5,0,0,0,1.6721219186422736,0.013706436403028367,114,0.0,0.0,0.0
976800,3,1902,3,0,0,0,1.727180403036428,0.00958297514938116,114,0.0,0.0,0.0
976900,3,1963,3,0,0,0,1.7438470697030948,0.00958297514938116,114,0.0,0.0,0.0
977000,2,2031,2,0,0,0,1.676745976305099,0.011101315792354368,114,0.0,0.0,0.0
977100,2,2109,2,0,0,0,1.676745976305099,0.011101315792354368,114,0.0,0.0,0.0
977200,2,2182,2,0,0,0,1.676745976305099,0.011101315792354368,114,0.0,0.0,0.0
977300,2,2248,2,0,0,0,1.676745976305099,0.011101315792354368,114,0.0,0.0,0.0
977400,2,2302,2,0,0,0,1.7267459763050987,0.011101315792354368,114,0.0,0.0,0.0
977500,2,2373,2,0,0,0,1.7267459763050987,0.011101315792354368,114,0.0,0.0,0.0
977600,2,2437,2,0,0,0,1.7767459763050986,0.011101315792354368,114,0.0,0.0,0.0
977700,2,2496,2,0,0,0,1.7767459763050986,0.011101315792354368,114,0.0,0.0,0.0
977800,2,2500,2,0,0,0,1.8017459763050985,0.011101315792354368,114,0.0,0.0,0.0
977900,2,2500,2,0,0,0,1.8517459763050985,0.011101315792354368,114,0.0,0.0,0.0
978000,197,377,0,0,0,197,0.9872564033221608,0.010874799744501064,115,46.0,2.0,433.2306420186026
978100,184,55,0,0,0,184,0.992410346785763,0.011115572360637675,115,196.0,8.0,1777.7031529209225
978200,154,42,0,0,0,154,0.9917488867523504,0.010911885590669728,115,145.0,16.0,1181.4504247166622
978300,117,39,65,10,42,0,1.0122010956812795,0.011018220884367757,115,90.0,12.0,747.0901004392812
978400,91,50,51,8,32,0,1.0024385290127458,0.011100060694335726,115,69.0,9.0,574.1327406840558
978500,72,57,39,4,29,0,1.010809068586358,0.010921845366934583,115,46.0,5.0,385.5847236028055
978600,60,76,32,3,25,0,1.005674313777168,0.010836704668472601,115,35.0,4.0,284.91979613531237
978700,57,77,34,2,21,0,1.0076894476991962,0.011138536547316415,115,6.0,0.0,61.43203523387595
978800,56,101,35,1,20,0,1.007437387389807,0.011150941172399,115,11.0,0.0,102.0103077292385
978900,49,107,35,0,14,0,1.005422170095707,0.011046161217068147,115,21.0,2.0,173.71435123896921
979000,45,124,33,0,12,0,1.0108019203916474,0.010950066785407574,115,16.0,1.0,146.06477171454205
979100,42,137,32,0,10,0,1.0106897926660505,0.011263793010358666,115,9.0,1.0,61.42644687636748
979200,39,169,30,0,9,0,1.0213060815429462,0.011833684129361187,115,7.0,1.0,55.261947192359344
979300,39,181,30,0,9,0,1.028998389235254,0.011833684129361187,115,14.0,0.0,142.58310996865092
979400,37,202,30,0,7,0,1.042349328473145,0.012350074471830584,115,10.0,1.0,92.12070226110995
979500,35,225,29,0,6,0,1.0368668365652423,0.011505100075951815,115,3.0,0.0,26.83675308947665
979600,33,250,27,0,6,0,1.0322415024052534,0.011469944421082439,115,12.0,1.0,105.12893813049645
979700,32,264,25,0,7,0,1.0306262707989347,0.011292091103807682,115,8.0,0.0,69.97629536334136
979800,31,285,27,0,4,0,1.03447225137212,0.011493673384283823,115,3.0,1.0,24.98088133712537
979900,31,298,27,0,4,0,1.0425367675011523,0.011493673384283823,115,4.0,0.0,42.188606515860286
980000,30,316,29,0,1,0,1.053332336584676,0.01159822320511234,115,12.0,1.0,103.04970887693285
980100,30,335,29,0,1,0,1.0583323365846762,0.01159822320511234,115,2.0,0.0,18.024324047501317
980200,28,341,28,0,0,0,1.0601349399047508,0.011156749566898017,115,12.0,2.0,96.88180516208732
980300,28,352,28,0,0,0,1.0690635113333224,0.011156749566898017,115,0.0,0.0,0.0
980400,28,370,28,0,0,0,1.072634939904751,0.011156749566898017,115,10.0,0.0,106.16860738198369
980500,28,382,28,0,0,0,1.0779920827618938,0.011156749566898017,115,5.0,0.0,48.206238213420605
980600,28,402,28,0,0,0,1.0815635113333226,0.011156749566898017,115,1.0,0.0,9.340476050340865
980700,28,412,28,0,0,0,1.0815635113333226,0.011156749566898017,115,3.0,0.0,32.53354164499626
980800,27,430,27,0,0,0,1.104052693780461,0.01100872414718449,115,5.0,1.0,35.78425510081719
980900,26,452,26,0,0,0,1.1144977825535465,0.010702379391486381,115,16.0,0.0,167.99340981853678
981000,23,457,23,0,0,0,1.1392149741187618,0.010535496968495749,115,1.0,1.0,0.0
981100,23,503,23,0,0,0,1.1457367132491967,0.010535496968495749,115,7.0,0.0,72.09682432556556
981200,23,531,23,0,0,0,1.1500845393361532,0.010535496968495749,115,2.0,0.0,24.173065594655398
981300,23,554,23,0,0,0,1.1500845393361532,0.010535496968495749,115,7.0,0.0,76.09231667164376
981400,22,580,22,0,0,0,1.1711118713813273,0.009836026248732841,115,11.0,1.0,104.84719395877066
981500,22,598,22,0,0,0,1.177930053199509,0.009836026248732841,115,2.0,0.0,16.31199714923287
981600,22,623,22,0,0,0,1.1870209622904182,0.009836026248732841,115,3.0,0.0,30.961428151022602
981700,22,633,22,0,0,0,1.1915664168358728,0.009836026248732841,115,0.0,0.0,0.0
981800,22,623,22,0,0,0,1.207475507744964,0.009836026248732841,115,1.0,0.0,10.320476050340867
981900,22,626,22,0,0,0,1.2165664168358725,0.009836026248732841,115,1.0,0.0,13.818762611653213
982000,22,652,22,0,0,0,1.2211118713813272,0.009836026248732841,115,5.0,0.0,52.47415460029504
982100,22,654,22,0,0,0,1.2279300531995092,0.009836026248732841,115,4.0,0.0,38.655391988641824
982200,22,656,22,0,0,0,1.2370209622904182,0.009836026248732841,115,1.0,0.0,9.188139904349057
982300,21,628,21,0,0,0,1.252318808015207,0.00951595771175535,115,6.0,0.0,75.00010899104997
982400,21,628,21,0,0,0,1.2689854746818738,0.00951595771175535,115,3.0,0.0,33.85853493084747
982500,21,605,21,0,0,0,1.2856521413485407,0.00951595771175535,115,7.0,0.0,82.5531766798987
982600,21,593,21,0,0,0,1.2975569032533025,0.00951595771175535,115,0.0,0.0,0.0
982700,21,588,21,0,0,0,1.3023188080152073,0.00951595771175535,115,0.0,0.0,0.0
982800,21,577,21,0,0,0,1.3094616651580646,0.00951595771175535,115,4.0,0.0,40.615391988641825
982900,21,567,21,0,0,0,1.3237473794437786,0.00951595771175535,115,0.0,0.0,0.0
983000,21,564,21,0,0,0,1.330890236586636,0.00951595771175535,115,0.0,0.0,0.0
983100,21,584,21,0,0,0,1.3356521413485407,0.00951595771175535,115,3.0,0.0,31.924524906936412
983200,20,597,20,0,0,0,1.3381749679766037,0.00935938536715448,115,0.0,0.0,0.0
983300,20,598,20,0,0,0,1.3481749679766035,0.00935938536715448,115,0.0,0.0,0.0
983400,20,619,20,0,0,0,1.3481749679766035,0.00935938536715448,115,1.0,0.0,13.426445682816846
983500,20,622,20,0,0,0,1.3606749679766037,0.00935938536715448,115,1.0,0.0,14.993927295591744
983600,20,609,20,0,0,0,1.3806749679766037,0.00935938536715448,115,6.0,0.0,85.55901722291247
983700,20,606,20,0,0,0,1.3906749679766035,0.00935938536715448,115,0.0,0.0,0.0
983800,20,600,20,0,0,0,1.403174967976604,0.00935938536715448,115,0.0,0.0,0.0
983900,20,589,20,0,0,0,1.413174967976604,0.00935938536715448,115,4.0,0.0,40.67255961739623
984000,19,600,19,0,0,0,1.4361265819706814,0.009706660348947238,115,0.0,0.0,0.0
984100,18,642,18,0,0,0,1.4407386253548757,0.010116718864456621,115,2.0,0.0,29.597525223306423
984200,17,652,17,0,0,0,1.4571268829932127,0.010540707138522822,115,1.0,0.0,14.785197513249205
984300,17,690,17,0,0,0,1.4630092359343891,0.010540707138522822,115,3.0,0.0,36.568397204686455
984400,16,696,16,0,0,0,1.472049061008527,0.01071248818231739,115,1.0,0.0,16.24832686818527
984500,16,701,16,0,0,0,1.4876740610085273,0.01071248818231739,115,7.0,0.0,89.01210921877227
984600,14,725,14,0,0,0,1.4922488709628656,0.00915127206583097,115,14.0,1.0,162.34106784132382
984700,14,742,14,0,0,0,1.502963156677151,0.00915127206583097,115,1.0,0.0,15.765197513249207
984800,13,776,13,0,0,0,1.5388751734611044,0.009366431401782706,115,6.0,0.0,92.71753182412546
984900,12,805,12,0,0,0,1.533056969266118,0.010091045918166395,115,9.0,1.0,120.5791711794832
985000,11,849,11,0,0,0,1.5193967234542463,0.010295025955484899,115,3.0,0.0,43.21933704845054
985100,11,871,11,0,0,0,1.5375785416360648,0.010295025955484899,115,3.0,0.0,43.010998153800465
985200,11,910,11,0,0,0,1.5421239961815194,0.010295025955484899,115,0.0,0.0,0.0
985300,10,953,10,0,0,0,1.563111920548483,0.010759947331476673,115,0.0,0.0,0.0
985400,9,1015,9,0,0,0,1.569004598663244,0.009710584001159444,115,7.0,0.0,114.67120811983347
985500,9,1067,9,0,0,0,1.580115709774355,0.009710584001159444,115,4.0,0.0,66.95330747274109
985600,8,1125,8,0,0,0,1.5817171423601069,0.00838135550087587,115,0.0,0.0,0.0
985700,5,1183,5,0,0,0,1.562146499268026,0.007763927107450104,115,0.0,0.0,0.0
985800,4,1238,4,0,0,0,1.597671754625419,0.008169783325748728,115,0.0,0.0,0.0
985900,4,1296,4,0,0,0,1.597671754625419,0.008169783325748728,115,0.0,0.0,0.0
986000,3,1358,3,0,0,0,1.6202314791062815,0.006370293140293415,115,0.0,0.0,0.0
986100,3,1418,3,0,0,0,1.6202314791062815,0.006370293140293415,115,0.0,0.0,0.0
986200,2,1482,2,0,0,0,1.6734102609548271,0.0013341442265013706,115,6.0,0.0,103.44420726219326
986300,2,1545,2,0,0,0,1.698410260954827,0.0013341442265013706,115,0.0,0.0,0.0
986400,2,1615,2,0,0,0,1.698410260954827,0.0013341442265013706,115,0.0,0.0,0.0
986500,191,167,0,0,0,191,1.0386777543952743,0.007847686605191865,116,157.0,7.0,1609.9929879431818
986600,164,52,0,0,0,164,1.0394980015598942,0.0076614472489902295,116,248.0,16.0,2284.7027211158975
986700,129,43,0,0,0,129,1.0458110934942622,0.007655754424644036,116,74.0,15.0,580.9978540617616
986800,108,50,58,5,45,0,1.0483751696823624,0.00792297295919356,116,75.0,8.0,687.450981273116
986900,82,71,39,2,41,0,1.0743973847311403,0.007387550751689616,116,59.0,9.0,514.2789421406555
987000,60,100,24,3,33,0,1.068596277857661,0.0070986208699478125,116,47.0,6.0,457.5030790441062
987100,51,120,23,3,25,0,1.0883373208711298,0.006774714120746404,116,5.0,1.0,48.93131744046862
987200,46,133,27,1,18,0,1.105517737850579,0.007191898608539461,116,10.0,0.0,107.80265327245729
987300,39,149,26,2,11,0,1.108009746257115,0.006806627632192445,116,15.0,2.0,131.5479407433441
987400,36,153,24,2,10,0,1.122145456494999,0.0067740084183495345,116,4.0,0.0,37.879939997822135
987500,33,192,23,2,8,0,1.1240857103724446,0.006164040688124825,116,8.0,2.0,46.47816002783423
987600,33,217,23,2,8,0,1.1271160134027478,0.006164040688124825,116,6.0,0.0,52.61763897367118
987700,33,223,24,2,7,0,1.1346917709785054,0.006164040688124825,116,1.0,0.0,8.08934227742875
987800,33,229,27,1,5,0,1.1437826800694146,0.006164040688124825,116,6.0,0.0,66.82054561252001
987900,33,241,27,0,6,0,1.1528735891603237,0.006164040688124825,116,3.0,0.0,38.10714963889731
988000,33,238,28,0,5,0,1.1559038921906266,0.006164040688124825,116,8.0,0.0,85.69927016276203
988100,32,233,29,0,3,0,1.1643970671681991,0.006113792993979404,116,4.0,0.0,43.37931600686186
988200,32,247,29,0,3,0,1.165959567168199,0.006113792993979404,116,0.0,0.0,0.0
988300,32,257,30,0,2,0,1.172209567168199,0.006113792993979404,116,4.0,0.0,37.12049918490191
988400,32,265,30,0,2,0,1.173772067168199,0.006113792993979404,116,3.0,0.0,28.01774100282541
988500,30,286,29,0,1,0,1.1978474531436507,0.0062718697967112024,116,11.0,1.0,86.97217804548085
988600,29,306,28,0,1,0,1.2012204047564818,0.0063008430540787775,116,7.0,1.0,54.772010875418594
988700,28,332,27,0,1,0,1.2217266529704311,0.0065258731631530195,116,15.0,1.0,134.13657815192636
988800,28,332,27,0,1,0,1.2270837958275738,0.0065258731631530195,116,0.0,0.0,0.0
988900,27,341,26,0,1,0,1.2257421200843495,0.006308527350406645,116,7.0,1.0,74.50000512548738
989000,26,372,25,0,1,0,1.2551279931823094,0.005830648835361552,116,12.0,1.0,144.34868885448435
989100,26,386,25,0,1,0,1.257051070105386,0.005830648835361552,116,0.0,0.0,0.0
989200,26,412,25,0,1,0,1.2628203008746168,0.005830648835361552,116,0.0,0.0,0.0
989300,25,423,24,0,1,0,1.2815942162804936,0.005774907357614245,116,12.0,0.0,126.0301434504348
989400,25,426,24,0,1,0,1.2895942162804936,0.005774907357614245,116,0.0,0.0,0.0
989500,24,445,23,0,1,0,1.3115618087800043,0.005685491915195605,116,1.0,0.0,14.11621627356201
989600,23,468,22,0,1,0,1.328086375092372,0.005932687215856284,116,4.0,0.0,50.58275130947208
989700,23,484,22,0,1,0,1.336782027266285,0.005932687215856284,116,0.0,0.0,0.0
989800,23,488,22,0,1,0,1.345477679440198,0.005932687215856284,116,1.0,0.0,12.20366189639051
989900,23,493,22,0,1,0,1.3498255055271542,0.005932687215856284,116,2.0,0.0,22.609597888373642
990000,22,518,21,0,1,0,1.3608981288394235,0.006202354816577024,116,6.0,1.0,52.029679959915654
990100,22,533,21,0,1,0,1.3631708561121507,0.006202354816577024,116,1.0,0.0,14.637316813069557
990200,22,588,21,0,1,0,1.3745344924757872,0.006202354816577024,116,0.0,0.0,0.0
990300,22,596,21,0,1,0,1.3745344924757872,0.006202354816577024,116,2.0,0.0,29.585945593152978
990400,21,627,20,0,1,0,1.4037108872001778,0.006497705045937835,116,0.0,0.0,0.0
990500,21,652,20,0,1,0,1.4108537443430347,0.006497705045937835,116,0.0,0.0,0.0
990600,21,682,20,0,1,0,1.4132346967239873,0.006497705045937835,116,0.0,0.0,0.0
990700,21,677,20,0,1,0,1.422758506247797,0.006497705045937835,116,4.0,0.0,57.83897582991909
990800,21,703,20,0,1,0,1.4322823157716067,0.006497705045937835,116,2.0,0.0,24.595300178827237
990900,20,713,19,0,1,0,1.4352169898842884,0.006136158669833828,116,2.0,0.0,27.28185517305487
991000,20,736,20,0,0,0,1.4402169898842885,0.006136158669833828,116,0.0,0.0,0.0
991100,19,765,19,0,0,0,1.4406678596176092,0.005734676165297801,116,2.0,1.0,16.52961618396906
991200,19,793,19,0,0,0,1.4511941754070827,0.005734676165297801,116,0.0,0.0,0.0
991300,19,814,19,0,0,0,1.459088912249188,0.005734676165297801,116,0.0,0.0,0.0
991400,18,843,17,0,1,0,1.456289017370875,0.005495703079661961,116,8.0,1.0,90.21418607253098
991500,18,866,17,0,1,0,1.470177906259764,0.005495703079661961,116,1.0,0.0,12.297650089413619
991600,17,877,16,0,1,0,1.4770510868580335,0.005073345886727928,116,2.0,0.0,34.11243254712403
991700,16,912,15,0,1,0,1.486943670293324,0.005390430004648424,116,0.0,0.0,0.0
991800,15,949,14,0,1,0,1.4767112328464704,0.004670880325094519,116,0.0,0.0,0.0
991900,15,971,14,0,1,0,1.4800445661798038,0.004670880325094519,116,0.0,0.0,0.0
992000,15,988,14,0,1,0,1.4933778995131375,0.004670880325094519,116,0.0,0.0,0.0
992100,15,1007,14,0,1,0,1.5067112328464707,0.004670880325094519,116,1.0,0.0,13.183661896390513
992200,15,1028,14,0,1,0,1.5100445661798039,0.004670880325094519,116,0.0,0.0,0.0
992300,15,1054,15,0,0,0,1.5233778995131373,0.004670880325094519,116,0.0,0.0,0.0
992400,15,1093,15,0,0,0,1.530044566179804,0.004670880325094519,116,0.0,0.0,0.0
992500,15,1107,15,0,0,0,1.5467112328464707,0.004670880325094519,116,3.0,0.0,36.792123403339005
992600,15,1131,15,0,0,0,1.5633778995131373,0.004670880325094519,116,0.0,0.0,0.0
992700,15,1150,15,0,0,0,1.570044566179804,0.004670880325094519,116,2.0,0.0,24.528082268892668
992800,15,1171,15,0,0,0,1.576711232846471,0.004670880325094519,116,0.0,0.0,0.0
992900,15,1200,15,0,0,0,1.5833778995131378,0.004670880325094519,116,5.0,0.0,83.2321279793149
993000,15,1236,15,0,0,0,1.586711232846471,0.004670880325094519,116,1.0,0.0,17.01961618396906
993100,15,1260,15,0,0,0,1.596711232846471,0.004670880325094519,116,4.0,0.0,63.69907004102276
993200,14,1312,14,0,0,0,1.604195507594051,0.004258798220110255,116,0.0,0.0,0.0
993300,14,1359,14,0,0,0,1.6077669361654794,0.004258798220110255,116,2.0,0.0,29.884584326995864
993400,14,1405,14,0,0,0,1.618481221879765,0.004258798220110255,116,0.0,0.0,0.0
993500,12,1442,12,0,0,0,1.581536485075384,0.003671373127469036,116,2.0,0.0,26.427703030836845
993600,9,1488,9,0,0,0,1.5427661985150276,0.00461528690197814,116,0.0,0.0,0.0
993700,8,1544,8,0,0,0,1.5413400035512763,0.005192197764725407,116,0.0,0.0,0.0
993800,7,1585,7,0,0,0,1.5822653963412017,0.005194759081238562,116,0.0,0.0,0.0
993900,5,1643,5,0,0,0,1.6051804632654947,0.0049335780579595045,116,1.0,1.0,0.0
994000,4,1694,4,0,0,0,1.6841853449303188,0.00616697257244938,116,0.0,0.0,0.0
994100,4,1768,4,0,0,0,1.6841853449303188,0.00616697257244938,116,0.0,0.0,0.0
994200,2,1830,2,0,0,0,1.715839872919,0.008239307389214056,116,0.0,0.0,0.0
994300,2,1903,2,0,0,0,1.740839872919,0.008239307389214056,116,0.0,0.0,0.0
994400,2,1976,2,0,0,0,1.740839872919,0.008239307389214056,116,0.0,0.0,0.0
994500,2,2041,2,0,0,0,1.740839872919,0.008239307389214056,116,0.0,0.0,0.0
994600,2,2105,2,0,0,0,1.7658398729190001,0.008239307389214056,116,0.0,0.0,0.0
994700,2,2167,2,0,0,0,1.7658398729190001,0.008239307389214056,116,0.0,0.0,0.0
994800,2,2237,2,0,0,0,1.8158398729190002,0.008239307389214056,116,0.0,0.0,0.0
994900,2,2303,2,0,0,0,1.8158398729190002,0.008239307389214056,116,0.0,0.0,0.0
995000,2,2380,2,0,0,0,1.840839872919,0.008239307389214056,116,0.0,0.0,0.0
995100,2,2451,2,0,0,0,1.865839872919,0.008239307389214056,116,0.0,0.0,0.0
995200,179,99,0,0,0,179,1.08086488329187,0.006738585664946862,117,241.0,17.0,2315.6993639224743
995300,152,42,0,0,0,152,1.0939727907585672,0.006439049093793445,117,149.0,10.0,1469.1259763313813
995400,126,42,0,0,0,126,1.1046733958742603,0.006241530640789934,117,104.0,8.0,1039.5677100902617
995500,102,40,47,5,50,0,1.1121251839809436,0.0061816081244010935,117,85.0,9.0,868.5674490697584
995600,81,53,34,7,40,0,1.1199030712472526,0.0061911321709732705,117,60.0,5.0,579.0893013435659
995700,64,72,29,5,30,0,1.134678235485391,0.006021064153896276,117,44.0,3.0,465.1827121498087
995800,55,91,25,4,26,0,1.1529594444980997,0.005736811474614382,117,21.0,2.0,212.55499711923534
995900,51,107,20,3,28,0,1.143278816027883,0.0057389898733215565,117,49.0,3.0,442.7536585710412
996000,50,114,21,3,26,0,1.1422092153317778,0.005790509966631109,117,9.0,0.0,80.81367514167624
996100,44,139,20,0,24,0,1.1582830184002482,0.005907472202437223,117,16.0,2.0,168.87714781905123
996200,35,155,18,0,17,0,1.1853364060033666,0.005499945159006167,117,11.0,1.0,118.35248530875955
996300,33,184,17,0,16,0,1.1897750690302817,0.005825193589400077,117,9.0,0.0,112.64719148277526
996400,33,197,20,0,13,0,1.201896281151494,0.005825193589400077,117,4.0,0.0,51.52870589076465
996500,32,230,18,0,14,0,1.2054144472417962,0.00569922465067136,117,15.0,1.0,177.59855654172682
996600,32,256,18,0,14,0,1.2101019472417964,0.00569922465067136,117,5.0,0.0,38.046006141257344
996700,31,283,19,0,12,0,1.2169845372998052,0.005883070607144631,117,1.0,0.0,7.457522008700662
996800,30,310,20,0,10,0,1.220623946732365,0.005675684524136818,117,8.0,1.0,90.0981721185787
996900,29,352,17,0,12,0,1.2246658714854162,0.005651753684601824,117,4.0,0.0,51.0762248139715
997000,29,362,20,0,9,0,1.2281141473474853,0.005651753684601824,117,0.0,0.0,0.0
997100,29,374,21,0,8,0,1.231562423209554,0.005651753684601824,117,2.0,0.0,23.288112786933937
997200,29,382,23,0,6,0,1.2367348370026574,0.005651753684601824,117,0.0,0.0,0.0
997300,26,398,21,0,5,0,1.2326695456147165,0.005927248933288729,117,15.0,3.0,121.25474136855561
997400,24,431,20,0,4,0,1.2399356347466133,0.006374972867715045,117,0.0,0.0,0.0
997500,24,460,20,0,4,0,1.2420189680799465,0.006374972867715045,117,0.0,0.0,0.0
997600,23,485,20,0,3,0,1.2402631286273662,0.006508980339103018,117,9.0,1.0,82.35478076657644
997700,21,500,18,0,3,0,1.2618247552103692,0.006090337250226737,117,12.0,1.0,110.23417820984018
997800,21,527,18,0,3,0,1.2689676123532265,0.006090337250226737,117,1.0,0.0,8.3138709755797
997900,21,560,18,0,3,0,1.2784914218770362,0.006090337250226737,117,3.0,0.0,30.005105022077537
998000,20,594,17,0,3,0,1.3024982839118078,0.005552582179414506,117,0.0,0.0,0.0
998100,19,626,16,0,3,0,1.3008710363510152,0.005185749746758889,117,1.0,0.0,12.416873275316735
998200,18,655,17,0,1,0,1.3364210031738004,0.0046592222029815935,117,0.0,0.0,0.0
998300,18,685,17,0,1,0,1.344754336507134,0.0046592222029815935,117,0.0,0.0,0.0
998400,18,698,17,0,1,0,1.355865447618245,0.0046592222029815935,117,0.0,0.0,0.0
998500,17,705,16,0,1,0,1.3885634151252002,0.004501500181016964,117,5.0,1.0,56.017319077553665
998600,17,723,16,0,1,0,1.3944457680663769,0.004501500181016964,117,0.0,0.0,0.0
998700,17,745,16,0,1,0,1.4032692974781416,0.004501500181016964,117,0.0,0.0,0.0
998800,17,770,16,0,1,0,1.4120928268899062,0.004501500181016964,117,1.0,0.0,13.338454716281724
998900,17,787,15,0,2,0,1.4238575327722591,0.004501500181016964,117,3.0,0.0,33.82137452006531
999000,17,809,16,0,1,0,1.4267987092428474,0.004501500181016964,117,0.0,0.0,0.0
999100,16,839,14,0,2,0,1.4253121136036253,0.004422472197446919,117,7.0,1.0,67.64274904013062
999200,16,875,14,0,2,0,1.4346871136036254,0.004422472197446919,117,0.0,0.0,0.0
999300,16,916,14,0,2,0,1.4378121136036253,0.004422472197446919,117,6.0,0.0,68.50487563989687
999400,16,946,14,0,2,0,1.4440621136036254,0.004422472197446919,117,1.0,0.0,14.494329769388415
999500,16,972,14,0,2,0,1.4565621136036255,0.004422472197446919,117,0.0,0.0,0.0
999600,16,1020,15,0,1,0,1.4628121136036252,0.004422472197446919,117,0.0,0.0,0.0
999700,16,1033,15,0,1,0,1.4690621136036253,0.004422472197446919,117,1.0,0.0,13.51790496582864
999800,16,1050,15,0,1,0,1.4815621136036254,0.004422472197446919,117,0.0,0.0,0.0
999900,16,1071,15,0,1,0,1.4878121136036253,0.004422472197446919,117,0.0,0.0,0.0
1000000,16,1097,15,0,1,0,1.4940621136036254,0.004422472197446919,117,0.0,0.0,0.0
